# ORÁCULO: Blender 5.2.2 LTS Cycles CPU, 1 amostra no centro do pixel (filtro 0,01 px), emissão, ortográfica 96x96 escala 3.0, um pixel em cada 3.
# Gerado por docs/3DModeling/ferramentas/oraculo_triplanar_blender.py — NÃO editar à mão.
# Image Texture, projecção BOX, interpolação Linear; vector = coordenadas do OBJECTO (Blender)
#   pesos: rampa float 256² (r = u, g = v, b = u·v, Non-Color), vector·0,25 + 0,5, EXTEND
#   cor:   teste_colorida.png (sRGB 8 bits, 64²), vector·1.3 + (0.17, 0.31, 0.05), REPEAT
#   normal (só a caixa): UV = a projecção do passo 1 por face; teste_normal.png (Non-Color, OpenGL) → Normal Map TANGENT (MikkTSpace) → do objecto; rgb = a normal nos NOSSOS eixos
# Objectos girados (0.31, -0.52, 0.77) rad (XYZ Blender): esfera r=1 (suave), caixa 1,6x1,0x0,6 (plana).
# p e n em Y-para-cima, do OBJECTO: (x, z, -y) do Blender. rgb = linear (cena).
objecto,caso,blend,x,y,z,nx,ny,nz,r,g,b
esfera,pesos,0.2,-0.557313,-0.400054,0.727535,-0.557322,-0.400082,0.727548,0.4148881,0.3999864,0.1659496
esfera,pesos,0.5,-0.557313,-0.400054,0.727535,-0.557322,-0.400082,0.727548,0.4616956,0.396306,0.1835012
esfera,pesos,1.0,-0.557313,-0.400054,0.727535,-0.557322,-0.400082,0.727548,0.4568126,0.3906514,0.1797492
esfera,cor,0.0,-0.557313,-0.400054,0.727535,-0.557322,-0.400082,0.727548,0.02391287,0.7263354,0.7263354
esfera,cor,0.3,-0.557313,-0.400054,0.727535,-0.557322,-0.400082,0.727548,0.2200232,0.5567249,0.66831
esfera,cor,1.0,-0.557313,-0.400054,0.727535,-0.557322,-0.400082,0.727548,0.2507086,0.3583002,0.5682906
esfera,pesos,0.2,-0.463949,-0.396970,0.791914,-0.463939,-0.396943,0.791957,0.3840127,0.4007576,0.153896
esfera,pesos,0.5,-0.463949,-0.396970,0.791914,-0.463939,-0.396943,0.791957,0.4391177,0.3990764,0.175472
esfera,pesos,1.0,-0.463949,-0.396970,0.791914,-0.463939,-0.396943,0.791957,0.4524496,0.3967361,0.1801081
esfera,cor,0.0,-0.463949,-0.396970,0.791914,-0.463939,-0.396943,0.791957,0.05450395,0.02579457,0.6834049
esfera,cor,0.3,-0.463949,-0.396970,0.791914,-0.463939,-0.396943,0.791957,0.09519155,0.02458292,0.6639961
esfera,cor,1.0,-0.463949,-0.396970,0.791914,-0.463939,-0.396943,0.791957,0.2336145,0.1050617,0.4456652
esfera,pesos,0.2,-0.382807,-0.438998,0.812852,-0.382812,-0.439103,0.812800,0.4042983,0.3902506,0.1577776
esfera,pesos,0.5,-0.382807,-0.438998,0.812852,-0.382812,-0.439103,0.812800,0.4113964,0.3926601,0.1612628
esfera,pesos,1.0,-0.382807,-0.438998,0.812852,-0.382812,-0.439103,0.812800,0.4454182,0.3940239,0.1749446
esfera,cor,0.0,-0.382807,-0.438998,0.812852,-0.382812,-0.439103,0.812800,0.1242064,0.1523023,0.0138134
esfera,cor,0.3,-0.382807,-0.438998,0.812852,-0.382812,-0.439103,0.812800,0.1251547,0.1520436,0.01423782
esfera,cor,1.0,-0.382807,-0.438998,0.812852,-0.382812,-0.439103,0.812800,0.2169001,0.1244652,0.05771261
esfera,pesos,0.2,-0.313911,-0.526229,0.790263,-0.313919,-0.526285,0.790240,0.4215223,0.3684428,0.1553068
esfera,pesos,0.5,-0.313911,-0.526229,0.790263,-0.313919,-0.526285,0.790240,0.3858547,0.3843404,0.1469734
esfera,pesos,1.0,-0.313911,-0.526229,0.790263,-0.313919,-0.526285,0.790240,0.4362306,0.3855761,0.1659077
esfera,cor,0.0,-0.313911,-0.526229,0.790263,-0.313919,-0.526285,0.790240,0.02700824,0.02057193,0.1045539
esfera,cor,0.3,-0.313911,-0.526229,0.790263,-0.313919,-0.526285,0.790240,0.04691458,0.03272298,0.2438852
esfera,cor,1.0,-0.313911,-0.526229,0.790263,-0.313919,-0.526285,0.790240,0.06108886,0.06039141,0.3757384
esfera,pesos,0.2,-0.745038,-0.177371,0.642985,-0.745052,-0.177279,0.643016,0.5510137,0.4556573,0.2510734
esfera,pesos,0.5,-0.745038,-0.177371,0.642985,-0.745052,-0.177279,0.643016,0.5127515,0.4556573,0.233639
esfera,pesos,1.0,-0.745038,-0.177371,0.642985,-0.745052,-0.177279,0.643016,0.4817928,0.4395849,0.2140798
esfera,cor,0.0,-0.745038,-0.177371,0.642985,-0.745052,-0.177279,0.643016,0.3582311,0.1239967,0.046566
esfera,cor,0.3,-0.745038,-0.177371,0.642985,-0.745052,-0.177279,0.643016,0.2272093,0.2124166,0.1642148
esfera,cor,1.0,-0.745038,-0.177371,0.642985,-0.745052,-0.177279,0.643016,0.1754681,0.2412032,0.183351
esfera,pesos,0.2,-0.636123,-0.116879,0.762645,-0.636135,-0.116855,0.762678,0.4367282,0.4707803,0.205603
esfera,pesos,0.5,-0.636123,-0.116879,0.762645,-0.636135,-0.116855,0.762678,0.4841804,0.4707803,0.2279426
esfera,pesos,1.0,-0.636123,-0.116879,0.762645,-0.636135,-0.116855,0.762678,0.4852983,0.4607721,0.225373
esfera,cor,0.0,-0.636123,-0.116879,0.762645,-0.636135,-0.116855,0.762678,0.008697691,0.8036817,0.07070827
esfera,cor,0.3,-0.636123,-0.116879,0.762645,-0.636135,-0.116855,0.762678,0.2863263,0.5375925,0.1155533
esfera,cor,1.0,-0.636123,-0.116879,0.762645,-0.636135,-0.116855,0.762678,0.3577969,0.4226819,0.1229912
esfera,pesos,0.2,-0.540652,-0.106018,0.834513,-0.540652,-0.106020,0.834539,0.3648369,0.4734955,0.1727487
esfera,pesos,0.5,-0.540652,-0.106018,0.834513,-0.540652,-0.106020,0.834539,0.4632623,0.4734955,0.2193526
esfera,pesos,1.0,-0.540652,-0.106018,0.834513,-0.540652,-0.106020,0.834539,0.4850647,0.4657181,0.2274098
esfera,cor,0.0,-0.540652,-0.106018,0.834513,-0.540652,-0.106020,0.834539,0.007888017,0.2618187,0.6498479
esfera,cor,0.3,-0.540652,-0.106018,0.834513,-0.540652,-0.106020,0.834539,0.08532283,0.2783489,0.5664517
esfera,cor,1.0,-0.540652,-0.106018,0.834513,-0.540652,-0.106020,0.834539,0.2040395,0.3003389,0.3978615
esfera,pesos,0.2,-0.451338,-0.117882,0.884498,-0.451341,-0.117823,0.884539,0.3871655,0.4705294,0.1821728
esfera,pesos,0.5,-0.451338,-0.117882,0.884498,-0.451341,-0.117823,0.884539,0.445849,0.4705294,0.209785
esfera,pesos,1.0,-0.451338,-0.117882,0.884498,-0.451341,-0.117823,0.884539,0.4820751,0.4637727,0.2249462
esfera,cor,0.0,-0.451338,-0.117882,0.884498,-0.451341,-0.117823,0.884539,0.2369287,0.01513994,0.8195071
esfera,cor,0.3,-0.451338,-0.117882,0.884498,-0.451341,-0.117823,0.884539,0.2369287,0.01513994,0.8195071
esfera,cor,1.0,-0.451338,-0.117882,0.884498,-0.451341,-0.117823,0.884539,0.4201707,0.168806,0.5043202
esfera,pesos,0.2,-0.366394,-0.145880,0.918947,-0.366404,-0.145973,0.918934,0.4084015,0.46353,0.1893064
esfera,pesos,0.5,-0.366394,-0.145880,0.918947,-0.366404,-0.145973,0.918934,0.4309364,0.46353,0.1997519
esfera,pesos,1.0,-0.366394,-0.145880,0.918947,-0.366404,-0.145973,0.918934,0.4765726,0.4579077,0.2193862
esfera,cor,0.0,-0.366394,-0.145880,0.918947,-0.366404,-0.145973,0.918934,0.04442584,0.1260826,0.006924245
esfera,cor,0.3,-0.366394,-0.145880,0.918947,-0.366404,-0.145973,0.918934,0.04442584,0.1260826,0.006924245
esfera,cor,1.0,-0.366394,-0.145880,0.918947,-0.366404,-0.145973,0.918934,0.03502285,0.09395485,0.07381905
esfera,pesos,0.2,-0.285270,-0.187980,0.939818,-0.285273,-0.187983,0.939831,0.4286826,0.453005,0.1941954
esfera,pesos,0.5,-0.285270,-0.187980,0.939818,-0.285273,-0.187983,0.939831,0.4286826,0.453005,0.1941954
esfera,pesos,1.0,-0.285270,-0.187980,0.939818,-0.285273,-0.187983,0.939831,0.4687438,0.4497694,0.2114857
esfera,cor,0.0,-0.285270,-0.187980,0.939818,-0.285273,-0.187983,0.939831,0.03294789,0.4709864,0.2359893
esfera,cor,0.3,-0.285270,-0.187980,0.939818,-0.285273,-0.187983,0.939831,0.03294789,0.4709864,0.2359893
esfera,cor,1.0,-0.285270,-0.187980,0.939818,-0.285273,-0.187983,0.939831,0.03450467,0.4047348,0.2531906
esfera,pesos,0.2,-0.207950,-0.244123,0.947165,-0.207949,-0.244148,0.947180,0.4480127,0.4389693,0.1966638
esfera,pesos,0.5,-0.207950,-0.244123,0.947165,-0.207949,-0.244148,0.947180,0.4480127,0.4389693,0.1966638
esfera,pesos,1.0,-0.207950,-0.244123,0.947165,-0.207949,-0.244148,0.947180,0.4586836,0.4405472,0.2017634
esfera,cor,0.0,-0.207950,-0.244123,0.947165,-0.207949,-0.244148,0.947180,0.1374879,0.02081872,0.0509588
esfera,cor,0.3,-0.207950,-0.244123,0.947165,-0.207949,-0.244148,0.947180,0.1374879,0.02081872,0.0509588
esfera,cor,1.0,-0.207950,-0.244123,0.947165,-0.207949,-0.244148,0.947180,0.2504714,0.01921934,0.04387326
esfera,pesos,0.2,-0.135014,-0.316453,0.938925,-0.135022,-0.316453,0.938950,0.4662465,0.4208868,0.196237
esfera,pesos,0.5,-0.135014,-0.316453,0.938925,-0.135022,-0.316453,0.938950,0.4654134,0.4210748,0.1959362
esfera,pesos,1.0,-0.135014,-0.316453,0.938925,-0.135022,-0.316453,0.938950,0.4465773,0.4312104,0.190697
esfera,cor,0.0,-0.135014,-0.316453,0.938925,-0.135022,-0.316453,0.938950,0.7623885,0.007634509,0.1720454
esfera,cor,0.3,-0.135014,-0.316453,0.938925,-0.135022,-0.316453,0.938950,0.7623885,0.007634509,0.1720454
esfera,cor,1.0,-0.135014,-0.316453,0.938925,-0.135022,-0.316453,0.938950,0.6393491,0.01963932,0.1441669
esfera,pesos,0.2,-0.068223,-0.411461,0.908848,-0.068214,-0.411450,0.908876,0.4829442,0.3971347,0.1917939
esfera,pesos,0.5,-0.068223,-0.411461,0.908848,-0.068214,-0.411450,0.908876,0.4570413,0.4077112,0.1843921
esfera,pesos,1.0,-0.068223,-0.411461,0.908848,-0.068214,-0.411450,0.908876,0.4326711,0.4225616,0.1787649
esfera,cor,0.0,-0.068223,-0.411461,0.908848,-0.068214,-0.411450,0.908876,0.9030294,0.01781278,0.1677369
esfera,cor,0.3,-0.068223,-0.411461,0.908848,-0.068214,-0.411450,0.908876,0.9030294,0.01781278,0.1677369
esfera,cor,1.0,-0.068223,-0.411461,0.908848,-0.068214,-0.411450,0.908876,0.6527703,0.1057334,0.1242316
esfera,pesos,0.2,-0.014888,-0.556146,0.830935,-0.014879,-0.556092,0.830988,0.4953513,0.3615783,0.1789834
esfera,pesos,0.5,-0.014888,-0.556146,0.830935,-0.014879,-0.556092,0.830988,0.4347038,0.4018039,0.1688485
esfera,pesos,1.0,-0.014888,-0.556146,0.830935,-0.014879,-0.556092,0.830988,0.4176002,0.4146366,0.1664253
esfera,cor,0.0,-0.014888,-0.556146,0.830935,-0.014879,-0.556092,0.830988,0.1368441,0.04062382,0.305613
esfera,cor,0.3,-0.014888,-0.556146,0.830935,-0.014879,-0.556092,0.830988,0.244948,0.05220544,0.2543577
esfera,cor,1.0,-0.014888,-0.556146,0.830935,-0.014879,-0.556092,0.830988,0.3887485,0.06774406,0.1858065
esfera,pesos,0.2,-0.754961,0.018529,0.655465,-0.754977,0.018517,0.655490,0.5497407,0.5046322,0.2774169
esfera,pesos,0.5,-0.754961,0.018529,0.655465,-0.754977,0.018517,0.655490,0.5124341,0.5046322,0.2585908
esfera,pesos,1.0,-0.754961,0.018529,0.655465,-0.754977,0.018517,0.655490,0.5021219,0.5021265,0.2517234
esfera,cor,0.0,-0.754961,0.018529,0.655465,-0.754977,0.018517,0.655490,0.325193,0.02957941,0.09687977
esfera,cor,0.3,-0.754961,0.018529,0.655465,-0.754977,0.018517,0.655490,0.2069479,0.1426343,0.0794839
esfera,cor,1.0,-0.754961,0.018529,0.655465,-0.754977,0.018517,0.655490,0.179611,0.1658937,0.07999442
esfera,pesos,0.2,-0.651295,0.059644,0.756466,-0.651305,0.059700,0.756464,0.4474228,0.5149112,0.230383
esfera,pesos,0.5,-0.651295,0.059644,0.756466,-0.651305,0.059700,0.756464,0.4868569,0.5149112,0.250688
esfera,pesos,1.0,-0.651295,0.059644,0.756466,-0.651305,0.059700,0.756464,0.5076953,0.5076804,0.2564352
esfera,cor,0.0,-0.651295,0.059644,0.756466,-0.651305,0.059700,0.756464,0.1413128,0.5131972,0.04587181
esfera,cor,0.3,-0.651295,0.059644,0.756466,-0.651305,0.059700,0.756464,0.2673535,0.3453435,0.1947655
esfera,cor,1.0,-0.651295,0.059644,0.756466,-0.651305,0.059700,0.756464,0.2855685,0.3073672,0.2334366
esfera,pesos,0.2,-0.555841,0.070444,0.828275,-0.555849,0.070488,0.828289,0.363782,0.517611,0.1882975
esfera,pesos,0.5,-0.555841,0.070444,0.828275,-0.555849,0.070488,0.828289,0.4659454,0.517611,0.2411784
esfera,pesos,1.0,-0.555841,0.070444,0.828275,-0.555849,0.070488,0.828289,0.5100338,0.5100239,0.2586346
esfera,cor,0.0,-0.555841,0.070444,0.828275,-0.555849,0.070488,0.828289,0.025908,0.8840806,0.3902062
esfera,cor,0.3,-0.555841,0.070444,0.828275,-0.555849,0.070488,0.828289,0.1734706,0.7538564,0.3449036
esfera,cor,1.0,-0.555841,0.070444,0.828275,-0.555849,0.070488,0.828289,0.3551398,0.5681611,0.2753166
esfera,pesos,0.2,-0.465223,0.063391,0.882894,-0.465210,0.063457,0.882923,0.3836944,0.5158479,0.1979279
esfera,pesos,0.5,-0.465223,0.063391,0.882894,-0.465210,0.063457,0.882923,0.4477818,0.5158479,0.2309873
esfera,pesos,1.0,-0.465223,0.063391,0.882894,-0.465210,0.063457,0.882923,0.509918,0.5099069,0.2587584
esfera,cor,0.0,-0.465223,0.063391,0.882894,-0.465210,0.063457,0.882923,0.03879253,0.1347942,0.9523549
esfera,cor,0.3,-0.465223,0.063391,0.882894,-0.465210,0.063457,0.882923,0.03879253,0.1347942,0.9523549
esfera,cor,1.0,-0.465223,0.063391,0.882894,-0.465210,0.063457,0.882923,0.3538572,0.09243273,0.6004015
esfera,pesos,0.2,-0.378213,0.043018,0.924685,-0.378231,0.042996,0.924712,0.4054467,0.5107545,0.2070838
esfera,pesos,0.5,-0.378213,0.043018,0.924685,-0.378231,0.042996,0.924712,0.4316934,0.5107545,0.2204894
esfera,pesos,1.0,-0.378213,0.043018,0.924685,-0.378231,0.042996,0.924712,0.507386,0.5073905,0.25669
esfera,cor,0.0,-0.378213,0.043018,0.924685,-0.378231,0.042996,0.924712,0.1449983,0.09496167,0.01155407
esfera,cor,0.3,-0.378213,0.043018,0.924685,-0.378231,0.042996,0.924712,0.1449983,0.09496167,0.01155407
esfera,cor,1.0,-0.378213,0.043018,0.924685,-0.378231,0.042996,0.924712,0.122383,0.108341,0.05442597
esfera,pesos,0.2,-0.294252,0.011393,0.955642,-0.294236,0.011400,0.955665,0.426437,0.5028483,0.2144331
esfera,pesos,0.5,-0.294252,0.011393,0.955642,-0.294236,0.011400,0.955665,0.426437,0.5028483,0.2144331
esfera,pesos,1.0,-0.294252,0.011393,0.955642,-0.294236,0.011400,0.955665,0.5021549,0.5021576,0.2519975
esfera,cor,0.0,-0.294252,0.011393,0.955642,-0.294236,0.011400,0.955665,0.06032705,0.3939004,0.03894394
esfera,cor,0.3,-0.294252,0.011393,0.955642,-0.294236,0.011400,0.955665,0.06032705,0.3939004,0.03894394
esfera,cor,1.0,-0.294252,0.011393,0.955642,-0.294236,0.011400,0.955665,0.05125277,0.3912925,0.1272423
esfera,pesos,0.2,-0.213128,-0.030711,0.976508,-0.213136,-0.030678,0.976541,0.4467179,0.4923223,0.2199292
esfera,pesos,0.5,-0.213128,-0.030711,0.976508,-0.213136,-0.030678,0.976541,0.4467179,0.4923223,0.2199292
esfera,pesos,1.0,-0.213128,-0.030711,0.976508,-0.213136,-0.030678,0.976541,0.493863,0.4911759,0.2428464
esfera,cor,0.0,-0.213128,-0.030711,0.976508,-0.213136,-0.030678,0.976541,0.1344765,0.9692652,0.9692652
esfera,cor,0.3,-0.213128,-0.030711,0.976508,-0.213136,-0.030678,0.976541,0.1344765,0.9692652,0.9692652
esfera,cor,1.0,-0.213128,-0.030711,0.976508,-0.213136,-0.030678,0.976541,0.1322047,0.9466853,0.9466853
esfera,pesos,0.2,-0.134824,-0.083218,0.987356,-0.134823,-0.083166,0.987373,0.466294,0.4791955,0.223446
esfera,pesos,0.5,-0.134824,-0.083218,0.987356,-0.134823,-0.083166,0.987373,0.466294,0.4791955,0.223446
esfera,pesos,1.0,-0.134824,-0.083218,0.987356,-0.134823,-0.083166,0.987373,0.4829682,0.4783053,0.2312108
esfera,cor,0.0,-0.134824,-0.083218,0.987356,-0.134823,-0.083166,0.987373,0.02540301,0.3075955,0.003714386
esfera,cor,0.3,-0.134824,-0.083218,0.987356,-0.134823,-0.083166,0.987373,0.02540301,0.3075955,0.003714386
esfera,cor,1.0,-0.134824,-0.083218,0.987356,-0.134823,-0.083166,0.987373,0.03372598,0.2983848,0.005151363
esfera,pesos,0.2,-0.059577,-0.147012,0.987336,-0.059596,-0.147085,0.987327,0.4851059,0.4632469,0.2247238
esfera,pesos,0.5,-0.059577,-0.147012,0.987336,-0.059596,-0.147085,0.987327,0.4851059,0.4632469,0.2247238
esfera,pesos,1.0,-0.059577,-0.147012,0.987336,-0.059596,-0.147085,0.987327,0.4695978,0.4659396,0.2182214
esfera,cor,0.0,-0.059577,-0.147012,0.987336,-0.059596,-0.147085,0.987327,0.007822984,0.1321949,0.00313702
esfera,cor,0.3,-0.059577,-0.147012,0.987336,-0.059596,-0.147085,0.987327,0.007822984,0.1321949,0.00313702
esfera,cor,1.0,-0.059577,-0.147012,0.987336,-0.059596,-0.147085,0.987327,0.02829846,0.1360919,0.01276731
esfera,pesos,0.2,0.012055,-0.224152,0.974464,0.012070,-0.224168,0.974476,0.5030138,0.4439619,0.223319
esfera,pesos,0.5,0.012055,-0.224152,0.974464,0.012070,-0.224168,0.974476,0.5030138,0.4439619,0.223319
esfera,pesos,1.0,0.012055,-0.224152,0.974464,0.012070,-0.224168,0.974476,0.4548907,0.4548956,0.2047573
esfera,cor,0.0,0.012055,-0.224152,0.974464,0.012070,-0.224168,0.974476,0.04401321,0.989219,0.989219
esfera,cor,0.3,0.012055,-0.224152,0.974464,0.012070,-0.224168,0.974476,0.04401321,0.989219,0.989219
esfera,cor,1.0,0.012055,-0.224152,0.974464,0.012070,-0.224168,0.974476,0.1158637,0.8127109,0.8490942
esfera,pesos,0.2,0.078848,-0.319158,0.944389,0.078827,-0.319182,0.944410,0.5197119,0.4202105,0.2183884
esfera,pesos,0.5,0.078848,-0.319158,0.944389,0.078827,-0.319182,0.944410,0.5183823,0.4207277,0.2179661
esfera,pesos,1.0,0.078848,-0.319158,0.944389,0.078827,-0.319182,0.944410,0.443868,0.4438686,0.1927614
esfera,cor,0.0,0.078848,-0.319158,0.944389,0.078827,-0.319182,0.944410,0.9690155,0.121319,0.121319
esfera,cor,0.3,0.078848,-0.319158,0.944389,0.078827,-0.319182,0.944410,0.9690155,0.121319,0.121319
esfera,cor,1.0,0.078848,-0.319158,0.944389,0.078827,-0.319182,0.944410,0.6865094,0.172777,0.3349355
esfera,pesos,0.2,0.137443,-0.444423,0.885176,0.137474,-0.444424,0.885205,0.5343606,0.3888942,0.2078097
esfera,pesos,0.5,0.137443,-0.444423,0.885176,0.137474,-0.444424,0.885205,0.4912845,0.4134043,0.1978888
esfera,pesos,1.0,0.137443,-0.444423,0.885176,0.137474,-0.444424,0.885205,0.4329602,0.4329598,0.1806571
esfera,cor,0.0,0.137443,-0.444423,0.885176,0.137474,-0.444424,0.885205,0.002756422,0.0184194,0.1865594
esfera,cor,0.3,0.137443,-0.444423,0.885176,0.137474,-0.444424,0.885205,0.002756422,0.0184194,0.1865594
esfera,cor,1.0,0.137443,-0.444423,0.885176,0.137474,-0.444424,0.885205,0.02728408,0.03501954,0.1764373
esfera,pesos,0.2,-0.913816,0.006213,0.406036,-0.913845,0.006269,0.406016,0.601509,0.5015533,0.3016888
esfera,pesos,0.5,-0.913816,0.006213,0.406036,-0.913845,0.006269,0.406016,0.5634839,0.5015533,0.2826172
esfera,pesos,1.0,-0.913816,0.006213,0.406036,-0.913845,0.006269,0.406016,0.5004855,0.500466,0.2503662
esfera,cor,0.0,-0.913816,0.006213,0.406036,-0.913845,0.006269,0.406016,0.006111913,0.4496301,0.04285011
esfera,cor,0.3,-0.913816,0.006213,0.406036,-0.913845,0.006269,0.406016,0.006111913,0.4496301,0.04285011
esfera,cor,1.0,-0.913816,0.006213,0.406036,-0.913845,0.006269,0.406016,0.005429617,0.4481668,0.1672049
esfera,pesos,0.2,-0.782783,0.148353,0.604318,-0.782788,0.148403,0.604334,0.5892236,0.5370882,0.316465
esfera,pesos,0.5,-0.782783,0.148353,0.604318,-0.782788,0.148403,0.604334,0.5223045,0.5370882,0.2805236
esfera,pesos,1.0,-0.782783,0.148353,0.604318,-0.782788,0.148403,0.604334,0.5145997,0.5145904,0.2617375
esfera,cor,0.0,-0.782783,0.148353,0.604318,-0.782788,0.148403,0.604334,0.005598079,0.1108468,0.04003206
esfera,cor,0.3,-0.782783,0.148353,0.604318,-0.782788,0.148403,0.604334,0.0350368,0.09037134,0.03529194
esfera,cor,1.0,-0.782783,0.148353,0.604318,-0.782788,0.148403,0.604334,0.04610396,0.1448272,0.05764581
esfera,pesos,0.2,-0.678055,0.193389,0.709094,-0.678069,0.193383,0.709102,0.4844842,0.5483472,0.2656656
esfera,pesos,0.5,-0.678055,0.193389,0.709094,-0.678069,0.193383,0.709102,0.4961216,0.5483472,0.2720469
esfera,pesos,1.0,-0.678055,0.193389,0.709094,-0.678069,0.193383,0.709102,0.5216903,0.5216916,0.2680143
esfera,cor,0.0,-0.678055,0.193389,0.709094,-0.678069,0.193383,0.709102,0.3026842,0.02992099,0.09364842
esfera,cor,0.3,-0.678055,0.193389,0.709094,-0.678069,0.193383,0.709102,0.1677615,0.2516567,0.05090487
esfera,cor,1.0,-0.678055,0.193389,0.709094,-0.678069,0.193383,0.709102,0.142165,0.3096748,0.04272718
esfera,pesos,0.2,-0.581078,0.209811,0.786317,-0.581100,0.209829,0.786317,0.3973968,0.5524527,0.219543
esfera,pesos,0.5,-0.581078,0.209811,0.786317,-0.581100,0.209829,0.786317,0.4743517,0.5524527,0.2620569
esfera,pesos,1.0,-0.581078,0.209811,0.786317,-0.581100,0.209829,0.786317,0.5261548,0.5261488,0.2723529
esfera,cor,0.0,-0.581078,0.209811,0.786317,-0.581100,0.209829,0.786317,0.3343595,0.2225071,0.03235568
esfera,cor,0.3,-0.581078,0.209811,0.786317,-0.581100,0.209829,0.786317,0.2525181,0.2504561,0.1078184
esfera,cor,1.0,-0.581078,0.209811,0.786317,-0.581100,0.209829,0.786317,0.2330623,0.3172824,0.1406722
esfera,pesos,0.2,-0.488759,0.209036,0.846980,-0.488745,0.209065,0.847006,0.3778102,0.552259,0.2086491
esfera,pesos,0.5,-0.488759,0.209036,0.846980,-0.488745,0.209065,0.847006,0.4552132,0.552259,0.2513956
esfera,pesos,1.0,-0.488759,0.209036,0.846980,-0.488745,0.209065,0.847006,0.5286522,0.5286502,0.2751495
esfera,cor,0.0,-0.488759,0.209036,0.846980,-0.488745,0.209065,0.847006,0.05549673,0.341384,0.03700288
esfera,cor,0.3,-0.488759,0.209036,0.846980,-0.488745,0.209065,0.847006,0.05518559,0.3249779,0.05313034
esfera,cor,1.0,-0.488759,0.209036,0.846980,-0.488745,0.209065,0.847006,0.06095355,0.2018891,0.1298566
esfera,pesos,0.2,-0.399872,0.195594,0.895447,-0.399866,0.195592,0.895461,0.4000321,0.5488986,0.219577
esfera,pesos,0.5,-0.399872,0.195594,0.895447,-0.399866,0.195592,0.895461,0.4380489,0.5488986,0.2404444
esfera,pesos,1.0,-0.399872,0.195594,0.895447,-0.399866,0.195592,0.895461,0.5293663,0.5293689,0.2764316
esfera,cor,0.0,-0.399872,0.195594,0.895447,-0.399866,0.195592,0.895461,0.06076198,0.4796932,0.4796932
esfera,cor,0.3,-0.399872,0.195594,0.895447,-0.399866,0.195592,0.895461,0.06076198,0.4796932,0.4796932
esfera,cor,1.0,-0.399872,0.195594,0.895447,-0.399866,0.195592,0.895461,0.06510971,0.2894301,0.519897
esfera,pesos,0.2,-0.313825,0.171667,0.933815,-0.313829,0.171582,0.933847,0.4215437,0.5429167,0.2288631
esfera,pesos,0.5,-0.313825,0.171667,0.933815,-0.313829,0.171582,0.933847,0.4224987,0.5429167,0.2293816
esfera,pesos,1.0,-0.313825,0.171667,0.933815,-0.313829,0.171582,0.933847,0.5282224,0.5282432,0.2760184
esfera,cor,0.0,-0.313825,0.171667,0.933815,-0.313829,0.171582,0.933847,0.1769022,0.127801,0.8023645
esfera,cor,0.3,-0.313825,0.171667,0.933815,-0.313829,0.171582,0.933847,0.1769022,0.127801,0.8023645
esfera,cor,1.0,-0.313825,0.171667,0.933815,-0.313829,0.171582,0.933847,0.3061832,0.1306495,0.7625517
esfera,pesos,0.2,-0.230305,0.138414,0.963205,-0.230300,0.138456,0.963220,0.4424239,0.5346036,0.2365214
esfera,pesos,0.5,-0.230305,0.138414,0.963205,-0.230300,0.138456,0.963220,0.4424239,0.5346036,0.2365214
esfera,pesos,1.0,-0.230305,0.138414,0.963205,-0.230300,0.138456,0.963220,0.5250293,0.5250217,0.2735843
esfera,cor,0.0,-0.230305,0.138414,0.963205,-0.230300,0.138456,0.963220,0.1445894,0.008890416,0.003229538
esfera,cor,0.3,-0.230305,0.138414,0.963205,-0.230300,0.138456,0.963220,0.1445894,0.008890416,0.003229538
esfera,cor,1.0,-0.230305,0.138414,0.963205,-0.230300,0.138456,0.963220,0.126801,0.0414537,0.01230283
esfera,pesos,0.2,-0.149177,0.096328,0.984089,-0.149189,0.096330,0.984105,0.4627059,0.5240821,0.2424958
esfera,pesos,0.5,-0.149177,0.096328,0.984089,-0.149189,0.096330,0.984105,0.4627059,0.5240821,0.2424958
esfera,pesos,1.0,-0.149177,0.096328,0.984089,-0.149189,0.096330,0.984105,0.5192757,0.5192738,0.268556
esfera,cor,0.0,-0.149177,0.096328,0.984089,-0.149189,0.096330,0.984105,0.391873,0.5200914,0.003911763
esfera,cor,0.3,-0.149177,0.096328,0.984089,-0.149189,0.096330,0.984105,0.391873,0.5200914,0.003911763
esfera,cor,1.0,-0.149177,0.096328,0.984089,-0.149189,0.096330,0.984105,0.362406,0.4924691,0.004127883
esfera,pesos,0.2,-0.070444,0.045400,0.996457,-0.070450,0.045397,0.996482,0.4823889,0.51135,0.2466695
esfera,pesos,0.5,-0.070444,0.045400,0.996457,-0.070450,0.045397,0.996482,0.4823889,0.51135,0.2466695
esfera,pesos,1.0,-0.070444,0.045400,0.996457,-0.070450,0.045397,0.996482,0.5101678,0.510168,0.2599889
esfera,cor,0.0,-0.070444,0.045400,0.996457,-0.070450,0.045397,0.996482,0.1051645,0.1316231,0.005276545
esfera,cor,0.3,-0.070444,0.045400,0.996457,-0.070450,0.045397,0.996482,0.1051645,0.1316231,0.005276545
esfera,cor,1.0,-0.070444,0.045400,0.996457,-0.070450,0.045397,0.996482,0.09431744,0.1383485,0.02516072
esfera,pesos,0.2,0.005762,-0.014854,0.999846,0.005747,-0.014867,0.999873,0.5014405,0.4962865,0.2488581
esfera,pesos,0.5,0.005762,-0.014854,0.999846,0.005747,-0.014867,0.999873,0.5014405,0.4962865,0.2488581
esfera,pesos,1.0,0.005762,-0.014854,0.999846,0.005747,-0.014867,0.999873,0.4963621,0.4963616,0.2463565
esfera,cor,0.0,0.005762,-0.014854,0.999846,0.005747,-0.014867,0.999873,0.03708179,0.6280245,0.1086052
esfera,cor,0.3,0.005762,-0.014854,0.999846,0.005747,-0.014867,0.999873,0.03708179,0.6280245,0.1086052
esfera,cor,1.0,0.005762,-0.014854,0.999846,0.005747,-0.014867,0.999873,0.0470293,0.6206282,0.1122984
esfera,pesos,0.2,0.079137,-0.085562,0.993169,0.079159,-0.085506,0.993188,0.5197842,0.4786096,0.2487737
esfera,pesos,0.5,0.079137,-0.085562,0.993169,0.079159,-0.085506,0.993188,0.5197842,0.4786096,0.2487737
esfera,pesos,1.0,0.079137,-0.085562,0.993169,0.079159,-0.085506,0.993188,0.4816595,0.4816503,0.2312922
esfera,cor,0.0,0.079137,-0.085562,0.993169,0.079159,-0.085506,0.993188,0.05473695,0.4022359,0.1064065
esfera,cor,0.3,0.079137,-0.085562,0.993169,0.079159,-0.085506,0.993188,0.05473695,0.4022359,0.1064065
esfera,cor,1.0,0.079137,-0.085562,0.993169,0.079159,-0.085506,0.993188,0.08266655,0.3829622,0.1548454
esfera,pesos,0.2,0.149070,-0.168972,0.974259,0.149071,-0.168922,0.974291,0.5372675,0.4577569,0.2459379
esfera,pesos,0.5,0.149070,-0.168972,0.974259,0.149071,-0.168922,0.974291,0.5372675,0.4577569,0.2459379
esfera,pesos,1.0,0.149070,-0.168972,0.974259,0.149071,-0.168922,0.974291,0.4681629,0.4681502,0.21697
esfera,cor,0.0,0.149070,-0.168972,0.974259,0.149071,-0.168922,0.974291,0.00694251,0.000617514,0.2841983
esfera,cor,0.3,0.149070,-0.168972,0.974259,0.149071,-0.168922,0.974291,0.00694251,0.000617514,0.2841983
esfera,cor,1.0,0.149070,-0.168972,0.974259,0.149071,-0.168922,0.974291,0.01144614,0.04122091,0.2318888
esfera,pesos,0.2,0.214346,-0.269574,0.938795,0.214369,-0.269585,0.938813,0.5535865,0.4326065,0.2394851
esfera,pesos,0.5,0.214346,-0.269574,0.938795,0.214369,-0.269585,0.938813,0.5535865,0.4326065,0.2394851
esfera,pesos,1.0,0.214346,-0.269574,0.938795,0.214369,-0.269585,0.938813,0.4555263,0.4555296,0.2031451
esfera,cor,0.0,0.214346,-0.269574,0.938795,0.214369,-0.269585,0.938813,0.2544988,0.3220233,0.01136379
esfera,cor,0.3,0.214346,-0.269574,0.938795,0.214369,-0.269585,0.938813,0.2544988,0.3220233,0.01136379
esfera,cor,1.0,0.214346,-0.269574,0.938795,0.214369,-0.269585,0.938813,0.186506,0.2798127,0.05715572
esfera,pesos,0.2,0.271873,-0.398785,0.875782,0.271888,-0.398789,0.875810,0.5679681,0.4003037,0.2273598
esfera,pesos,0.5,0.271873,-0.398785,0.875782,0.271888,-0.398789,0.875810,0.5318891,0.4213873,0.2188428
esfera,pesos,1.0,0.271873,-0.398785,0.875782,0.271888,-0.398789,0.875810,0.4435399,0.443539,0.1897021
esfera,cor,0.0,0.271873,-0.398785,0.875782,0.271888,-0.398789,0.875810,0.1308726,0.08933674,0.7084865
esfera,cor,0.3,0.271873,-0.398785,0.875782,0.271888,-0.398789,0.875810,0.1308726,0.08933674,0.7084865
esfera,cor,1.0,0.271873,-0.398785,0.875782,0.271888,-0.398789,0.875810,0.3469253,0.2267343,0.4205022
esfera,pesos,0.2,0.303114,-0.625026,0.719336,0.303137,-0.625013,0.719352,0.4928155,0.419054,0.193514
esfera,pesos,0.5,0.303114,-0.625026,0.719336,0.303137,-0.625013,0.719352,0.4659095,0.4434782,0.192085
esfera,pesos,1.0,0.303114,-0.625026,0.719336,0.303137,-0.625013,0.719352,0.4317745,0.4317706,0.176603
esfera,cor,0.0,0.303114,-0.625026,0.719336,0.303137,-0.625013,0.719352,0.007518406,0.0212439,0.1176147
esfera,cor,0.3,0.303114,-0.625026,0.719336,0.303137,-0.625013,0.719352,0.01610196,0.1663251,0.1059631
esfera,cor,1.0,0.303114,-0.625026,0.719336,0.303137,-0.625013,0.719352,0.01963669,0.1826658,0.08795079
esfera,pesos,0.2,-0.820488,0.241693,0.518039,-0.820472,0.241737,0.518063,0.6295098,0.5604233,0.352792
esfera,pesos,0.5,-0.820488,0.241693,0.518039,-0.820472,0.241737,0.518063,0.5377958,0.5604233,0.3013933
esfera,pesos,1.0,-0.820488,0.241693,0.518039,-0.820472,0.241737,0.518063,0.519807,0.5198024,0.2657407
esfera,cor,0.0,-0.820488,0.241693,0.518039,-0.820472,0.241737,0.518063,0.1109081,0.0004493632,0.01740786
esfera,cor,0.3,-0.820488,0.241693,0.518039,-0.820472,0.241737,0.518063,0.09742092,0.006088183,0.02895112
esfera,cor,1.0,-0.820488,0.241693,0.518039,-0.820472,0.241737,0.518063,0.05820455,0.02465563,0.06935635
esfera,pesos,0.2,-0.712392,0.299160,0.634785,-0.712409,0.299103,0.634831,0.5387831,0.5747901,0.3096871
esfera,pesos,0.5,-0.712392,0.299160,0.634785,-0.712409,0.299103,0.634831,0.5096927,0.57479,0.2929663
esfera,pesos,1.0,-0.712392,0.299160,0.634785,-0.712409,0.299103,0.634831,0.5288281,0.5288461,0.2737021
esfera,cor,0.0,-0.712392,0.299160,0.634785,-0.712409,0.299103,0.634831,0.4011267,0.06368572,0.06368572
esfera,cor,0.3,-0.712392,0.299160,0.634785,-0.712409,0.299103,0.634831,0.2400823,0.1843319,0.1047834
esfera,cor,1.0,-0.712392,0.299160,0.634785,-0.712409,0.299103,0.634831,0.1796689,0.1791731,0.1103253
esfera,pesos,0.2,-0.613057,0.324288,0.720392,-0.613069,0.324293,0.720403,0.4463344,0.581072,0.2593524
esfera,pesos,0.5,-0.613057,0.324288,0.720392,-0.613069,0.324293,0.720403,0.4865838,0.581072,0.2827403
esfera,pesos,1.0,-0.613057,0.324288,0.720392,-0.613069,0.324293,0.720403,0.5352311,0.535231,0.2798315
esfera,cor,0.0,-0.613057,0.324288,0.720392,-0.613069,0.324293,0.720403,0.02300912,0.02027545,0.1900526
esfera,cor,0.3,-0.613057,0.324288,0.720392,-0.613069,0.324293,0.720403,0.07790652,0.03655535,0.1258981
esfera,cor,1.0,-0.613057,0.324288,0.720392,-0.613069,0.324293,0.720403,0.1039101,0.06481691,0.09654859
esfera,pesos,0.2,-0.518716,0.330978,0.788243,-0.518733,0.331007,0.788258,0.3703209,0.5827445,0.2158024
esfera,pesos,0.5,-0.518716,0.330978,0.788243,-0.518733,0.331007,0.788258,0.4673361,0.5816396,0.2715674
esfera,pesos,1.0,-0.518716,0.330978,0.788243,-0.518733,0.331007,0.788258,0.5398229,0.5398178,0.2846563
esfera,cor,0.0,-0.518716,0.330978,0.788243,-0.518733,0.331007,0.788258,0.1194757,0.003276598,0.1123742
esfera,cor,0.3,-0.518716,0.330978,0.788243,-0.518733,0.331007,0.788258,0.1189939,0.02588375,0.09539973
esfera,cor,1.0,-0.518716,0.330978,0.788243,-0.518733,0.331007,0.788258,0.1315009,0.0628713,0.06214507
esfera,pesos,0.2,-0.427917,0.324594,0.843506,-0.427910,0.324626,0.843511,0.3930207,0.5811486,0.2284034
esfera,pesos,0.5,-0.427917,0.324594,0.843506,-0.427910,0.324626,0.843511,0.4498373,0.5795526,0.2602878
esfera,pesos,1.0,-0.427917,0.324594,0.843506,-0.427910,0.324626,0.843511,0.5428896,0.5428846,0.2882986
esfera,cor,0.0,-0.427917,0.324594,0.843506,-0.427910,0.324626,0.843511,0.187989,0.0005129115,0.0005129115
esfera,cor,0.3,-0.427917,0.324594,0.843506,-0.427910,0.324626,0.843511,0.187989,0.0005129115,0.0005129115
esfera,cor,1.0,-0.427917,0.324594,0.843506,-0.427910,0.324626,0.843511,0.1279018,0.05838736,0.01506047
esfera,pesos,0.2,-0.339965,0.307700,0.888647,-0.339992,0.307625,0.888691,0.4150087,0.5769249,0.2394288
esfera,pesos,0.5,-0.339965,0.307700,0.888647,-0.339992,0.307625,0.888691,0.4315496,0.5768291,0.2489026
esfera,pesos,1.0,-0.339965,0.307700,0.888647,-0.339992,0.307625,0.888691,0.5444863,0.5445033,0.2907141
esfera,cor,0.0,-0.339965,0.307700,0.888647,-0.339992,0.307625,0.888691,0.2443388,0.3189409,0.00266469
esfera,cor,0.3,-0.339965,0.307700,0.888647,-0.339992,0.307625,0.888691,0.2443388,0.3189409,0.00266469
esfera,cor,1.0,-0.339965,0.307700,0.888647,-0.339992,0.307625,0.888691,0.151454,0.2556867,0.0399705
esfera,pesos,0.2,-0.254457,0.281783,0.925100,-0.254439,0.281823,0.925115,0.4363856,0.5704458,0.2489343
esfera,pesos,0.5,-0.254457,0.281783,0.925100,-0.254439,0.281823,0.925115,0.4363856,0.5704458,0.2489343
esfera,pesos,1.0,-0.254457,0.281783,0.925100,-0.254439,0.281823,0.925115,0.5445973,0.5445926,0.2917574
esfera,cor,0.0,-0.254457,0.281783,0.925100,-0.254439,0.281823,0.925115,0.008961754,0.6073943,0.05914048
esfera,cor,0.3,-0.254457,0.281783,0.925100,-0.254439,0.281823,0.925115,0.008961754,0.6073943,0.05914048
esfera,cor,1.0,-0.254457,0.281783,0.925100,-0.254439,0.281823,0.925115,0.02803006,0.458047,0.1876749
esfera,pesos,0.2,-0.171191,0.247592,0.953587,-0.171186,0.247567,0.953628,0.4572022,0.5618981,0.2569011
esfera,pesos,0.5,-0.171191,0.247592,0.953587,-0.171186,0.247567,0.953628,0.4572022,0.5618981,0.2569011
esfera,pesos,1.0,-0.171191,0.247592,0.953587,-0.171186,0.247567,0.953628,0.5430027,0.5430118,0.2911666
esfera,cor,0.0,-0.171191,0.247592,0.953587,-0.171186,0.247567,0.953628,0.07295915,0.05194902,0.208808
esfera,cor,0.3,-0.171191,0.247592,0.953587,-0.171186,0.247567,0.953628,0.07295915,0.05194902,0.208808
esfera,cor,1.0,-0.171191,0.247592,0.953587,-0.171186,0.247567,0.953628,0.06812441,0.1047099,0.175675
esfera,pesos,0.2,-0.090061,0.205515,0.974479,-0.090080,0.205529,0.974497,0.4774849,0.5513788,0.263275
esfera,pesos,0.5,-0.090061,0.205515,0.974479,-0.090080,0.205529,0.974497,0.4774849,0.5513788,0.263275
esfera,pesos,1.0,-0.090061,0.205515,0.974479,-0.090080,0.205529,0.974497,0.5394259,0.5394213,0.2885362
esfera,cor,0.0,-0.090061,0.205515,0.974479,-0.090080,0.205529,0.974497,0.02464137,0.1870859,0.3753921
esfera,cor,0.3,-0.090061,0.205515,0.974479,-0.090080,0.205529,0.974497,0.02464137,0.1870859,0.3753921
esfera,cor,1.0,-0.090061,0.205515,0.974479,-0.090080,0.205529,0.974497,0.04733465,0.2243412,0.3838905
esfera,pesos,0.2,-0.011073,0.155527,0.987752,-0.011065,0.155544,0.987767,0.4972316,0.5388817,0.267949
esfera,pesos,0.5,-0.011073,0.155527,0.987752,-0.011065,0.155544,0.987767,0.4972316,0.5388817,0.267949
esfera,pesos,1.0,-0.011073,0.155527,0.987752,-0.011065,0.155544,0.987767,0.5332714,0.5332696,0.2831783
esfera,cor,0.0,-0.011073,0.155527,0.987752,-0.011065,0.155544,0.987767,0.2732655,0.07451911,0.4263812
esfera,cor,0.3,-0.011073,0.155527,0.987752,-0.011065,0.155544,0.987767,0.2732655,0.07451911,0.4263812
esfera,cor,1.0,-0.011073,0.155527,0.987752,-0.011065,0.155544,0.987767,0.3121259,0.160886,0.3676185
esfera,pesos,0.2,0.065675,0.097276,0.993071,0.065678,0.097276,0.993088,0.5164188,0.5243191,0.2707683
esfera,pesos,0.5,0.065675,0.097276,0.993071,0.065678,0.097276,0.993088,0.5164188,0.5243191,0.2707683
esfera,pesos,1.0,0.065675,0.097276,0.993071,0.065678,0.097276,0.993088,0.5208902,0.5236543,0.2726153
esfera,cor,0.0,0.065675,0.097276,0.993071,0.065678,0.097276,0.993088,0.2825422,0.4049104,0.06446465
esfera,cor,0.3,0.065675,0.097276,0.993071,0.065678,0.097276,0.993088,0.2825422,0.4049104,0.06446465
esfera,cor,1.0,0.065675,0.097276,0.993071,0.065678,0.097276,0.993088,0.3365934,0.3527224,0.1069987
esfera,pesos,0.2,0.139971,0.029970,0.989669,0.139993,0.029927,0.989700,0.5349928,0.5074926,0.2715049
esfera,pesos,0.5,0.139971,0.029970,0.989669,0.139993,0.029927,0.989700,0.5349928,0.5074926,0.2715049
esfera,pesos,1.0,0.139971,0.029970,0.989669,0.139993,0.029927,0.989700,0.5063815,0.5082024,0.2575153
esfera,cor,0.0,0.139971,0.029970,0.989669,0.139993,0.029927,0.989700,0.002547307,0.09263713,0.2320888
esfera,cor,0.3,0.139971,0.029970,0.989669,0.139993,0.029927,0.989700,0.002547307,0.09263713,0.2320888
esfera,cor,1.0,0.139971,0.029970,0.989669,0.139993,0.029927,0.989700,0.02977464,0.1071361,0.2045472
esfera,pesos,0.2,0.211436,-0.047787,0.976202,0.211446,-0.047803,0.976220,0.5528589,0.4880532,0.2698245
esfera,pesos,0.5,0.211436,-0.047787,0.976202,0.211446,-0.047803,0.976220,0.5528589,0.4880532,0.2698245
esfera,pesos,1.0,0.211436,-0.047787,0.976202,0.211446,-0.047803,0.976220,0.4905559,0.4905607,0.2400592
esfera,cor,0.0,0.211436,-0.047787,0.976202,0.211446,-0.047803,0.976220,0.006305208,0.05570948,0.1160075
esfera,cor,0.3,0.211436,-0.047787,0.976202,0.211446,-0.047803,0.976220,0.006305208,0.05570948,0.1160075
esfera,cor,1.0,0.211436,-0.047787,0.976202,0.211446,-0.047803,0.976220,0.03039669,0.05999364,0.09518342
esfera,pesos,0.2,0.279344,-0.138672,0.950095,0.279336,-0.138704,0.950122,0.5698361,0.4653319,0.2651629
esfera,pesos,0.5,0.279344,-0.138672,0.950095,0.279336,-0.138704,0.950122,0.5698361,0.4653319,0.2651629
esfera,pesos,1.0,0.279344,-0.138672,0.950095,0.279336,-0.138704,0.950122,0.4759228,0.4759265,0.2242429
esfera,cor,0.0,0.279344,-0.138672,0.950095,0.279336,-0.138704,0.950122,0.1339393,0.04271986,0.05663471
esfera,cor,0.3,0.279344,-0.138672,0.950095,0.279336,-0.138704,0.950122,0.1339393,0.04271986,0.05663471
esfera,cor,1.0,0.279344,-0.138672,0.950095,0.279336,-0.138704,0.950122,0.1729746,0.04873662,0.0550724
esfera,pesos,0.2,0.342264,-0.247972,0.906256,0.342283,-0.247981,0.906282,0.585566,0.438007,0.256482
esfera,pesos,0.5,0.342264,-0.247972,0.906256,0.342283,-0.247981,0.906282,0.5704958,0.438007,0.2498811
esfera,pesos,1.0,0.342264,-0.247972,0.906256,0.342283,-0.247981,0.906282,0.4624565,0.4624579,0.2092449
esfera,cor,0.0,0.342264,-0.247972,0.906256,0.342283,-0.247981,0.906282,0.000302159,0.1600328,0.01190586
esfera,cor,0.3,0.342264,-0.247972,0.906256,0.342283,-0.247981,0.906282,0.000302159,0.1600328,0.01190586
esfera,cor,1.0,0.342264,-0.247972,0.906256,0.342283,-0.247981,0.906282,0.04557125,0.1155751,0.04750848
esfera,pesos,0.2,0.396418,-0.389633,0.831255,0.396422,-0.389635,0.831284,0.5991045,0.4025918,0.2411945
esfera,pesos,0.5,0.396418,-0.389633,0.831255,0.396422,-0.389635,0.831284,0.5331032,0.4226906,0.2204956
esfera,pesos,1.0,0.396418,-0.389633,0.831255,0.396422,-0.389635,0.831284,0.4499366,0.4499339,0.1949735
esfera,cor,0.0,0.396418,-0.389633,0.831255,0.396422,-0.389635,0.831284,0.5855064,0.02809311,0.3640006
esfera,cor,0.3,0.396418,-0.389633,0.831255,0.396422,-0.389635,0.831284,0.5855064,0.02809311,0.3640006
esfera,cor,1.0,0.396418,-0.389633,0.831255,0.396422,-0.389635,0.831284,0.522875,0.09361582,0.2915524
esfera,pesos,0.2,-0.868088,0.298510,0.396590,-0.868133,0.298424,0.396595,0.5991476,0.5746276,0.3442867
esfera,pesos,0.5,-0.868088,0.298510,0.396590,-0.868133,0.298424,0.396595,0.5589427,0.5746276,0.3211839
esfera,pesos,1.0,-0.868088,0.298510,0.396590,-0.868133,0.298424,0.396595,0.5189307,0.5189484,0.2648318
esfera,cor,0.0,-0.868088,0.298510,0.396590,-0.868133,0.298424,0.396595,0.01032244,0.4079511,0.1772301
esfera,cor,0.3,-0.868088,0.298510,0.396590,-0.868133,0.298424,0.396595,0.01032244,0.4079511,0.1772301
esfera,cor,1.0,-0.868088,0.298510,0.396590,-0.868133,0.298424,0.396595,0.04989546,0.4456982,0.1207382
esfera,pesos,0.2,-0.753482,0.380009,0.536478,-0.753489,0.380005,0.536516,0.6084776,0.5950022,0.3620455
esfera,pesos,0.5,-0.753482,0.380009,0.536478,-0.753489,0.380005,0.536516,0.5363526,0.5754874,0.3067561
esfera,pesos,1.0,-0.753482,0.380009,0.536478,-0.753489,0.380005,0.536516,0.5305147,0.5305217,0.274769
esfera,cor,0.0,-0.753482,0.380009,0.536478,-0.753489,0.380005,0.536516,0.09326388,0.5801658,0.5801658
esfera,cor,0.3,-0.753482,0.380009,0.536478,-0.753489,0.380005,0.536516,0.200224,0.5309151,0.4578796
esfera,cor,1.0,-0.753482,0.380009,0.536478,-0.753489,0.380005,0.536516,0.2433257,0.4645606,0.3215624
esfera,pesos,0.2,-0.650765,0.417618,0.634104,-0.650801,0.417585,0.634098,0.5083562,0.6044046,0.3072528
esfera,pesos,0.5,-0.650765,0.417618,0.634104,-0.650801,0.417585,0.634098,0.5200375,0.5741693,0.2944023
esfera,pesos,1.0,-0.650765,0.417618,0.634104,-0.650801,0.417585,0.634098,0.538887,0.5388913,0.2825636
esfera,cor,0.0,-0.650765,0.417618,0.634104,-0.650801,0.417585,0.634098,0.04893086,0.03609861,0.2097112
esfera,cor,0.3,-0.650765,0.417618,0.634104,-0.650801,0.417585,0.634098,0.03364374,0.1191435,0.113348
esfera,cor,1.0,-0.650765,0.417618,0.634104,-0.650801,0.417585,0.634098,0.04299277,0.1718084,0.09637333
esfera,pesos,0.2,-0.553941,0.433477,0.710783,-0.553913,0.433540,0.710791,0.4215547,0.6083692,0.2564609
esfera,pesos,0.5,-0.553941,0.433477,0.710783,-0.553913,0.433540,0.710791,0.5049464,0.5742495,0.2840711
esfera,pesos,1.0,-0.553941,0.433477,0.710783,-0.553913,0.433540,0.710791,0.5453598,0.5453504,0.2890726
esfera,cor,0.0,-0.553941,0.433477,0.710783,-0.553913,0.433540,0.710791,0.005328756,0.113515,0.113515
esfera,cor,0.3,-0.553941,0.433477,0.710783,-0.553913,0.433540,0.710791,0.00492195,0.08033808,0.113515
esfera,cor,1.0,-0.553941,0.433477,0.710783,-0.553913,0.433540,0.710791,0.0851666,0.04778891,0.0846887
esfera,pesos,0.2,-0.461044,0.434839,0.773505,-0.461045,0.434891,0.773503,0.3847391,0.6087097,0.2341944
esfera,pesos,0.5,-0.461044,0.434839,0.773505,-0.461045,0.434891,0.773503,0.490192,0.5748333,0.2748955
esfera,pesos,1.0,-0.461044,0.434839,0.773505,-0.461045,0.434891,0.773503,0.5503751,0.550365,0.2945638
esfera,cor,0.0,-0.461044,0.434839,0.773505,-0.461045,0.434891,0.773503,0.01079507,0.005814679,0.1068145
esfera,cor,0.3,-0.461044,0.434839,0.773505,-0.461045,0.434891,0.773503,0.01999244,0.005858859,0.1043976
esfera,cor,1.0,-0.461044,0.434839,0.773505,-0.461045,0.434891,0.773503,0.1254616,0.007824097,0.1238443
esfera,pesos,0.2,-0.371156,0.425091,0.825527,-0.371168,0.425083,0.825554,0.4072111,0.6062726,0.2468809
esfera,pesos,0.5,-0.371156,0.425091,0.825527,-0.371168,0.425083,0.825554,0.4752471,0.5753661,0.2662973
esfera,pesos,1.0,-0.371156,0.425091,0.825527,-0.371168,0.425083,0.825554,0.5540938,0.5540977,0.2990764
esfera,cor,0.0,-0.371156,0.425091,0.825527,-0.371168,0.425083,0.825554,0.1601206,0.0097989,0.101576
esfera,cor,0.3,-0.371156,0.425091,0.825527,-0.371168,0.425083,0.825554,0.1601206,0.0097989,0.101576
esfera,cor,1.0,-0.371156,0.425091,0.825527,-0.371168,0.425083,0.825554,0.1697145,0.03747007,0.1665715
esfera,pesos,0.2,-0.283774,0.406090,0.868641,-0.283779,0.406101,0.868649,0.4290565,0.6015225,0.2580871
esfera,pesos,0.5,-0.283774,0.406090,0.868641,-0.283779,0.406101,0.868649,0.4685688,0.5778695,0.2648916
esfera,pesos,1.0,-0.283774,0.406090,0.868641,-0.283779,0.406101,0.868649,0.5565851,0.5565835,0.30257
esfera,cor,0.0,-0.283774,0.406090,0.868641,-0.283779,0.406101,0.868649,0.2996865,0.08239299,0.02158476
esfera,cor,0.3,-0.283774,0.406090,0.868641,-0.283779,0.406101,0.868649,0.2996865,0.08239299,0.02158476
esfera,cor,1.0,-0.283774,0.406090,0.868641,-0.283779,0.406101,0.868649,0.2264175,0.1918264,0.07467165
esfera,pesos,0.2,-0.198617,0.378881,0.903850,-0.198634,0.378878,0.903878,0.4503459,0.5947203,0.2678298
esfera,pesos,0.5,-0.198617,0.378881,0.903850,-0.198634,0.378878,0.903878,0.4753512,0.5816219,0.2731921
esfera,pesos,1.0,-0.198617,0.378881,0.903850,-0.198634,0.378878,0.903878,0.5577935,0.5577952,0.3049249
esfera,cor,0.0,-0.198617,0.378881,0.903850,-0.198634,0.378878,0.903878,0.0305802,0.06676068,0.009844068
esfera,cor,0.3,-0.198617,0.378881,0.903850,-0.198634,0.378878,0.903878,0.0305802,0.06676068,0.009844068
esfera,cor,1.0,-0.198617,0.378881,0.903850,-0.198634,0.378878,0.903878,0.2656199,0.139259,0.006223149
esfera,pesos,0.2,-0.115507,0.344112,0.931779,-0.115510,0.344150,0.931782,0.4711233,0.5860282,0.2760915
esfera,pesos,0.5,-0.115507,0.344112,0.931779,-0.115510,0.344150,0.931782,0.4814517,0.5814954,0.278822
esfera,pesos,1.0,-0.115507,0.344112,0.931779,-0.115510,0.344150,0.931782,0.5576155,0.5576084,0.3059483
esfera,cor,0.0,-0.115507,0.344112,0.931779,-0.115510,0.344150,0.931782,0.209292,0.1101088,0.07284007
esfera,cor,0.3,-0.115507,0.344112,0.931779,-0.115510,0.344150,0.931782,0.209292,0.1101088,0.07284007
esfera,cor,1.0,-0.115507,0.344112,0.931779,-0.115510,0.344150,0.931782,0.1711099,0.3008227,0.2659687
esfera,pesos,0.2,-0.034375,0.302039,0.952675,-0.034386,0.301949,0.952704,0.4914062,0.5755098,0.2828091
esfera,pesos,0.5,-0.034375,0.302039,0.952675,-0.034386,0.301949,0.952704,0.4914062,0.5755098,0.2828091
esfera,pesos,1.0,-0.034375,0.302039,0.952675,-0.034386,0.301949,0.952704,0.5557914,0.5558091,0.3053209
esfera,cor,0.0,-0.034375,0.302039,0.952675,-0.034386,0.301949,0.952704,0.07578002,0.3716796,0.05733522
esfera,cor,0.3,-0.034375,0.302039,0.952675,-0.034386,0.301949,0.952704,0.07578002,0.3716796,0.05733522
esfera,cor,1.0,-0.034375,0.302039,0.952675,-0.034386,0.301949,0.952704,0.1102205,0.3804585,0.06998956
esfera,pesos,0.2,0.044769,0.252629,0.966506,0.044799,0.252590,0.966536,0.5111921,0.5631572,0.2878816
esfera,pesos,0.5,0.044769,0.252629,0.966506,0.044799,0.252590,0.966536,0.5111921,0.5631572,0.2878816
esfera,pesos,1.0,0.044769,0.252629,0.966506,0.044799,0.252590,0.966536,0.5482825,0.5527722,0.3010675
esfera,cor,0.0,0.044769,0.252629,0.966506,0.044799,0.252590,0.966536,0.008823602,0.483895,0.27811
esfera,cor,0.3,0.044769,0.252629,0.966506,0.044799,0.252590,0.966536,0.008823602,0.483895,0.27811
esfera,cor,1.0,0.044769,0.252629,0.966506,0.044799,0.252590,0.966536,0.03891676,0.4222749,0.2165511
esfera,pesos,0.2,0.121866,0.195663,0.973061,0.121874,0.195705,0.973060,0.5304664,0.5489158,0.2911814
esfera,pesos,0.5,0.121866,0.195663,0.973061,0.121874,0.195705,0.973060,0.5304664,0.5489158,0.2911814
esfera,pesos,1.0,0.121866,0.195663,0.973061,0.121874,0.195705,0.973060,0.5368856,0.5461182,0.2926256
esfera,cor,0.0,0.121866,0.195663,0.973061,0.121874,0.195705,0.973060,0.4822279,0.01254243,0.09668204
esfera,cor,0.3,0.121866,0.195663,0.973061,0.121874,0.195705,0.973060,0.4822279,0.01254243,0.09668204
esfera,cor,1.0,0.121866,0.195663,0.973061,0.121874,0.195705,0.973060,0.411967,0.03324586,0.1438351
esfera,pesos,0.2,0.196738,0.130484,0.971707,0.196729,0.130497,0.971735,0.5491844,0.532621,0.2925072
esfera,pesos,0.5,0.196738,0.130484,0.971707,0.196729,0.130497,0.971735,0.5491844,0.532621,0.2925072
esfera,pesos,1.0,0.196738,0.130484,0.971707,0.196729,0.130497,0.971735,0.5244078,0.534285,0.2805468
esfera,cor,0.0,0.196738,0.130484,0.971707,0.196729,0.130497,0.971735,0.01571433,0.2003296,0.1016326
esfera,cor,0.3,0.196738,0.130484,0.971707,0.196729,0.130497,0.971735,0.01571433,0.2003296,0.1016326
esfera,cor,1.0,0.196738,0.130484,0.971707,0.196729,0.130497,0.971735,0.04343137,0.1749636,0.1476728
esfera,pesos,0.2,0.269105,0.056058,0.961449,0.269103,0.056086,0.961477,0.5672762,0.5140146,0.2915882
esfera,pesos,0.5,0.269105,0.056058,0.961449,0.269103,0.056086,0.961477,0.5672762,0.5140146,0.2915882
esfera,pesos,1.0,0.269105,0.056058,0.961449,0.269103,0.056086,0.961477,0.5104791,0.5163362,0.2641126
esfera,cor,0.0,0.269105,0.056058,0.961449,0.269103,0.056086,0.961477,0.1111953,0.06800926,0.2173145
esfera,cor,0.3,0.269105,0.056058,0.961449,0.269103,0.056086,0.961477,0.1111953,0.06800926,0.2173145
esfera,cor,1.0,0.269105,0.056058,0.961449,0.269103,0.056086,0.961477,0.1536418,0.1037034,0.1844956
esfera,pesos,0.2,0.338462,-0.029478,0.940493,0.338451,-0.029453,0.940523,0.5846155,0.4926306,0.2879995
esfera,pesos,0.5,0.338462,-0.029478,0.940493,0.338451,-0.029453,0.940523,0.5752619,0.4926306,0.2833916
esfera,pesos,1.0,0.338462,-0.029478,0.940493,0.338451,-0.029453,0.940523,0.4947113,0.4947012,0.2442584
esfera,cor,0.0,0.338462,-0.029478,0.940493,0.338451,-0.029453,0.940523,0.9478319,0.002199147,0.1228161
esfera,cor,0.3,0.338462,-0.029478,0.940493,0.338451,-0.029453,0.940523,0.9478319,0.002199147,0.1228161
esfera,cor,1.0,0.338462,-0.029478,0.940493,0.338451,-0.029453,0.940523,0.8724127,0.2468414,0.09237739
esfera,pesos,0.2,0.403889,-0.129524,0.905565,0.403903,-0.129485,0.905591,0.6009722,0.4676191,0.2810261
esfera,pesos,0.5,0.403889,-0.129524,0.905565,0.403903,-0.129485,0.905591,0.5627086,0.4676191,0.2631333
esfera,pesos,1.0,0.403889,-0.129524,0.905565,0.403903,-0.129485,0.905591,0.4796281,0.4796187,0.2275665
esfera,cor,0.0,0.403889,-0.129524,0.905565,0.403903,-0.129485,0.905591,0.8679075,0.03473105,0.1806752
esfera,cor,0.3,0.403889,-0.129524,0.905565,0.403903,-0.129485,0.905591,0.8679075,0.03473105,0.1806752
esfera,cor,1.0,0.403889,-0.129524,0.905565,0.403903,-0.129485,0.905591,0.7782418,0.2760506,0.1915777
esfera,pesos,0.2,0.463432,-0.251288,0.849723,0.463425,-0.251288,0.849760,0.6158581,0.437178,0.2692396
esfera,pesos,0.5,0.463432,-0.251288,0.849723,0.463425,-0.251288,0.849760,0.5482951,0.437178,0.2397026
esfera,pesos,1.0,0.463432,-0.251288,0.849723,0.463425,-0.251288,0.849760,0.4658828,0.465878,0.2119269
esfera,cor,0.0,0.463432,-0.251288,0.849723,0.463425,-0.251288,0.849760,0.08389439,0.02766541,0.1810701
esfera,cor,0.3,0.463432,-0.251288,0.849723,0.463425,-0.251288,0.849760,0.08446884,0.02745719,0.1810701
esfera,cor,1.0,0.463432,-0.251288,0.849723,0.463425,-0.251288,0.849760,0.09078654,0.1470897,0.2822314
esfera,pesos,0.2,0.511084,-0.416952,0.751608,0.511096,-0.416957,0.751616,0.620257,0.395762,0.2454742
esfera,pesos,0.5,0.511084,-0.416952,0.751608,0.511096,-0.416957,0.751616,0.5074039,0.4237407,0.2095433
esfera,pesos,1.0,0.511084,-0.416952,0.751608,0.511096,-0.416957,0.751616,0.453355,0.4533553,0.1973954
esfera,cor,0.0,0.511084,-0.416952,0.751608,0.511096,-0.416957,0.751616,0.9979461,0.1774727,0.01642723
esfera,cor,0.3,0.511084,-0.416952,0.751608,0.511096,-0.416957,0.751616,0.8250446,0.3272383,0.01665976
esfera,cor,1.0,0.511084,-0.416952,0.751608,0.511096,-0.416957,0.751616,0.4659961,0.3847962,0.07707842
esfera,pesos,0.2,-0.933591,0.289232,0.211498,-0.933616,0.289174,0.211518,0.5528746,0.5723081,0.3164146
esfera,pesos,0.5,-0.933591,0.289232,0.211498,-0.933616,0.289174,0.211518,0.5528746,0.5723081,0.3164146
esfera,pesos,1.0,-0.933591,0.289232,0.211498,-0.933616,0.289174,0.211518,0.5106578,0.5106742,0.2581778
esfera,cor,0.0,-0.933591,0.289232,0.211498,-0.933616,0.289174,0.211518,0.007761998,0.2103958,0.5128664
esfera,cor,0.3,-0.933591,0.289232,0.211498,-0.933616,0.289174,0.211518,0.007761998,0.2103958,0.5128664
esfera,cor,1.0,-0.933591,0.289232,0.211498,-0.933616,0.289174,0.211518,0.009658513,0.2253767,0.4105467
esfera,pesos,0.2,-0.802149,0.432884,0.411233,-0.802168,0.432912,0.411234,0.6028084,0.6082209,0.3666407
esfera,pesos,0.5,-0.802149,0.432884,0.411233,-0.802168,0.432912,0.411234,0.5650488,0.5596238,0.3143797
esfera,pesos,1.0,-0.802149,0.432884,0.411233,-0.802168,0.432912,0.411234,0.5270354,0.5270305,0.2716117
esfera,cor,0.0,-0.802149,0.432884,0.411233,-0.802168,0.432912,0.411234,0.1165051,0.06775633,0.002130094
esfera,cor,0.3,-0.802149,0.432884,0.411233,-0.802168,0.432912,0.411234,0.1169572,0.06786168,0.002139718
esfera,cor,1.0,-0.802149,0.432884,0.411233,-0.802168,0.432912,0.411234,0.1859971,0.07592303,0.008474343
esfera,pesos,0.2,-0.694211,0.489767,0.527419,-0.694210,0.489802,0.527415,0.5838415,0.6214455,0.3627779
esfera,pesos,0.5,-0.694211,0.489767,0.527419,-0.694210,0.489802,0.527415,0.5492626,0.5586586,0.3015823
esfera,pesos,1.0,-0.694211,0.489767,0.527419,-0.694210,0.489802,0.527415,0.5377363,0.5377296,0.2811838
esfera,cor,0.0,-0.694211,0.489767,0.527419,-0.694210,0.489802,0.527415,0.3848039,0.111333,0.02340316
esfera,cor,0.3,-0.694211,0.489767,0.527419,-0.694210,0.489802,0.527415,0.4514179,0.1070335,0.04480031
esfera,cor,1.0,-0.694211,0.489767,0.527419,-0.694210,0.489802,0.527415,0.534826,0.111342,0.06548477
esfera,pesos,0.2,-0.594138,0.517617,0.615646,-0.594151,0.517616,0.615677,0.5042422,0.6023054,0.2996517
esfera,pesos,0.5,-0.594138,0.517617,0.615646,-0.594151,0.517616,0.615677,0.5356483,0.5601678,0.2918647
esfera,pesos,1.0,-0.594138,0.517617,0.615646,-0.594151,0.517616,0.615677,0.546117,0.5461219,0.2892691
esfera,cor,0.0,-0.594138,0.517617,0.615646,-0.594151,0.517616,0.615677,0.1535411,0.1832197,0.02785556
esfera,cor,0.3,-0.594138,0.517617,0.615646,-0.594151,0.517616,0.615677,0.2288507,0.1500221,0.1592901
esfera,cor,1.0,-0.594138,0.517617,0.615646,-0.594151,0.517616,0.615677,0.2819842,0.1284811,0.2524206
esfera,pesos,0.2,-0.498755,0.528159,0.687206,-0.498769,0.528154,0.687229,0.432711,0.5917856,0.2464477
esfera,pesos,0.5,-0.498755,0.528159,0.687206,-0.498769,0.528154,0.687229,0.5228785,0.56265,0.2838638
esfera,pesos,1.0,-0.498755,0.528159,0.687206,-0.498769,0.528154,0.687229,0.5529343,0.5529382,0.2963359
esfera,cor,0.0,-0.498755,0.528159,0.687206,-0.498769,0.528154,0.687229,0.01966222,0.121023,0.03579346
esfera,cor,0.3,-0.498755,0.528159,0.687206,-0.498769,0.528154,0.687229,0.02238968,0.0977321,0.2056958
esfera,cor,1.0,-0.498755,0.528159,0.687206,-0.498769,0.528154,0.687229,0.02207782,0.08838075,0.2721574
esfera,pesos,0.2,-0.406754,0.526209,0.746739,-0.406757,0.526191,0.746774,0.4175728,0.6159736,0.2530213
esfera,pesos,0.5,-0.406754,0.526209,0.746739,-0.406757,0.526191,0.746774,0.5103575,0.5655097,0.276967
esfera,pesos,1.0,-0.406754,0.526209,0.746739,-0.406757,0.526191,0.746774,0.5584792,0.5584871,0.3025361
esfera,cor,0.0,-0.406754,0.526209,0.746739,-0.406757,0.526191,0.746774,0.02335746,0.07922562,0.1314034
esfera,cor,0.3,-0.406754,0.526209,0.746739,-0.406757,0.526191,0.746774,0.03578581,0.1607827,0.2913276
esfera,cor,1.0,-0.406754,0.526209,0.746739,-0.406757,0.526191,0.746774,0.04001376,0.1986828,0.3686153
esfera,pesos,0.2,-0.317450,0.514306,0.796686,-0.317455,0.514249,0.796725,0.4206375,0.6285765,0.2644028
esfera,pesos,0.5,-0.317450,0.514306,0.796686,-0.317455,0.514249,0.796725,0.4998889,0.5694116,0.2728519
esfera,pesos,1.0,-0.317450,0.514306,0.796686,-0.317455,0.514249,0.796725,0.5628961,0.5629104,0.3079114
esfera,cor,0.0,-0.317450,0.514306,0.796686,-0.317455,0.514249,0.796725,0.09708454,0.04063768,0.2059086
esfera,cor,0.3,-0.317450,0.514306,0.796686,-0.317455,0.514249,0.796725,0.1160768,0.1680497,0.1778329
esfera,cor,1.0,-0.317450,0.514306,0.796686,-0.317455,0.514249,0.796725,0.1212325,0.3344848,0.1429762
esfera,pesos,0.2,-0.230455,0.493877,0.838425,-0.230452,0.493920,0.838412,0.4423863,0.6234694,0.2758142
esfera,pesos,0.5,-0.230455,0.493877,0.838425,-0.230452,0.493920,0.838412,0.5069031,0.5797492,0.2850144
esfera,pesos,1.0,-0.230455,0.493877,0.838425,-0.230452,0.493920,0.838412,0.5662463,0.5662377,0.3124253
esfera,cor,0.0,-0.230455,0.493877,0.838425,-0.230452,0.493920,0.838412,0.1261595,0.004903126,0.3201164
esfera,cor,0.3,-0.230455,0.493877,0.838425,-0.230452,0.493920,0.838412,0.1226948,0.01636853,0.3026024
esfera,cor,1.0,-0.230455,0.493877,0.838425,-0.230452,0.493920,0.838412,0.1157143,0.0632142,0.2482644
esfera,pesos,0.2,-0.145531,0.465806,0.872803,-0.145537,0.465806,0.872837,0.4636172,0.6164515,0.2857975
esfera,pesos,0.5,-0.145531,0.465806,0.872803,-0.145537,0.465806,0.872837,0.5134997,0.5865055,0.2950404
esfera,pesos,1.0,-0.145531,0.465806,0.872803,-0.145537,0.465806,0.872837,0.5684817,0.5684848,0.3159917
esfera,cor,0.0,-0.145531,0.465806,0.872803,-0.145537,0.465806,0.872837,0.7196174,0.00311422,0.1001942
esfera,cor,0.3,-0.145531,0.465806,0.872803,-0.145537,0.465806,0.872837,0.7196174,0.00311422,0.1001942
esfera,cor,1.0,-0.145531,0.465806,0.872803,-0.145537,0.465806,0.872837,0.4906452,0.03187246,0.1314991
esfera,pesos,0.2,-0.062533,0.430624,0.900335,-0.062527,0.430621,0.900364,0.4843667,0.607656,0.2943284
esfera,pesos,0.5,-0.062533,0.430624,0.900335,-0.062527,0.430621,0.900364,0.5197693,0.5895237,0.3026935
esfera,pesos,1.0,-0.062533,0.430624,0.900335,-0.062527,0.430621,0.900364,0.5695537,0.5695573,0.318468
esfera,cor,0.0,-0.062533,0.430624,0.900335,-0.062527,0.430621,0.900364,0.128323,0.003592646,0.0262536
esfera,cor,0.3,-0.062533,0.430624,0.900335,-0.062527,0.430621,0.900364,0.128323,0.003592646,0.0262536
esfera,cor,1.0,-0.062533,0.430624,0.900335,-0.062527,0.430621,0.900364,0.09079592,0.07541954,0.01735125
esfera,pesos,0.2,0.018594,0.388534,0.921215,0.018601,0.388502,0.921260,0.5046485,0.5971336,0.3013426
esfera,pesos,0.5,0.018594,0.388534,0.921215,0.018601,0.388502,0.921260,0.5256886,0.5885103,0.3076087
esfera,pesos,1.0,0.018594,0.388534,0.921215,0.018601,0.388502,0.921260,0.5673552,0.5700848,0.319033
esfera,cor,0.0,0.018594,0.388534,0.921215,0.018601,0.388502,0.921260,0.4756963,0.290572,0.01744608
esfera,cor,0.3,0.018594,0.388534,0.921215,0.018601,0.388502,0.921260,0.4756963,0.290572,0.01744608
esfera,cor,1.0,0.018594,0.388534,0.921215,0.018601,0.388502,0.921260,0.4261625,0.3068488,0.03074261
esfera,pesos,0.2,0.097853,0.339551,0.935456,0.097845,0.339564,0.935480,0.5244632,0.5848877,0.3067521
esfera,pesos,0.5,0.097853,0.339551,0.935456,0.097845,0.339564,0.935480,0.5312963,0.582916,0.3093017
esfera,pesos,1.0,0.097853,0.339551,0.935456,0.097845,0.339564,0.935480,0.5578446,0.5699426,0.3153088
esfera,cor,0.0,0.097853,0.339551,0.935456,0.097845,0.339564,0.935480,0.01044891,0.02358402,0.1026785
esfera,cor,0.3,0.097853,0.339551,0.935456,0.097845,0.339564,0.935480,0.01044891,0.02358402,0.1026785
esfera,cor,1.0,0.097853,0.339551,0.935456,0.097845,0.339564,0.935480,0.08448599,0.0326474,0.1218518
esfera,pesos,0.2,0.175182,0.283441,0.942835,0.175184,0.283460,0.942847,0.5437954,0.5708601,0.3104311
esfera,pesos,0.5,0.175182,0.283441,0.942835,0.175184,0.283460,0.942847,0.5437954,0.5708601,0.3104311
esfera,pesos,1.0,0.175182,0.283441,0.942835,0.175184,0.283460,0.942847,0.5476734,0.5653861,0.3086177
esfera,cor,0.0,0.175182,0.283441,0.942835,0.175184,0.283460,0.942847,0.4900497,0.07624579,0.5855508
esfera,cor,0.3,0.175182,0.283441,0.942835,0.175184,0.283460,0.942847,0.4900497,0.07624579,0.5855508
esfera,cor,1.0,0.175182,0.283441,0.942835,0.175184,0.283460,0.942847,0.3641233,0.2082321,0.5586663
esfera,pesos,0.2,0.250443,0.219697,0.942864,0.250437,0.219725,0.942869,0.5626107,0.5549243,0.3122064
esfera,pesos,0.5,0.250443,0.219697,0.942864,0.250437,0.219725,0.942869,0.5626107,0.5549243,0.3122064
esfera,pesos,1.0,0.250443,0.219697,0.942864,0.250437,0.219725,0.942869,0.5366548,0.5561196,0.2986821
esfera,cor,0.0,0.250443,0.219697,0.942864,0.250437,0.219725,0.942869,0.1985042,0.1559072,0.004124686
esfera,cor,0.3,0.250443,0.219697,0.942864,0.250437,0.219725,0.942869,0.1985042,0.1559072,0.004124686
esfera,cor,1.0,0.250443,0.219697,0.942864,0.250437,0.219725,0.942869,0.1402826,0.1463817,0.06229302
esfera,pesos,0.2,0.323398,0.147442,0.934696,0.323384,0.147465,0.934707,0.5808495,0.5368605,0.3118351
esfera,pesos,0.5,0.323398,0.147442,0.934696,0.323384,0.147465,0.934707,0.5764189,0.5368605,0.3094565
esfera,pesos,1.0,0.323398,0.147442,0.934696,0.323384,0.147465,0.934707,0.524519,0.5414756,0.2849795
esfera,cor,0.0,0.323398,0.147442,0.934696,0.323384,0.147465,0.934707,0.002934989,0.01305855,0.1017428
esfera,cor,0.3,0.323398,0.147442,0.934696,0.323384,0.147465,0.934707,0.002934989,0.01305855,0.1017428
esfera,cor,1.0,0.323398,0.147442,0.934696,0.323384,0.147465,0.934707,0.03565602,0.0327239,0.08448357
esfera,pesos,0.2,0.393652,0.065215,0.916926,0.393669,0.065218,0.916936,0.5984129,0.5163037,0.3089628
esfera,pesos,0.5,0.393652,0.065215,0.916926,0.393669,0.065218,0.916936,0.5654048,0.5163037,0.2919206
esfera,pesos,1.0,0.393652,0.065215,0.916926,0.393669,0.065218,0.916936,0.5108643,0.520196,0.2665995
esfera,cor,0.0,0.393652,0.065215,0.916926,0.393669,0.065218,0.916936,0.7765369,0.04959442,0.9732596
esfera,cor,0.3,0.393652,0.065215,0.916926,0.393669,0.065218,0.916936,0.7765369,0.04959442,0.9732596
esfera,cor,1.0,0.393652,0.065215,0.916926,0.393669,0.065218,0.916936,0.8166372,0.03734349,0.7964467
esfera,pesos,0.2,0.460525,-0.029492,0.887139,0.460540,-0.029424,0.887151,0.6151313,0.492627,0.3030303
esfera,pesos,0.5,0.460525,-0.029492,0.887139,0.460540,-0.029424,0.887151,0.5533239,0.492627,0.2725823
esfera,pesos,1.0,0.460525,-0.029492,0.887139,0.460540,-0.029424,0.887151,0.4952599,0.4952446,0.2447066
esfera,cor,0.0,0.460525,-0.029492,0.887139,0.460540,-0.029424,0.887151,0.1860638,0.9480785,0.1296122
esfera,cor,0.3,0.460525,-0.029492,0.887139,0.460540,-0.029424,0.887151,0.1860638,0.9480785,0.1296122
esfera,cor,1.0,0.460525,-0.029492,0.887139,0.460540,-0.029424,0.887151,0.1539434,0.9461424,0.1742137
esfera,pesos,0.2,0.522699,-0.141545,0.840648,0.522709,-0.141575,0.840674,0.6306747,0.4646137,0.2930202
esfera,pesos,0.5,0.522699,-0.141545,0.840648,0.522709,-0.141575,0.840674,0.5397454,0.4646137,0.2507732
esfera,pesos,1.0,0.522699,-0.141545,0.840648,0.522709,-0.141575,0.840674,0.4802303,0.4802355,0.2276494
esfera,cor,0.0,0.522699,-0.141545,0.840648,0.522709,-0.141575,0.840674,0.002053038,0.1042281,0.04434303
esfera,cor,0.3,0.522699,-0.141545,0.840648,0.522709,-0.141575,0.840674,0.002136162,0.1042281,0.05100849
esfera,cor,1.0,0.522699,-0.141545,0.840648,0.522709,-0.141575,0.840674,0.002470187,0.1108995,0.07744754
esfera,pesos,0.2,0.577021,-0.282587,0.766244,0.577045,-0.282609,0.766258,0.5946018,0.4293533,0.2552943
esfera,pesos,0.5,0.577021,-0.282587,0.766244,0.577045,-0.282609,0.766258,0.523649,0.4293533,0.2248304
esfera,pesos,1.0,0.577021,-0.282587,0.766244,0.577045,-0.282609,0.766258,0.4667022,0.4667066,0.2119013
esfera,cor,0.0,0.577021,-0.282587,0.766244,0.577045,-0.282609,0.766258,0.45342,0.03572133,0.1293594
esfera,cor,0.3,0.577021,-0.282587,0.766244,0.577045,-0.282609,0.766258,0.45342,0.03163456,0.1004361
esfera,cor,1.0,0.577021,-0.282587,0.766244,0.577045,-0.282609,0.766258,0.3788516,0.122962,0.08295053
esfera,pesos,0.2,0.607829,-0.510430,0.608254,0.607824,-0.510446,0.608272,0.4896538,0.3918297,0.1891063
esfera,pesos,0.5,0.607829,-0.510430,0.608254,0.607824,-0.510446,0.608272,0.4636971,0.4392411,0.1959364
esfera,pesos,1.0,0.607829,-0.510430,0.608254,0.607824,-0.510446,0.608272,0.4550449,0.4550449,0.1982131
esfera,cor,0.0,0.607829,-0.510430,0.608254,0.607824,-0.510446,0.608272,0.0152634,0.3944972,0.951001
esfera,cor,0.3,0.607829,-0.510430,0.608254,0.607824,-0.510446,0.608272,0.4229907,0.2251381,0.4934601
esfera,cor,1.0,0.607829,-0.510430,0.608254,0.607824,-0.510446,0.608272,0.3754077,0.1956827,0.4554919
esfera,pesos,0.2,-0.862391,0.443031,0.244845,-0.862403,0.443064,0.244857,0.5612113,0.6107578,0.3427642
esfera,pesos,0.5,-0.862391,0.443031,0.244845,-0.862403,0.443064,0.244857,0.5612113,0.5524112,0.3100194
esfera,pesos,1.0,-0.862391,0.443031,0.244845,-0.862403,0.443064,0.244857,0.5174922,0.5174894,0.2637191
esfera,cor,0.0,-0.862391,0.443031,0.244845,-0.862403,0.443064,0.244857,0.136382,0.1310357,0.3954267
esfera,cor,0.3,-0.862391,0.443031,0.244845,-0.862403,0.443064,0.244857,0.136382,0.1310357,0.3954267
esfera,cor,1.0,-0.862391,0.443031,0.244845,-0.862403,0.443064,0.244857,0.2173904,0.236809,0.3057573
esfera,pesos,0.2,-0.744395,0.537042,0.396782,-0.744395,0.537055,0.396798,0.5991955,0.603667,0.3617145
esfera,pesos,0.5,-0.744395,0.537042,0.396782,-0.744395,0.537055,0.396798,0.5732079,0.5381452,0.3059714
esfera,pesos,1.0,-0.744395,0.537042,0.396782,-0.744395,0.537055,0.396798,0.5317416,0.5317426,0.2758344
esfera,cor,0.0,-0.744395,0.537042,0.396782,-0.744395,0.537055,0.396798,0.05135258,0.1424138,0.3157986
esfera,cor,0.3,-0.744395,0.537042,0.396782,-0.744395,0.537055,0.396798,0.1095001,0.1237412,0.2449887
esfera,cor,1.0,-0.744395,0.537042,0.396782,-0.744395,0.537055,0.396798,0.132661,0.1170409,0.2174195
esfera,pesos,0.2,-0.639605,0.582307,0.501777,-0.639602,0.582347,0.501777,0.6146865,0.5341098,0.3271109
esfera,pesos,0.5,-0.639605,0.582307,0.501777,-0.639602,0.582347,0.501777,0.5604568,0.5403075,0.2959778
esfera,pesos,1.0,-0.639605,0.582307,0.501777,-0.639602,0.582347,0.501777,0.5423802,0.5423734,0.2856001
esfera,cor,0.0,-0.639605,0.582307,0.501777,-0.639602,0.582347,0.501777,0.02005647,0.006381287,0.4589545
esfera,cor,0.3,-0.639605,0.582307,0.501777,-0.639602,0.582347,0.501777,0.09631637,0.005869613,0.3117273
esfera,cor,1.0,-0.639605,0.582307,0.501777,-0.639602,0.582347,0.501777,0.09329191,0.006113102,0.3182972
esfera,pesos,0.2,-0.541051,0.604550,0.584607,-0.541031,0.604576,0.584615,0.5433818,0.523418,0.2712901
esfera,pesos,0.5,-0.541051,0.604550,0.584607,-0.541031,0.604576,0.584615,0.5491451,0.5441519,0.28844
esfera,pesos,1.0,-0.541051,0.604550,0.584607,-0.541031,0.604576,0.584615,0.5510662,0.5510633,0.2941567
esfera,cor,0.0,-0.541051,0.604550,0.584607,-0.541031,0.604576,0.584615,0.1715833,0.008160924,0.216774
esfera,cor,0.3,-0.541051,0.604550,0.584607,-0.541031,0.604576,0.584615,0.2183547,0.007105605,0.1756117
esfera,cor,1.0,-0.541051,0.604550,0.584607,-0.541031,0.604576,0.584615,0.2227863,0.007215489,0.1720202
esfera,pesos,0.2,-0.446578,0.611730,0.652930,-0.446567,0.611767,0.652931,0.5034274,0.5421726,0.2552445
esfera,pesos,0.5,-0.446578,0.611730,0.652930,-0.446567,0.611767,0.652931,0.5384736,0.548759,0.2824958
esfera,pesos,1.0,-0.446578,0.611730,0.652930,-0.446567,0.611767,0.652931,0.5583535,0.5583477,0.3018355
esfera,cor,0.0,-0.446578,0.611730,0.652930,-0.446567,0.611767,0.652931,0.1970239,0.03748468,0.00451408
esfera,cor,0.3,-0.446578,0.611730,0.652930,-0.446567,0.611767,0.652931,0.1257221,0.03149251,0.1039829
esfera,cor,1.0,-0.446578,0.611730,0.652930,-0.446567,0.611767,0.652931,0.1393618,0.03902379,0.08906084
esfera,pesos,0.2,-0.355165,0.607612,0.710374,-0.355176,0.607653,0.710358,0.4925064,0.5784458,0.2712923
esfera,pesos,0.5,-0.355165,0.607612,0.710374,-0.355176,0.607653,0.710358,0.5280491,0.5537173,0.2777068
esfera,pesos,1.0,-0.355165,0.607612,0.710374,-0.355176,0.607653,0.710358,0.5644988,0.5644898,0.3087679
esfera,cor,0.0,-0.355165,0.607612,0.710374,-0.355176,0.607653,0.710358,0.06912051,0.2266696,0.006303394
esfera,cor,0.3,-0.355165,0.607612,0.710374,-0.355176,0.607653,0.710358,0.04378124,0.2412109,0.01072679
esfera,cor,1.0,-0.355165,0.607612,0.710374,-0.355176,0.607653,0.710358,0.07770109,0.1996129,0.009435246
esfera,pesos,0.2,-0.266257,0.594244,0.758911,-0.266258,0.594235,0.758941,0.483593,0.60646,0.2846014
esfera,pesos,0.5,-0.266257,0.594244,0.758911,-0.266258,0.594235,0.758941,0.5303863,0.567183,0.2878592
esfera,pesos,1.0,-0.266257,0.594244,0.758911,-0.266258,0.594235,0.758941,0.5696175,0.5696228,0.3149859
esfera,cor,0.0,-0.266257,0.594244,0.758911,-0.266258,0.594235,0.758941,0.01166865,0.3360091,0.1521057
esfera,cor,0.3,-0.266257,0.594244,0.758911,-0.266258,0.594235,0.758941,0.04491217,0.3332455,0.11371
esfera,cor,1.0,-0.266257,0.594244,0.758911,-0.266258,0.594235,0.758941,0.07168941,0.3325962,0.08353461
esfera,pesos,0.2,-0.179520,0.572864,0.799734,-0.179548,0.572873,0.799737,0.4763703,0.6268889,0.2949812
esfera,pesos,0.5,-0.179520,0.572864,0.799734,-0.179548,0.572873,0.799737,0.5370642,0.5802564,0.3013807
esfera,pesos,1.0,-0.179520,0.572864,0.799734,-0.179548,0.572873,0.799737,0.5737953,0.5737932,0.320483
esfera,cor,0.0,-0.179520,0.572864,0.799734,-0.179548,0.572873,0.799737,0.02647223,0.08843219,0.5730863
esfera,cor,0.3,-0.179520,0.572864,0.799734,-0.179548,0.572873,0.799737,0.1147749,0.06918354,0.458405
esfera,cor,1.0,-0.179520,0.572864,0.799734,-0.179548,0.572873,0.799737,0.1847237,0.1128549,0.3186409
esfera,pesos,0.2,-0.094752,0.544219,0.833559,-0.094758,0.544229,0.833568,0.4763121,0.6360546,0.3029605
esfera,pesos,0.5,-0.094752,0.544219,0.833559,-0.094758,0.544229,0.833568,0.5436144,0.5897294,0.3129522
esfera,pesos,1.0,-0.094752,0.544219,0.833559,-0.094758,0.544229,0.833568,0.5770178,0.5770167,0.325193
esfera,cor,0.0,-0.094752,0.544219,0.833559,-0.094758,0.544229,0.833568,0.1146066,0.9605336,0.06916648
esfera,cor,0.3,-0.094752,0.544219,0.833559,-0.094758,0.544229,0.833568,0.1127239,0.8982092,0.06934375
esfera,cor,1.0,-0.094752,0.544219,0.833559,-0.094758,0.544229,0.833568,0.110294,0.806877,0.09973949
esfera,pesos,0.2,-0.011833,0.508746,0.860811,-0.011838,0.508728,0.860846,0.4970418,0.6271864,0.3117379
esfera,pesos,0.5,-0.011833,0.508746,0.860811,-0.011838,0.508728,0.860846,0.550033,0.5955743,0.3223642
esfera,pesos,1.0,-0.011833,0.508746,0.860811,-0.011838,0.508728,0.860846,0.5792528,0.5792585,0.3290213
esfera,cor,0.0,-0.011833,0.508746,0.860811,-0.011838,0.508728,0.860846,0.2050663,0.03095089,0.2475296
esfera,cor,0.3,-0.011833,0.508746,0.860811,-0.011838,0.508728,0.860846,0.2425804,0.03126748,0.2323609
esfera,cor,1.0,-0.011833,0.508746,0.860811,-0.011838,0.508728,0.860846,0.3972929,0.03244226,0.1694015
esfera,pesos,0.2,0.069293,0.466654,0.881688,0.069294,0.466648,0.881725,0.5173233,0.6166634,0.3190143
esfera,pesos,0.5,0.069293,0.466654,0.881688,0.069294,0.466648,0.881725,0.5563517,0.5975738,0.3293291
esfera,pesos,1.0,0.069293,0.466654,0.881688,0.069294,0.466648,0.881725,0.5725558,0.583964,0.3295168
esfera,cor,0.0,0.069293,0.466654,0.881688,0.069294,0.466648,0.881725,0.7077329,0.1174643,0.1174643
esfera,cor,0.3,0.069293,0.466654,0.881688,0.069294,0.466648,0.881725,0.7077329,0.1174643,0.1174643
esfera,cor,1.0,0.069293,0.466654,0.881688,0.069294,0.466648,0.881725,0.4623931,0.07883063,0.4009556
esfera,pesos,0.2,0.148630,0.417955,0.896204,0.148622,0.417929,0.896240,0.5371575,0.6044887,0.3247056
esfera,pesos,0.5,0.148630,0.417955,0.896204,0.148622,0.417929,0.896240,0.5625816,0.5953293,0.3334423
esfera,pesos,1.0,0.148630,0.417955,0.896204,0.148622,0.417929,0.896240,0.5640152,0.5852518,0.3270122
esfera,cor,0.0,0.148630,0.417955,0.896204,0.148622,0.417929,0.896240,0.005767018,0.207308,0.0006207662
esfera,cor,0.3,0.148630,0.417955,0.896204,0.148622,0.417929,0.896240,0.005767018,0.207308,0.0006207662
esfera,cor,1.0,0.148630,0.417955,0.896204,0.148622,0.417929,0.896240,0.02605748,0.142335,0.03643646
esfera,pesos,0.2,0.226118,0.362435,0.904151,0.226131,0.362429,0.904162,0.5565296,0.5906087,0.3286912
esfera,pesos,0.5,0.226118,0.362435,0.904151,0.226131,0.362429,0.904162,0.5687835,0.588145,0.3341398
esfera,pesos,1.0,0.226118,0.362435,0.904151,0.226131,0.362429,0.904162,0.5548798,0.5823344,0.3217094
esfera,cor,0.0,0.226118,0.362435,0.904151,0.226131,0.362429,0.904162,0.0112733,0.8266969,0.8266969
esfera,cor,0.3,0.226118,0.362435,0.904151,0.226131,0.362429,0.904162,0.0112733,0.8266969,0.8266969
esfera,cor,1.0,0.226118,0.362435,0.904151,0.226131,0.362429,0.904162,0.1321367,0.6470234,0.5254579
esfera,pesos,0.2,0.301636,0.299638,0.905092,0.301648,0.299573,0.905132,0.5754091,0.5749096,0.3308082
esfera,pesos,0.5,0.301636,0.299638,0.905092,0.301648,0.299573,0.905132,0.5754091,0.5749096,0.3308082
esfera,pesos,1.0,0.301636,0.299638,0.905092,0.301648,0.299573,0.905132,0.5449998,0.5750089,0.3133977
esfera,cor,0.0,0.301636,0.299638,0.905092,0.301648,0.299573,0.905132,0.3961423,0.01947799,0.01947799
esfera,cor,0.3,0.301636,0.299638,0.905092,0.301648,0.299573,0.905132,0.3961423,0.01947799,0.01947799
esfera,cor,1.0,0.301636,0.299638,0.905092,0.301648,0.299573,0.905132,0.3350334,0.1015343,0.05937945
esfera,pesos,0.2,0.374985,0.228834,0.898321,0.374981,0.228824,0.898348,0.5937462,0.5572085,0.3308404
esfera,pesos,0.5,0.374985,0.228834,0.898321,0.374981,0.228824,0.898348,0.5654225,0.5572085,0.3150582
esfera,pesos,1.0,0.374985,0.228834,0.898321,0.374981,0.228824,0.898348,0.5342128,0.5627743,0.3017008
esfera,cor,0.0,0.374985,0.228834,0.898321,0.374981,0.228824,0.898348,0.02272728,0.1853551,0.1853551
esfera,cor,0.3,0.374985,0.228834,0.898321,0.374981,0.228824,0.898348,0.02272728,0.1853551,0.1853551
esfera,cor,1.0,0.374985,0.228834,0.898321,0.374981,0.228824,0.898348,0.06085364,0.1189755,0.2635761
esfera,pesos,0.2,0.445828,0.148787,0.882650,0.445849,0.148838,0.882647,0.6114571,0.5371966,0.3284727
esfera,pesos,0.5,0.445828,0.148787,0.882650,0.445849,0.148838,0.882647,0.5545954,0.5371966,0.2979268
esfera,pesos,1.0,0.445828,0.148787,0.882650,0.445849,0.148838,0.882647,0.5222279,0.5446782,0.2859308
esfera,cor,0.0,0.445828,0.148787,0.882650,0.445849,0.148838,0.882647,0.08345197,0.01470379,0.08182149
esfera,cor,0.3,0.445828,0.148787,0.882650,0.445849,0.148838,0.882647,0.08345197,0.01470379,0.08182149
esfera,cor,1.0,0.445828,0.148787,0.882650,0.445849,0.148838,0.882647,0.08687006,0.04096023,0.07930753
esfera,pesos,0.2,0.513608,0.057424,0.856084,0.513629,0.057462,0.856086,0.6284021,0.514356,0.3232224
esfera,pesos,0.5,0.513608,0.057424,0.856084,0.513629,0.057462,0.856086,0.5428033,0.514356,0.2791941
esfera,pesos,1.0,0.513608,0.057424,0.856084,0.513629,0.057462,0.856086,0.5086142,0.5189479,0.2648875
esfera,cor,0.0,0.513608,0.057424,0.856084,0.513629,0.057462,0.856086,0.2325872,0.04717179,0.00714685
esfera,cor,0.3,0.513608,0.057424,0.856084,0.513629,0.057462,0.856086,0.2319109,0.05527962,0.008364912
esfera,cor,1.0,0.513608,0.057424,0.856084,0.513629,0.057462,0.856086,0.2209882,0.08994853,0.01696824
esfera,pesos,0.2,0.577314,-0.048972,0.815040,0.577319,-0.048955,0.815050,0.618865,0.487757,0.3018557
esfera,pesos,0.5,0.577314,-0.048972,0.815040,0.577319,-0.048955,0.815050,0.5297166,0.487757,0.258373
esfera,pesos,1.0,0.577314,-0.048972,0.815040,0.577319,-0.048955,0.815050,0.4930797,0.493075,0.2420785
esfera,cor,0.0,0.577314,-0.048972,0.815040,0.577319,-0.048955,0.815050,0.01896255,0.1221059,0.01228067
esfera,cor,0.3,0.577314,-0.048972,0.815040,0.577319,-0.048955,0.815050,0.02585304,0.1221059,0.01247215
esfera,cor,1.0,0.577314,-0.048972,0.815040,0.577319,-0.048955,0.815050,0.03854639,0.1371605,0.01382715
esfera,pesos,0.2,0.634773,-0.178435,0.751784,0.634777,-0.178418,0.751815,0.5585207,0.4553912,0.2543454
esfera,pesos,0.5,0.634773,-0.178435,0.751784,0.634777,-0.178418,0.751815,0.5146324,0.4553912,0.234359
esfera,pesos,1.0,0.634773,-0.178435,0.751784,0.634777,-0.178418,0.751815,0.478576,0.4785685,0.2251718
esfera,cor,0.0,0.634773,-0.178435,0.751784,0.634777,-0.178418,0.751815,0.005332967,0.05214106,0.2880598
esfera,cor,0.3,0.634773,-0.178435,0.751784,0.634777,-0.178418,0.751815,0.01130851,0.03659578,0.3170493
esfera,cor,1.0,0.634773,-0.178435,0.751784,0.634777,-0.178418,0.751815,0.01210439,0.0448403,0.2959475
esfera,pesos,0.2,0.679038,-0.356601,0.641631,0.679051,-0.356610,0.641654,0.4813034,0.4108498,0.1977434
esfera,pesos,0.5,0.679038,-0.356601,0.641631,0.679051,-0.356610,0.641654,0.4902709,0.4190104,0.2041989
esfera,pesos,1.0,0.679038,-0.356601,0.641631,0.679051,-0.356610,0.641654,0.4658971,0.465896,0.210107
esfera,cor,0.0,0.679038,-0.356601,0.641631,0.679051,-0.356610,0.641654,0.002832057,0.2472311,0.2472311
esfera,cor,0.3,0.679038,-0.356601,0.641631,0.679051,-0.356610,0.641654,0.1134976,0.1432426,0.1657358
esfera,cor,1.0,0.679038,-0.356601,0.641631,0.679051,-0.356610,0.641654,0.12268,0.1076445,0.2314412
esfera,pesos,0.2,-0.804630,0.547214,0.230417,-0.804691,0.547146,0.230441,0.5576041,0.6287895,0.3506156
esfera,pesos,0.5,-0.804630,0.547214,0.230417,-0.804691,0.547146,0.230441,0.5576041,0.5322096,0.2967623
esfera,pesos,1.0,-0.804630,0.547214,0.230417,-0.804691,0.547146,0.230441,0.5199184,0.5199378,0.2659211
esfera,cor,0.0,-0.804630,0.547214,0.230417,-0.804691,0.547146,0.230441,0.0008107051,0.05225958,0.9518346
esfera,cor,0.3,-0.804630,0.547214,0.230417,-0.804691,0.547146,0.230441,0.0227948,0.1079103,0.7842977
esfera,cor,1.0,-0.804630,0.547214,0.230417,-0.804691,0.547146,0.230441,0.05043289,0.2887324,0.5177712
esfera,pesos,0.2,-0.691489,0.623306,0.365099,-0.691494,0.623321,0.365112,0.5912747,0.5340848,0.3157909
esfera,pesos,0.5,-0.691489,0.623306,0.365099,-0.691494,0.623321,0.365112,0.5798253,0.5152746,0.29716
esfera,pesos,1.0,-0.691489,0.623306,0.365099,-0.691494,0.623321,0.365112,0.5338656,0.533866,0.278011
esfera,cor,0.0,-0.691489,0.623306,0.365099,-0.691494,0.623321,0.365112,0.01433342,0.126319,0.126319
esfera,cor,0.3,-0.691489,0.623306,0.365099,-0.691494,0.623321,0.365112,0.1439469,0.1029142,0.416495
esfera,cor,1.0,-0.691489,0.623306,0.365099,-0.691494,0.623321,0.365112,0.133615,0.08235499,0.3866463
esfera,pesos,0.2,-0.588428,0.662185,0.463946,-0.588412,0.662212,0.463946,0.6159865,0.4630954,0.2852605
esfera,pesos,0.5,-0.588428,0.662185,0.463946,-0.588412,0.662212,0.463946,0.5695567,0.5199857,0.2894031
esfera,pesos,1.0,-0.588428,0.662185,0.463946,-0.588412,0.662212,0.463946,0.5447959,0.5447913,0.2882035
esfera,cor,0.0,-0.588428,0.662185,0.463946,-0.588412,0.662212,0.463946,0.02903974,0.07227849,0.3529833
esfera,cor,0.3,-0.588428,0.662185,0.463946,-0.588412,0.662212,0.463946,0.02286743,0.09606785,0.2266942
esfera,cor,1.0,-0.588428,0.662185,0.463946,-0.588412,0.662212,0.463946,0.02549945,0.1146163,0.224795
esfera,pesos,0.2,-0.490806,0.680990,0.543463,-0.490824,0.680971,0.543480,0.5795166,0.4420316,0.2433048
esfera,pesos,0.5,-0.490806,0.680990,0.543463,-0.490824,0.680971,0.543480,0.5603338,0.525967,0.2838193
esfera,pesos,1.0,-0.490806,0.680990,0.543463,-0.490824,0.680971,0.543480,0.5539396,0.5539454,0.2973241
esfera,cor,0.0,-0.490806,0.680990,0.543463,-0.490824,0.680971,0.543480,0.09265412,0.7044902,0.7044902
esfera,cor,0.3,-0.490806,0.680990,0.543463,-0.490824,0.680971,0.543480,0.1120807,0.4786591,0.600475
esfera,cor,1.0,-0.490806,0.680990,0.543463,-0.490824,0.680971,0.543480,0.1118669,0.3648676,0.5394995
esfera,pesos,0.2,-0.396909,0.686041,0.609737,-0.396921,0.686028,0.609769,0.5636299,0.4963084,0.2641755
esfera,pesos,0.5,-0.396909,0.686041,0.609737,-0.396921,0.686028,0.609769,0.5516244,0.5325663,0.2797697
esfera,pesos,1.0,-0.396909,0.686041,0.609737,-0.396921,0.686028,0.609769,0.5617779,0.5617852,0.3056513
esfera,cor,0.0,-0.396909,0.686041,0.609737,-0.396921,0.686028,0.609769,0.5511241,0.736312,0.002644563
esfera,cor,0.3,-0.396909,0.686041,0.609737,-0.396921,0.686028,0.609769,0.4814813,0.4586937,0.05237029
esfera,cor,1.0,-0.396909,0.686041,0.609737,-0.396921,0.686028,0.609769,0.3599259,0.3484654,0.1351932
esfera,pesos,0.2,-0.305877,0.680520,0.665830,-0.305891,0.680464,0.665882,0.5515723,0.5401528,0.2830009
esfera,pesos,0.5,-0.305877,0.680520,0.665830,-0.305891,0.680464,0.665882,0.5476254,0.5441594,0.2830262
esfera,pesos,1.0,-0.305877,0.680520,0.665830,-0.305891,0.680464,0.665882,0.5685537,0.5685695,0.3133191
esfera,cor,0.0,-0.305877,0.680520,0.665830,-0.305891,0.680464,0.665882,0.8121133,0.2028717,0.04326472
esfera,cor,0.3,-0.305877,0.680520,0.665830,-0.305891,0.680464,0.665882,0.6308517,0.2516565,0.05102016
esfera,cor,1.0,-0.305877,0.680520,0.665830,-0.305891,0.680464,0.665882,0.5395507,0.2108553,0.1224622
esfera,pesos,0.2,-0.217233,0.666177,0.713428,-0.217210,0.666219,0.713423,0.5421233,0.5750086,0.2992553
esfera,pesos,0.5,-0.217233,0.666177,0.713428,-0.217210,0.666219,0.713423,0.5540639,0.5636742,0.2995255
esfera,pesos,1.0,-0.217233,0.666177,0.713428,-0.217210,0.666219,0.713423,0.5744096,0.5744027,0.3203646
esfera,cor,0.0,-0.217233,0.666177,0.713428,-0.217210,0.666219,0.713423,0.1349833,0.6103491,0.09712654
esfera,cor,0.3,-0.217233,0.666177,0.713428,-0.217210,0.666219,0.713423,0.168325,0.3402374,0.4630305
esfera,cor,1.0,-0.217233,0.666177,0.713428,-0.217210,0.666219,0.713423,0.1669522,0.2729933,0.5104496
esfera,pesos,0.2,-0.130667,0.644166,0.753643,-0.130678,0.644138,0.753664,0.5345654,0.6021324,0.3128163
esfera,pesos,0.5,-0.130667,0.644166,0.753643,-0.130678,0.644138,0.753664,0.5605493,0.5793653,0.3143196
esfera,pesos,1.0,-0.130667,0.644166,0.753643,-0.130678,0.644138,0.753664,0.5794016,0.579408,0.3268113
esfera,cor,0.0,-0.130667,0.644166,0.753643,-0.130678,0.644138,0.753664,0.2678388,0.4490628,0.04067525
esfera,cor,0.3,-0.130667,0.644166,0.753643,-0.130678,0.644138,0.753664,0.3240716,0.3528568,0.04416837
esfera,cor,1.0,-0.130667,0.644166,0.753643,-0.130678,0.644138,0.753664,0.389293,0.3067625,0.06337841
esfera,pesos,0.2,-0.046007,0.615119,0.787082,-0.046022,0.615086,0.787115,0.5287546,0.621833,0.3234294
esfera,pesos,0.5,-0.046007,0.615119,0.787082,-0.046022,0.615086,0.787115,0.5670825,0.5914166,0.3272942
esfera,pesos,1.0,-0.046007,0.615119,0.787082,-0.046022,0.615086,0.787115,0.5835737,0.5835818,0.3326167
esfera,cor,0.0,-0.046007,0.615119,0.787082,-0.046022,0.615086,0.787115,0.005676097,0.1744221,0.0009846457
esfera,cor,0.3,-0.046007,0.615119,0.787082,-0.046022,0.615086,0.787115,0.04145981,0.145294,0.001767165
esfera,cor,1.0,-0.046007,0.615119,0.787082,-0.046022,0.615086,0.787115,0.0586029,0.1325603,0.002219756
esfera,pesos,0.2,0.036858,0.579449,0.814144,0.036848,0.579492,0.814145,0.5245783,0.6341373,0.3307354
esfera,pesos,0.5,0.036858,0.579449,0.814144,0.036848,0.579492,0.814145,0.5736565,0.599878,0.3382814
esfera,pesos,1.0,0.036858,0.579449,0.814144,0.036848,0.579492,0.814145,0.5824543,0.5899111,0.3369427
esfera,cor,0.0,0.036858,0.579449,0.814144,0.036848,0.579492,0.814145,0.00643194,0.4919446,0.4919446
esfera,cor,0.3,0.036858,0.579449,0.814144,0.036848,0.579492,0.814145,0.04392735,0.385835,0.4111682
esfera,cor,1.0,0.036858,0.579449,0.814144,0.036848,0.579492,0.814145,0.07659601,0.288564,0.3427819
esfera,pesos,0.2,0.117986,0.537364,0.835028,0.118006,0.537395,0.835033,0.5294966,0.6343409,0.3358813
esfera,pesos,0.5,0.117986,0.537364,0.835028,0.118006,0.537395,0.835033,0.5802506,0.6046563,0.3470375
esfera,pesos,1.0,0.117986,0.537364,0.835028,0.118006,0.537395,0.835033,0.5752674,0.5965379,0.3381225
esfera,cor,0.0,0.117986,0.537364,0.835028,0.118006,0.537395,0.835033,0.084703,0.01167542,0.1668922
esfera,cor,0.3,0.117986,0.537364,0.835028,0.118006,0.537395,0.835033,0.08161294,0.01610035,0.1894938
esfera,cor,1.0,0.117986,0.537364,0.835028,0.118006,0.537395,0.835033,0.07290345,0.03417505,0.2391305
esfera,pesos,0.2,0.197371,0.488845,0.849717,0.197390,0.488842,0.849747,0.5493428,0.6222112,0.3418072
esfera,pesos,0.5,0.197371,0.488845,0.849717,0.197390,0.488842,0.849747,0.5869154,0.6054235,0.3532252
esfera,pesos,1.0,0.197371,0.488845,0.849717,0.197390,0.488842,0.849747,0.5676063,0.5990201,0.3366489
esfera,cor,0.0,0.197371,0.488845,0.849717,0.197390,0.488842,0.849747,0.3471408,0.4290954,0.02851464
esfera,cor,0.3,0.197371,0.488845,0.849717,0.197390,0.488842,0.849747,0.3310648,0.4261231,0.03081196
esfera,cor,1.0,0.197371,0.488845,0.849717,0.197390,0.488842,0.849747,0.2445505,0.3566533,0.09443162
esfera,pesos,0.2,0.274966,0.433714,0.858039,0.274985,0.433708,0.858068,0.5687415,0.6084287,0.3460386
esfera,pesos,0.5,0.274966,0.433714,0.858039,0.274985,0.433708,0.858068,0.5937395,0.6016226,0.3563851
esfera,pesos,1.0,0.274966,0.433714,0.858039,0.274985,0.433708,0.858068,0.5593789,0.5974424,0.3324924
esfera,cor,0.0,0.274966,0.433714,0.858039,0.274985,0.433708,0.858068,0.0231767,0.01655997,0.1123282
esfera,cor,0.3,0.274966,0.433714,0.858039,0.274985,0.433708,0.858068,0.0231767,0.01655997,0.1123282
esfera,cor,1.0,0.274966,0.433714,0.858039,0.274985,0.433708,0.858068,0.2410156,0.07368542,0.07385487
esfera,pesos,0.2,0.350662,0.371578,0.859615,0.350685,0.371578,0.859622,0.5876654,0.5928944,0.3484235
esfera,pesos,0.5,0.350662,0.371578,0.859615,0.350685,0.371578,0.859622,0.5823602,0.5924382,0.344952
esfera,pesos,1.0,0.350662,0.371578,0.859615,0.350685,0.371578,0.859622,0.5504771,0.5916661,0.3254967
esfera,cor,0.0,0.350662,0.371578,0.859615,0.350685,0.371578,0.859622,0.2324373,0.03685023,0.5796894
esfera,cor,0.3,0.350662,0.371578,0.859615,0.350685,0.371578,0.859622,0.2324373,0.03685023,0.5796894
esfera,cor,1.0,0.350662,0.371578,0.859615,0.350685,0.371578,0.859622,0.3302639,0.1229596,0.3936773
esfera,pesos,0.2,0.424270,0.301733,0.853769,0.424281,0.301651,0.853811,0.6060675,0.5754334,0.3487515
esfera,pesos,0.5,0.424270,0.301733,0.853769,0.424281,0.301651,0.853811,0.5536906,0.5754334,0.318612
esfera,pesos,1.0,0.424270,0.301733,0.853769,0.424281,0.301651,0.853811,0.5407579,0.5812829,0.3153435
esfera,cor,0.0,0.424270,0.301733,0.853769,0.424281,0.301651,0.853811,0.2887305,0.3747422,0.004384734
esfera,cor,0.3,0.424270,0.301733,0.853769,0.424281,0.301651,0.853811,0.2887305,0.3747422,0.004384734
esfera,cor,1.0,0.424270,0.301733,0.853769,0.424281,0.301651,0.853811,0.1734736,0.306129,0.08379747
esfera,pesos,0.2,0.495492,0.223080,0.839441,0.495521,0.223109,0.839453,0.6238731,0.5557701,0.34673
esfera,pesos,0.5,0.495492,0.223080,0.839441,0.495521,0.223109,0.839453,0.5429867,0.5557701,0.3017758
esfera,pesos,1.0,0.495492,0.223080,0.839441,0.495521,0.223109,0.839453,0.530048,0.5655221,0.3015074
esfera,cor,0.0,0.495492,0.223080,0.839441,0.495521,0.223109,0.839453,0.02240243,0.011818,0.2260402
esfera,cor,0.3,0.495492,0.223080,0.839441,0.495521,0.223109,0.839453,0.02534843,0.01126421,0.2260402
esfera,cor,1.0,0.495492,0.223080,0.839441,0.495521,0.223109,0.839453,0.03896362,0.06480399,0.2247406
esfera,pesos,0.2,0.563851,0.133860,0.814936,0.563877,0.133888,0.814934,0.6255223,0.5334649,0.3336942
esfera,pesos,0.5,0.563851,0.133860,0.814936,0.563877,0.133888,0.814934,0.5313776,0.5334649,0.2834713
esfera,pesos,1.0,0.563851,0.133860,0.814936,0.563877,0.133888,0.814934,0.5180287,0.5429795,0.2830459
esfera,cor,0.0,0.563851,0.133860,0.814936,0.563877,0.133888,0.814934,0.1478768,0.1775922,0.02423778
esfera,cor,0.3,0.563851,0.133860,0.814936,0.563877,0.133888,0.814934,0.1436707,0.1596591,0.02179279
esfera,cor,1.0,0.563851,0.133860,0.814936,0.563877,0.133888,0.814934,0.1929683,0.1368464,0.02691978
esfera,pesos,0.2,0.628480,0.030867,0.777170,0.628500,0.030851,0.777198,0.5743468,0.5077167,0.2916055
esfera,pesos,0.5,0.628480,0.030867,0.777170,0.628500,0.030851,0.777198,0.5185869,0.5077167,0.2632953
esfera,pesos,1.0,0.628480,0.030867,0.777170,0.628500,0.030851,0.777198,0.5041729,0.5109252,0.2582047
esfera,cor,0.0,0.628480,0.030867,0.777170,0.628500,0.030851,0.777198,0.0008489836,0.2253361,0.2253361
esfera,cor,0.3,0.628480,0.030867,0.777170,0.628500,0.030851,0.777198,0.00631346,0.1895486,0.2253361
esfera,cor,1.0,0.628480,0.030867,0.777170,0.628500,0.030851,0.777198,0.01077989,0.1722435,0.2211023
esfera,pesos,0.2,0.687680,-0.092166,0.720107,0.687700,-0.092152,0.720122,0.5162097,0.4769586,0.2462107
esfera,pesos,0.5,0.687680,-0.092166,0.720107,0.687700,-0.092152,0.720122,0.5040519,0.4769586,0.2404119
esfera,pesos,1.0,0.687680,-0.092166,0.720107,0.687700,-0.092152,0.720122,0.4889392,0.4889362,0.2370363
esfera,cor,0.0,0.687680,-0.092166,0.720107,0.687700,-0.092152,0.720122,0.4748959,0.02094388,0.02094388
esfera,cor,0.3,0.687680,-0.092166,0.720107,0.687700,-0.092152,0.720122,0.2635484,0.1898354,0.0758336
esfera,cor,1.0,0.687680,-0.092166,0.720107,0.687700,-0.092152,0.720122,0.2379585,0.194188,0.09877896
esfera,pesos,0.2,0.736792,-0.252440,0.627182,0.736823,-0.252450,0.627185,0.4451792,0.43689,0.1944943
esfera,pesos,0.5,0.736792,-0.252440,0.627182,0.736823,-0.252450,0.627185,0.4862924,0.43689,0.2124563
esfera,pesos,1.0,0.736792,-0.252440,0.627182,0.736823,-0.252450,0.627185,0.4755097,0.4755133,0.2210011
esfera,cor,0.0,0.736792,-0.252440,0.627182,0.736823,-0.252450,0.627185,0.1201368,0.1887371,0.003387521
esfera,cor,0.3,0.736792,-0.252440,0.627182,0.736823,-0.252450,0.627185,0.1026534,0.1297768,0.07123186
esfera,cor,1.0,0.736792,-0.252440,0.627182,0.736823,-0.252450,0.627185,0.08475886,0.1550264,0.1193403
esfera,pesos,0.2,-0.896700,0.439866,-0.049114,-0.896684,0.439937,-0.049118,0.4877216,0.6099664,0.2974938
esfera,pesos,0.5,-0.896700,0.439866,-0.049114,-0.896684,0.439937,-0.049118,0.4877216,0.5570778,0.2716989
esfera,pesos,1.0,-0.896700,0.439866,-0.049114,-0.896684,0.439937,-0.049118,0.4961028,0.503885,0.2508678
esfera,cor,0.0,-0.896700,0.439866,-0.049114,-0.896684,0.439937,-0.049118,0.04343206,0.08607151,0.1537173
esfera,cor,0.3,-0.896700,0.439866,-0.049114,-0.896684,0.439937,-0.049118,0.04343206,0.08607151,0.1537173
esfera,cor,1.0,-0.896700,0.439866,-0.049114,-0.896684,0.439937,-0.049118,0.2451184,0.1005684,0.1401337
esfera,pesos,0.2,-0.753027,0.628669,0.194103,-0.753046,0.628690,0.194090,0.5485257,0.5621758,0.3083679
esfera,pesos,0.5,-0.753027,0.628669,0.194103,-0.753046,0.628690,0.194090,0.5485257,0.5155435,0.2827889
esfera,pesos,1.0,-0.753027,0.628669,0.194103,-0.753046,0.628690,0.194090,0.519362,0.5193573,0.2657154
esfera,cor,0.0,-0.753027,0.628669,0.194103,-0.753046,0.628690,0.194090,0.006258485,0.01859508,0.09944803
esfera,cor,0.3,-0.753027,0.628669,0.194103,-0.753046,0.628690,0.194090,0.1107361,0.146484,0.07026721
esfera,cor,1.0,-0.753027,0.628669,0.194103,-0.753046,0.628690,0.194090,0.1254261,0.1746401,0.06618737
esfera,pesos,0.2,-0.642189,0.696258,0.320597,-0.642210,0.696257,0.320613,0.5801492,0.4729797,0.2743988
esfera,pesos,0.5,-0.642189,0.696258,0.320597,-0.642210,0.696257,0.320613,0.5801492,0.4932471,0.2861569
esfera,pesos,1.0,-0.642189,0.696258,0.320597,-0.642210,0.696257,0.320613,0.5336352,0.5336398,0.2782373
esfera,cor,0.0,-0.642189,0.696258,0.320597,-0.642210,0.696257,0.320613,0.001830437,0.09854776,0.2547653
esfera,cor,0.3,-0.642189,0.696258,0.320597,-0.642210,0.696257,0.320613,0.1245591,0.05672627,0.1453485
esfera,cor,1.0,-0.642189,0.696258,0.320597,-0.642210,0.696257,0.320613,0.1125777,0.09725603,0.1139748
esfera,pesos,0.2,-0.540093,0.731575,0.416014,-0.540102,0.731586,0.416019,0.6040035,0.4042594,0.2441742
esfera,pesos,0.5,-0.540093,0.731575,0.416014,-0.540102,0.731586,0.416019,0.5762171,0.497326,0.2814114
esfera,pesos,1.0,-0.540093,0.731575,0.416014,-0.540102,0.731586,0.416019,0.5450836,0.5450832,0.2889961
esfera,cor,0.0,-0.540093,0.731575,0.416014,-0.540102,0.731586,0.416019,0.001791436,0.2098485,0.0823755
esfera,cor,0.3,-0.540093,0.731575,0.416014,-0.540102,0.731586,0.416019,0.006792635,0.2756996,0.06791009
esfera,cor,1.0,-0.540093,0.731575,0.416014,-0.540102,0.731586,0.416019,0.02933067,0.2479761,0.1603881
esfera,pesos,0.2,-0.443013,0.748378,0.493604,-0.443005,0.748398,0.493606,0.6234009,0.3892467,0.2426567
esfera,pesos,0.5,-0.443013,0.748378,0.493604,-0.443005,0.748398,0.493606,0.5689955,0.5052949,0.2776196
esfera,pesos,1.0,-0.443013,0.748378,0.493604,-0.443005,0.748398,0.493606,0.5548079,0.5548051,0.2987361
esfera,cor,0.0,-0.443013,0.748378,0.493604,-0.443005,0.748398,0.493606,0.01391268,0.2032729,0.006264803
esfera,cor,0.3,-0.443013,0.748378,0.493604,-0.443005,0.748398,0.493606,0.1339518,0.1759726,0.03803634
esfera,cor,1.0,-0.443013,0.748378,0.493604,-0.443005,0.748398,0.493606,0.246444,0.1824779,0.2524691
esfera,pesos,0.2,-0.349461,0.752155,0.558651,-0.349504,0.752125,0.558709,0.6098948,0.4487457,0.2665644
esfera,pesos,0.5,-0.349461,0.752155,0.558651,-0.349504,0.752125,0.558709,0.5621878,0.5138493,0.2753844
esfera,pesos,1.0,-0.349461,0.752155,0.558651,-0.349504,0.752125,0.558709,0.5632671,0.5632821,0.3077475
esfera,cor,0.0,-0.349461,0.752155,0.558651,-0.349504,0.752125,0.558709,0.1816733,0.2220564,0.02158747
esfera,cor,0.3,-0.349461,0.752155,0.558651,-0.349504,0.752125,0.558709,0.3260073,0.2739489,0.01852342
esfera,cor,1.0,-0.349461,0.752155,0.558651,-0.349504,0.752125,0.558709,0.3716863,0.2520395,0.1063739
esfera,pesos,0.2,-0.258665,0.745763,0.613906,-0.258683,0.745796,0.613899,0.5973073,0.4999909,0.2881755
esfera,pesos,0.5,-0.258665,0.745763,0.613906,-0.258683,0.745796,0.613899,0.565566,0.5365287,0.2902636
esfera,pesos,1.0,-0.258665,0.745763,0.613906,-0.258683,0.745796,0.613899,0.5707284,0.5707234,0.3161526
esfera,cor,0.0,-0.258665,0.745763,0.613906,-0.258683,0.745796,0.613899,0.2632351,0.0007298666,0.1421918
esfera,cor,0.3,-0.258665,0.745763,0.613906,-0.258683,0.745796,0.613899,0.1886741,0.2871667,0.09920564
esfera,cor,1.0,-0.258665,0.745763,0.613906,-0.258683,0.745796,0.613899,0.1680898,0.3219605,0.2067106
esfera,pesos,0.2,-0.170176,0.730850,0.660954,-0.170164,0.730852,0.660984,0.5874231,0.5418155,0.307311
esfera,pesos,0.5,-0.170176,0.730850,0.660954,-0.170164,0.730852,0.660984,0.5717776,0.5587767,0.3079129
esfera,pesos,1.0,-0.170176,0.730850,0.660954,-0.170164,0.730852,0.660984,0.5773122,0.577316,0.3240245
esfera,cor,0.0,-0.170176,0.730850,0.660954,-0.170164,0.730852,0.660984,0.1256888,0.02451731,0.3273526
esfera,cor,0.3,-0.170176,0.730850,0.660954,-0.170164,0.730852,0.660984,0.08046532,0.1885378,0.29511
esfera,cor,1.0,-0.170176,0.730850,0.660954,-0.170164,0.730852,0.660984,0.1029409,0.1918583,0.2776266
esfera,pesos,0.2,-0.083721,0.708430,0.700775,-0.083724,0.708430,0.700797,0.5797876,0.5754071,0.323911
esfera,pesos,0.5,-0.083721,0.708430,0.700775,-0.083724,0.708430,0.700797,0.5781941,0.5770161,0.3239185
esfera,pesos,1.0,-0.083721,0.708430,0.700775,-0.083724,0.708430,0.700797,0.5831324,0.5831354,0.331394
esfera,cor,0.0,-0.083721,0.708430,0.700775,-0.083724,0.708430,0.700797,0.4235556,0.003536477,0.06575559
esfera,cor,0.3,-0.083721,0.708430,0.700775,-0.083724,0.708430,0.700797,0.3104911,0.007486241,0.03915747
esfera,cor,1.0,-0.083721,0.708430,0.700775,-0.083724,0.708430,0.700797,0.2946521,0.007250812,0.04747678
esfera,pesos,0.2,0.000875,0.679147,0.733986,0.000907,0.679135,0.734013,0.5740641,0.6014653,0.337803
esfera,pesos,0.5,0.000875,0.679147,0.733986,0.000907,0.679135,0.734013,0.5847403,0.5915878,0.3382025
esfera,pesos,1.0,0.000875,0.679147,0.733986,0.000907,0.679135,0.734013,0.5881246,0.5883476,0.3382546
esfera,cor,0.0,0.000875,0.679147,0.733986,0.000907,0.679135,0.734013,0.366995,0.4512348,0.03462035
esfera,cor,0.3,0.000875,0.679147,0.733986,0.000907,0.679135,0.734013,0.4116414,0.2891568,0.2629505
esfera,cor,1.0,0.000875,0.679147,0.733986,0.000907,0.679135,0.734013,0.4160231,0.2724015,0.286554
esfera,pesos,0.2,0.083714,0.643378,0.760953,0.083714,0.643379,0.760957,0.5701451,0.6201725,0.3487038
esfera,pesos,0.5,0.083714,0.643378,0.760953,0.083714,0.643379,0.760957,0.5914081,0.6026009,0.3506268
esfera,pesos,1.0,0.083714,0.643378,0.760953,0.083714,0.643379,0.760957,0.5822525,0.6003499,0.3430226
esfera,cor,0.0,0.083714,0.643378,0.760953,0.083714,0.643379,0.760957,0.1034184,0.9516619,0.2258225
esfera,cor,0.3,0.083714,0.643378,0.760953,0.083714,0.643379,0.760957,0.08075266,0.8696157,0.4054117
esfera,cor,1.0,0.083714,0.643378,0.760953,0.083714,0.643379,0.760957,0.07205241,0.853249,0.4354552
esfera,pesos,0.2,0.164839,0.601281,0.781826,0.164851,0.601307,0.781827,0.5680042,0.6313666,0.3562032
esfera,pesos,0.5,0.164839,0.601281,0.781826,0.164851,0.601307,0.781827,0.5982016,0.6100057,0.3609856
esfera,pesos,1.0,0.164839,0.601281,0.781826,0.164851,0.601307,0.781827,0.5759227,0.6079369,0.3450584
esfera,cor,0.0,0.164839,0.601281,0.781826,0.164851,0.601307,0.781827,0.2758896,0.05001489,0.1990382
esfera,cor,0.3,0.164839,0.601281,0.781826,0.164851,0.601307,0.781827,0.4119215,0.3126718,0.1481302
esfera,cor,1.0,0.164839,0.601281,0.781826,0.164851,0.601307,0.781827,0.4377176,0.4084979,0.1372161
esfera,pesos,0.2,0.244256,0.552881,0.796630,0.244279,0.552865,0.796661,0.5677434,0.6344883,0.3597361
esfera,pesos,0.5,0.244256,0.552881,0.796630,0.244279,0.552865,0.796661,0.6051638,0.6135806,0.3690009
esfera,pesos,1.0,0.244256,0.552881,0.796630,0.244279,0.552865,0.796661,0.569083,0.611456,0.3444878
esfera,cor,0.0,0.244256,0.552881,0.796630,0.244279,0.552865,0.796661,0.8566839,0.001383258,0.4541399
esfera,cor,0.3,0.244256,0.552881,0.796630,0.244279,0.552865,0.796661,0.7044873,0.0244504,0.3642079
esfera,cor,1.0,0.244256,0.552881,0.796630,0.244279,0.552865,0.796661,0.483633,0.05735152,0.3590037
esfera,pesos,0.2,0.321918,0.497999,0.805192,0.321927,0.498025,0.805192,0.5804795,0.6244998,0.3625093
esfera,pesos,0.5,0.321918,0.497999,0.805192,0.321927,0.498025,0.805192,0.6124119,0.6128652,0.3742917
esfera,pesos,1.0,0.321918,0.497999,0.805192,0.321927,0.498025,0.805192,0.5616866,0.6110098,0.3413127
esfera,cor,0.0,0.321918,0.497999,0.805192,0.321927,0.498025,0.805192,0.006438382,0.3368283,0.03628504
esfera,cor,0.3,0.321918,0.497999,0.805192,0.321927,0.498025,0.805192,0.03091512,0.3008292,0.0461131
esfera,cor,1.0,0.321918,0.497999,0.805192,0.321927,0.498025,0.805192,0.1418775,0.1783313,0.06836676
esfera,pesos,0.2,0.397718,0.436244,0.807135,0.397713,0.436296,0.807137,0.5994294,0.6090611,0.3650891
esfera,pesos,0.5,0.397718,0.436244,0.807135,0.397713,0.436296,0.807137,0.5843967,0.6074756,0.3548205
esfera,pesos,1.0,0.397718,0.436244,0.807135,0.397713,0.436296,0.807137,0.5536445,0.6065006,0.3354064
esfera,cor,0.0,0.397718,0.436244,0.807135,0.397713,0.436296,0.807137,0.1001484,0.007096522,0.06506512
esfera,cor,0.3,0.397718,0.436244,0.807135,0.397713,0.436296,0.807137,0.09985634,0.007521803,0.06609607
esfera,cor,1.0,0.397718,0.436244,0.807135,0.397713,0.436296,0.807137,0.05581211,0.06817282,0.1475927
esfera,pesos,0.2,0.471484,0.366985,0.801852,0.471475,0.367006,0.801884,0.6178711,0.5917463,0.365623
esfera,pesos,0.5,0.471484,0.366985,0.801852,0.471475,0.367006,0.801884,0.5531992,0.5932965,0.3284394
esfera,pesos,1.0,0.471484,0.366985,0.801852,0.471475,0.367006,0.801884,0.5448539,0.5975913,0.3265095
esfera,cor,0.0,0.471484,0.366985,0.801852,0.471475,0.367006,0.801884,0.5647891,0.1801855,0.05976466
esfera,cor,0.3,0.471484,0.366985,0.801852,0.471475,0.367006,0.801884,0.5370157,0.2191935,0.06301187
esfera,cor,1.0,0.471484,0.366985,0.801852,0.471475,0.367006,0.801884,0.3569738,0.4611673,0.06079846
esfera,pesos,0.2,0.542946,0.289218,0.788377,0.542977,0.289186,0.788383,0.6226959,0.5723045,0.3563716
esfera,pesos,0.5,0.542946,0.289218,0.788377,0.542977,0.289186,0.788383,0.530671,0.5723045,0.3037054
esfera,pesos,1.0,0.542946,0.289218,0.788377,0.542977,0.289186,0.788383,0.5351683,0.5836239,0.3141699
esfera,cor,0.0,0.542946,0.289218,0.788377,0.542977,0.289186,0.788383,0.02867388,0.391649,0.2090473
esfera,cor,0.3,0.542946,0.289218,0.788377,0.542977,0.289186,0.788383,0.02996894,0.3309008,0.2320774
esfera,cor,1.0,0.542946,0.289218,0.788377,0.542977,0.289186,0.788383,0.09121233,0.2231526,0.2218184
esfera,pesos,0.2,0.611646,0.201253,0.765082,0.611646,0.201249,0.765107,0.576732,0.5503132,0.3173832
esfera,pesos,0.5,0.611646,0.201253,0.765082,0.611646,0.201249,0.765107,0.5191851,0.5503132,0.2857144
esfera,pesos,1.0,0.611646,0.201253,0.765082,0.611646,0.201249,0.765107,0.524396,0.5633981,0.2976272
esfera,cor,0.0,0.611646,0.201253,0.765082,0.611646,0.201249,0.765107,0.4197009,0.006780006,0.2417822
esfera,cor,0.3,0.611646,0.201253,0.765082,0.611646,0.201249,0.765107,0.4197009,0.0103867,0.1965071
esfera,cor,1.0,0.611646,0.201253,0.765082,0.611646,0.201249,0.765107,0.3949034,0.0120861,0.1624733
esfera,pesos,0.2,0.676824,0.100287,0.729267,0.676833,0.100266,0.729276,0.526221,0.5250718,0.2763038
esfera,pesos,0.5,0.676824,0.100287,0.729267,0.676833,0.100266,0.729276,0.5065551,0.5250718,0.2659778
esfera,pesos,1.0,0.676824,0.100287,0.729267,0.676833,0.100266,0.729276,0.512135,0.5346655,0.2754536
esfera,cor,0.0,0.676824,0.100287,0.729267,0.676833,0.100266,0.729276,0.4732235,0.03240352,0.3053328
esfera,cor,0.3,0.676824,0.100287,0.729267,0.676833,0.100266,0.729276,0.3144599,0.2254118,0.1721765
esfera,cor,1.0,0.676824,0.100287,0.729267,0.676833,0.100266,0.729276,0.3136414,0.253076,0.1539744
esfera,pesos,0.2,0.736977,-0.019225,0.675594,0.737001,-0.019234,0.675618,0.46931,0.4951937,0.2323993
esfera,pesos,0.5,0.736977,-0.019225,0.675594,0.737001,-0.019234,0.675618,0.4923277,0.4951937,0.2437976
esfera,pesos,1.0,0.736977,-0.019225,0.675594,0.737001,-0.019234,0.675618,0.4977315,0.4977333,0.2473143
esfera,cor,0.0,0.736977,-0.019225,0.675594,0.737001,-0.019234,0.675618,0.2733328,0.04033932,0.7811369
esfera,cor,0.3,0.736977,-0.019225,0.675594,0.737001,-0.019234,0.675618,0.2557111,0.357088,0.4947289
esfera,cor,1.0,0.736977,-0.019225,0.675594,0.737001,-0.019234,0.675618,0.2508478,0.395808,0.458961
esfera,pesos,0.2,0.788405,-0.170950,0.590902,0.788431,-0.170876,0.590913,0.4012426,0.4572625,0.1834732
esfera,pesos,0.5,0.788405,-0.170950,0.590902,0.788431,-0.170876,0.590913,0.4753098,0.4572625,0.2173413
esfera,pesos,1.0,0.788405,-0.170950,0.590902,0.788431,-0.170876,0.590913,0.4837156,0.4836992,0.230498
esfera,cor,0.0,0.788405,-0.170950,0.590902,0.788431,-0.170876,0.590913,0.3006772,0.09026586,0.02776737
esfera,cor,0.3,0.788405,-0.170950,0.590902,0.788431,-0.170876,0.590913,0.2252828,0.1452545,0.09908926
esfera,cor,1.0,0.788405,-0.170950,0.590902,0.788431,-0.170876,0.590913,0.1611118,0.168886,0.1678006
esfera,pesos,0.2,0.806957,-0.444036,0.389346,0.806986,-0.444052,0.389347,0.4026635,0.3889909,0.1566324
esfera,pesos,0.5,0.806957,-0.444036,0.389346,0.806986,-0.444052,0.389347,0.4305906,0.444269,0.1897543
esfera,pesos,1.0,0.806957,-0.444036,0.389346,0.806986,-0.444052,0.389347,0.4736495,0.4736518,0.2183352
esfera,cor,0.0,0.806957,-0.444036,0.389346,0.806986,-0.444052,0.389347,0.01360321,0.1839827,0.03526122
esfera,cor,0.3,0.806957,-0.444036,0.389346,0.806986,-0.444052,0.389347,0.01673422,0.181191,0.03492187
esfera,cor,1.0,0.806957,-0.444036,0.389346,0.806986,-0.444052,0.389347,0.06260411,0.1381529,0.03956669
esfera,pesos,0.2,-0.841053,0.536246,-0.071054,-0.841025,0.536311,-0.071051,0.4822364,0.6340616,0.3057676
esfera,pesos,0.5,-0.841053,0.536246,-0.071054,-0.841025,0.536311,-0.071051,0.4822364,0.5380756,0.2594797
esfera,pesos,1.0,-0.841053,0.536246,-0.071054,-0.841025,0.536311,-0.071051,0.4934224,0.5065644,0.2513764
esfera,cor,0.0,-0.841053,0.536246,-0.071054,-0.841025,0.536311,-0.071051,0.09188147,0.1148428,0.01006379
esfera,cor,0.3,-0.841053,0.536246,-0.071054,-0.841025,0.536311,-0.071051,0.1202683,0.1002566,0.0155489
esfera,cor,1.0,-0.841053,0.536246,-0.071054,-0.841025,0.536311,-0.071051,0.1717688,0.06991515,0.033324
esfera,pesos,0.2,-0.705803,0.693954,0.142219,-0.705843,0.693942,0.142232,0.5355546,0.505957,0.2709676
esfera,pesos,0.5,-0.705803,0.693954,0.142219,-0.705843,0.693942,0.142232,0.5355546,0.5014941,0.2685775
esfera,pesos,1.0,-0.705803,0.693954,0.142219,-0.705843,0.693942,0.142232,0.5159998,0.516008,0.2631805
esfera,cor,0.0,-0.705803,0.693954,0.142219,-0.705843,0.693942,0.142232,0.1694948,0.2260721,0.01528534
esfera,cor,0.3,-0.705803,0.693954,0.142219,-0.705843,0.693942,0.142232,0.1828999,0.1330793,0.1857992
esfera,cor,1.0,-0.705803,0.693954,0.142219,-0.705843,0.693942,0.142232,0.1755264,0.1471913,0.1756925
esfera,pesos,0.2,-0.595939,0.757947,0.265249,-0.596000,0.757907,0.265256,0.5663123,0.4190606,0.2373192
esfera,pesos,0.5,-0.595939,0.757947,0.265249,-0.596000,0.757907,0.265256,0.5663123,0.4797748,0.2717024
esfera,pesos,1.0,-0.595939,0.757947,0.265249,-0.596000,0.757907,0.265256,0.5310417,0.5310531,0.2764233
esfera,cor,0.0,-0.595939,0.757947,0.265249,-0.596000,0.757907,0.265256,0.3421095,0.8376067,0.07969043
esfera,cor,0.3,-0.595939,0.757947,0.265249,-0.596000,0.757907,0.265256,0.2752268,0.6284974,0.06139092
esfera,cor,1.0,-0.595939,0.757947,0.265249,-0.596000,0.757907,0.265256,0.2536319,0.4592428,0.1538079
esfera,pesos,0.2,-0.494285,0.791637,0.359099,-0.494301,0.791655,0.359096,0.5897748,0.3764288,0.2220082
esfera,pesos,0.5,-0.494285,0.791637,0.359099,-0.494301,0.791655,0.359096,0.5800204,0.471881,0.2714958
esfera,pesos,1.0,-0.494285,0.791637,0.359099,-0.494301,0.791655,0.359096,0.5432038,0.5432018,0.2878644
esfera,cor,0.0,-0.494285,0.791637,0.359099,-0.494301,0.791655,0.359096,0.567048,0.3846332,0.06172641
esfera,cor,0.3,-0.494285,0.791637,0.359099,-0.494301,0.791655,0.359096,0.505972,0.3740021,0.06281863
esfera,cor,1.0,-0.494285,0.791637,0.359099,-0.494301,0.791655,0.359096,0.3468601,0.2809995,0.07294138
esfera,pesos,0.2,-0.397457,0.807508,0.435793,-0.397481,0.807508,0.435820,0.6089482,0.4006357,0.2439664
esfera,pesos,0.5,-0.397457,0.807508,0.435793,-0.397481,0.807508,0.435820,0.5747783,0.4818652,0.2694479
esfera,pesos,1.0,-0.397457,0.807508,0.435793,-0.397481,0.807508,0.435820,0.5536177,0.553624,0.2982932
esfera,cor,0.0,-0.397457,0.807508,0.435793,-0.397481,0.807508,0.435820,0.7269839,0.1078043,0.1580008
esfera,cor,0.3,-0.397457,0.807508,0.435793,-0.397481,0.807508,0.435820,0.7260128,0.1078278,0.1577649
esfera,cor,1.0,-0.397457,0.807508,0.435793,-0.397481,0.807508,0.435820,0.4110933,0.1123788,0.1208182
esfera,pesos,0.2,-0.304062,0.810708,0.500284,-0.304098,0.810684,0.500316,0.6250709,0.4239846,0.2650204
esfera,pesos,0.5,-0.304062,0.810708,0.500284,-0.304098,0.810684,0.500316,0.5721332,0.4973528,0.2736826
esfera,pesos,1.0,-0.304062,0.810708,0.500284,-0.304098,0.810684,0.500316,0.5627795,0.5627899,0.3080128
esfera,cor,0.0,-0.304062,0.810708,0.500284,-0.304098,0.810684,0.500316,0.03294296,0.01003689,0.7844098
esfera,cor,0.3,-0.304062,0.810708,0.500284,-0.304098,0.810684,0.500316,0.03281493,0.02522088,0.7041364
esfera,cor,1.0,-0.304062,0.810708,0.500284,-0.304098,0.810684,0.500316,0.02707282,0.06522795,0.4298665
esfera,pesos,0.2,-0.213375,0.803909,0.555146,-0.213359,0.803912,0.555160,0.6306358,0.4574454,0.2864964
esfera,pesos,0.5,-0.213375,0.803909,0.555146,-0.213359,0.803912,0.555160,0.5778872,0.5272682,0.2941227
esfera,pesos,1.0,-0.213375,0.803909,0.555146,-0.213359,0.803912,0.555160,0.5709533,0.5709546,0.3171685
esfera,cor,0.0,-0.213375,0.803909,0.555146,-0.213359,0.803912,0.555160,0.07882855,0.4542788,0.8709349
esfera,cor,0.3,-0.213375,0.803909,0.555146,-0.213359,0.803912,0.555160,0.06979572,0.4043008,0.7397304
esfera,cor,1.0,-0.213375,0.803909,0.555146,-0.213359,0.803912,0.555160,0.06316645,0.3050832,0.5419989
esfera,pesos,0.2,-0.124964,0.788709,0.601919,-0.124961,0.788719,0.601920,0.6206439,0.5062618,0.3085122
esfera,pesos,0.5,-0.124964,0.788709,0.601919,-0.124961,0.788719,0.601920,0.5840292,0.5522856,0.3129228
esfera,pesos,1.0,-0.124964,0.788709,0.601919,-0.124961,0.788719,0.601920,0.5783094,0.5783083,0.3258623
esfera,cor,0.0,-0.124964,0.788709,0.601919,-0.124961,0.788719,0.601920,0.2456384,0.007537079,0.9749826
esfera,cor,0.3,-0.124964,0.788709,0.601919,-0.124961,0.788719,0.601920,0.249698,0.09294303,0.7226331
esfera,cor,1.0,-0.124964,0.788709,0.601919,-0.124961,0.788719,0.601920,0.2382461,0.1300693,0.5577634
esfera,pesos,0.2,-0.038561,0.766096,0.641554,-0.038568,0.766096,0.641568,0.6129779,0.5464522,0.3280852
esfera,pesos,0.5,-0.038561,0.766096,0.641554,-0.038568,0.766096,0.641568,0.5904156,0.573146,0.3301111
esfera,pesos,1.0,-0.038561,0.766096,0.641554,-0.038568,0.766096,0.641568,0.5849614,0.5849636,0.3341436
esfera,cor,0.0,-0.038561,0.766096,0.641554,-0.038568,0.766096,0.641568,0.1032899,0.03386899,0.1004132
esfera,cor,0.3,-0.038561,0.766096,0.641554,-0.038568,0.766096,0.641568,0.1879635,0.219806,0.06745949
esfera,cor,1.0,-0.038561,0.766096,0.641554,-0.038568,0.766096,0.641568,0.2213613,0.2687631,0.06116967
esfera,pesos,0.2,0.045999,0.736680,0.674638,0.046003,0.736669,0.674687,0.6073344,0.5788771,0.3451149
esfera,pesos,0.5,0.045999,0.736680,0.674638,0.046003,0.736669,0.674687,0.5969815,0.5902517,0.3456375
esfera,pesos,1.0,0.045999,0.736680,0.674638,0.046003,0.736669,0.674687,0.5852543,0.5968882,0.3420516
esfera,cor,0.0,0.045999,0.736680,0.674638,0.046003,0.736669,0.674687,0.008234391,0.0251659,0.1500477
esfera,cor,0.3,0.045999,0.736680,0.674638,0.046003,0.736669,0.674687,0.006473087,0.4360457,0.1144028
esfera,cor,1.0,0.045999,0.736680,0.674638,0.046003,0.736669,0.674687,0.01673587,0.4715907,0.1378299
esfera,pesos,0.2,0.128822,0.700854,0.701549,0.128850,0.700851,0.701574,0.6036119,0.6038938,0.3593985
esfera,pesos,0.5,0.128822,0.700854,0.701549,0.128850,0.700851,0.701574,0.6037226,0.6037832,0.3593985
esfera,pesos,1.0,0.128822,0.700854,0.701549,0.128850,0.700851,0.701574,0.5802706,0.60976,0.3476
esfera,cor,0.0,0.128822,0.700854,0.701549,0.128850,0.700851,0.701574,0.005642694,0.2491085,0.02767709
esfera,cor,0.3,0.128822,0.700854,0.701549,0.128850,0.700851,0.701574,0.007467708,0.2450154,0.01515764
esfera,cor,1.0,0.128822,0.700854,0.701549,0.128850,0.700851,0.701574,0.009851166,0.2362539,0.03482974
esfera,pesos,0.2,0.209950,0.658769,0.722433,0.209937,0.658788,0.722443,0.6017867,0.6215174,0.3706178
esfera,pesos,0.5,0.209950,0.658769,0.722433,0.209937,0.658788,0.722443,0.6106435,0.6137609,0.3712257
esfera,pesos,1.0,0.209950,0.658769,0.722433,0.209937,0.658788,0.722443,0.5747787,0.6182363,0.3504327
esfera,cor,0.0,0.209950,0.658769,0.722433,0.209937,0.658788,0.722443,0.02571564,0.3216793,0.7104228
esfera,cor,0.3,0.209950,0.658769,0.722433,0.209937,0.658788,0.722443,0.1535199,0.2729809,0.4267831
esfera,cor,1.0,0.209950,0.658769,0.722433,0.209937,0.658788,0.722443,0.1484888,0.3155177,0.3537393
esfera,pesos,0.2,0.289382,0.610420,0.737286,0.289430,0.610445,0.737284,0.6019874,0.6313588,0.3783208
esfera,pesos,0.5,0.289382,0.610420,0.737286,0.289430,0.610445,0.737284,0.617795,0.6200286,0.3808834
esfera,pesos,1.0,0.289382,0.610420,0.737286,0.289430,0.610445,0.737284,0.5687221,0.6226786,0.3506717
esfera,cor,0.0,0.289382,0.610420,0.737286,0.289430,0.610445,0.737284,0.206193,0.06066408,0.01801712
esfera,cor,0.3,0.289382,0.610420,0.737286,0.289430,0.610445,0.737284,0.3266212,0.06450806,0.1438578
esfera,cor,1.0,0.289382,0.610420,0.737286,0.289430,0.610445,0.737284,0.3020743,0.05454803,0.1880255
esfera,pesos,0.2,0.367078,0.555666,0.745971,0.367070,0.555618,0.746021,0.6044909,0.6325847,0.3818724
esfera,pesos,0.5,0.367078,0.555666,0.745971,0.367070,0.555618,0.746021,0.6093619,0.6232444,0.3785727
esfera,pesos,1.0,0.367078,0.555666,0.745971,0.367070,0.555618,0.746021,0.5620986,0.6232183,0.3483574
esfera,cor,0.0,0.367078,0.555666,0.745971,0.367070,0.555618,0.746021,0.3603159,0.812043,0.1041749
esfera,cor,0.3,0.367078,0.555666,0.745971,0.367070,0.555618,0.746021,0.2879223,0.7139335,0.2860458
esfera,cor,1.0,0.367078,0.555666,0.745971,0.367070,0.555618,0.746021,0.1944704,0.5081888,0.4962487
esfera,pesos,0.2,0.442928,0.494097,0.748094,0.442940,0.494131,0.748090,0.610732,0.6235244,0.3808063
esfera,pesos,0.5,0.442928,0.494097,0.748094,0.442940,0.494131,0.748090,0.5817298,0.6205431,0.3606744
esfera,pesos,1.0,0.442928,0.494097,0.748094,0.442940,0.494131,0.748090,0.5548383,0.6197734,0.3433782
esfera,cor,0.0,0.442928,0.494097,0.748094,0.442940,0.494131,0.748090,0.01136123,0.1174925,0.3741781
esfera,cor,0.3,0.442928,0.494097,0.748094,0.442940,0.494131,0.748090,0.02279442,0.1219079,0.3258877
esfera,cor,1.0,0.442928,0.494097,0.748094,0.442940,0.494131,0.748090,0.1174216,0.1003965,0.1964513
esfera,pesos,0.2,0.516771,0.425120,0.743082,0.516819,0.425104,0.743091,0.6131245,0.60628,0.3717251
esfera,pesos,0.5,0.516771,0.425120,0.743082,0.516819,0.425104,0.743091,0.5525599,0.6092749,0.3370599
esfera,pesos,1.0,0.516771,0.425120,0.743082,0.516819,0.425104,0.743091,0.5468625,0.6120605,0.3355159
esfera,cor,0.0,0.516771,0.425120,0.743082,0.516819,0.425104,0.743091,0.1599408,0.03047882,0.00360782
esfera,cor,0.3,0.516771,0.425120,0.743082,0.516819,0.425104,0.743091,0.1295686,0.05645893,0.003536477
esfera,cor,1.0,0.516771,0.425120,0.743082,0.516819,0.425104,0.743091,0.09696385,0.1169487,0.00932896
esfera,pesos,0.2,0.588342,0.347755,0.729995,0.588362,0.347791,0.729981,0.5708052,0.5869389,0.3350277
esfera,pesos,0.5,0.588342,0.347755,0.729995,0.588362,0.347791,0.729981,0.5216864,0.5882533,0.3070951
esfera,pesos,1.0,0.588342,0.347755,0.729995,0.588362,0.347791,0.729981,0.5380917,0.599494,0.3243957
esfera,cor,0.0,0.588342,0.347755,0.729995,0.588362,0.347791,0.729981,0.1480739,0.4834573,0.06280042
esfera,cor,0.3,0.588342,0.347755,0.729995,0.588362,0.347791,0.729981,0.1035995,0.4577681,0.04848386
esfera,cor,1.0,0.588342,0.347755,0.729995,0.588362,0.347791,0.729981,0.1589495,0.368917,0.06829016
esfera,pesos,0.2,0.657205,0.260393,0.707280,0.657236,0.260369,0.707283,0.5250192,0.5650983,0.2966875
esfera,pesos,0.5,0.657205,0.260393,0.707280,0.657236,0.260369,0.707283,0.5062521,0.5650983,0.2860822
esfera,pesos,1.0,0.657205,0.260393,0.707280,0.657236,0.260369,0.707283,0.5283303,0.5809943,0.3093173
esfera,cor,0.0,0.657205,0.260393,0.707280,0.657236,0.260369,0.707283,0.403597,0.9236837,0.1114074
esfera,cor,0.3,0.657205,0.260393,0.707280,0.657236,0.260369,0.707283,0.5675234,0.5777642,0.467892
esfera,cor,1.0,0.657205,0.260393,0.707280,0.657236,0.260369,0.707283,0.6163458,0.457219,0.4388252
esfera,pesos,0.2,0.722634,0.160356,0.672360,0.722659,0.160306,0.672359,0.4748473,0.540089,0.2564598
esfera,pesos,0.5,0.722634,0.160356,0.672360,0.722659,0.160306,0.672359,0.4937094,0.540089,0.266647
esfera,pesos,1.0,0.722634,0.160356,0.672360,0.722659,0.160306,0.672359,0.5173221,0.5545774,0.2890795
esfera,cor,0.0,0.722634,0.160356,0.672360,0.722659,0.160306,0.672359,0.9911177,0.6144234,0.0436834
esfera,cor,0.3,0.722634,0.160356,0.672360,0.722659,0.160306,0.672359,0.5561786,0.502761,0.4604647
esfera,cor,1.0,0.722634,0.160356,0.672360,0.722659,0.160306,0.672359,0.4749412,0.442196,0.4522354
esfera,pesos,0.2,0.783223,0.042452,0.620235,0.783252,0.042488,0.620251,0.418501,0.510613,0.2136921
esfera,pesos,0.5,0.783223,0.042452,0.620235,0.783252,0.042488,0.620251,0.4796245,0.510613,0.2449025
esfera,pesos,1.0,0.783223,0.042452,0.620235,0.783252,0.042488,0.620251,0.5045552,0.5160546,0.261197
esfera,cor,0.0,0.783223,0.042452,0.620235,0.783252,0.042488,0.620251,0.1099601,0.01737066,0.08073102
esfera,cor,0.3,0.783223,0.042452,0.620235,0.783252,0.042488,0.620251,0.0790502,0.05748885,0.06402005
esfera,cor,1.0,0.783223,0.042452,0.620235,0.783252,0.042488,0.620251,0.06367164,0.08228907,0.06086203
esfera,pesos,0.2,0.835620,-0.105697,0.538986,0.835645,-0.105687,0.539006,0.3652535,0.4735757,0.1729752
esfera,pesos,0.5,0.835620,-0.105697,0.538986,0.835645,-0.105687,0.539006,0.4629219,0.4735757,0.2192285
esfera,pesos,1.0,0.835620,-0.105697,0.538986,0.835645,-0.105687,0.539006,0.4903804,0.4903768,0.2383689
esfera,cor,0.0,0.835620,-0.105697,0.538986,0.835645,-0.105687,0.539006,0.1505421,0.00201601,0.6455992
esfera,cor,0.3,0.835620,-0.105697,0.538986,0.835645,-0.105687,0.539006,0.1483324,0.09234031,0.5774831
esfera,cor,1.0,0.835620,-0.105697,0.538986,0.835645,-0.105687,0.539006,0.1352957,0.2942532,0.4231546
esfera,pesos,0.2,0.862626,-0.347574,0.367484,0.862611,-0.347612,0.367515,0.408129,0.4131066,0.1686008
esfera,pesos,0.5,0.862626,-0.347574,0.367484,0.862611,-0.347612,0.367515,0.4334525,0.4284784,0.1853357
esfera,pesos,1.0,0.862626,-0.347574,0.367484,0.862611,-0.347612,0.367515,0.4797639,0.4797653,0.2253989
esfera,cor,0.0,0.862626,-0.347574,0.367484,0.862611,-0.347612,0.367515,0.1819388,0.03770677,0.00575764
esfera,cor,0.3,0.862626,-0.347574,0.367484,0.862611,-0.347612,0.367515,0.1819388,0.03770677,0.00575764
esfera,cor,1.0,0.862626,-0.347574,0.367484,0.862611,-0.347612,0.367515,0.1133936,0.0657838,0.140989
esfera,pesos,0.2,-0.797642,0.587460,-0.136488,-0.797688,0.587422,-0.136493,0.465878,0.6051428,0.2819227
esfera,pesos,0.5,-0.797642,0.587460,-0.136488,-0.797688,0.587422,-0.136493,0.465878,0.5262935,0.2451885
esfera,pesos,1.0,-0.797642,0.587460,-0.136488,-0.797688,0.587422,-0.136493,0.4868266,0.5131837,0.2526319
esfera,cor,0.0,-0.797642,0.587460,-0.136488,-0.797688,0.587422,-0.136493,0.4028175,0.1549946,0.06728391
esfera,cor,0.3,-0.797642,0.587460,-0.136488,-0.797688,0.587422,-0.136493,0.3415847,0.1878441,0.2968028
esfera,cor,1.0,-0.797642,0.587460,-0.136488,-0.797688,0.587422,-0.136493,0.27098,0.2285697,0.4330282
esfera,pesos,0.2,-0.662388,0.745181,0.076796,-0.662404,0.745201,0.076791,0.5191991,0.458602,0.2381057
esfera,pesos,0.5,-0.662388,0.745181,0.076796,-0.662404,0.745201,0.076791,0.5191991,0.4896502,0.254226
esfera,pesos,1.0,-0.662388,0.745181,0.076796,-0.662404,0.745201,0.076791,0.5096391,0.5096372,0.2580422
esfera,cor,0.0,-0.662388,0.745181,0.076796,-0.662404,0.745201,0.076791,0.06442387,0.04027509,0.4426294
esfera,cor,0.3,-0.662388,0.745181,0.076796,-0.662404,0.745201,0.076791,0.08589207,0.3684921,0.2934893
esfera,cor,1.0,-0.662388,0.745181,0.076796,-0.662404,0.745201,0.076791,0.08704753,0.4234961,0.2984865
esfera,pesos,0.2,-0.552526,0.809170,0.199825,-0.552572,0.809145,0.199869,0.5499562,0.3717248,0.2044324
esfera,pesos,0.5,-0.552526,0.809170,0.199825,-0.552572,0.809145,0.199869,0.5499562,0.4679383,0.2573456
esfera,pesos,1.0,-0.552526,0.809170,0.199825,-0.552572,0.809145,0.199869,0.5258827,0.5258999,0.2723152
esfera,cor,0.0,-0.552526,0.809170,0.199825,-0.552572,0.809145,0.199869,0.01053566,0.1384528,0.3075506
esfera,cor,0.3,-0.552526,0.809170,0.199825,-0.552572,0.809145,0.199869,0.009867548,0.1430953,0.2807463
esfera,cor,1.0,-0.552526,0.809170,0.199825,-0.552572,0.809145,0.199869,0.01477419,0.1304006,0.2381006
esfera,pesos,0.2,-0.450867,0.842874,0.293688,-0.450877,0.842882,0.293701,0.573422,0.3872831,0.2220767
esfera,pesos,0.5,-0.450867,0.842874,0.293688,-0.450877,0.842882,0.293701,0.573422,0.451001,0.2586139
esfera,pesos,1.0,-0.450867,0.842874,0.293688,-0.450877,0.842882,0.293701,0.5389839,0.5389863,0.2845909
esfera,cor,0.0,-0.450867,0.842874,0.293688,-0.450877,0.842882,0.293701,0.2624125,0.01025375,0.05931297
esfera,cor,0.3,-0.450867,0.842874,0.293688,-0.450877,0.842882,0.293701,0.2624125,0.01025375,0.05931297
esfera,cor,1.0,-0.450867,0.842874,0.293688,-0.450877,0.842882,0.293701,0.3783772,0.02863031,0.328063
esfera,pesos,0.2,-0.354039,0.858748,0.370384,-0.354052,0.858760,0.370377,0.5925961,0.4114904,0.2438476
esfera,pesos,0.5,-0.354039,0.858748,0.370384,-0.354052,0.858760,0.370377,0.5772275,0.4551323,0.258726
esfera,pesos,1.0,-0.354039,0.858748,0.370384,-0.354052,0.858760,0.370377,0.5502275,0.5502259,0.2957814
esfera,cor,0.0,-0.354039,0.858748,0.370384,-0.354052,0.858760,0.370377,0.20921,0.0214575,0.2571648
esfera,cor,0.3,-0.354039,0.858748,0.370384,-0.354052,0.858760,0.370377,0.20921,0.0214575,0.2571648
esfera,cor,1.0,-0.354039,0.858748,0.370384,-0.354052,0.858760,0.370377,0.2630169,0.02551143,0.284547
esfera,pesos,0.2,-0.260648,0.861933,0.434860,-0.260675,0.861952,0.434843,0.6087151,0.4348381,0.2646925
esfera,pesos,0.5,-0.260648,0.861933,0.434860,-0.260675,0.861952,0.434843,0.5790442,0.4827281,0.2726149
esfera,pesos,1.0,-0.260648,0.861933,0.434860,-0.260675,0.861952,0.434843,0.5601689,0.5601655,0.3062472
esfera,cor,0.0,-0.260648,0.861933,0.434860,-0.260675,0.861952,0.434843,0.0493224,0.07437367,0.2790428
esfera,cor,0.3,-0.260648,0.861933,0.434860,-0.260675,0.861952,0.434843,0.0493224,0.07437367,0.2790428
esfera,cor,1.0,-0.260648,0.861933,0.434860,-0.260675,0.861952,0.434843,0.2378872,0.1195058,0.1696316
esfera,pesos,0.2,-0.169962,0.855130,0.489719,-0.169981,0.855133,0.489749,0.6224297,0.4575096,0.2847676
esfera,pesos,0.5,-0.169962,0.855130,0.489719,-0.169981,0.855133,0.489749,0.5847759,0.5160207,0.29431
esfera,pesos,1.0,-0.169962,0.855130,0.489719,-0.169981,0.855133,0.489749,0.5691117,0.5691177,0.3161783
esfera,cor,0.0,-0.169962,0.855130,0.489719,-0.169981,0.855133,0.489749,0.0102998,0.3254507,0.04233266
esfera,cor,0.3,-0.169962,0.855130,0.489719,-0.169981,0.855133,0.489749,0.03403948,0.3410053,0.04123209
esfera,cor,1.0,-0.169962,0.855130,0.489719,-0.169981,0.855133,0.489749,0.1941207,0.468992,0.03196444
esfera,pesos,0.2,-0.081550,0.839933,0.536495,-0.081516,0.839956,0.536498,0.6341238,0.4796125,0.3041337
esfera,pesos,0.5,-0.081550,0.839933,0.536495,-0.081516,0.839956,0.536498,0.5909323,0.5440094,0.3143041
esfera,pesos,1.0,-0.081550,0.839933,0.536495,-0.081516,0.839956,0.536498,0.5772673,0.5772636,0.3256894
esfera,cor,0.0,-0.081550,0.839933,0.536495,-0.081516,0.839956,0.536498,0.192163,0.06708772,0.4005064
esfera,cor,0.3,-0.081550,0.839933,0.536495,-0.081516,0.839956,0.536498,0.2833163,0.06288806,0.419191
esfera,cor,1.0,-0.081550,0.839933,0.536495,-0.081516,0.839956,0.536498,0.4421768,0.1008689,0.4586813
esfera,pesos,0.2,0.004856,0.817329,0.576139,0.004850,0.817306,0.576183,0.6344069,0.5149065,0.3248365
esfera,pesos,0.5,0.004856,0.817329,0.576139,0.004850,0.817306,0.576183,0.5973374,0.5676265,0.3326807
esfera,pesos,1.0,0.004856,0.817329,0.576139,0.004850,0.817306,0.576183,0.5841865,0.585613,0.3350021
esfera,cor,0.0,0.004856,0.817329,0.576139,0.004850,0.817306,0.576183,0.02220366,0.5099901,0.2372338
esfera,cor,0.3,0.004856,0.817329,0.576139,0.004850,0.817306,0.576183,0.01971073,0.4269088,0.1923433
esfera,cor,1.0,0.004856,0.817329,0.576139,0.004850,0.817306,0.576183,0.01767943,0.3464715,0.1491095
esfera,pesos,0.2,0.089419,0.787926,0.609234,0.089428,0.787924,0.609244,0.62888,0.5538371,0.3449433
esfera,pesos,0.5,0.089419,0.787926,0.609234,0.089428,0.787924,0.609244,0.603951,0.5873357,0.3494197
esfera,pesos,1.0,0.089419,0.787926,0.609234,0.089428,0.787924,0.609244,0.5807256,0.6044261,0.3443803
esfera,cor,0.0,0.089419,0.787926,0.609234,0.089428,0.787924,0.609244,0.6594138,0.3570797,0.00264288
esfera,cor,0.3,0.089419,0.787926,0.609234,0.089428,0.787924,0.609244,0.4800056,0.3041334,0.09474593
esfera,cor,1.0,0.089419,0.787926,0.609234,0.089428,0.787924,0.609244,0.3829029,0.2629465,0.1413009
esfera,pesos,0.2,0.172237,0.752082,0.636128,0.172257,0.752089,0.636152,0.6252589,0.5852742,0.362478
esfera,pesos,0.5,0.172237,0.752082,0.636128,0.172257,0.752089,0.636152,0.6107309,0.6034336,0.36445
esfera,pesos,1.0,0.172237,0.752082,0.636128,0.172257,0.752089,0.636152,0.5766449,0.6181558,0.3507004
esfera,cor,0.0,0.172237,0.752082,0.636128,0.172257,0.752089,0.636152,0.8546378,0.1222977,0.1222977
esfera,cor,0.3,0.172237,0.752082,0.636128,0.172257,0.752089,0.636152,0.669416,0.1156863,0.3490688
esfera,cor,1.0,0.172237,0.752082,0.636128,0.172257,0.752089,0.636152,0.5705414,0.1016116,0.4478917
esfera,pesos,0.2,0.253367,0.710002,0.657018,0.253365,0.709997,0.657047,0.62357,0.6093667,0.3772107
esfera,pesos,0.5,0.253367,0.710002,0.657018,0.253365,0.709997,0.657047,0.6177069,0.6159993,0.3776443
esfera,pesos,1.0,0.253367,0.710002,0.657018,0.253365,0.709997,0.657047,0.5719709,0.6274807,0.3542848
esfera,cor,0.0,0.253367,0.710002,0.657018,0.253365,0.709997,0.657047,0.1111053,0.03184108,0.2305257
esfera,cor,0.3,0.253367,0.710002,0.657018,0.253365,0.709997,0.657047,0.0717667,0.04069276,0.2097046
esfera,cor,1.0,0.253367,0.710002,0.657018,0.253365,0.709997,0.657047,0.05804873,0.04784661,0.2036608
esfera,pesos,0.2,0.332800,0.661661,0.671878,0.332805,0.661681,0.671878,0.6239644,0.6258793,0.3887866
esfera,pesos,0.5,0.332800,0.661661,0.671878,0.332805,0.661681,0.671878,0.6249367,0.6249363,0.3888037
esfera,pesos,1.0,0.332800,0.661661,0.671878,0.332805,0.661681,0.671878,0.5666969,0.6327692,0.3552822
esfera,cor,0.0,0.332800,0.661661,0.671878,0.332805,0.661681,0.671878,0.1645593,0.003872113,0.6706424
esfera,cor,0.3,0.332800,0.661661,0.671878,0.332805,0.661681,0.671878,0.09278224,0.006636023,0.4218353
esfera,cor,1.0,0.332800,0.661661,0.671878,0.332805,0.661681,0.671878,0.07925798,0.0680047,0.4678814
esfera,pesos,0.2,0.410492,0.606893,0.680549,0.410469,0.606920,0.680561,0.6267261,0.6341941,0.396705
esfera,pesos,0.5,0.410492,0.606893,0.680549,0.410469,0.606920,0.680561,0.6007318,0.6323969,0.3785597
esfera,pesos,1.0,0.410492,0.606893,0.680549,0.410469,0.606920,0.680561,0.5608174,0.6341727,0.3537364
esfera,cor,0.0,0.410492,0.606893,0.680549,0.410469,0.606920,0.680561,0.07277886,0.2320948,0.007532715
esfera,cor,0.3,0.410492,0.606893,0.680549,0.410469,0.606920,0.680561,0.04746221,0.2575534,0.02061487
esfera,cor,1.0,0.410492,0.606893,0.680549,0.410469,0.606920,0.680561,0.08893053,0.202794,0.05343874
esfera,pesos,0.2,0.486346,0.545335,0.682683,0.486380,0.545296,0.682706,0.6323976,0.6330855,0.4002374
esfera,pesos,0.5,0.486346,0.545335,0.682683,0.486380,0.545296,0.682706,0.574916,0.6319808,0.362919
esfera,pesos,1.0,0.486346,0.545335,0.682683,0.486380,0.545296,0.682706,0.5542837,0.6316431,0.3495635
esfera,cor,0.0,0.486346,0.545335,0.682683,0.486380,0.545296,0.682706,0.05777534,0.9846793,0.4775968
esfera,cor,0.3,0.486346,0.545335,0.682683,0.486380,0.545296,0.682706,0.2771416,0.6498479,0.3718945
esfera,cor,1.0,0.486346,0.545335,0.682683,0.486380,0.545296,0.682706,0.4618362,0.4431362,0.3741752
esfera,pesos,0.2,0.560186,0.476349,0.677663,0.560190,0.476353,0.677699,0.5587559,0.6190873,0.3459187
esfera,pesos,0.5,0.560186,0.476349,0.677663,0.560190,0.476353,0.677699,0.547676,0.623168,0.341791
esfera,pesos,1.0,0.560186,0.476349,0.677663,0.560190,0.476353,0.677699,0.5470797,0.6249114,0.3425889
esfera,cor,0.0,0.560186,0.476349,0.677663,0.560190,0.476353,0.677699,0.5777485,0.07454281,0.1984727
esfera,cor,0.3,0.560186,0.476349,0.677663,0.560190,0.476353,0.677699,0.507214,0.212889,0.1983118
esfera,cor,1.0,0.560186,0.476349,0.677663,0.560190,0.476353,0.677699,0.4410457,0.2141384,0.3115205
esfera,pesos,0.2,0.631757,0.398983,0.664573,0.631757,0.398996,0.664594,0.516421,0.5997456,0.3097212
esfera,pesos,0.5,0.631757,0.398983,0.664573,0.631757,0.398996,0.664594,0.5187889,0.6048882,0.314567
esfera,pesos,1.0,0.631757,0.398983,0.664573,0.631757,0.398996,0.664594,0.5391034,0.6134413,0.3324482
esfera,cor,0.0,0.631757,0.398983,0.664573,0.631757,0.398996,0.664594,0.08343247,0.3638331,0.0001791589
esfera,cor,0.3,0.631757,0.398983,0.664573,0.631757,0.398996,0.664594,0.05149063,0.3638331,0.1666535
esfera,cor,1.0,0.631757,0.398983,0.664573,0.631757,0.398996,0.664594,0.04742906,0.2803062,0.1599277
esfera,pesos,0.2,0.700619,0.311618,0.641856,0.700622,0.311603,0.641897,0.4706435,0.5779043,0.2719869
esfera,pesos,0.5,0.700619,0.311618,0.641856,0.700622,0.311603,0.641897,0.4926646,0.5779043,0.284713
esfera,pesos,1.0,0.700619,0.311618,0.641856,0.700622,0.311603,0.641897,0.5302323,0.5962244,0.3185232
esfera,cor,0.0,0.700619,0.311618,0.641856,0.700622,0.311603,0.641897,0.2191731,0.003029749,0.2856701
esfera,cor,0.3,0.700619,0.311618,0.641856,0.700622,0.311603,0.641897,0.1628883,0.1237443,0.1670868
esfera,cor,1.0,0.700619,0.311618,0.641856,0.700622,0.311603,0.641897,0.1797273,0.1194311,0.1427437
esfera,pesos,0.2,0.766044,0.211565,0.606921,0.766075,0.211563,0.606935,0.4204315,0.5528913,0.2324529
esfera,pesos,0.5,0.766044,0.211565,0.606921,0.766075,0.211563,0.606935,0.4801068,0.5528913,0.2654469
esfera,pesos,1.0,0.766044,0.211565,0.606921,0.766075,0.211563,0.606935,0.5202569,0.5713989,0.2997075
esfera,cor,0.0,0.766044,0.211565,0.606921,0.766075,0.211563,0.606935,0.0648592,0.3187705,0.04628401
esfera,cor,0.3,0.766044,0.211565,0.606921,0.766075,0.211563,0.606935,0.08457596,0.2301695,0.1298895
esfera,cor,1.0,0.766044,0.211565,0.606921,0.766075,0.211563,0.606935,0.08125481,0.2473309,0.1754847
esfera,pesos,0.2,0.826642,0.093694,0.554829,0.826663,0.093725,0.554836,0.3640886,0.5234236,0.1905725
esfera,pesos,0.5,0.826642,0.093694,0.554829,0.826663,0.093725,0.554836,0.4660214,0.5234236,0.2439266
esfera,pesos,1.0,0.826642,0.093694,0.554829,0.826663,0.093725,0.554836,0.5088116,0.5350651,0.2737595
esfera,cor,0.0,0.826642,0.093694,0.554829,0.826663,0.093725,0.554836,0.008676699,0.05504192,0.5527136
esfera,cor,0.3,0.826642,0.093694,0.554829,0.826663,0.093725,0.554836,0.09335107,0.06429632,0.4583541
esfera,cor,1.0,0.826642,0.093694,0.554829,0.826663,0.093725,0.554836,0.1965842,0.08137201,0.3152452
esfera,pesos,0.2,0.879036,-0.054465,0.473570,0.879063,-0.054489,0.473581,0.3816075,0.4863837,0.1856077
esfera,pesos,0.5,0.879036,-0.054465,0.473570,0.879063,-0.054489,0.473581,0.4493155,0.4863837,0.2185398
esfera,pesos,1.0,0.879036,-0.054465,0.473570,0.879063,-0.054489,0.473581,0.4954149,0.4954208,0.2444104
esfera,cor,0.0,0.879036,-0.054465,0.473570,0.879063,-0.054489,0.473581,0.1527936,0.007797566,0.03717892
esfera,cor,0.3,0.879036,-0.054465,0.473570,0.879063,-0.054489,0.473581,0.1527386,0.00785312,0.03717503
esfera,cor,1.0,0.879036,-0.054465,0.473570,0.879063,-0.054489,0.473581,0.09922557,0.0721921,0.04822163
esfera,pesos,0.2,0.906024,-0.296408,0.302003,0.906075,-0.296346,0.302005,0.4244992,0.4258979,0.1807934
esfera,pesos,0.5,0.906024,-0.296408,0.302003,0.906075,-0.296346,0.302005,0.4244992,0.4258979,0.1807934
esfera,pesos,1.0,0.906024,-0.296408,0.302003,0.906075,-0.296346,0.302005,0.4851255,0.4851125,0.2317505
esfera,cor,0.0,0.906024,-0.296408,0.302003,0.906075,-0.296346,0.302005,0.04464455,0.005216707,0.01452962
esfera,cor,0.3,0.906024,-0.296408,0.302003,0.906075,-0.296346,0.302005,0.04464455,0.005216707,0.01452962
esfera,cor,1.0,0.906024,-0.296408,0.302003,0.906075,-0.296346,0.302005,0.1883996,0.007733858,0.03393099
esfera,pesos,0.2,-0.766450,0.593565,-0.245360,-0.766507,0.593517,-0.245366,0.4386599,0.5865072,0.2572772
esfera,pesos,0.5,-0.766450,0.593565,-0.245360,-0.766507,0.593517,-0.245366,0.4386599,0.5216365,0.228821
esfera,pesos,1.0,-0.766450,0.593565,-0.245360,-0.766507,0.593517,-0.245366,0.4773208,0.522691,0.254351
esfera,cor,0.0,-0.766450,0.593565,-0.245360,-0.766507,0.593517,-0.245366,0.03659508,0.005817916,0.3171923
esfera,cor,0.3,-0.766450,0.593565,-0.245360,-0.766507,0.593517,-0.245366,0.05847801,0.1583131,0.2313534
esfera,cor,1.0,-0.766450,0.593565,-0.245360,-0.766507,0.593517,-0.245366,0.06074355,0.2529779,0.1819163
esfera,pesos,0.2,-0.622773,0.782379,-0.002134,-0.622833,0.782352,-0.002120,0.4994665,0.4202533,0.2099025
esfera,pesos,0.5,-0.622773,0.782379,-0.002134,-0.622833,0.782352,-0.002120,0.4994665,0.4800718,0.2397798
esfera,pesos,1.0,-0.622773,0.782379,-0.002134,-0.622833,0.782352,-0.002120,0.4997019,0.500306,0.2500498
esfera,cor,0.0,-0.622773,0.782379,-0.002134,-0.622833,0.782352,-0.002120,0.008295212,0.1259246,0.1259246
esfera,cor,0.3,-0.622773,0.782379,-0.002134,-0.622833,0.782352,-0.002120,0.1225718,0.1602426,0.09259517
esfera,cor,1.0,-0.622773,0.782379,-0.002134,-0.622833,0.782352,-0.002120,0.1715779,0.1750069,0.07836572
esfera,pesos,0.2,-0.511940,0.849955,0.124347,-0.511955,0.849963,0.124357,0.5310867,0.3720151,0.1975722
esfera,pesos,0.5,-0.511940,0.849955,0.124347,-0.511955,0.849963,0.124357,0.5310867,0.4577514,0.2431056
esfera,pesos,1.0,-0.511940,0.849955,0.124347,-0.511955,0.849963,0.124357,0.5177771,0.5177804,0.2655034
esfera,cor,0.0,-0.511940,0.849955,0.124347,-0.511955,0.849963,0.124357,0.5896913,0.1337712,0.006171978
esfera,cor,0.3,-0.511940,0.849955,0.124347,-0.511955,0.849963,0.124357,0.6014808,0.1226011,0.006021059
esfera,cor,1.0,-0.511940,0.849955,0.124347,-0.511955,0.849963,0.124357,0.5937852,0.1034106,0.05545681
esfera,pesos,0.2,-0.409846,0.885266,0.219759,-0.409863,0.885272,0.219788,0.5549398,0.3975385,0.22061
esfera,pesos,0.5,-0.409846,0.885266,0.219759,-0.409863,0.885272,0.219788,0.5549398,0.4405773,0.2444939
esfera,pesos,1.0,-0.409846,0.885266,0.219759,-0.409863,0.885272,0.219788,0.5321037,0.5321111,0.2788176
esfera,cor,0.0,-0.409846,0.885266,0.219759,-0.409863,0.885272,0.219788,0.9409226,0.00545062,0.1376902
esfera,cor,0.3,-0.409846,0.885266,0.219759,-0.409863,0.885272,0.219788,0.9409226,0.00545062,0.1376902
esfera,cor,1.0,-0.409846,0.885266,0.219759,-0.409863,0.885272,0.219788,0.6535943,0.09574275,0.1267603
esfera,pesos,0.2,-0.312765,0.902069,0.297349,-0.312761,0.902082,0.297369,0.5743371,0.4218087,0.2422604
esfera,pesos,0.5,-0.312765,0.902069,0.297349,-0.312761,0.902082,0.297369,0.5743371,0.4263338,0.2448593
esfera,pesos,1.0,-0.312765,0.902069,0.297349,-0.312761,0.902082,0.297369,0.5443432,0.5443455,0.2908767
esfera,cor,0.0,-0.312765,0.902069,0.297349,-0.312761,0.902082,0.297369,0.05620481,0.9250715,0.0224855
esfera,cor,0.3,-0.312765,0.902069,0.297349,-0.312761,0.902082,0.297369,0.05620481,0.9250715,0.0224855
esfera,cor,1.0,-0.312765,0.902069,0.297349,-0.312761,0.902082,0.297369,0.10789,0.5597731,0.04300015
esfera,pesos,0.2,-0.219212,0.905854,0.362403,-0.219229,0.905862,0.362426,0.5906007,0.445197,0.2629337
esfera,pesos,0.5,-0.219212,0.905854,0.362403,-0.219229,0.905862,0.362426,0.5802015,0.4653131,0.2672597
esfera,pesos,1.0,-0.219212,0.905854,0.362403,-0.219229,0.905862,0.362426,0.5551739,0.5551791,0.3021529
esfera,cor,0.0,-0.219212,0.905854,0.362403,-0.219229,0.905862,0.362426,0.7944363,0.9699526,0.08833022
esfera,cor,0.3,-0.219212,0.905854,0.362403,-0.219229,0.905862,0.362426,0.7944363,0.9699526,0.08833022
esfera,cor,1.0,-0.219212,0.905854,0.362403,-0.219229,0.905862,0.362426,0.5407028,0.6374867,0.0640806
esfera,pesos,0.2,-0.128413,0.899468,0.417664,-0.128418,0.899462,0.417703,0.604416,0.4678969,0.2828043
esfera,pesos,0.5,-0.128413,0.899468,0.417664,-0.128418,0.899462,0.417703,0.5860889,0.5023941,0.2903702
esfera,pesos,1.0,-0.128413,0.899468,0.417664,-0.128418,0.899462,0.417703,0.5649685,0.5649766,0.3128867
esfera,cor,0.0,-0.128413,0.899468,0.417664,-0.128418,0.899462,0.417703,0.01331188,0.6074712,0.03256518
esfera,cor,0.3,-0.128413,0.899468,0.417664,-0.128418,0.899462,0.417703,0.01331188,0.6074712,0.03256518
esfera,cor,1.0,-0.128413,0.899468,0.417664,-0.128418,0.899462,0.417703,0.07998282,0.4018886,0.0403402
esfera,pesos,0.2,-0.039927,0.884546,0.464703,-0.039910,0.884556,0.464724,0.6161758,0.4900183,0.3019374
esfera,pesos,0.5,-0.039927,0.884546,0.464703,-0.039910,0.884556,0.464724,0.5923513,0.5336644,0.3116503
esfera,pesos,1.0,-0.039927,0.884546,0.464703,-0.039910,0.884556,0.464724,0.5739725,0.5739738,0.3232344
esfera,cor,0.0,-0.039927,0.884546,0.464703,-0.039910,0.884556,0.464724,0.01688692,0.07422657,0.09826114
esfera,cor,0.3,-0.039927,0.884546,0.464703,-0.039910,0.884556,0.464724,0.01688692,0.07422657,0.09826114
esfera,cor,1.0,-0.039927,0.884546,0.464703,-0.039910,0.884556,0.464724,0.1213177,0.05703883,0.1176016
esfera,pesos,0.2,0.046527,0.862122,0.504521,0.046525,0.862132,0.504544,0.6261303,0.5116318,0.3203482
esfera,pesos,0.5,0.046527,0.862122,0.504521,0.046525,0.862132,0.504544,0.5988394,0.5602314,0.3312504
esfera,pesos,1.0,0.046527,0.862122,0.504521,0.046525,0.862132,0.504544,0.576947,0.5911409,0.3349391
esfera,cor,0.0,0.046527,0.862122,0.504521,0.046525,0.862132,0.504544,0.04245262,0.1469521,0.002848794
esfera,cor,0.3,0.046527,0.862122,0.504521,0.046525,0.862132,0.504544,0.07571868,0.1426622,0.002849365
esfera,cor,1.0,0.046527,0.862122,0.504521,0.046525,0.862132,0.504544,0.2361609,0.119568,0.01388489
esfera,pesos,0.2,0.131123,0.832838,0.537731,0.131140,0.832838,0.537758,0.6344329,0.5327808,0.3380136
esfera,pesos,0.5,0.131123,0.832838,0.537731,0.131140,0.832838,0.537758,0.6054918,0.5827265,0.3492045
esfera,pesos,1.0,0.131123,0.832838,0.537731,0.131140,0.832838,0.537758,0.5745533,0.6109196,0.3451802
esfera,cor,0.0,0.131123,0.832838,0.537731,0.131140,0.832838,0.537758,0.2234284,0.1596916,0.03824058
esfera,cor,0.3,0.131123,0.832838,0.537731,0.131140,0.832838,0.537758,0.2292803,0.2763877,0.03453424
esfera,cor,1.0,0.131123,0.832838,0.537731,0.131140,0.832838,0.537758,0.2189471,0.4468271,0.1114759
esfera,pesos,0.2,0.213961,0.797064,0.564693,0.213983,0.797090,0.564676,0.634744,0.5641789,0.3572407
esfera,pesos,0.5,0.213961,0.797064,0.564693,0.213983,0.797090,0.564676,0.6122966,0.6014984,0.3654723
esfera,pesos,1.0,0.213961,0.797064,0.564693,0.213983,0.797090,0.564676,0.5714096,0.6255255,0.3522869
esfera,cor,0.0,0.213961,0.797064,0.564693,0.213983,0.797090,0.564676,0.2698242,0.02488984,0.3316296
esfera,cor,0.3,0.213961,0.797064,0.564693,0.213983,0.797090,0.564676,0.2289804,0.02155486,0.3137462
esfera,cor,1.0,0.213961,0.797064,0.564693,0.213983,0.797090,0.564676,0.1990468,0.01713515,0.2641893
esfera,pesos,0.2,0.295089,0.754979,0.585577,0.295119,0.754950,0.585624,0.6330151,0.5949535,0.3753597
esfera,pesos,0.5,0.295089,0.754979,0.585577,0.295119,0.754950,0.585624,0.6192559,0.6167364,0.3799635
esfera,pesos,1.0,0.295089,0.754979,0.585577,0.295119,0.754950,0.585624,0.5675673,0.6356794,0.3566079
esfera,cor,0.0,0.295089,0.754979,0.585577,0.295119,0.754950,0.585624,0.01378341,0.4889462,0.4889462
esfera,cor,0.3,0.295089,0.754979,0.585577,0.295119,0.754950,0.585624,0.2009714,0.3583419,0.3960638
esfera,cor,1.0,0.295089,0.754979,0.585577,0.295119,0.754950,0.585624,0.3262471,0.2447653,0.3082015
esfera,pesos,0.2,0.374507,0.706583,0.600385,0.374519,0.706572,0.600410,0.6333285,0.618278,0.3905944
esfera,pesos,0.5,0.374507,0.706583,0.600385,0.374519,0.706572,0.600410,0.6108646,0.6309432,0.383628
esfera,pesos,1.0,0.374507,0.706583,0.600385,0.374519,0.706572,0.600410,0.5630713,0.6417609,0.3583213
esfera,cor,0.0,0.374507,0.706583,0.600385,0.374519,0.706572,0.600410,0.536104,0.7054801,0.006767058
esfera,cor,0.3,0.374507,0.706583,0.600385,0.374519,0.706572,0.600410,0.4157869,0.4574383,0.02959454
esfera,cor,1.0,0.374507,0.706583,0.600385,0.374519,0.706572,0.600410,0.3191795,0.3113648,0.07352483
esfera,pesos,0.2,0.452168,0.651699,0.608945,0.452188,0.651700,0.608944,0.6359622,0.6337539,0.4025688
esfera,pesos,0.5,0.452168,0.651699,0.608945,0.452188,0.651700,0.608944,0.5882817,0.6404176,0.3753065
esfera,pesos,1.0,0.452168,0.651699,0.608945,0.452188,0.651700,0.608944,0.5579211,0.6439453,0.3574806
esfera,cor,0.0,0.452168,0.651699,0.608945,0.452188,0.651700,0.608944,0.9999142,0.003286743,0.5375897
esfera,cor,0.3,0.452168,0.651699,0.608945,0.452188,0.651700,0.608944,0.9059449,0.2588365,0.3716366
esfera,cor,1.0,0.452168,0.651699,0.608945,0.452188,0.651700,0.608944,0.7677423,0.2401894,0.4695081
esfera,pesos,0.2,0.527967,0.589941,0.610885,0.527984,0.589937,0.610906,0.6008144,0.6414638,0.3850881
esfera,pesos,0.5,0.527967,0.589941,0.610885,0.527984,0.589937,0.610906,0.5642891,0.6420147,0.3617981
esfera,pesos,1.0,0.527967,0.589941,0.610885,0.527984,0.589937,0.610906,0.552114,0.6421983,0.3540348
esfera,cor,0.0,0.527967,0.589941,0.610885,0.527984,0.589937,0.610906,0.002195124,0.3772992,0.1442033
esfera,cor,0.3,0.527967,0.589941,0.610885,0.527984,0.589937,0.610906,0.1320509,0.1895879,0.1032852
esfera,cor,1.0,0.527967,0.589941,0.610885,0.527984,0.589937,0.610906,0.1648268,0.1769628,0.09675835
esfera,pesos,0.2,0.601734,0.520683,0.605603,0.601752,0.520679,0.605630,0.518466,0.6323823,0.3281628
esfera,pesos,0.5,0.601734,0.520683,0.605603,0.601752,0.520679,0.605630,0.5388307,0.6353025,0.3428983
esfera,pesos,1.0,0.601734,0.520683,0.605603,0.601752,0.520679,0.605630,0.545619,0.636276,0.3478101
esfera,cor,0.0,0.601734,0.520683,0.605603,0.601752,0.520679,0.605630,0.1635783,0.00641565,0.0363032
esfera,cor,0.3,0.601734,0.520683,0.605603,0.601752,0.520679,0.605630,0.07779332,0.09081352,0.0910836
esfera,cor,1.0,0.601734,0.520683,0.605603,0.601752,0.520679,0.605630,0.06697463,0.09534625,0.120554
esfera,pesos,0.2,0.673192,0.442902,0.592114,0.673212,0.442912,0.592127,0.459458,0.6107254,0.2806027
esfera,pesos,0.5,0.673192,0.442902,0.592114,0.673212,0.442912,0.592127,0.5118012,0.6192574,0.318099
esfera,pesos,1.0,0.673192,0.442902,0.592114,0.673212,0.442912,0.592127,0.5383801,0.6256527,0.3384757
esfera,cor,0.0,0.673192,0.442902,0.592114,0.673212,0.442912,0.592127,0.04582202,0.318362,0.1507777
esfera,cor,0.3,0.673192,0.442902,0.592114,0.673212,0.442912,0.592127,0.06076589,0.2232172,0.234655
esfera,cor,1.0,0.673192,0.442902,0.592114,0.673212,0.442912,0.592127,0.08947012,0.1547582,0.3331003
esfera,pesos,0.2,0.741892,0.354938,0.568820,0.741911,0.354962,0.568832,0.4134619,0.5887345,0.2434193
esfera,pesos,0.5,0.741892,0.354938,0.568820,0.741911,0.354962,0.568832,0.4830226,0.5919029,0.2864068
esfera,pesos,1.0,0.741892,0.354938,0.568820,0.741911,0.354962,0.568832,0.5303037,0.6093496,0.3254471
esfera,cor,0.0,0.741892,0.354938,0.568820,0.741911,0.354962,0.568832,0.06697395,0.02938934,0.9512864
esfera,cor,0.3,0.741892,0.354938,0.568820,0.741911,0.354962,0.568832,0.3145125,0.2113048,0.7292559
esfera,cor,1.0,0.741892,0.354938,0.568820,0.741911,0.354962,0.568832,0.3661231,0.4533796,0.5777376
esfera,pesos,0.2,0.807070,0.253973,0.533007,0.807086,0.253991,0.533011,0.3667483,0.5634931,0.2066602
esfera,pesos,0.5,0.807070,0.253973,0.533007,0.807086,0.253991,0.533011,0.4657401,0.5634931,0.2624414
esfera,pesos,1.0,0.807070,0.253973,0.533007,0.807086,0.253991,0.533011,0.5212305,0.5855247,0.3076614
esfera,cor,0.0,0.807070,0.253973,0.533007,0.807086,0.253991,0.533011,0.6699879,0.004842552,2.676661e-05
esfera,cor,0.3,0.807070,0.253973,0.533007,0.807086,0.253991,0.533011,0.5652335,0.1101825,0.052407
esfera,cor,1.0,0.807070,0.253973,0.533007,0.807086,0.253991,0.533011,0.3493622,0.2577013,0.1297401
esfera,pesos,0.2,0.867235,0.134503,0.479375,0.867243,0.134492,0.479377,0.3801564,0.5336258,0.2028612
esfera,pesos,0.5,0.867235,0.134503,0.479375,0.867243,0.134492,0.479377,0.4515168,0.5336258,0.240941
esfera,pesos,1.0,0.867235,0.134503,0.479375,0.867243,0.134492,0.479377,0.5108821,0.5502597,0.2829303
esfera,cor,0.0,0.867235,0.134503,0.479375,0.867243,0.134492,0.479377,0.1394344,0.01055671,0.1734379
esfera,cor,0.3,0.867235,0.134503,0.479375,0.867243,0.134492,0.479377,0.1380377,0.01380635,0.1702814
esfera,cor,1.0,0.867235,0.134503,0.479375,0.867243,0.134492,0.479377,0.1537729,0.06451128,0.1181121
esfera,pesos,0.2,0.918651,-0.017265,0.394641,0.918672,-0.017244,0.394645,0.4013398,0.4956838,0.1989376
esfera,pesos,0.5,0.918651,-0.017265,0.394641,0.918672,-0.017244,0.394645,0.4344972,0.4956838,0.2153732
esfera,pesos,1.0,0.918651,-0.017265,0.394641,0.918672,-0.017244,0.394645,0.4987206,0.4987161,0.2484247
esfera,cor,0.0,0.918651,-0.017265,0.394641,0.918672,-0.017244,0.394645,0.06991645,0.5746126,0.04022069
esfera,cor,0.3,0.918651,-0.017265,0.394641,0.918672,-0.017244,0.394645,0.06991645,0.5746126,0.04022069
esfera,cor,1.0,0.918651,-0.017265,0.394641,0.918672,-0.017244,0.394645,0.04873888,0.4770932,0.252389
esfera,pesos,0.2,0.937234,-0.290237,0.193195,0.937253,-0.290224,0.193203,0.4517013,0.4274407,0.1930755
esfera,pesos,0.5,0.937234,-0.290237,0.193195,0.937253,-0.290224,0.193203,0.4517013,0.4274407,0.1930755
esfera,pesos,1.0,0.937234,-0.290237,0.193195,0.937253,-0.290224,0.193203,0.490134,0.4901293,0.2378197
esfera,cor,0.0,0.937234,-0.290237,0.193195,0.937253,-0.290224,0.193203,0.02773023,0.08769765,0.5441313
esfera,cor,0.3,0.937234,-0.290237,0.193195,0.937253,-0.290224,0.193203,0.02773023,0.08769765,0.5441313
esfera,cor,1.0,0.937234,-0.290237,0.193195,0.937253,-0.290224,0.193203,0.1454407,0.3208353,0.3797548
esfera,pesos,0.2,-0.587543,0.803394,-0.096648,-0.587546,0.803400,-0.096633,0.475838,0.3920731,0.1865632
esfera,pesos,0.5,-0.587543,0.803394,-0.096648,-0.587546,0.803400,-0.096633,0.4758379,0.4730181,0.2250799
esfera,pesos,1.0,-0.587543,0.803394,-0.096648,-0.587546,0.803400,-0.096633,0.4869492,0.5130469,0.2519145
esfera,cor,0.0,-0.587543,0.803394,-0.096648,-0.587546,0.803400,-0.096633,0.7126299,0.02917442,0.02917442
esfera,cor,0.3,-0.587543,0.803394,-0.096648,-0.587546,0.803400,-0.096633,0.5892641,0.02475467,0.03420131
esfera,cor,1.0,-0.587543,0.803394,-0.096648,-0.587546,0.803400,-0.096633,0.4775456,0.02028792,0.03788403
esfera,pesos,0.2,-0.474408,0.879460,0.038008,-0.474446,0.879464,0.038004,0.5095021,0.3813979,0.194323
esfera,pesos,0.5,-0.474408,0.879460,0.038008,-0.474446,0.879464,0.038004,0.5095021,0.4493802,0.2289602
esfera,pesos,1.0,-0.474408,0.879460,0.038008,-0.474446,0.879464,0.038004,0.5060045,0.5060087,0.2552947
esfera,cor,0.0,-0.474408,0.879460,0.038008,-0.474446,0.879464,0.038004,0.4920738,0.0006521372,0.2629338
esfera,cor,0.3,-0.474408,0.879460,0.038008,-0.474446,0.879464,0.038004,0.4917648,0.0006519966,0.2630814
esfera,cor,1.0,-0.474408,0.879460,0.038008,-0.474446,0.879464,0.038004,0.4052485,0.002421131,0.3011453
esfera,pesos,0.2,-0.371348,0.918340,0.136857,-0.371379,0.918337,0.136877,0.5342144,0.407163,0.2175123
esfera,pesos,0.5,-0.371348,0.918340,0.136857,-0.371379,0.918337,0.136877,0.5342144,0.4316377,0.2305871
esfera,pesos,1.0,-0.371348,0.918340,0.136857,-0.371379,0.918337,0.136877,0.5220242,0.5220333,0.2699839
esfera,cor,0.0,-0.371348,0.918340,0.136857,-0.371379,0.918337,0.136877,0.102725,0.00109709,0.4000736
esfera,cor,0.3,-0.371348,0.918340,0.136857,-0.371379,0.918337,0.136877,0.102725,0.00109709,0.4000736
esfera,cor,1.0,-0.371348,0.918340,0.136857,-0.371379,0.918337,0.136877,0.09643108,0.0035585,0.2746366
esfera,pesos,0.2,-0.273725,0.937148,0.216378,-0.273757,0.937143,0.216379,0.5540944,0.4315689,0.2391299
esfera,pesos,0.5,-0.273725,0.937148,0.216378,-0.273757,0.937143,0.216379,0.5540944,0.4315689,0.2391299
esfera,pesos,1.0,-0.273725,0.937148,0.216378,-0.273757,0.937143,0.216379,0.5355192,0.5355239,0.2830913
esfera,cor,0.0,-0.273725,0.937148,0.216378,-0.273757,0.937143,0.216379,0.004632789,0.0363569,0.3991177
esfera,cor,0.3,-0.273725,0.937148,0.216378,-0.273757,0.937143,0.216379,0.004632789,0.0363569,0.3991177
esfera,cor,1.0,-0.273725,0.937148,0.216378,-0.273757,0.937143,0.216379,0.1792736,0.03052002,0.4850394
esfera,pesos,0.2,-0.179827,0.942203,0.282655,-0.179866,0.942204,0.282664,0.5706638,0.4550433,0.2596767
esfera,pesos,0.5,-0.179827,0.942203,0.282655,-0.179866,0.942204,0.282664,0.5706638,0.4550433,0.2596767
esfera,pesos,1.0,-0.179827,0.942203,0.282655,-0.179866,0.942204,0.282664,0.5473983,0.5474047,0.2952711
esfera,cor,0.0,-0.179827,0.942203,0.282655,-0.179866,0.942204,0.282664,0.4230435,0.02366737,0.02366737
esfera,cor,0.3,-0.179827,0.942203,0.282655,-0.179866,0.942204,0.282664,0.4230435,0.02366737,0.02366737
esfera,cor,1.0,-0.179827,0.942203,0.282655,-0.179866,0.942204,0.282664,0.4463222,0.07073722,0.2137369
esfera,pesos,0.2,-0.088797,0.936671,0.338737,-0.088786,0.936684,0.338733,0.5846843,0.4778008,0.2793626
esfera,pesos,0.5,-0.088797,0.936671,0.338737,-0.088786,0.936684,0.338733,0.5813525,0.4857923,0.281589
esfera,pesos,1.0,-0.088797,0.936671,0.338737,-0.088786,0.936684,0.338733,0.558145,0.5581421,0.3068526
esfera,cor,0.0,-0.088797,0.936671,0.338737,-0.088786,0.936684,0.338733,0.1153062,0.4804214,0.1049236
esfera,cor,0.3,-0.088797,0.936671,0.338737,-0.088786,0.936684,0.338733,0.1153062,0.4804214,0.1049236
esfera,cor,1.0,-0.088797,0.936671,0.338737,-0.088786,0.936684,0.338733,0.1099812,0.4451368,0.344743
esfera,pesos,0.2,-0.000151,0.922337,0.386344,-0.000143,0.922336,0.386388,0.5965862,0.4999622,0.2982705
esfera,pesos,0.5,-0.000151,0.922337,0.386344,-0.000143,0.922336,0.386388,0.5878436,0.520829,0.3043321
esfera,pesos,1.0,-0.000151,0.922337,0.386344,-0.000143,0.922336,0.386388,0.568062,0.5680689,0.3180627
esfera,cor,0.0,-0.000151,0.922337,0.386344,-0.000143,0.922336,0.386388,0.5722965,0.1278679,0.02182809
esfera,cor,0.3,-0.000151,0.922337,0.386344,-0.000143,0.922336,0.386388,0.5722965,0.1278679,0.02182809
esfera,cor,1.0,-0.000151,0.922337,0.386344,-0.000143,0.922336,0.386388,0.461113,0.1040602,0.07789463
esfera,pesos,0.2,0.086410,0.900310,0.426543,0.086425,0.900319,0.426563,0.6066359,0.5216026,0.3164228
esfera,pesos,0.5,0.086410,0.900310,0.426543,0.086425,0.900319,0.426563,0.5944799,0.5506905,0.3252545
esfera,pesos,1.0,0.086410,0.900310,0.426543,0.086425,0.900319,0.426563,0.5679294,0.5954579,0.3331609
esfera,cor,0.0,0.086410,0.900310,0.426543,0.086425,0.900319,0.426563,0.2061676,0.0045843,0.6224139
esfera,cor,0.3,0.086410,0.900310,0.426543,0.086425,0.900319,0.426563,0.2061676,0.0045843,0.6224139
esfera,cor,1.0,0.086410,0.900310,0.426543,0.086425,0.900319,0.426563,0.1686779,0.06386312,0.4069456
esfera,pesos,0.2,0.171073,0.871274,0.459993,0.171093,0.871252,0.460051,0.6149982,0.5427684,0.3338016
esfera,pesos,0.5,0.171073,0.871274,0.459993,0.171093,0.871252,0.460051,0.601193,0.5762255,0.344468
esfera,pesos,1.0,0.171073,0.871274,0.459993,0.171093,0.871252,0.460051,0.5666886,0.6163055,0.3443492
esfera,cor,0.0,0.171073,0.871274,0.459993,0.171093,0.871252,0.460051,0.07648145,0.1846786,0.8736809
esfera,cor,0.3,0.171073,0.871274,0.459993,0.171093,0.871252,0.460051,0.07648145,0.1846786,0.8736809
esfera,cor,1.0,0.171073,0.871274,0.459993,0.171093,0.871252,0.460051,0.1051678,0.2468425,0.6384985
esfera,pesos,0.2,0.253941,0.835611,0.487062,0.253969,0.835631,0.487053,0.6217654,0.5634853,0.3503556
esfera,pesos,0.5,0.253941,0.835611,0.487062,0.253969,0.835631,0.487053,0.6079844,0.5978709,0.361966
esfera,pesos,1.0,0.253941,0.835611,0.487062,0.253969,0.835631,0.487053,0.5645335,0.631831,0.3522788
esfera,cor,0.0,0.253941,0.835611,0.487062,0.253969,0.835631,0.487053,0.0258281,0.2890607,0.05644988
esfera,cor,0.3,0.253941,0.835611,0.487062,0.253969,0.835631,0.487053,0.02675863,0.3056006,0.08951461
esfera,cor,1.0,0.253941,0.835611,0.487062,0.253969,0.835631,0.487053,0.1497483,0.3357093,0.368942
esfera,pesos,0.2,0.335068,0.793523,0.507944,0.335093,0.793539,0.507946,0.6269859,0.5837671,0.3660137
esfera,pesos,0.5,0.335068,0.793523,0.507944,0.335093,0.793539,0.507946,0.6120436,0.6167538,0.3762604
esfera,pesos,1.0,0.335068,0.793523,0.507944,0.335093,0.793539,0.507946,0.5615708,0.6428072,0.3573464
esfera,cor,0.0,0.335068,0.793523,0.507944,0.335093,0.793539,0.507946,0.006742636,0.1464903,0.00221999
esfera,cor,0.3,0.335068,0.793523,0.507944,0.335093,0.793539,0.507946,0.04295247,0.1271015,0.00763551
esfera,cor,1.0,0.335068,0.793523,0.507944,0.335093,0.793539,0.507946,0.1456585,0.1110646,0.02204503
esfera,pesos,0.2,0.414454,0.745005,0.522633,0.414449,0.745025,0.522657,0.6289959,0.6086929,0.3827364
esfera,pesos,0.5,0.414454,0.745005,0.522633,0.414449,0.745025,0.522657,0.592871,0.6360683,0.3752101
esfera,pesos,1.0,0.414454,0.745005,0.522633,0.414449,0.745025,0.522657,0.5578711,0.6496505,0.3597571
esfera,cor,0.0,0.414454,0.745005,0.522633,0.414449,0.745025,0.522657,0.2570162,0.007021319,0.002714561
esfera,cor,0.3,0.414454,0.745005,0.522633,0.414449,0.745025,0.522657,0.3821553,0.1090867,0.005317287
esfera,cor,1.0,0.414454,0.745005,0.522633,0.414449,0.745025,0.522657,0.592755,0.2660644,0.04070964
esfera,pesos,0.2,0.492052,0.689889,0.530970,0.492048,0.689906,0.530960,0.6282213,0.6319467,0.3968192
esfera,pesos,0.5,0.492052,0.689889,0.530970,0.492048,0.689906,0.530960,0.5721533,0.6474005,0.3688932
esfera,pesos,1.0,0.492052,0.689889,0.530970,0.492048,0.689906,0.530960,0.5534639,0.6525518,0.3595846
esfera,cor,0.0,0.492052,0.689889,0.530970,0.492048,0.689906,0.530960,0.3101343,0.05531778,0.3335505
esfera,cor,0.3,0.492052,0.689889,0.530970,0.492048,0.689906,0.530960,0.2914098,0.08551523,0.2574715
esfera,cor,1.0,0.492052,0.689889,0.530970,0.492048,0.689906,0.530960,0.2610317,0.09031982,0.2263194
esfera,pesos,0.2,0.567741,0.627728,0.532521,0.567748,0.627737,0.532549,0.5546737,0.6487907,0.3592284
esfera,pesos,0.5,0.567741,0.627728,0.532521,0.567748,0.627737,0.532549,0.549941,0.6508107,0.3573983
esfera,pesos,1.0,0.567741,0.627728,0.532521,0.567748,0.627737,0.532549,0.5483634,0.6514841,0.3567883
esfera,cor,0.0,0.567741,0.627728,0.532521,0.567748,0.627737,0.532549,0.1116773,0.4222876,0.6532873
esfera,cor,0.3,0.567741,0.627728,0.532521,0.567748,0.627737,0.532549,0.0871867,0.2091537,0.3287939
esfera,cor,1.0,0.567741,0.627728,0.532521,0.567748,0.627737,0.532549,0.07843404,0.1676453,0.2695162
esfera,pesos,0.2,0.641352,0.557894,0.526685,0.641378,0.557847,0.526727,0.4772414,0.6449504,0.3086426
esfera,pesos,0.5,0.641352,0.557894,0.526685,0.641378,0.557847,0.526727,0.52623,0.6459005,0.3405699
esfera,pesos,1.0,0.641352,0.557894,0.526685,0.641378,0.557847,0.526727,0.5425597,0.6462172,0.3512123
esfera,cor,0.0,0.641352,0.557894,0.526685,0.641378,0.557847,0.526727,0.5515823,0.3512839,0.03610077
esfera,cor,0.3,0.641352,0.557894,0.526685,0.641378,0.557847,0.526727,0.3169633,0.3335252,0.2402215
esfera,cor,1.0,0.641352,0.557894,0.526685,0.641378,0.557847,0.526727,0.2548664,0.3406722,0.2805078
esfera,pesos,0.2,0.712576,0.479247,0.512362,0.712595,0.479254,0.512370,0.3998889,0.6198117,0.2478559
esfera,pesos,0.5,0.712576,0.479247,0.512362,0.712595,0.479254,0.512370,0.5009793,0.6316555,0.3179519
esfera,pesos,1.0,0.712576,0.479247,0.512362,0.712595,0.479254,0.512370,0.5360205,0.6362157,0.342535
esfera,cor,0.0,0.712576,0.479247,0.512362,0.712595,0.479254,0.512370,0.0770342,0.3092772,0.5409752
esfera,cor,0.3,0.712576,0.479247,0.512362,0.712595,0.479254,0.512370,0.05625991,0.2372874,0.506418
esfera,cor,1.0,0.712576,0.479247,0.512362,0.712595,0.479254,0.512370,0.03432477,0.1645937,0.4426211
esfera,pesos,0.2,0.780930,0.390004,0.487837,0.780954,0.389990,0.487872,0.3780408,0.597501,0.2258797
esfera,pesos,0.5,0.780930,0.390004,0.487837,0.780954,0.389990,0.487872,0.4740717,0.6060773,0.2885923
esfera,pesos,1.0,0.780930,0.390004,0.487837,0.780954,0.389990,0.487872,0.5286752,0.6204778,0.3301745
esfera,cor,0.0,0.780930,0.390004,0.487837,0.780954,0.389990,0.487872,0.4588994,0.03077145,0.2956518
esfera,cor,0.3,0.780930,0.390004,0.487837,0.780954,0.389990,0.487872,0.4588994,0.06035462,0.2643055
esfera,cor,1.0,0.780930,0.390004,0.487837,0.780954,0.389990,0.487872,0.3832701,0.2006329,0.1492043
esfera,pesos,0.2,0.845565,0.287038,0.450096,0.845602,0.287002,0.450097,0.3874759,0.5717595,0.221543
esfera,pesos,0.5,0.845565,0.287038,0.450096,0.845602,0.287002,0.450097,0.45056,0.5717595,0.2576119
esfera,pesos,1.0,0.845565,0.287038,0.450096,0.845602,0.287002,0.450097,0.5204022,0.5970799,0.3130542
esfera,cor,0.0,0.845565,0.287038,0.450096,0.845602,0.287002,0.450097,0.40726,0.5397477,0.004318526
esfera,cor,0.3,0.845565,0.287038,0.450096,0.845602,0.287002,0.450097,0.40726,0.5397477,0.004318526
esfera,cor,1.0,0.845565,0.287038,0.450096,0.845602,0.287002,0.450097,0.3935561,0.3486083,0.2076819
esfera,pesos,0.2,0.904758,0.163980,0.393010,0.904804,0.163946,0.393002,0.4017476,0.540995,0.2173434
esfera,pesos,0.5,0.904758,0.163980,0.393010,0.904804,0.163946,0.393002,0.4360218,0.540995,0.2358856
esfera,pesos,1.0,0.904758,0.163980,0.393010,0.904804,0.163946,0.393002,0.5110154,0.5617658,0.288883
esfera,cor,0.0,0.904758,0.163980,0.393010,0.904804,0.163946,0.393002,0.1055389,0.05987208,0.9280985
esfera,cor,0.3,0.904758,0.163980,0.393010,0.904804,0.163946,0.393002,0.1055389,0.05987208,0.9280985
esfera,cor,1.0,0.904758,0.163980,0.393010,0.904804,0.163946,0.393002,0.3218439,0.03994014,0.6346895
esfera,pesos,0.2,0.953875,0.003724,0.300102,0.953903,0.003730,0.300090,0.4249744,0.5009311,0.2128829
esfera,pesos,0.5,0.953875,0.003724,0.300102,0.953903,0.003730,0.300090,0.4249744,0.5009311,0.2128829
esfera,pesos,1.0,0.953875,0.003724,0.300102,0.953903,0.003730,0.300090,0.5002185,0.5016355,0.2509801
esfera,cor,0.0,0.953875,0.003724,0.300102,0.953903,0.003730,0.300090,0.03751286,0.4779468,0.4779468
esfera,cor,0.3,0.953875,0.003724,0.300102,0.953903,0.003730,0.300090,0.03751286,0.4779468,0.4779468
esfera,cor,1.0,0.953875,0.003724,0.300102,0.953903,0.003730,0.300090,0.07640748,0.3759847,0.476574
esfera,pesos,0.2,-0.558469,0.801680,-0.213049,-0.558461,0.801708,-0.213038,0.4467378,0.3783746,0.1690342
esfera,pesos,0.5,-0.558469,0.801680,-0.213049,-0.558461,0.801708,-0.213038,0.4467378,0.4695906,0.2097839
esfera,pesos,1.0,-0.558469,0.801680,-0.213049,-0.558461,0.801708,-0.213038,0.4728569,0.5271367,0.2537862
esfera,cor,0.0,-0.558469,0.801680,-0.213049,-0.558461,0.801708,-0.213038,0.2998741,0.03593385,0.3614604
esfera,cor,0.3,-0.558469,0.801680,-0.213049,-0.558461,0.801708,-0.213038,0.2573431,0.03322709,0.3316215
esfera,cor,1.0,-0.558469,0.801680,-0.213049,-0.558461,0.801708,-0.213038,0.2134415,0.02825623,0.2677544
esfera,pesos,0.2,-0.440484,0.895653,-0.061149,-0.440528,0.895653,-0.061161,0.4847128,0.389879,0.1889793
esfera,pesos,0.5,-0.440484,0.895653,-0.061149,-0.440528,0.895653,-0.061161,0.4847128,0.4431187,0.2147853
esfera,pesos,1.0,-0.440484,0.895653,-0.061149,-0.440528,0.895653,-0.061161,0.4902019,0.5098077,0.2510839
esfera,cor,0.0,-0.440484,0.895653,-0.061149,-0.440528,0.895653,-0.061161,0.005868918,0.0009780622,0.1859386
esfera,cor,0.3,-0.440484,0.895653,-0.061149,-0.440528,0.895653,-0.061161,0.005868918,0.0009780622,0.1859386
esfera,cor,1.0,-0.440484,0.895653,-0.061149,-0.440528,0.895653,-0.061161,0.005440093,0.01613947,0.1972469
esfera,pesos,0.2,-0.335688,0.940940,0.043869,-0.335690,0.940951,0.043851,0.5109674,0.416078,0.2126023
esfera,pesos,0.5,-0.335688,0.940940,0.043869,-0.335690,0.940951,0.043851,0.5109674,0.4243426,0.2168252
esfera,pesos,1.0,-0.335688,0.940940,0.043869,-0.335690,0.940951,0.043851,0.5078163,0.5078112,0.2571582
esfera,cor,0.0,-0.335688,0.940940,0.043869,-0.335690,0.940951,0.043851,0.008590405,0.04316042,0.1333687
esfera,cor,0.3,-0.335688,0.940940,0.043869,-0.335690,0.940951,0.043851,0.008590405,0.04316042,0.1333687
esfera,cor,1.0,-0.335688,0.940940,0.043869,-0.335690,0.940951,0.043851,0.01096169,0.1912435,0.3254626
esfera,pesos,0.2,-0.237137,0.963170,0.126684,-0.237149,0.963176,0.126698,0.5316711,0.4407157,0.2343158
esfera,pesos,0.5,-0.237137,0.963170,0.126684,-0.237149,0.963176,0.126698,0.5316711,0.4407157,0.2343158
esfera,pesos,1.0,-0.237137,0.963170,0.126684,-0.237149,0.963176,0.126698,0.5229871,0.5229914,0.2716264
esfera,cor,0.0,-0.237137,0.963170,0.126684,-0.237149,0.963176,0.126698,0.001541592,0.1205632,0.04946987
esfera,cor,0.3,-0.237137,0.963170,0.126684,-0.237149,0.963176,0.126698,0.001541592,0.1205632,0.04946987
esfera,cor,1.0,-0.237137,0.963170,0.126684,-0.237149,0.963176,0.126698,0.004720103,0.08815798,0.1736957
esfera,pesos,0.2,-0.142661,0.970360,0.195019,-0.142658,0.970365,0.195037,0.5487547,0.4643347,0.2548058
esfera,pesos,0.5,-0.142661,0.970360,0.195019,-0.142658,0.970365,0.195037,0.5487547,0.4643347,0.2548058
esfera,pesos,1.0,-0.142661,0.970360,0.195019,-0.142658,0.970365,0.195037,0.5361673,0.5361705,0.2848788
esfera,cor,0.0,-0.142661,0.970360,0.195019,-0.142658,0.970365,0.195037,0.01306116,0.1294481,0.007089424
esfera,cor,0.3,-0.142661,0.970360,0.195019,-0.142658,0.970365,0.195037,0.01306116,0.1294481,0.007089424
esfera,cor,1.0,-0.142661,0.970360,0.195019,-0.142658,0.970365,0.195037,0.1183839,0.09806757,0.06767073
esfera,pesos,0.2,-0.051250,0.966235,0.252456,-0.051247,0.966247,0.252470,0.5631141,0.4871876,0.2743422
esfera,pesos,0.5,-0.051250,0.966235,0.252456,-0.051247,0.966247,0.252470,0.5631141,0.4871876,0.2743422
esfera,pesos,1.0,-0.051250,0.966235,0.252456,-0.051247,0.966247,0.252470,0.5480198,0.5480216,0.2974054
esfera,cor,0.0,-0.051250,0.966235,0.252456,-0.051247,0.966247,0.252470,0.1322733,0.1565777,0.02640178
esfera,cor,0.3,-0.051250,0.966235,0.252456,-0.051247,0.966247,0.252470,0.1322733,0.1565777,0.02640178
esfera,cor,1.0,-0.051250,0.966235,0.252456,-0.051247,0.966247,0.252470,0.1040448,0.1654602,0.1317154
esfera,pesos,0.2,0.037658,0.952873,0.300998,0.037690,0.952872,0.301022,0.5752496,0.5094146,0.2930405
esfera,pesos,0.5,0.037658,0.952873,0.300998,0.037690,0.952872,0.301022,0.5752496,0.5094146,0.2930405
esfera,pesos,1.0,0.037658,0.952873,0.300998,0.037690,0.952872,0.301022,0.555514,0.5694172,0.3129879
esfera,cor,0.0,0.037658,0.952873,0.300998,0.037690,0.952872,0.301022,0.20396,0.00636333,0.1217291
esfera,cor,0.3,0.037658,0.952873,0.300998,0.037690,0.952872,0.301022,0.20396,0.00636333,0.1217291
esfera,cor,1.0,0.037658,0.952873,0.300998,0.037690,0.952872,0.301022,0.1914761,0.006508497,0.2389315
esfera,pesos,0.2,0.124392,0.931481,0.341809,0.124423,0.931490,0.341826,0.5854521,0.5310981,0.3109325
esfera,pesos,0.5,0.124392,0.931481,0.341809,0.124423,0.931490,0.341826,0.5834461,0.5385448,0.3138221
esfera,pesos,1.0,0.124392,0.931481,0.341809,0.124423,0.931490,0.341826,0.556946,0.5984039,0.3294456
esfera,cor,0.0,0.124392,0.931481,0.341809,0.124423,0.931490,0.341826,0.1361316,0.04991599,0.2756136
esfera,cor,0.3,0.124392,0.931481,0.341809,0.124423,0.931490,0.341826,0.1361316,0.04991599,0.2756136
esfera,cor,1.0,0.124392,0.931481,0.341809,0.124423,0.931490,0.341826,0.3263154,0.03776338,0.3120624
esfera,pesos,0.2,0.209162,0.902839,0.375638,0.209190,0.902838,0.375664,0.5939094,0.5522904,0.3280105
esfera,pesos,0.5,0.209162,0.902839,0.375638,0.209190,0.902838,0.375664,0.5902609,0.5674929,0.3343917
esfera,pesos,1.0,0.209162,0.902839,0.375638,0.209190,0.902838,0.375664,0.55699,0.6204665,0.3417082
esfera,cor,0.0,0.209162,0.902839,0.375638,0.209190,0.902838,0.375664,0.0244453,0.3774024,0.1877584
esfera,cor,0.3,0.209162,0.902839,0.375638,0.209190,0.902838,0.375664,0.0244453,0.3774024,0.1877584
esfera,cor,1.0,0.209162,0.902839,0.375638,0.209190,0.902838,0.375664,0.04239424,0.2754304,0.1366321
esfera,pesos,0.2,0.292082,0.867368,0.402892,0.292097,0.867372,0.402921,0.6007228,0.5730206,0.3442266
esfera,pesos,0.5,0.292082,0.867368,0.402892,0.292097,0.867372,0.402921,0.5970004,0.5923466,0.3531677
esfera,pesos,1.0,0.292082,0.867368,0.402892,0.292097,0.867372,0.402921,0.5559174,0.6369985,0.3505412
esfera,cor,0.0,0.292082,0.867368,0.402892,0.292097,0.867372,0.402921,0.5249696,0.3014111,0.008388232
esfera,cor,0.3,0.292082,0.867368,0.402892,0.292097,0.867372,0.402921,0.5249696,0.3014111,0.008388232
esfera,cor,1.0,0.292082,0.867368,0.402892,0.292097,0.867372,0.402921,0.3703405,0.1959107,0.1279081
esfera,pesos,0.2,0.373212,0.825290,0.423783,0.373219,0.825285,0.423808,0.6059457,0.593303,0.3595094
esfera,pesos,0.5,0.373212,0.825290,0.423783,0.373219,0.825285,0.423808,0.5880898,0.6190969,0.3625272
esfera,pesos,1.0,0.373212,0.825290,0.423783,0.373219,0.825285,0.423808,0.5538965,0.6488284,0.3563913
esfera,cor,0.0,0.373212,0.825290,0.423783,0.373219,0.825285,0.423808,0.5363902,0.0003487977,0.7236576
esfera,cor,0.3,0.373212,0.825290,0.423783,0.373219,0.825285,0.423808,0.5363902,0.0003487977,0.7236576
esfera,cor,1.0,0.373212,0.825290,0.423783,0.373219,0.825285,0.423808,0.3880135,0.04972235,0.4240716
esfera,pesos,0.2,0.452543,0.776574,0.438281,0.452561,0.776591,0.438286,0.6095704,0.6131359,0.3737495
esfera,pesos,0.5,0.452543,0.776574,0.438281,0.452561,0.776591,0.438286,0.5710077,0.6403263,0.363556
esfera,pesos,1.0,0.452543,0.776574,0.438281,0.452561,0.776591,0.438286,0.5510303,0.656415,0.359496
esfera,cor,0.0,0.452543,0.776574,0.438281,0.452561,0.776591,0.438286,0.2227611,0.1636849,0.993245
esfera,cor,0.3,0.452543,0.776574,0.438281,0.452561,0.776591,0.438286,0.2325718,0.1719319,0.9241753
esfera,cor,1.0,0.452543,0.776574,0.438281,0.452561,0.776591,0.438286,0.2498598,0.2545583,0.4833783
esfera,pesos,0.2,0.530031,0.721051,0.446226,0.530030,0.721076,0.446226,0.5851741,0.6381547,0.3723207
esfera,pesos,0.5,0.530031,0.721051,0.446226,0.530030,0.721076,0.446226,0.5522274,0.6534211,0.3592445
esfera,pesos,1.0,0.530031,0.721051,0.446226,0.530030,0.721076,0.446226,0.5473925,0.6599752,0.3599637
esfera,cor,0.0,0.530031,0.721051,0.446226,0.530030,0.721076,0.446226,0.02958899,0.02179773,0.1315342
esfera,cor,0.3,0.530031,0.721051,0.446226,0.530030,0.721076,0.446226,0.05212972,0.01769797,0.1028936
esfera,cor,1.0,0.530031,0.721051,0.446226,0.530030,0.721076,0.446226,0.08044386,0.02736028,0.06252453
esfera,pesos,0.2,0.605550,0.658258,0.447170,0.605539,0.658285,0.447194,0.5233286,0.6566011,0.3429136
esfera,pesos,0.5,0.605550,0.658258,0.447170,0.605539,0.658285,0.447194,0.531839,0.6584789,0.3497182
esfera,pesos,1.0,0.605550,0.658258,0.447170,0.605539,0.658285,0.447194,0.5430131,0.6594948,0.3577656
esfera,cor,0.0,0.605550,0.658258,0.447170,0.605539,0.658285,0.447194,0.03994415,0.2725003,0.07566309
esfera,cor,0.3,0.605550,0.658258,0.447170,0.605539,0.658285,0.447194,0.3285451,0.1622397,0.0865784
esfera,cor,1.0,0.605550,0.658258,0.447170,0.605539,0.658285,0.447194,0.2793761,0.2937107,0.06920448
esfera,pesos,0.2,0.678900,0.587461,0.440406,0.678932,0.587423,0.440438,0.4602195,0.6541653,0.3021539
esfera,pesos,0.5,0.678900,0.587461,0.440406,0.678932,0.587423,0.440438,0.5098737,0.6551043,0.3348463
esfera,pesos,1.0,0.678900,0.587461,0.440406,0.678932,0.587423,0.440438,0.5378945,0.6547328,0.3527453
esfera,cor,0.0,0.678900,0.587461,0.440406,0.678932,0.587423,0.440438,0.09466575,0.4028094,0.0009935908
esfera,cor,0.3,0.678900,0.587461,0.440406,0.678932,0.587423,0.440438,0.08972371,0.3612032,0.1898036
esfera,cor,1.0,0.678900,0.587461,0.440406,0.678932,0.587423,0.440438,0.07769067,0.3650832,0.1787354
esfera,pesos,0.2,0.749742,0.507407,0.424729,0.749752,0.507423,0.424728,0.3976635,0.6279489,0.2499411
esfera,pesos,0.5,0.749742,0.507407,0.424729,0.749752,0.507423,0.424728,0.4863672,0.6422545,0.3142171
esfera,pesos,1.0,0.749742,0.507407,0.424729,0.749752,0.507423,0.424728,0.532034,0.6451296,0.3445862
esfera,cor,0.0,0.749742,0.507407,0.424729,0.749752,0.507423,0.424728,0.1285477,0.04801981,0.2578817
esfera,cor,0.3,0.749742,0.507407,0.424729,0.749752,0.507423,0.424728,0.2566441,0.0573746,0.2117903
esfera,cor,1.0,0.749742,0.507407,0.424729,0.749752,0.507423,0.424728,0.3668886,0.06157636,0.1800835
esfera,pesos,0.2,0.817525,0.416056,0.398173,0.817540,0.416043,0.398166,0.4004566,0.604014,0.2418814
esfera,pesos,0.5,0.817525,0.416056,0.398173,0.817540,0.416043,0.398166,0.4612556,0.6178064,0.286874
esfera,pesos,1.0,0.817525,0.416056,0.398173,0.817540,0.416043,0.398166,0.5253785,0.6296044,0.3326785
esfera,cor,0.0,0.817525,0.416056,0.398173,0.817540,0.416043,0.398166,0.2210732,0.06731323,0.02093659
esfera,cor,0.3,0.817525,0.416056,0.398173,0.817540,0.416043,0.398166,0.2210732,0.06731323,0.02093659
esfera,cor,1.0,0.817525,0.416056,0.398173,0.817540,0.416043,0.398166,0.1996063,0.07119577,0.01206138
esfera,pesos,0.2,0.881222,0.309627,0.357098,0.881255,0.309633,0.357095,0.4107255,0.5774066,0.2371556
esfera,pesos,0.5,0.881222,0.309627,0.357098,0.881255,0.309633,0.357095,0.434484,0.5774153,0.250879
esfera,pesos,1.0,0.881222,0.309627,0.357098,0.881255,0.309633,0.357095,0.5178548,0.6059899,0.3158561
esfera,cor,0.0,0.881222,0.309627,0.357098,0.881255,0.309633,0.357095,0.004123138,0.3023101,0.02887099
esfera,cor,0.3,0.881222,0.309627,0.357098,0.881255,0.309633,0.357095,0.004123138,0.3023101,0.02887099
esfera,cor,1.0,0.881222,0.309627,0.357098,0.881255,0.309633,0.357095,0.03925458,0.1921367,0.1637314
esfera,pesos,0.2,0.938685,0.180182,0.293860,0.938714,0.180184,0.293853,0.4265349,0.5450455,0.2324809
esfera,pesos,0.5,0.938685,0.180182,0.293860,0.938714,0.180184,0.293853,0.4265349,0.5450455,0.2324809
esfera,pesos,1.0,0.938685,0.180182,0.293860,0.938714,0.180184,0.293853,0.5093671,0.5692307,0.2914976
esfera,cor,0.0,0.938685,0.180182,0.293860,0.938714,0.180184,0.293853,0.5800998,0.03391855,0.3666503
esfera,cor,0.3,0.938685,0.180182,0.293860,0.938714,0.180184,0.293853,0.5800998,0.03391855,0.3666503
esfera,cor,1.0,0.938685,0.180182,0.293860,0.938714,0.180184,0.293853,0.5627801,0.2369781,0.2682313
esfera,pesos,0.2,0.982960,0.002051,0.183741,0.982971,0.002031,0.183749,0.4540647,0.5005128,0.2272652
esfera,pesos,0.5,0.982960,0.002051,0.183741,0.982971,0.002031,0.183749,0.4540647,0.5005128,0.2272652
esfera,pesos,1.0,0.982960,0.002051,0.183741,0.982971,0.002031,0.183749,0.5000811,0.5009391,0.2505297
esfera,cor,0.0,0.982960,0.002051,0.183741,0.982971,0.002031,0.183749,0.3904659,0.4975484,0.0168509
esfera,cor,0.3,0.982960,0.002051,0.183741,0.982971,0.002031,0.183749,0.3904659,0.4975484,0.0168509
esfera,cor,1.0,0.982960,0.002051,0.183741,0.982971,0.002031,0.183749,0.3533401,0.4212415,0.09297606
esfera,pesos,0.2,-0.542850,0.750296,-0.377278,-0.542915,0.750276,-0.377265,0.4056805,0.3963348,0.1607853
esfera,pesos,0.5,-0.542850,0.750296,-0.377278,-0.542915,0.750276,-0.377265,0.4205439,0.4862117,0.2074662
esfera,pesos,1.0,-0.542850,0.750296,-0.377278,-0.542915,0.750276,-0.377265,0.4576322,0.5423718,0.2557503
esfera,cor,0.0,-0.542850,0.750296,-0.377278,-0.542915,0.750276,-0.377265,0.008587557,0.2301455,0.1040215
esfera,cor,0.3,-0.542850,0.750296,-0.377278,-0.542915,0.750276,-0.377265,0.01161297,0.3573919,0.10196
esfera,cor,1.0,-0.542850,0.750296,-0.377278,-0.542915,0.750276,-0.377265,0.1549478,0.3697357,0.121927
esfera,pesos,0.2,-0.411394,0.893997,-0.177494,-0.411410,0.894001,-0.177492,0.4556265,0.3971514,0.1809527
esfera,pesos,0.5,-0.411394,0.893997,-0.177494,-0.411410,0.894001,-0.177492,0.4556265,0.4396794,0.2003296
esfera,pesos,1.0,-0.411394,0.893997,-0.177494,-0.411410,0.894001,-0.177492,0.4732479,0.5267532,0.2527518
esfera,cor,0.0,-0.411394,0.893997,-0.177494,-0.411410,0.894001,-0.177492,0.7455781,0.9677657,0.01619474
esfera,cor,0.3,-0.411394,0.893997,-0.177494,-0.411410,0.894001,-0.177492,0.7455781,0.9677657,0.01619474
esfera,cor,1.0,-0.411394,0.893997,-0.177494,-0.411410,0.894001,-0.177492,0.4581188,0.6797602,0.03885913
esfera,pesos,0.2,-0.303465,0.950848,-0.061340,-0.303487,0.950858,-0.061364,0.4846649,0.4241338,0.2055628
esfera,pesos,0.5,-0.303465,0.950848,-0.061340,-0.303487,0.950858,-0.061364,0.4846649,0.4241338,0.2055628
esfera,pesos,1.0,-0.303465,0.950848,-0.061340,-0.303487,0.950858,-0.061364,0.4889185,0.5110901,0.2508453
esfera,cor,0.0,-0.303465,0.950848,-0.061340,-0.303487,0.950858,-0.061364,0.7755942,0.1016475,0.001983786
esfera,cor,0.3,-0.303465,0.950848,-0.061340,-0.303487,0.950858,-0.061364,0.7755942,0.1016475,0.001983786
esfera,cor,1.0,-0.303465,0.950848,-0.061340,-0.303487,0.950858,-0.061364,0.5716078,0.226129,0.03267214
esfera,pesos,0.2,-0.203387,0.978718,0.026907,-0.203418,0.978723,0.026883,0.5067266,0.4491532,0.2275979
esfera,pesos,0.5,-0.203387,0.978718,0.026907,-0.203418,0.978723,0.026883,0.5067266,0.4491532,0.2275979
esfera,pesos,1.0,-0.203387,0.978718,0.026907,-0.203418,0.978723,0.026883,0.5054465,0.5054466,0.2551699
esfera,cor,0.0,-0.203387,0.978718,0.026907,-0.203418,0.978723,0.026883,0.7190845,0.005000201,0.107825
esfera,cor,0.3,-0.203387,0.978718,0.026907,-0.203418,0.978723,0.026883,0.7190845,0.005000201,0.107825
esfera,cor,1.0,-0.203387,0.978718,0.026907,-0.203418,0.978723,0.026883,0.5901701,0.06168476,0.149168
esfera,pesos,0.2,-0.108003,0.989259,0.098467,-0.108048,0.989255,0.098491,0.5246166,0.4729992,0.2481432
esfera,pesos,0.5,-0.108003,0.989259,0.098467,-0.108048,0.989255,0.098491,0.5246166,0.4729992,0.2481432
esfera,pesos,1.0,-0.108003,0.989259,0.098467,-0.108048,0.989255,0.098491,0.5203652,0.5203793,0.2698225
esfera,cor,0.0,-0.108003,0.989259,0.098467,-0.108048,0.989255,0.098491,0.05629763,0.7299793,0.02628124
esfera,cor,0.3,-0.108003,0.989259,0.098467,-0.108048,0.989255,0.098491,0.05629763,0.7299793,0.02628124
esfera,cor,1.0,-0.108003,0.989259,0.098467,-0.108048,0.989255,0.098491,0.05115751,0.6162374,0.06484558
esfera,pesos,0.2,-0.016003,0.987309,0.157999,-0.015982,0.987306,0.158025,0.5394998,0.4959992,0.2675914
esfera,pesos,0.5,-0.016003,0.987309,0.157999,-0.015982,0.987306,0.158025,0.5394998,0.4959992,0.2675914
esfera,pesos,1.0,-0.016003,0.987309,0.157999,-0.015982,0.987306,0.158025,0.5335804,0.5335823,0.2834468
esfera,cor,0.0,-0.016003,0.987309,0.157999,-0.015982,0.987306,0.158025,0.6662796,0.7903937,0.1057236
esfera,cor,0.3,-0.016003,0.987309,0.157999,-0.015982,0.987306,0.158025,0.6662796,0.7903937,0.1057236
esfera,cor,1.0,-0.016003,0.987309,0.157999,-0.015982,0.987306,0.158025,0.5864435,0.677521,0.1284562
esfera,pesos,0.2,0.073296,0.975386,0.207927,0.073329,0.975384,0.207964,0.5519818,0.518324,0.2861053
esfera,pesos,0.5,0.073296,0.975386,0.207927,0.073329,0.975384,0.207964,0.5519818,0.518324,0.2861053
esfera,pesos,1.0,0.073296,0.975386,0.207927,0.073329,0.975384,0.207964,0.5403455,0.5688046,0.3053141
esfera,cor,0.0,0.073296,0.975386,0.207927,0.073329,0.975384,0.207964,0.9006536,0.01459011,0.5184097
esfera,cor,0.3,0.073296,0.975386,0.207927,0.073329,0.975384,0.207964,0.9006536,0.01459011,0.5184097
esfera,cor,1.0,0.073296,0.975386,0.207927,0.073329,0.975384,0.207964,0.7621621,0.03235166,0.4469754
esfera,pesos,0.2,0.160290,0.954954,0.249662,0.160310,0.954961,0.249702,0.5624155,0.5400724,0.3037451
esfera,pesos,0.5,0.160290,0.954954,0.249662,0.160310,0.954961,0.249702,0.5624155,0.5400724,0.3037451
esfera,pesos,1.0,0.160290,0.954954,0.249662,0.160310,0.954961,0.249702,0.5436673,0.5997479,0.3234575
esfera,cor,0.0,0.160290,0.954954,0.249662,0.160310,0.954961,0.249702,0.2648032,0.5940027,0.1338622
esfera,cor,0.3,0.160290,0.954954,0.249662,0.160310,0.954961,0.249702,0.2648032,0.5940027,0.1338622
esfera,cor,1.0,0.160290,0.954954,0.249662,0.160310,0.954961,0.249702,0.3673367,0.4539408,0.1494514
esfera,pesos,0.2,0.245218,0.926901,0.284058,0.245239,0.926907,0.284080,0.5710145,0.5613046,0.3205131
esfera,pesos,0.5,0.245218,0.926901,0.284058,0.245239,0.926907,0.284080,0.5710145,0.5613046,0.3205131
esfera,pesos,1.0,0.245218,0.926901,0.284058,0.245239,0.926907,0.284080,0.5452016,0.6232502,0.3369969
esfera,cor,0.0,0.245218,0.926901,0.284058,0.245239,0.926907,0.284080,0.04276807,0.1125012,0.008282882
esfera,cor,0.3,0.245218,0.926901,0.284058,0.245239,0.926907,0.284080,0.04276807,0.1125012,0.008282882
esfera,cor,1.0,0.245218,0.926901,0.284058,0.245239,0.926907,0.284080,0.2759857,0.1609999,0.07489336
esfera,pesos,0.2,0.328216,0.891716,0.311587,0.328217,0.891733,0.311586,0.5778967,0.582054,0.3363671
esfera,pesos,0.5,0.328216,0.891716,0.311587,0.328217,0.891733,0.311586,0.5723606,0.5883061,0.335978
esfera,pesos,1.0,0.328216,0.891716,0.311587,0.328217,0.891733,0.311586,0.545355,0.6409048,0.3468515
esfera,cor,0.0,0.328216,0.891716,0.311587,0.328217,0.891733,0.311586,0.1895028,0.003373118,0.03423799
esfera,cor,0.3,0.328216,0.891716,0.311587,0.328217,0.891733,0.311586,0.1895028,0.003373118,0.03423799
esfera,cor,1.0,0.328216,0.891716,0.311587,0.328217,0.891733,0.311586,0.1573356,0.06280308,0.07977076
esfera,pesos,0.2,0.409343,0.849627,0.332468,0.409349,0.849633,0.332501,0.5831169,0.6023357,0.3512322
esfera,pesos,0.5,0.409343,0.849627,0.332468,0.409349,0.849633,0.332501,0.5597692,0.6205353,0.3452116
esfera,pesos,1.0,0.409343,0.849627,0.332468,0.409349,0.849633,0.332501,0.5443748,0.653644,0.3535507
esfera,cor,0.0,0.409343,0.849627,0.332468,0.409349,0.849633,0.332501,0.02601263,0.02837658,0.3047273
esfera,cor,0.3,0.409343,0.849627,0.332468,0.409349,0.849633,0.332501,0.02601263,0.02837658,0.3047273
esfera,cor,1.0,0.409343,0.849627,0.332468,0.409349,0.849633,0.332501,0.3015232,0.09824063,0.3301068
esfera,pesos,0.2,0.488600,0.800639,0.346704,0.488622,0.800640,0.346733,0.5866761,0.6221501,0.3650006
esfera,pesos,0.5,0.488600,0.800639,0.346704,0.488622,0.800640,0.346733,0.5449734,0.6437216,0.3484576
esfera,pesos,1.0,0.488600,0.800639,0.346704,0.488622,0.800640,0.346733,0.5424194,0.6619825,0.3573826
esfera,cor,0.0,0.488600,0.800639,0.346704,0.488622,0.800640,0.346733,0.07346234,0.474931,0.474931
esfera,cor,0.3,0.488600,0.800639,0.346704,0.488622,0.800640,0.346733,0.06702862,0.4504202,0.429155
esfera,cor,1.0,0.488600,0.800639,0.346704,0.488622,0.800640,0.346733,0.04362909,0.3454331,0.2360102
esfera,pesos,0.2,0.565927,0.744518,0.354074,0.565981,0.744515,0.354067,0.5602961,0.6485993,0.3623484
esfera,pesos,0.5,0.565927,0.744518,0.354074,0.565981,0.744515,0.354067,0.5282305,0.658529,0.3461911
esfera,pesos,1.0,0.565927,0.744518,0.354074,0.565981,0.744515,0.354067,0.5395886,0.6661597,0.3584751
esfera,cor,0.0,0.565927,0.744518,0.354074,0.565981,0.744515,0.354067,0.5375195,0.6411517,0.07951804
esfera,cor,0.3,0.565927,0.744518,0.354074,0.565981,0.744515,0.354067,0.3979855,0.7029685,0.05937078
esfera,cor,1.0,0.565927,0.744518,0.354074,0.565981,0.744515,0.354067,0.2687128,0.7663343,0.2220589
esfera,pesos,0.2,0.641191,0.680786,0.354113,0.641212,0.680748,0.354161,0.5132382,0.664507,0.3406221
esfera,pesos,0.5,0.641191,0.680786,0.354113,0.641212,0.680748,0.354161,0.509748,0.6650951,0.338629
esfera,pesos,1.0,0.641191,0.680786,0.354113,0.641212,0.680748,0.354161,0.5359588,0.6661762,0.3568316
esfera,cor,0.0,0.641191,0.680786,0.354113,0.641212,0.680748,0.354161,0.1075356,0.6423618,0.1508249
esfera,cor,0.3,0.641191,0.680786,0.354113,0.641212,0.680748,0.354161,0.2540855,0.4625791,0.08470096
esfera,cor,1.0,0.641191,0.680786,0.354113,0.641212,0.680748,0.354161,0.2595833,0.3840571,0.07158778
esfera,pesos,0.2,0.714141,0.608514,0.345930,0.714141,0.608544,0.345943,0.4654783,0.6600615,0.3082042
esfera,pesos,0.5,0.714141,0.608514,0.345930,0.714141,0.608544,0.345943,0.4895858,0.6630014,0.3256496
esfera,pesos,1.0,0.714141,0.608514,0.345930,0.714141,0.608544,0.345943,0.5315413,0.661759,0.3522814
esfera,cor,0.0,0.714141,0.608514,0.345930,0.714141,0.608544,0.345943,0.001117628,0.2199627,0.08411892
esfera,cor,0.3,0.714141,0.608514,0.345930,0.714141,0.608544,0.345943,0.0123482,0.2055847,0.07357583
esfera,cor,1.0,0.714141,0.608514,0.345930,0.714141,0.608544,0.345943,0.01403635,0.2056727,0.05683665
esfera,pesos,0.2,0.784398,0.526297,0.328168,0.784391,0.526330,0.328187,0.4192359,0.6320767,0.2650711
esfera,pesos,0.5,0.784398,0.526297,0.328168,0.784391,0.526330,0.328187,0.4678257,0.6511168,0.3068412
esfera,pesos,1.0,0.784398,0.526297,0.328168,0.784391,0.526330,0.328187,0.5263501,0.6522963,0.3444903
esfera,cor,0.0,0.784398,0.526297,0.328168,0.784391,0.526330,0.328187,0.1309282,0.02666608,0.05536065
esfera,cor,0.3,0.784398,0.526297,0.328168,0.784391,0.526330,0.328187,0.1762514,0.02210362,0.08204487
esfera,cor,1.0,0.784398,0.526297,0.328168,0.784391,0.526330,0.328187,0.2105652,0.01439574,0.1203567
esfera,pesos,0.2,0.851268,0.431577,0.298369,0.851292,0.431594,0.298378,0.4254076,0.6078943,0.2586029
esfera,pesos,0.5,0.851268,0.431577,0.298369,0.851292,0.431594,0.298378,0.451194,0.62603,0.2846989
esfera,pesos,1.0,0.851268,0.431577,0.298369,0.851292,0.431594,0.298378,0.5203594,0.6365322,0.3327786
esfera,cor,0.0,0.851268,0.431577,0.298369,0.851292,0.431594,0.298378,0.05053885,0.1232576,0.0119148
esfera,cor,0.3,0.851268,0.431577,0.298369,0.851292,0.431594,0.298378,0.05053885,0.1232576,0.0119148
esfera,cor,1.0,0.851268,0.431577,0.298369,0.851292,0.431594,0.298378,0.0370301,0.1794501,0.217999
esfera,pesos,0.2,0.913449,0.319552,0.251905,0.913483,0.319534,0.251886,0.4370236,0.579888,0.2534248
esfera,pesos,0.5,0.913449,0.319552,0.251905,0.913483,0.319534,0.251886,0.4393281,0.5826045,0.2562904
esfera,pesos,1.0,0.913449,0.319552,0.251905,0.913483,0.319534,0.251886,0.5135473,0.6118379,0.315787
esfera,cor,0.0,0.913449,0.319552,0.251905,0.913483,0.319534,0.251886,0.001581982,0.08672629,0.2236707
esfera,cor,0.3,0.913449,0.319552,0.251905,0.913483,0.319534,0.251886,0.001581982,0.08672629,0.2236707
esfera,cor,1.0,0.913449,0.319552,0.251905,0.913483,0.319534,0.251886,0.006383535,0.07419594,0.2052705
esfera,pesos,0.2,0.967769,0.178504,0.177495,0.967796,0.178489,0.177519,0.4556263,0.544626,0.2481459
esfera,pesos,0.5,0.967769,0.178504,0.177495,0.967796,0.178489,0.177519,0.4556263,0.544626,0.2481459
esfera,pesos,1.0,0.967769,0.178504,0.177495,0.967796,0.178489,0.177519,0.5059864,0.5712302,0.290056
esfera,cor,0.0,0.967769,0.178504,0.177495,0.967796,0.178489,0.177519,0.01622693,0.3019318,0.7033862
esfera,cor,0.3,0.967769,0.178504,0.177495,0.967796,0.178489,0.177519,0.01622693,0.3019318,0.7033862
esfera,cor,1.0,0.967769,0.178504,0.177495,0.967796,0.178489,0.177519,0.1003393,0.3032541,0.5769802
esfera,pesos,0.2,0.998574,-0.049351,0.019493,0.998589,-0.049383,0.019516,0.4951268,0.4876622,0.2414546
esfera,pesos,0.5,0.998574,-0.049351,0.019493,0.998589,-0.049383,0.019516,0.4951268,0.4876622,0.2414546
esfera,pesos,1.0,0.998574,-0.049351,0.019493,0.998589,-0.049383,0.019516,0.4997799,0.4997817,0.2497244
esfera,cor,0.0,0.998574,-0.049351,0.019493,0.998589,-0.049383,0.019516,0.01567411,0.1240967,0.03168418
esfera,cor,0.3,0.998574,-0.049351,0.019493,0.998589,-0.049383,0.019516,0.01567411,0.1240967,0.03168418
esfera,cor,1.0,0.998574,-0.049351,0.019493,0.998589,-0.049383,0.019516,0.01582081,0.1193864,0.04154779
esfera,pesos,0.2,-0.390511,0.862051,-0.323006,-0.390539,0.862056,-0.323016,0.4192486,0.4023723,0.168694
esfera,pesos,0.5,-0.390511,0.862051,-0.323006,-0.390539,0.862056,-0.323016,0.4214829,0.4437657,0.1876468
esfera,pesos,1.0,-0.390511,0.862051,-0.323006,-0.390539,0.862056,-0.323016,0.4558181,0.5441858,0.2543151
esfera,cor,0.0,-0.390511,0.862051,-0.323006,-0.390539,0.862056,-0.323016,0.6482254,0.0882759,0.0882759
esfera,cor,0.3,-0.390511,0.862051,-0.323006,-0.390539,0.862056,-0.323016,0.6482254,0.0882759,0.0882759
esfera,cor,1.0,-0.390511,0.862051,-0.323006,-0.390539,0.862056,-0.323016,0.4503289,0.3036288,0.06952806
esfera,pesos,0.2,-0.275901,0.943564,-0.183104,-0.275903,0.943581,-0.183118,0.4542241,0.4310248,0.1957818
esfera,pesos,0.5,-0.275901,0.943564,-0.183104,-0.275903,0.943581,-0.183118,0.4542241,0.4310248,0.1957818
esfera,pesos,1.0,-0.275901,0.943564,-0.183104,-0.275903,0.943581,-0.183118,0.4692055,0.5307965,0.2521253
esfera,cor,0.0,-0.275901,0.943564,-0.183104,-0.275903,0.943581,-0.183118,0.4221801,0.01214803,0.2527363
esfera,cor,0.3,-0.275901,0.943564,-0.183104,-0.275903,0.943581,-0.183118,0.4221801,0.01214803,0.2527363
esfera,cor,1.0,-0.275901,0.943564,-0.183104,-0.275903,0.943581,-0.183118,0.467301,0.1014393,0.2733822
esfera,pesos,0.2,-0.173188,0.981161,-0.085491,-0.173213,0.981167,-0.085487,0.4786273,0.4567031,0.2185905
esfera,pesos,0.5,-0.173188,0.981161,-0.085491,-0.173213,0.981167,-0.085487,0.4786273,0.4567031,0.2185905
esfera,pesos,1.0,-0.173188,0.981161,-0.085491,-0.173213,0.981167,-0.085487,0.4830862,0.5169173,0.2507339
esfera,cor,0.0,-0.173188,0.981161,-0.085491,-0.173213,0.981167,-0.085487,0.1097717,0.01010173,0.3549421
esfera,cor,0.3,-0.173188,0.981161,-0.085491,-0.173213,0.981167,-0.085487,0.1097717,0.01010173,0.3549421
esfera,cor,1.0,-0.173188,0.981161,-0.085491,-0.173213,0.981167,-0.085487,0.09120406,0.06288113,0.3039366
esfera,pesos,0.2,-0.076361,0.997026,-0.008804,-0.076394,0.997039,-0.008805,0.497799,0.4809098,0.2393964
esfera,pesos,0.5,-0.076361,0.997026,-0.008804,-0.076394,0.997039,-0.008805,0.497799,0.4809098,0.2393964
esfera,pesos,1.0,-0.076361,0.997026,-0.008804,-0.076394,0.997039,-0.008805,0.4979723,0.5020353,0.2500425
esfera,cor,0.0,-0.076361,0.997026,-0.008804,-0.076394,0.997039,-0.008805,0.3485549,0.2255021,0.02279072
esfera,cor,0.3,-0.076361,0.997026,-0.008804,-0.076394,0.997039,-0.008805,0.3485549,0.2255021,0.02279072
esfera,cor,1.0,-0.076361,0.997026,-0.008804,-0.076394,0.997039,-0.008805,0.3236806,0.2214406,0.03558209
esfera,pesos,0.2,0.016536,0.998390,0.053919,0.016567,0.998406,0.053946,0.5134797,0.5041341,0.2588626
esfera,pesos,0.5,0.016536,0.998390,0.053919,0.016567,0.998406,0.053946,0.5134797,0.5041341,0.2588626
esfera,pesos,1.0,0.016536,0.998390,0.053919,0.016567,0.998406,0.053946,0.5125902,0.5203262,0.2665102
esfera,cor,0.0,0.016536,0.998390,0.053919,0.016567,0.998406,0.053946,0.3806162,0.06690995,0.06690995
esfera,cor,0.3,0.016536,0.998390,0.053919,0.016567,0.998406,0.053946,0.3806162,0.06690995,0.06690995
esfera,cor,1.0,0.016536,0.998390,0.053919,0.016567,0.998406,0.053946,0.3594036,0.06298469,0.07458073
esfera,pesos,0.2,0.106426,0.988645,0.105945,0.106447,0.988656,0.105968,0.5264862,0.5266064,0.277251
esfera,pesos,0.5,0.106426,0.988645,0.105945,0.106447,0.988656,0.105968,0.5264862,0.5266064,0.277251
esfera,pesos,1.0,0.106426,0.988645,0.105945,0.106447,0.988656,0.105968,0.5218021,0.5656126,0.2942874
esfera,cor,0.0,0.106426,0.988645,0.105945,0.106447,0.988656,0.105968,0.02924096,0.01225371,0.4472596
esfera,cor,0.3,0.106426,0.988645,0.105945,0.106447,0.988656,0.105968,0.02924096,0.01225371,0.4472596
esfera,cor,1.0,0.106426,0.988645,0.105945,0.106447,0.988656,0.105968,0.05527301,0.01328435,0.3964742
esfera,pesos,0.2,0.193806,0.969641,0.149054,0.193816,0.969649,0.149050,0.5372636,0.5484514,0.294663
esfera,pesos,0.5,0.193806,0.969641,0.149054,0.193816,0.969649,0.149050,0.5372636,0.5484514,0.294663
esfera,pesos,1.0,0.193806,0.969641,0.149054,0.193816,0.969649,0.149050,0.5275289,0.5991189,0.3146576
esfera,cor,0.0,0.193806,0.969641,0.149054,0.193816,0.969649,0.149050,0.095732,0.328412,0.551309
esfera,cor,0.3,0.193806,0.969641,0.149054,0.193816,0.969649,0.149050,0.095732,0.328412,0.551309
esfera,cor,1.0,0.193806,0.969641,0.149054,0.193816,0.969649,0.149050,0.1194502,0.2972477,0.4743044
esfera,pesos,0.2,0.278965,0.942440,0.184271,0.278979,0.942450,0.184279,0.5460678,0.5697414,0.3111174
esfera,pesos,0.5,0.278965,0.942440,0.184271,0.278979,0.942450,0.184279,0.5460678,0.5697414,0.3111174
esfera,pesos,1.0,0.278965,0.942440,0.184271,0.278979,0.942450,0.184279,0.5308859,0.6244041,0.3297991
esfera,cor,0.0,0.278965,0.942440,0.184271,0.278979,0.942450,0.184279,0.2467674,0.6898401,0.03855629
esfera,cor,0.3,0.278965,0.942440,0.184271,0.278979,0.942450,0.184279,0.2467674,0.6898401,0.03855629
esfera,cor,1.0,0.278965,0.942440,0.184271,0.278979,0.942450,0.184279,0.1848591,0.6211989,0.1897673
esfera,pesos,0.2,0.362072,0.907659,0.212189,0.362108,0.907663,0.212190,0.5530474,0.5905181,0.3265845
esfera,pesos,0.5,0.362072,0.907659,0.212189,0.362108,0.907663,0.212190,0.5455834,0.6001138,0.3264657
esfera,pesos,1.0,0.362072,0.907659,0.212189,0.362108,0.907663,0.212190,0.5324889,0.6433753,0.3408728
esfera,cor,0.0,0.362072,0.907659,0.212189,0.362108,0.907663,0.212190,0.8953825,0.01061895,0.1483965
esfera,cor,0.3,0.362072,0.907659,0.212189,0.362108,0.907663,0.212190,0.8953825,0.01061895,0.1483965
esfera,cor,1.0,0.362072,0.907659,0.212189,0.362108,0.907663,0.212190,0.6030245,0.01476549,0.1374163
esfera,pesos,0.2,0.443200,0.865572,0.233072,0.443232,0.865569,0.233103,0.5582678,0.6108,0.34099
esfera,pesos,0.5,0.443200,0.865572,0.233072,0.443232,0.865569,0.233103,0.5376049,0.6295226,0.3366395
esfera,pesos,1.0,0.443200,0.865572,0.233072,0.443232,0.865569,0.233103,0.5327104,0.6571168,0.3485381
esfera,cor,0.0,0.443200,0.865572,0.233072,0.443232,0.865569,0.233103,0.05483986,0.007383015,0.1016702
esfera,cor,0.3,0.443200,0.865572,0.233072,0.443232,0.865569,0.233103,0.05483986,0.007383015,0.1016702
esfera,cor,1.0,0.443200,0.865572,0.233072,0.443232,0.865569,0.233103,0.2413063,0.03559246,0.2091349
esfera,pesos,0.2,0.522350,0.816184,0.246924,0.522380,0.816178,0.246925,0.561731,0.6305874,0.3542205
esfera,pesos,0.5,0.522350,0.816184,0.246924,0.522380,0.816178,0.246925,0.5270985,0.6511934,0.3414127
esfera,pesos,1.0,0.522350,0.816184,0.246924,0.522380,0.816178,0.246925,0.531777,0.6662309,0.3531535
esfera,cor,0.0,0.522350,0.816184,0.246924,0.522380,0.816178,0.246925,0.044406,0.1774075,0.03328062
esfera,cor,0.3,0.522350,0.816184,0.246924,0.522380,0.816178,0.246925,0.03850051,0.1701473,0.04536017
esfera,cor,1.0,0.522350,0.816184,0.246924,0.522380,0.816178,0.246925,0.02396784,0.1511545,0.05810652
esfera,pesos,0.2,0.599442,0.759201,0.253462,0.599465,0.759216,0.253442,0.5372518,0.6580902,0.3527322
esfera,pesos,0.5,0.599442,0.759201,0.253462,0.599465,0.759216,0.253442,0.5149007,0.6651343,0.3412827
esfera,pesos,1.0,0.599442,0.759201,0.253462,0.599465,0.759216,0.253442,0.5298387,0.6709909,0.3548863
esfera,cor,0.0,0.599442,0.759201,0.253462,0.599465,0.759216,0.253442,0.3239211,0.04833926,0.04833926
esfera,cor,0.3,0.599442,0.759201,0.253462,0.599465,0.759216,0.253442,0.226353,0.2318922,0.2318922
esfera,cor,1.0,0.599442,0.759201,0.253462,0.599465,0.759216,0.253442,0.1566189,0.3677417,0.3677417
esfera,pesos,0.2,0.674318,0.694036,0.252122,0.674347,0.694038,0.252128,0.5045351,0.6708668,0.3383213
esfera,pesos,0.5,0.674318,0.694036,0.252122,0.674347,0.694038,0.252128,0.501814,0.6709733,0.3365486
esfera,pesos,1.0,0.674318,0.694036,0.252122,0.674347,0.694038,0.252128,0.5269944,0.6713977,0.3537467
esfera,cor,0.0,0.674318,0.694036,0.252122,0.674347,0.694038,0.252128,0.4662538,0.5545548,0.08063079
esfera,cor,0.3,0.674318,0.694036,0.252122,0.674347,0.694038,0.252128,0.2486889,0.4353174,0.04312808
esfera,cor,1.0,0.674318,0.694036,0.252122,0.674347,0.694038,0.252128,0.2508252,0.3678857,0.03914939
esfera,pesos,0.2,0.746683,0.619606,0.241860,0.746700,0.619624,0.241877,0.471882,0.6633993,0.3137989
esfera,pesos,0.5,0.746683,0.619606,0.241860,0.746700,0.619624,0.241877,0.4887528,0.6678314,0.3273317
esfera,pesos,1.0,0.746683,0.619606,0.241860,0.746700,0.619624,0.241877,0.523298,0.6671419,0.3495689
esfera,cor,0.0,0.746683,0.619606,0.241860,0.746700,0.619624,0.241877,0.003713942,0.0251654,0.1124544
esfera,cor,0.3,0.746683,0.619606,0.241860,0.746700,0.619624,0.241877,0.2925829,0.1047897,0.2022621
esfera,cor,1.0,0.746683,0.619606,0.241860,0.746700,0.619624,0.241877,0.329689,0.1324069,0.2179403
esfera,pesos,0.2,0.816043,0.534076,0.220909,0.816066,0.534069,0.220924,0.4447727,0.6335191,0.281772
esfera,pesos,0.5,0.816043,0.534076,0.220909,0.816066,0.534069,0.220924,0.4769298,0.6540416,0.3135388
esfera,pesos,1.0,0.816043,0.534076,0.220909,0.816066,0.534069,0.220924,0.5187752,0.6574821,0.3419589
esfera,cor,0.0,0.816043,0.534076,0.220909,0.816066,0.534069,0.220924,0.02692053,0.07248304,0.1029681
esfera,cor,0.3,0.816043,0.534076,0.220909,0.816066,0.534069,0.220924,0.0399049,0.08354318,0.08762605
esfera,cor,1.0,0.816043,0.534076,0.220909,0.816066,0.534069,0.220924,0.06072283,0.08979741,0.07669087
esfera,pesos,0.2,0.881470,0.434031,0.185982,0.881497,0.434010,0.186007,0.4535045,0.6085078,0.275961
esfera,pesos,0.5,0.881470,0.434031,0.185982,0.881497,0.434010,0.186007,0.4683679,0.626387,0.2947764
esfera,pesos,1.0,0.881470,0.434031,0.185982,0.881497,0.434010,0.186007,0.5134423,0.6408406,0.3301034
esfera,cor,0.0,0.881470,0.434031,0.185982,0.881497,0.434010,0.186007,0.1107591,0.006404005,0.02820093
esfera,cor,0.3,0.881470,0.434031,0.185982,0.881497,0.434010,0.186007,0.1107591,0.006404005,0.02820093
esfera,cor,1.0,0.881470,0.434031,0.185982,0.881497,0.434010,0.186007,0.1778745,0.02396771,0.088512
esfera,pesos,0.2,0.941016,0.312277,0.130150,0.941047,0.312229,0.130165,0.4674625,0.5780693,0.2702257
esfera,pesos,0.5,0.941016,0.312277,0.130150,0.941047,0.312229,0.130165,0.4674625,0.5780693,0.2702257
esfera,pesos,1.0,0.941016,0.312277,0.130150,0.941047,0.312229,0.130165,0.5073452,0.6135443,0.3121725
esfera,cor,0.0,0.941016,0.312277,0.130150,0.941047,0.312229,0.130165,0.04531239,0.2802791,0.1631266
esfera,cor,0.3,0.941016,0.312277,0.130150,0.941047,0.312229,0.130165,0.04531239,0.2802791,0.1631266
esfera,cor,1.0,0.941016,0.312277,0.130150,0.941047,0.312229,0.130165,0.05354893,0.3892706,0.14954
esfera,pesos,0.2,0.988663,0.146594,0.032017,0.988673,0.146624,0.032039,0.4919957,0.5366485,0.2640288
esfera,pesos,0.5,0.988663,0.146594,0.032017,0.988673,0.146624,0.032039,0.4919957,0.5366485,0.2640288
esfera,pesos,1.0,0.988663,0.146594,0.032017,0.988673,0.146624,0.032039,0.50101,0.5630907,0.282299
esfera,cor,0.0,0.988663,0.146594,0.032017,0.988673,0.146624,0.032039,0.05231471,0.1057698,0.01850908
esfera,cor,0.3,0.988663,0.146594,0.032017,0.988673,0.146624,0.032039,0.05231471,0.1057698,0.01850908
esfera,cor,1.0,0.988663,0.146594,0.032017,0.988673,0.146624,0.032039,0.07162368,0.1282405,0.01725726
esfera,pesos,0.2,-0.256081,0.907689,-0.332400,-0.256090,0.907711,-0.332383,0.4169,0.4359798,0.18176
esfera,pesos,0.5,-0.256081,0.907689,-0.332400,-0.256090,0.907711,-0.332383,0.4222054,0.4464715,0.1899906
esfera,pesos,1.0,-0.256081,0.907689,-0.332400,-0.256090,0.907711,-0.332383,0.4495834,0.5504121,0.2532251
esfera,cor,0.0,-0.256081,0.907689,-0.332400,-0.256090,0.907711,-0.332383,0.06138035,0.04551635,0.2431488
esfera,cor,0.3,-0.256081,0.907689,-0.332400,-0.256090,0.907711,-0.332383,0.06138035,0.04551635,0.2431488
esfera,cor,1.0,-0.256081,0.907689,-0.332400,-0.256090,0.907711,-0.332383,0.08349923,0.06394002,0.1564176
esfera,pesos,0.2,-0.147979,0.965178,-0.215631,-0.147965,0.965196,-0.215646,0.4460922,0.4630051,0.206543
esfera,pesos,0.5,-0.147979,0.965178,-0.215631,-0.147965,0.965196,-0.215646,0.4460922,0.4630051,0.206543
esfera,pesos,1.0,-0.147979,0.965178,-0.215631,-0.147965,0.965196,-0.215646,0.4608444,0.5391556,0.2514488
esfera,cor,0.0,-0.147979,0.965178,-0.215631,-0.147965,0.965196,-0.215646,0.01912397,0.08792893,0.1600775
esfera,cor,0.3,-0.147979,0.965178,-0.215631,-0.147965,0.965196,-0.215646,0.01912397,0.08792893,0.1600775
esfera,cor,1.0,-0.147979,0.965178,-0.215631,-0.147965,0.965196,-0.215646,0.07767567,0.143786,0.1994194
esfera,pesos,0.2,-0.048646,0.990298,-0.130033,-0.048641,0.990313,-0.130054,0.4674918,0.4878385,0.2280605
esfera,pesos,0.5,-0.048646,0.990298,-0.130033,-0.048641,0.990313,-0.130054,0.4674918,0.4878385,0.2280605
esfera,pesos,1.0,-0.048646,0.990298,-0.130033,-0.048641,0.990313,-0.130054,0.4724614,0.527542,0.2503367
esfera,cor,0.0,-0.048646,0.990298,-0.130033,-0.048641,0.990313,-0.130054,0.1413086,0.02288805,0.05390183
esfera,cor,0.3,-0.048646,0.990298,-0.130033,-0.048641,0.990313,-0.130054,0.1413086,0.02288805,0.05390183
esfera,cor,1.0,-0.048646,0.990298,-0.130033,-0.048641,0.990313,-0.130054,0.148647,0.03365365,0.0661606
esfera,pesos,0.2,0.045698,0.997004,-0.062165,0.045727,0.997017,-0.062178,0.4844587,0.5114246,0.2477641
esfera,pesos,0.5,0.045698,0.997004,-0.062165,0.045727,0.997017,-0.062178,0.4844587,0.5114246,0.2477641
esfera,pesos,1.0,0.045698,0.997004,-0.062165,0.045727,0.997017,-0.062178,0.4859768,0.5346503,0.2601534
esfera,cor,0.0,0.045698,0.997004,-0.062165,0.045727,0.997017,-0.062178,0.001059851,0.01290321,0.1518232
esfera,cor,0.3,0.045698,0.997004,-0.062165,0.045727,0.997017,-0.062178,0.001059851,0.01290321,0.1518232
esfera,cor,1.0,0.045698,0.997004,-0.062165,0.045727,0.997017,-0.062178,0.01123988,0.01902528,0.1491859
esfera,pesos,0.2,0.136492,0.990606,-0.006917,0.136488,0.990617,-0.006930,0.4982709,0.534123,0.2661379
esfera,pesos,0.5,0.136492,0.990606,-0.006917,0.136488,0.990617,-0.006930,0.4982709,0.534123,0.2661379
esfera,pesos,1.0,0.136492,0.990606,-0.006917,0.136488,0.990617,-0.006930,0.4984892,0.5611272,0.2797566
esfera,cor,0.0,0.136492,0.990606,-0.006917,0.136488,0.990617,-0.006930,0.01294539,0.1855842,0.1855842
esfera,cor,0.3,0.136492,0.990606,-0.006917,0.136488,0.990617,-0.006930,0.01294539,0.1855842,0.1855842
esfera,cor,1.0,0.136492,0.990606,-0.006917,0.136488,0.990617,-0.006930,0.04026613,0.1648378,0.1703282
esfera,pesos,0.2,0.224449,0.973719,0.038232,0.224457,0.973734,0.038222,0.509558,0.5561122,0.2833714
esfera,pesos,0.5,0.224449,0.973719,0.038232,0.224457,0.973734,0.038222,0.509558,0.5561122,0.2833714
esfera,pesos,1.0,0.224449,0.973719,0.038232,0.224457,0.973734,0.038222,0.5075269,0.5959083,0.3021398
esfera,cor,0.0,0.224449,0.973719,0.038232,0.224457,0.973734,0.038222,0.1845477,0.2450223,0.0004294194
esfera,cor,0.3,0.224449,0.973719,0.038232,0.224457,0.973734,0.038222,0.1845477,0.2450223,0.0004294194
esfera,cor,1.0,0.224449,0.973719,0.038232,0.224457,0.973734,0.038222,0.2273044,0.212157,0.02808697
esfera,pesos,0.2,0.309954,0.947793,0.074677,0.309964,0.947810,0.074686,0.5186691,0.5774885,0.2995255
esfera,pesos,0.5,0.309954,0.947793,0.074677,0.309964,0.947810,0.074686,0.5186691,0.5774885,0.2995255
esfera,pesos,1.0,0.309954,0.947793,0.074677,0.309964,0.947810,0.074686,0.5132802,0.6235209,0.3194297
esfera,cor,0.0,0.309954,0.947793,0.074677,0.309964,0.947810,0.074686,0.3330705,0.103804,0.03421805
esfera,cor,0.3,0.309954,0.947793,0.074677,0.309964,0.947810,0.074686,0.3330705,0.103804,0.03421805
esfera,cor,1.0,0.309954,0.947793,0.074677,0.309964,0.947810,0.074686,0.2851075,0.1156937,0.1889595
esfera,pesos,0.2,0.393226,0.913625,0.103184,0.393275,0.913609,0.103218,0.5257959,0.5983066,0.3145872
esfera,pesos,0.5,0.393226,0.913625,0.103184,0.393275,0.913609,0.103218,0.5205412,0.6115575,0.3177269
esfera,pesos,1.0,0.393226,0.913625,0.103184,0.393275,0.913609,0.103218,0.5167147,0.6441143,0.3320578
esfera,cor,0.0,0.393226,0.913625,0.103184,0.393275,0.913609,0.103218,0.1475544,0.01440181,0.465985
esfera,cor,0.3,0.393226,0.913625,0.103184,0.393275,0.913609,0.103218,0.1475544,0.01440181,0.465985
esfera,cor,1.0,0.393226,0.913625,0.103184,0.393275,0.913609,0.103218,0.1351025,0.01969077,0.3133774
esfera,pesos,0.2,0.474353,0.871531,0.124061,0.474369,0.871541,0.124059,0.5310152,0.6185881,0.3284797
esfera,pesos,0.5,0.474353,0.871531,0.124061,0.474369,0.871541,0.124059,0.5183049,0.638934,0.3301592
esfera,pesos,1.0,0.474353,0.871531,0.124061,0.474369,0.871541,0.124059,0.5183883,0.6590112,0.3408803
esfera,cor,0.0,0.474353,0.871531,0.124061,0.474369,0.871541,0.124059,0.004229483,0.655155,0.2517571
esfera,cor,0.3,0.474353,0.871531,0.124061,0.474369,0.871541,0.124059,0.007876051,0.6510724,0.2501841
esfera,cor,1.0,0.474353,0.871531,0.124061,0.474369,0.871541,0.124059,0.1858543,0.4424015,0.1721359
esfera,pesos,0.2,0.553338,0.821533,0.137325,0.553365,0.821538,0.137343,0.5334812,0.6391644,0.340926
esfera,pesos,0.5,0.553338,0.821533,0.137325,0.553365,0.821538,0.137343,0.5133924,0.6587811,0.3372375
esfera,pesos,1.0,0.553338,0.821533,0.137325,0.553365,0.821538,0.137343,0.5186517,0.6689585,0.3463854
esfera,cor,0.0,0.553338,0.821533,0.137325,0.553365,0.821538,0.137343,0.8299202,0.5072975,0.002863495
esfera,cor,0.3,0.553338,0.821533,0.137325,0.553365,0.821538,0.137343,0.6912426,0.4374038,0.008232801
esfera,cor,1.0,0.553338,0.821533,0.137325,0.553365,0.821538,0.137343,0.467097,0.3259992,0.02311604
esfera,pesos,0.2,0.630087,0.763288,0.142648,0.630114,0.763289,0.142640,0.5170421,0.6662152,0.3440031
esfera,pesos,0.5,0.630087,0.763288,0.142648,0.630114,0.763289,0.142640,0.5068168,0.6709893,0.3394966
esfera,pesos,1.0,0.630087,0.763288,0.142648,0.630114,0.763289,0.142640,0.5177197,0.6742745,0.3487883
esfera,cor,0.0,0.630087,0.763288,0.142648,0.630114,0.763289,0.142640,0.06100406,0.0860461,0.008171055
esfera,cor,0.3,0.630087,0.763288,0.142648,0.630114,0.763289,0.142640,0.1251369,0.2603499,0.01894869
esfera,cor,1.0,0.630087,0.763288,0.142648,0.630114,0.763289,0.142640,0.1326273,0.3434195,0.07588699
esfera,pesos,0.2,0.704387,0.695997,0.139260,0.704414,0.695986,0.139300,0.4989524,0.6750165,0.3368376
esfera,pesos,0.5,0.704387,0.695997,0.139260,0.704414,0.695986,0.139300,0.499581,0.6750354,0.3372714
esfera,pesos,1.0,0.704387,0.695997,0.139260,0.704414,0.695986,0.139300,0.5157413,0.6749474,0.3481163
esfera,cor,0.0,0.704387,0.695997,0.139260,0.704414,0.695986,0.139300,0.2549889,0.1560637,0.03097511
esfera,cor,0.3,0.704387,0.695997,0.139260,0.704414,0.695986,0.139300,0.1357154,0.20284,0.02357773
esfera,cor,1.0,0.704387,0.695997,0.139260,0.704414,0.695986,0.139300,0.1479034,0.1857008,0.02195075
esfera,pesos,0.2,0.775848,0.618225,0.125780,0.775869,0.618231,0.125771,0.4822218,0.6631197,0.3201923
esfera,pesos,0.5,0.775848,0.618225,0.125780,0.775869,0.618231,0.125771,0.4928887,0.6698034,0.3307264
esfera,pesos,1.0,0.775848,0.618225,0.125780,0.775869,0.618231,0.125771,0.5127891,0.6705852,0.3441678
esfera,cor,0.0,0.775848,0.618225,0.125780,0.775869,0.618231,0.125771,0.02466272,0.155106,0.155106
esfera,cor,0.3,0.775848,0.618225,0.125780,0.775869,0.618231,0.125771,0.1693425,0.1077833,0.1077833
esfera,cor,1.0,0.775848,0.618225,0.125780,0.775869,0.618231,0.125771,0.2125211,0.09331896,0.09331896
esfera,pesos,0.2,0.843757,0.527341,0.099674,0.843759,0.527385,0.099681,0.4750815,0.6318353,0.3001732
esfera,pesos,0.5,0.843757,0.527341,0.099674,0.843759,0.527385,0.099681,0.4885008,0.653135,0.3198326
esfera,pesos,1.0,0.843757,0.527341,0.099674,0.843759,0.527385,0.099681,0.5089359,0.6601991,0.3364523
esfera,cor,0.0,0.843757,0.527341,0.099674,0.843759,0.527385,0.099681,0.102013,0.009870531,0.1253177
esfera,cor,0.3,0.843757,0.527341,0.099674,0.843759,0.527385,0.099681,0.09762786,0.012064,0.212457
esfera,cor,1.0,0.843757,0.527341,0.099674,0.843759,0.527385,0.099681,0.08997168,0.01751409,0.3889893
esfera,pesos,0.2,0.906685,0.418072,0.055864,0.906713,0.418033,0.055851,0.486034,0.6045179,0.2938163
esfera,pesos,0.5,0.906685,0.418072,0.055864,0.906713,0.418033,0.055851,0.4896963,0.6205341,0.3042619
esfera,pesos,1.0,0.906685,0.418072,0.055864,0.906713,0.418033,0.055851,0.5042263,0.6415049,0.3238239
esfera,cor,0.0,0.906685,0.418072,0.055864,0.906713,0.418033,0.055851,0.2064799,0.1133165,0.0007506829
esfera,cor,0.3,0.906685,0.418072,0.055864,0.906713,0.418033,0.055851,0.2064799,0.1133165,0.0007506829
esfera,cor,1.0,0.906685,0.418072,0.055864,0.906713,0.418033,0.055851,0.1492128,0.09266005,0.05488006
esfera,pesos,0.2,0.960830,0.276380,-0.019167,0.960854,0.276391,-0.019148,0.5047917,0.569095,0.2872744
esfera,pesos,0.5,0.960830,0.276380,-0.019167,0.960854,0.276391,-0.019148,0.5047917,0.569095,0.2872744
esfera,pesos,1.0,0.960830,0.276380,-0.019167,0.960854,0.276391,-0.019148,0.4989497,0.6067377,0.3025907
esfera,cor,0.0,0.960830,0.276380,-0.019167,0.960854,0.276391,-0.019148,0.01215317,0.0705782,0.6796813
esfera,cor,0.3,0.960830,0.276380,-0.019167,0.960854,0.276391,-0.019148,0.01215317,0.0705782,0.6796813
esfera,cor,1.0,0.960830,0.276380,-0.019167,0.960854,0.276391,-0.019148,0.03307822,0.07033493,0.5219813
esfera,pesos,0.2,-0.262563,0.774722,-0.575189,-0.262543,0.774715,-0.575228,0.3835478,0.4682172,0.1857489
esfera,pesos,0.5,-0.262563,0.774722,-0.575189,-0.262543,0.774715,-0.575228,0.4299722,0.5256988,0.2384278
esfera,pesos,1.0,-0.262563,0.774722,-0.575189,-0.262543,0.774715,-0.575228,0.4309164,0.5690902,0.2545389
esfera,cor,0.0,-0.262563,0.774722,-0.575189,-0.262543,0.774715,-0.575228,0.01310964,0.04451987,0.2948241
esfera,cor,0.3,-0.262563,0.774722,-0.575189,-0.262543,0.774715,-0.575228,0.01862071,0.1493581,0.2426058
esfera,cor,1.0,-0.262563,0.774722,-0.575189,-0.262543,0.774715,-0.575228,0.02168829,0.2592104,0.2479275
esfera,pesos,0.2,-0.131539,0.916828,-0.376939,-0.131548,0.916838,-0.376967,0.4057652,0.4671153,0.1895391
esfera,pesos,0.5,-0.131539,0.916828,-0.376939,-0.131548,0.916838,-0.376967,0.4162813,0.4887971,0.2060052
esfera,pesos,1.0,-0.131539,0.916828,-0.376939,-0.131548,0.916838,-0.376967,0.4393849,0.5606203,0.2519959
esfera,cor,0.0,-0.131539,0.916828,-0.376939,-0.131548,0.916838,-0.376967,0.05190407,0.3582303,0.03300646
esfera,cor,0.3,-0.131539,0.916828,-0.376939,-0.131548,0.916838,-0.376967,0.05190407,0.3582303,0.03300646
esfera,cor,1.0,-0.131539,0.916828,-0.376939,-0.131548,0.916838,-0.376967,0.06653424,0.2453052,0.02824897
esfera,pesos,0.2,-0.026812,0.961857,-0.272170,-0.026843,0.961870,-0.272186,0.4319576,0.493297,0.2130834
esfera,pesos,0.5,-0.026812,0.961857,-0.272170,-0.026843,0.961870,-0.272186,0.4319576,0.493297,0.2130834
esfera,pesos,1.0,-0.026812,0.961857,-0.272170,-0.026843,0.961870,-0.272186,0.4480927,0.5519139,0.2503508
esfera,cor,0.0,-0.026812,0.961857,-0.272170,-0.026843,0.961870,-0.272186,0.2702324,0.968347,0.01466606
esfera,cor,0.3,-0.026812,0.961857,-0.272170,-0.026843,0.961870,-0.272186,0.2702324,0.968347,0.01466606
esfera,cor,1.0,-0.026812,0.961857,-0.272170,-0.026843,0.961870,-0.272186,0.2193298,0.7390211,0.1251024
esfera,pesos,0.2,0.070172,0.978305,-0.194922,0.070189,0.978301,-0.194935,0.4512695,0.517543,0.2335514
esfera,pesos,0.5,0.070172,0.978305,-0.194922,0.070189,0.978301,-0.194935,0.4512695,0.517543,0.2335514
esfera,pesos,1.0,0.070172,0.978305,-0.194922,0.070189,0.978301,-0.194935,0.4616603,0.5659511,0.2631333
esfera,cor,0.0,0.070172,0.978305,-0.194922,0.070189,0.978301,-0.194935,0.9538992,0.5903625,0.04124686
esfera,cor,0.3,0.070172,0.978305,-0.194922,0.070189,0.978301,-0.194935,0.9538992,0.5903625,0.04124686
esfera,cor,1.0,0.070172,0.978305,-0.194922,0.070189,0.978301,-0.194935,0.75243,0.5372014,0.08686218
esfera,pesos,0.2,0.162486,0.977515,-0.134272,0.162511,0.977527,-0.134276,0.4664321,0.5406214,0.2521632
esfera,pesos,0.5,0.162486,0.977515,-0.134272,0.162511,0.977527,-0.134276,0.4664321,0.5406214,0.2521632
esfera,pesos,1.0,0.162486,0.977515,-0.134272,0.162511,0.977527,-0.134276,0.4742506,0.5880765,0.2801176
esfera,cor,0.0,0.162486,0.977515,-0.134272,0.162511,0.977527,-0.134276,0.819617,0.1409872,0.126494
esfera,cor,0.3,0.162486,0.977515,-0.134272,0.162511,0.977527,-0.134276,0.819617,0.1409872,0.126494
esfera,cor,1.0,0.162486,0.977515,-0.134272,0.162511,0.977527,-0.134276,0.6741774,0.1692068,0.09777359
esfera,pesos,0.2,0.251373,0.964072,-0.085808,0.251404,0.964070,-0.085818,0.4785479,0.5628433,0.2693475
esfera,pesos,0.5,0.251373,0.964072,-0.085808,0.251404,0.964070,-0.085818,0.4785479,0.5628433,0.2693475
esfera,pesos,1.0,0.251373,0.964072,-0.085808,0.251404,0.964070,-0.085818,0.4841071,0.6090162,0.2955629
esfera,cor,0.0,0.251373,0.964072,-0.085808,0.251404,0.964070,-0.085818,0.08593448,0.007895208,0.09046619
esfera,cor,0.3,0.251373,0.964072,-0.085808,0.251404,0.964070,-0.085818,0.08593448,0.007895208,0.09046619
esfera,cor,1.0,0.251373,0.964072,-0.085808,0.251404,0.964070,-0.085818,0.1616715,0.08856003,0.07631021
esfera,pesos,0.2,0.337418,0.940139,-0.047445,0.337440,0.940150,-0.047450,0.4881389,0.5843546,0.2852462
esfera,pesos,0.5,0.337418,0.940139,-0.047445,0.337440,0.940150,-0.047450,0.4888089,0.5886106,0.2878162
esfera,pesos,1.0,0.337418,0.940139,-0.047445,0.337440,0.940150,-0.047450,0.4915841,0.6281234,0.3091438
esfera,cor,0.0,0.337418,0.940139,-0.047445,0.337440,0.940150,-0.047450,0.07305782,0.01504645,0.1070554
esfera,cor,0.3,0.337418,0.940139,-0.047445,0.337440,0.940150,-0.047450,0.07305782,0.01504645,0.1070554
esfera,cor,1.0,0.337418,0.940139,-0.047445,0.337440,0.940150,-0.047450,0.2883701,0.04197913,0.1078633
esfera,pesos,0.2,0.420939,0.906885,-0.018055,0.420965,0.906898,-0.018038,0.4954861,0.6052349,0.2998855
esfera,pesos,0.5,0.420939,0.906885,-0.018055,0.420965,0.906898,-0.018038,0.4966963,0.62152,0.308834
esfera,pesos,1.0,0.420939,0.906885,-0.018055,0.420965,0.906898,-0.018038,0.4969599,0.6448611,0.3205907
esfera,cor,0.0,0.420939,0.906885,-0.018055,0.420965,0.906898,-0.018038,0.02074104,0.1126497,0.213491
esfera,cor,0.3,0.420939,0.906885,-0.018055,0.420965,0.906898,-0.018038,0.02074104,0.1126497,0.213491
esfera,cor,1.0,0.420939,0.906885,-0.018055,0.420965,0.906898,-0.018038,0.03011355,0.12611,0.145667
esfera,pesos,0.2,0.502069,0.864808,0.002836,0.502081,0.864816,0.002802,0.5007089,0.6255172,0.3132021
esfera,pesos,0.5,0.502069,0.864808,0.002836,0.502081,0.864816,0.002802,0.5003763,0.6467946,0.3236176
esfera,pesos,1.0,0.502069,0.864808,0.002836,0.502081,0.864816,0.002802,0.5004446,0.6589445,0.3297501
esfera,cor,0.0,0.502069,0.864808,0.002836,0.502081,0.864816,0.002802,0.1125258,0.3348059,0.01389588
esfera,cor,0.3,0.502069,0.864808,0.002836,0.502081,0.864816,0.002802,0.1169804,0.3460301,0.01478678
esfera,cor,1.0,0.502069,0.864808,0.002836,0.502081,0.864816,0.002802,0.1416704,0.405442,0.01956003
esfera,pesos,0.2,0.580801,0.813878,0.015203,0.580817,0.813892,0.015180,0.5031758,0.649991,0.3270263
esfera,pesos,0.5,0.580801,0.813878,0.015203,0.580817,0.813892,0.015180,0.5012703,0.6645973,0.3330445
esfera,pesos,1.0,0.580801,0.813878,0.015203,0.580817,0.813892,0.015180,0.5021917,0.6698322,0.33633
esfera,cor,0.0,0.580801,0.813878,0.015203,0.580817,0.813892,0.015180,0.5218254,0.01018373,0.09717224
esfera,cor,0.3,0.580801,0.813878,0.015203,0.580817,0.813892,0.015180,0.4095533,0.02424649,0.1057209
esfera,cor,1.0,0.580801,0.813878,0.015203,0.580817,0.813892,0.015180,0.3075036,0.03769337,0.1134888
esfera,pesos,0.2,0.657007,0.753623,0.018590,0.657036,0.753629,0.018605,0.5015912,0.672194,0.337117
esfera,pesos,0.5,0.657007,0.753623,0.018590,0.657036,0.753629,0.018605,0.5006365,0.6746748,0.3377118
esfera,pesos,1.0,0.657007,0.753623,0.018590,0.657036,0.753629,0.018605,0.5024522,0.6756697,0.3394638
esfera,cor,0.0,0.657007,0.753623,0.018590,0.657036,0.753629,0.018605,0.791388,0.4528369,0.01081904
esfera,cor,0.3,0.657007,0.753623,0.018590,0.657036,0.753629,0.018605,0.500276,0.3507851,0.1416894
esfera,cor,1.0,0.657007,0.753623,0.018590,0.657036,0.753629,0.018605,0.4419711,0.3345315,0.1677306
esfera,pesos,0.2,0.730379,0.682906,0.011904,0.730409,0.682906,0.011920,0.4994999,0.6756635,0.3375109
esfera,pesos,0.5,0.730379,0.682906,0.011904,0.730409,0.682906,0.011920,0.4998,0.6762618,0.3380132
esfera,pesos,1.0,0.730379,0.682906,0.011904,0.730409,0.682906,0.011920,0.5014279,0.6764132,0.3391813
esfera,cor,0.0,0.730379,0.682906,0.011904,0.730409,0.682906,0.011920,0.03354856,0.410275,0.08298974
esfera,cor,0.3,0.730379,0.682906,0.011904,0.730409,0.682906,0.011920,0.08716822,0.2520653,0.05967157
esfera,cor,1.0,0.730379,0.682906,0.011904,0.730409,0.682906,0.011920,0.09448887,0.2361837,0.05715935
esfera,pesos,0.2,0.800313,0.599498,-0.007003,0.800371,0.599464,-0.006993,0.5012563,0.6569631,0.3292856
esfera,pesos,0.5,0.800313,0.599498,-0.007003,0.800371,0.599464,-0.006993,0.5005025,0.6677711,0.3341808
esfera,pesos,1.0,0.800313,0.599498,-0.007003,0.800371,0.599464,-0.006993,0.4992555,0.6712669,0.3351121
esfera,cor,0.0,0.800313,0.599498,-0.007003,0.800371,0.599464,-0.006993,0.0247762,0.01217557,0.2904708
esfera,cor,0.3,0.800313,0.599498,-0.007003,0.800371,0.599464,-0.006993,0.07146285,0.01327802,0.2807699
esfera,cor,1.0,0.800313,0.599498,-0.007003,0.800371,0.599464,-0.006993,0.1010747,0.01536025,0.2739381
esfera,pesos,0.2,0.865593,0.498911,-0.042453,0.865637,0.498868,-0.042469,0.5106132,0.6247277,0.3189942
esfera,pesos,0.5,0.865593,0.498911,-0.042453,0.865637,0.498868,-0.042469,0.5057055,0.6459227,0.3263008
esfera,pesos,1.0,0.865593,0.498911,-0.042453,0.865637,0.498868,-0.042469,0.4962347,0.6572312,0.3259183
esfera,cor,0.0,0.865593,0.498911,-0.042453,0.865637,0.498868,-0.042469,0.3286367,0.0003801767,0.0003801767
esfera,cor,0.3,0.865593,0.498911,-0.042453,0.865637,0.498868,-0.042469,0.3165495,0.02988711,0.02988711
esfera,cor,1.0,0.865593,0.498911,-0.042453,0.865637,0.498868,-0.042469,0.2365981,0.2058793,0.2114351
esfera,pesos,0.2,0.923122,0.369709,-0.105456,0.923135,0.369733,-0.105450,0.526364,0.5924273,0.3118324
esfera,pesos,0.5,0.923122,0.369709,-0.105456,0.923135,0.369733,-0.105450,0.5225698,0.6023828,0.3142999
esfera,pesos,1.0,0.923122,0.369709,-0.105456,0.923135,0.369733,-0.105450,0.4930303,0.6290097,0.3094113
esfera,cor,0.0,0.923122,0.369709,-0.105456,0.923135,0.369733,-0.105450,0.02226767,0.7188123,0.7188123
esfera,cor,0.3,0.923122,0.369709,-0.105456,0.923135,0.369733,-0.105450,0.02226767,0.7188123,0.7188123
esfera,cor,1.0,0.923122,0.369709,-0.105456,0.923135,0.369733,-0.105450,0.06872045,0.5047929,0.5198877
esfera,pesos,0.2,0.954334,0.143357,-0.262011,0.954353,0.143379,-0.262016,0.5655026,0.5358392,0.3030185
esfera,pesos,0.5,0.954334,0.143357,-0.262011,0.954353,0.143379,-0.262016,0.5655026,0.5358392,0.3030185
esfera,pesos,1.0,0.954334,0.143357,-0.262011,0.954353,0.143379,-0.262016,0.4930931,0.5572177,0.2735075
esfera,cor,0.0,0.954334,0.143357,-0.262011,0.954353,0.143379,-0.262016,0.1025912,0.01839171,0.1219959
esfera,cor,0.3,0.954334,0.143357,-0.262011,0.954353,0.143379,-0.262016,0.1025912,0.01839171,0.1219959
esfera,cor,1.0,0.954334,0.143357,-0.262011,0.954353,0.143379,-0.262016,0.07318016,0.02140939,0.1793292
esfera,pesos,0.2,-0.016876,0.889496,-0.456599,-0.016841,0.889513,-0.456600,0.3858502,0.495781,0.1912972
esfera,pesos,0.5,-0.016876,0.889496,-0.456599,-0.016841,0.889513,-0.456600,0.406967,0.5362048,0.2221489
esfera,pesos,1.0,-0.016876,0.889496,-0.456599,-0.016841,0.889513,-0.456600,0.4255047,0.5744913,0.2503129
esfera,cor,0.0,-0.016876,0.889496,-0.456599,-0.016841,0.889513,-0.456600,0.8036367,0.00698347,0.4493856
esfera,cor,0.3,-0.016876,0.889496,-0.456599,-0.016841,0.889513,-0.456600,0.8036367,0.00698347,0.4493856
esfera,cor,1.0,-0.016876,0.889496,-0.456599,-0.016841,0.889513,-0.456600,0.6210095,0.005527273,0.2961697
esfera,pesos,0.2,0.086777,0.930561,-0.355646,0.086777,0.930567,-0.355689,0.4110884,0.5216942,0.2144624
esfera,pesos,0.5,0.086777,0.930561,-0.355646,0.086777,0.930567,-0.355689,0.414655,0.5328872,0.2216768
esfera,pesos,1.0,0.086777,0.930561,-0.355646,0.086777,0.930567,-0.355689,0.43974,0.5896726,0.2633988
esfera,cor,0.0,0.086777,0.930561,-0.355646,0.086777,0.930567,-0.355689,0.1706539,0.003964692,0.6953428
esfera,cor,0.3,0.086777,0.930561,-0.355646,0.086777,0.930567,-0.355689,0.1706539,0.003964692,0.6953428
esfera,cor,1.0,0.086777,0.930561,-0.355646,0.086777,0.930567,-0.355689,0.1296962,0.2627211,0.7851223
esfera,pesos,0.2,0.182242,0.941402,-0.283798,0.182264,0.941401,-0.283803,0.4290506,0.5455605,0.2340731
esfera,pesos,0.5,0.182242,0.941402,-0.283798,0.182264,0.941401,-0.283803,0.4290506,0.5455605,0.2340731
esfera,pesos,1.0,0.182242,0.941402,-0.283798,0.182264,0.941401,-0.283803,0.4525456,0.6084073,0.2783146
esfera,cor,0.0,0.182242,0.941402,-0.283798,0.182264,0.941401,-0.283803,0.02277684,0.09220061,0.7048898
esfera,cor,0.3,0.182242,0.941402,-0.283798,0.182264,0.941401,-0.283803,0.02277684,0.09220061,0.7048898
esfera,cor,1.0,0.182242,0.941402,-0.283798,0.182264,0.941401,-0.283803,0.02716718,0.3245828,0.5758851
esfera,pesos,0.2,0.272857,0.934339,-0.229190,0.272878,0.934349,-0.229195,0.4427026,0.5682142,0.2515499
esfera,pesos,0.5,0.272857,0.934339,-0.229190,0.272878,0.934349,-0.229195,0.4427026,0.5682142,0.2515499
esfera,pesos,1.0,0.272857,0.934339,-0.229190,0.272878,0.934349,-0.229195,0.4627304,0.6260163,0.2918311
esfera,cor,0.0,0.272857,0.934339,-0.229190,0.272878,0.934349,-0.229195,0.1127465,0.7844753,0.7844753
esfera,cor,0.3,0.272857,0.934339,-0.229190,0.272878,0.934349,-0.229195,0.1127465,0.7844753,0.7844753
esfera,cor,1.0,0.272857,0.934339,-0.229190,0.272878,0.934349,-0.229195,0.2221794,0.7626864,0.5116944
esfera,pesos,0.2,0.359873,0.913987,-0.187377,0.359909,0.913975,-0.187388,0.4531558,0.5899682,0.2673475
esfera,pesos,0.5,0.359873,0.913987,-0.187377,0.359909,0.913975,-0.187388,0.4592509,0.5989805,0.2758718
esfera,pesos,1.0,0.359873,0.913987,-0.187377,0.359909,0.913975,-0.187388,0.470701,0.641852,0.3036406
esfera,cor,0.0,0.359873,0.913987,-0.187377,0.359909,0.913975,-0.187388,0.7312751,0.9325567,0.02799529
esfera,cor,0.3,0.359873,0.913987,-0.187377,0.359909,0.913975,-0.187388,0.7312751,0.9325567,0.02799529
esfera,cor,1.0,0.359873,0.913987,-0.187377,0.359909,0.913975,-0.187388,0.463661,0.6039206,0.04586674
esfera,pesos,0.2,0.443828,0.882341,-0.156441,0.443850,0.882335,-0.156467,0.4608898,0.6109571,0.2815839
esfera,pesos,0.5,0.443828,0.882341,-0.156441,0.443850,0.882335,-0.156467,0.4741375,0.6295241,0.2996874
esfera,pesos,1.0,0.443828,0.882341,-0.156441,0.443850,0.882335,-0.156467,0.476724,0.6553448,0.3134516
esfera,cor,0.0,0.443828,0.882341,-0.156441,0.443850,0.882335,-0.156467,0.2326456,0.0504295,0.04586719
esfera,cor,0.3,0.443828,0.882341,-0.156441,0.443850,0.882335,-0.156467,0.2326456,0.0504295,0.04586719
esfera,cor,1.0,0.443828,0.882341,-0.156441,0.443850,0.882335,-0.156467,0.1779521,0.08289599,0.1321241
esfera,pesos,0.2,0.524952,0.840240,-0.135571,0.524958,0.840259,-0.135585,0.4661073,0.6312381,0.2942246
esfera,pesos,0.5,0.524952,0.840240,-0.135571,0.524958,0.840259,-0.135585,0.4843448,0.6524449,0.317059
esfera,pesos,1.0,0.524952,0.840240,-0.135571,0.524958,0.840259,-0.135585,0.4810233,0.6659298,0.3209859
esfera,cor,0.0,0.524952,0.840240,-0.135571,0.524958,0.840259,-0.135585,0.1609669,0.06414966,0.02926199
esfera,cor,0.3,0.524952,0.840240,-0.135571,0.524958,0.840259,-0.135585,0.1426477,0.1574297,0.06238859
esfera,cor,1.0,0.524952,0.840240,-0.135571,0.524958,0.840259,-0.135585,0.1697673,0.3690398,0.1372887
esfera,pesos,0.2,0.603253,0.787720,-0.124735,0.603271,0.787718,-0.124753,0.4793249,0.6585838,0.3160786
esfera,pesos,0.5,0.603253,0.787720,-0.124735,0.603271,0.787718,-0.124753,0.49173,0.6677566,0.3290244
esfera,pesos,1.0,0.603253,0.787720,-0.124735,0.603271,0.787718,-0.124753,0.4837927,0.6729636,0.3259338
esfera,cor,0.0,0.603253,0.787720,-0.124735,0.603271,0.787718,-0.124753,0.1286728,0.03715649,0.2912251
esfera,cor,0.3,0.603253,0.787720,-0.124735,0.603271,0.787718,-0.124753,0.1171961,0.027886,0.3007994
esfera,cor,1.0,0.603253,0.787720,-0.124735,0.603271,0.787718,-0.124753,0.1236328,0.0476671,0.2831247
esfera,pesos,0.2,0.678499,0.723920,-0.124762,0.678488,0.723935,-0.124788,0.4949461,0.6743823,0.3339554
esfera,pesos,0.5,0.678499,0.723920,-0.124762,0.678488,0.723935,-0.124788,0.4979784,0.6749343,0.3362791
esfera,pesos,1.0,0.678499,0.723920,-0.124762,0.678488,0.723935,-0.124788,0.4852118,0.6755972,0.3278961
esfera,cor,0.0,0.678499,0.723920,-0.124762,0.678488,0.723935,-0.124788,0.4498728,0.05470458,0.1505104
esfera,cor,0.3,0.678499,0.723920,-0.124762,0.678488,0.723935,-0.124788,0.2502534,0.05021694,0.1296987
esfera,cor,1.0,0.678499,0.723920,-0.124762,0.678488,0.723935,-0.124788,0.2150914,0.05424963,0.1179154
esfera,pesos,0.2,0.750130,0.646774,-0.137638,0.750157,0.646775,-0.137643,0.5127327,0.6698323,0.3430613
esfera,pesos,0.5,0.750130,0.646774,-0.137638,0.750157,0.646775,-0.137643,0.5050931,0.6727008,0.3393417
esfera,pesos,1.0,0.750130,0.646774,-0.137638,0.750157,0.646775,-0.137643,0.4854974,0.6725838,0.3263209
esfera,cor,0.0,0.750130,0.646774,-0.137638,0.750157,0.646775,-0.137643,0.0009801707,0.31893,0.8939402
esfera,cor,0.3,0.750130,0.646774,-0.137638,0.750157,0.646775,-0.137643,0.05178865,0.2924164,0.8732335
esfera,cor,1.0,0.750130,0.646774,-0.137638,0.750157,0.646775,-0.137643,0.1379274,0.3041471,0.7909256
esfera,pesos,0.2,0.816923,0.551772,-0.167710,0.816962,0.551766,-0.167713,0.540618,0.6389782,0.3453576
esfera,pesos,0.5,0.816923,0.551772,-0.167710,0.816962,0.551766,-0.167713,0.5162472,0.6582433,0.3386353
esfera,pesos,1.0,0.816923,0.551772,-0.167710,0.816962,0.551766,-0.167713,0.4849437,0.6617482,0.3202709
esfera,cor,0.0,0.816923,0.551772,-0.167710,0.816962,0.551766,-0.167713,0.8748468,0.2855531,0.09762302
esfera,cor,0.3,0.816923,0.551772,-0.167710,0.816962,0.551766,-0.167713,0.7203976,0.2598258,0.0907404
esfera,cor,1.0,0.816923,0.551772,-0.167710,0.816962,0.551766,-0.167713,0.4794638,0.2977028,0.1273523
esfera,pesos,0.2,0.875527,0.426541,-0.226890,0.875538,0.426560,-0.226892,0.5567225,0.6066352,0.3377275
esfera,pesos,0.5,0.875527,0.426541,-0.226890,0.875538,0.426560,-0.226892,0.539117,0.6240547,0.3347691
esfera,pesos,1.0,0.875527,0.426541,-0.226890,0.875538,0.426560,-0.226892,0.4841755,0.6379499,0.307599
esfera,cor,0.0,0.875527,0.426541,-0.226890,0.875538,0.426560,-0.226892,0.006041812,0.001618361,0.1513888
esfera,cor,0.3,0.875527,0.426541,-0.226890,0.875538,0.426560,-0.226892,0.006041812,0.001618361,0.1513888
esfera,cor,1.0,0.875527,0.426541,-0.226890,0.875538,0.426560,-0.226892,0.1511039,0.0899208,0.1186143
esfera,pesos,0.2,0.079879,0.796057,-0.599915,0.079892,0.796050,-0.599935,0.3693648,0.5466093,0.2048463
esfera,pesos,0.5,0.079879,0.796057,-0.599915,0.079892,0.796050,-0.599935,0.3967613,0.584339,0.2372031
esfera,pesos,1.0,0.079879,0.796057,-0.599915,0.079892,0.796050,-0.599935,0.4191063,0.6024423,0.2591591
esfera,cor,0.0,0.079879,0.796057,-0.599915,0.079892,0.796050,-0.599935,0.765256,0.07300129,0.5111105
esfera,cor,0.3,0.079879,0.796057,-0.599915,0.079892,0.796050,-0.599935,0.6299787,0.09212299,0.3759787
esfera,cor,1.0,0.079879,0.796057,-0.599915,0.079892,0.796050,-0.599935,0.5277485,0.1121671,0.2771061
esfera,pesos,0.2,0.188795,0.856552,-0.480253,0.188813,0.856543,-0.480295,0.3799368,0.5471987,0.2079009
esfera,pesos,0.5,0.188795,0.856552,-0.480253,0.188813,0.856543,-0.480295,0.3958616,0.583684,0.2331355
esfera,pesos,1.0,0.188795,0.856552,-0.480253,0.188813,0.856543,-0.480295,0.4325934,0.6204137,0.273322
esfera,cor,0.0,0.188795,0.856552,-0.480253,0.188813,0.856543,-0.480295,0.2044591,0.6164953,0.02456285
esfera,cor,0.3,0.188795,0.856552,-0.480253,0.188813,0.856543,-0.480295,0.1985009,0.5995007,0.04347776
esfera,cor,1.0,0.188795,0.856552,-0.480253,0.188813,0.856543,-0.480295,0.1810746,0.4459249,0.2179368
esfera,pesos,0.2,0.284257,0.867380,-0.408416,0.284293,0.867381,-0.408445,0.3978961,0.5710642,0.2272242
esfera,pesos,0.5,0.284257,0.867380,-0.408416,0.284293,0.867381,-0.408445,0.4022504,0.5915148,0.2384828
esfera,pesos,1.0,0.284257,0.867380,-0.408416,0.284293,0.867381,-0.408445,0.4432341,0.6357951,0.2854807
esfera,cor,0.0,0.284257,0.867380,-0.408416,0.284293,0.867381,-0.408445,0.07761133,0.05538606,0.01254576
esfera,cor,0.3,0.284257,0.867380,-0.408416,0.284293,0.867381,-0.408445,0.07761133,0.05538606,0.01254576
esfera,cor,1.0,0.284257,0.867380,-0.408416,0.284293,0.867381,-0.408445,0.1364405,0.1625436,0.06316597
esfera,pesos,0.2,0.373576,0.855534,-0.358413,0.373580,0.855548,-0.358434,0.4103966,0.593394,0.2435269
esfera,pesos,0.5,0.373576,0.855534,-0.358413,0.373580,0.855548,-0.358434,0.4259747,0.6117967,0.2622002
esfera,pesos,1.0,0.373576,0.855534,-0.358413,0.373580,0.855548,-0.358434,0.4517111,0.6489509,0.295821
esfera,cor,0.0,0.373576,0.855534,-0.358413,0.373580,0.855548,-0.358434,0.5433959,0.005349996,0.7185215
esfera,cor,0.3,0.373576,0.855534,-0.358413,0.373580,0.855548,-0.358434,0.5433959,0.005349996,0.7185215
esfera,cor,1.0,0.373576,0.855534,-0.358413,0.373580,0.855548,-0.358434,0.4432439,0.1640095,0.4032152
esfera,pesos,0.2,0.458509,0.827496,-0.324003,0.458541,0.827500,-0.324012,0.4189993,0.6146274,0.2575284
esfera,pesos,0.5,0.458509,0.827496,-0.324003,0.458541,0.827500,-0.324012,0.4532385,0.6344701,0.2900453
esfera,pesos,1.0,0.458509,0.827496,-0.324003,0.458541,0.827500,-0.324012,0.45837,0.6594632,0.3041447
esfera,cor,0.0,0.458509,0.827496,-0.324003,0.458541,0.827500,-0.324012,0.1752722,0.1220965,0.8906567
esfera,cor,0.3,0.458509,0.827496,-0.324003,0.458541,0.827500,-0.324012,0.1794608,0.1198298,0.8770728
esfera,cor,1.0,0.458509,0.827496,-0.324003,0.458541,0.827500,-0.324012,0.2482986,0.09136662,0.535312
esfera,pesos,0.2,0.539636,0.785406,-0.303123,0.539650,0.785427,-0.303122,0.4297205,0.6371392,0.2741175
esfera,pesos,0.5,0.539636,0.785406,-0.303123,0.539650,0.785427,-0.303122,0.4718882,0.6542339,0.3107329
esfera,pesos,1.0,0.539636,0.785406,-0.303123,0.539650,0.785427,-0.303122,0.4634449,0.6667123,0.310147
esfera,cor,0.0,0.539636,0.785406,-0.303123,0.539650,0.785427,-0.303122,0.02648705,0.1019042,0.1209152
esfera,cor,0.3,0.539636,0.785406,-0.303123,0.539650,0.785427,-0.303122,0.08755663,0.1219191,0.09971782
esfera,cor,1.0,0.539636,0.785406,-0.303123,0.539650,0.785427,-0.303122,0.1467559,0.1821874,0.07217833
esfera,pesos,0.2,0.616957,0.729268,-0.295772,0.616996,0.729256,-0.295805,0.4691705,0.6624247,0.3116478
esfera,pesos,0.5,0.616957,0.729268,-0.295772,0.616996,0.729256,-0.295805,0.4876682,0.6659367,0.3257654
esfera,pesos,1.0,0.616957,0.729268,-0.295772,0.616996,0.729256,-0.295805,0.4671597,0.6698473,0.3134382
esfera,cor,0.0,0.616957,0.729268,-0.295772,0.616996,0.729256,-0.295805,0.01322683,0.1876202,0.03511612
esfera,cor,0.3,0.616957,0.729268,-0.295772,0.616996,0.729256,-0.295805,0.1205976,0.1546269,0.03243449
esfera,cor,1.0,0.616957,0.729268,-0.295772,0.616996,0.729256,-0.295805,0.1724853,0.1509345,0.03296899
esfera,pesos,0.2,0.689895,0.656949,-0.304001,0.689899,0.656977,-0.304007,0.5092884,0.6678522,0.3398211
esfera,pesos,0.5,0.689895,0.656949,-0.304001,0.689899,0.656977,-0.304007,0.5037154,0.6681541,0.3362473
esfera,pesos,1.0,0.689895,0.656949,-0.304001,0.689899,0.656977,-0.304007,0.4697549,0.667515,0.3134185
esfera,cor,0.0,0.689895,0.656949,-0.304001,0.689899,0.656977,-0.304007,0.7361395,0.01613232,0.1407712
esfera,cor,0.3,0.689895,0.656949,-0.304001,0.689899,0.656977,-0.304007,0.4123944,0.0977746,0.2496142
esfera,cor,1.0,0.689895,0.656949,-0.304001,0.689899,0.656977,-0.304007,0.3331294,0.2194641,0.2159169
esfera,pesos,0.2,0.756686,0.561937,-0.334081,0.756719,0.561930,-0.334081,0.5616874,0.646848,0.3624023
esfera,pesos,0.5,0.756686,0.561937,-0.334081,0.756719,0.561930,-0.334081,0.5235976,0.6575251,0.3424531
esfera,pesos,1.0,0.756686,0.561937,-0.334081,0.756719,0.561930,-0.334081,0.4716048,0.657038,0.3089497
esfera,cor,0.0,0.756686,0.561937,-0.334081,0.756719,0.561930,-0.334081,0.1529172,0.7199371,0.009002979
esfera,cor,0.3,0.756686,0.561937,-0.334081,0.756719,0.561930,-0.334081,0.2168614,0.6911217,0.0307391
esfera,cor,1.0,0.756686,0.561937,-0.334081,0.756719,0.561930,-0.334081,0.2089831,0.6813353,0.09359531
esfera,pesos,0.2,0.810016,0.417236,-0.412010,0.810042,0.417198,-0.412041,0.6030025,0.604309,0.3643998
esfera,pesos,0.5,0.810016,0.417236,-0.412010,0.810042,0.417198,-0.412041,0.5357108,0.6176882,0.3290464
esfera,pesos,1.0,0.810016,0.417236,-0.412010,0.810042,0.417198,-0.412041,0.4737835,0.6292998,0.2962329
esfera,cor,0.0,0.810016,0.417236,-0.412010,0.810042,0.417198,-0.412041,0.2124583,0.03768279,0.003489892
esfera,cor,0.3,0.810016,0.417236,-0.412010,0.810042,0.417198,-0.412041,0.2124583,0.03768279,0.003489892
esfera,cor,1.0,0.810016,0.417236,-0.412010,0.810042,0.417198,-0.412041,0.2048636,0.05346752,0.01508613
esfera,pesos,0.2,0.354434,0.675831,-0.646207,0.354464,0.675794,-0.646264,0.3708466,0.6242964,0.2329652
esfera,pesos,0.5,0.354434,0.675831,-0.646207,0.354464,0.675794,-0.646264,0.381503,0.628162,0.2414021
esfera,pesos,1.0,0.354434,0.675831,-0.646207,0.354464,0.675794,-0.646264,0.4348795,0.6365696,0.2799543
esfera,cor,0.0,0.354434,0.675831,-0.646207,0.354464,0.675794,-0.646264,0.2253372,0.007169473,0.7336612
esfera,cor,0.3,0.354434,0.675831,-0.646207,0.354464,0.675794,-0.646264,0.1226017,0.216832,0.4183688
esfera,cor,1.0,0.354434,0.675831,-0.646207,0.354464,0.675794,-0.646264,0.1771441,0.281956,0.3288297
esfera,pesos,0.2,0.447790,0.678885,-0.581856,0.447822,0.678867,-0.581889,0.3648489,0.6297244,0.2301668
esfera,pesos,0.5,0.447790,0.678885,-0.581856,0.447822,0.678867,-0.581889,0.4114827,0.6412202,0.2654741
esfera,pesos,1.0,0.447790,0.678885,-0.581856,0.447822,0.678867,-0.581889,0.4422036,0.6467661,0.2880147
esfera,cor,0.0,0.447790,0.678885,-0.581856,0.447822,0.678867,-0.581889,0.06420767,0.07579406,0.452572
esfera,cor,0.3,0.447790,0.678885,-0.581856,0.447822,0.678867,-0.581889,0.1266179,0.2135074,0.2886383
esfera,cor,1.0,0.447790,0.678885,-0.581856,0.447822,0.678867,-0.581889,0.2198637,0.1896782,0.1914198
esfera,pesos,0.2,0.528914,0.636786,-0.560985,0.528930,0.636808,-0.560989,0.4024094,0.6435132,0.2596247
esfera,pesos,0.5,0.528914,0.636786,-0.560985,0.528930,0.636808,-0.560989,0.4368115,0.6478165,0.2838506
esfera,pesos,1.0,0.528914,0.636786,-0.560985,0.528930,0.636808,-0.560989,0.4482789,0.649251,0.2919259
esfera,cor,0.0,0.528914,0.636786,-0.560985,0.528930,0.636808,-0.560989,0.004223965,0.01763139,0.1377109
esfera,cor,0.3,0.528914,0.636786,-0.560985,0.528930,0.636808,-0.560989,0.2267988,0.2018894,0.1163466
esfera,cor,1.0,0.528914,0.636786,-0.560985,0.528930,0.636808,-0.560989,0.2843699,0.2255591,0.1079716
esfera,pesos,0.2,0.597826,0.549603,-0.583528,0.597881,0.549562,-0.583541,0.4747303,0.6400818,0.3035429
esfera,pesos,0.5,0.597826,0.549603,-0.583528,0.597881,0.549562,-0.583541,0.4589487,0.6409416,0.2937881
esfera,pesos,1.0,0.597826,0.549603,-0.583528,0.597881,0.549562,-0.583541,0.4536882,0.6412282,0.2905366
esfera,cor,0.0,0.597826,0.549603,-0.583528,0.597881,0.549562,-0.583541,0.06756959,0.9110187,0.03074782
esfera,cor,0.3,0.597826,0.549603,-0.583528,0.597881,0.549562,-0.583541,0.06948577,0.7609816,0.0357264
esfera,cor,1.0,0.597826,0.549603,-0.583528,0.597881,0.549562,-0.583541,0.06741349,0.7292191,0.03486626
esfera,pesos,0.2,-0.354438,-0.675846,0.646192,-0.354447,-0.675861,0.646204,0.3708308,0.3757205,0.137882
esfera,pesos,0.5,-0.354438,-0.675846,0.646192,-0.354447,-0.675861,0.646204,0.381491,0.3718442,0.140099
esfera,pesos,1.0,-0.354438,-0.675846,0.646192,-0.354447,-0.675861,0.646204,0.4348745,0.3634312,0.1549235
esfera,cor,0.0,-0.354438,-0.675846,0.646192,-0.354447,-0.675861,0.646204,0.2005682,0.2602651,0.004028394
esfera,cor,0.3,-0.354438,-0.675846,0.646192,-0.354447,-0.675861,0.646204,0.3068721,0.1449063,0.2596685
esfera,cor,1.0,-0.354438,-0.675846,0.646192,-0.354447,-0.675861,0.646204,0.2551916,0.1262205,0.2834828
esfera,pesos,0.2,-0.447793,-0.678895,0.581846,-0.447824,-0.678880,0.581872,0.3648484,0.3702778,0.1346828
esfera,pesos,0.5,-0.447793,-0.678895,0.581846,-0.447824,-0.678880,0.581872,0.4114834,0.3587793,0.1460086
esfera,pesos,1.0,-0.447793,-0.678895,0.581846,-0.447824,-0.678880,0.581872,0.4422038,0.3532326,0.1541883
esfera,cor,0.0,-0.447793,-0.678895,0.581846,-0.447824,-0.678880,0.581872,0.0289763,0.0166985,0.2385215
esfera,cor,0.3,-0.447793,-0.678895,0.581846,-0.447824,-0.678880,0.581872,0.02173871,0.03981583,0.3696631
esfera,cor,1.0,-0.447793,-0.678895,0.581846,-0.447824,-0.678880,0.581872,0.01984894,0.1831535,0.3675572
esfera,pesos,0.2,-0.528918,-0.636797,0.560975,-0.528925,-0.636800,0.561003,0.4024051,0.3564846,0.1427823
esfera,pesos,0.5,-0.528918,-0.636797,0.560975,-0.528925,-0.636800,0.561003,0.4368098,0.3521814,0.1529593
esfera,pesos,1.0,-0.528918,-0.636797,0.560975,-0.528925,-0.636800,0.561003,0.4482781,0.3507469,0.1563517
esfera,cor,0.0,-0.528918,-0.636797,0.560975,-0.528925,-0.636800,0.561003,0.1384954,0.005062529,0.005062529
esfera,cor,0.3,-0.528918,-0.636797,0.560975,-0.528925,-0.636800,0.561003,0.07237528,0.09732697,0.04485102
esfera,cor,1.0,-0.528918,-0.636797,0.560975,-0.528925,-0.636800,0.561003,0.05687762,0.1199055,0.05563138
esfera,pesos,0.2,-0.597831,-0.549624,0.583507,-0.597836,-0.549614,0.583537,0.4746744,0.3599113,0.171164
esfera,pesos,0.5,-0.597831,-0.549624,0.583507,-0.597836,-0.549614,0.583537,0.4589284,0.3590533,0.1651508
esfera,pesos,1.0,-0.597831,-0.549624,0.583507,-0.597836,-0.549614,0.583537,0.4536798,0.3587673,0.1631464
esfera,cor,0.0,-0.597831,-0.549624,0.583507,-0.597836,-0.549614,0.583537,0.2527956,0.1532989,0.009407206
esfera,cor,0.3,-0.597831,-0.549624,0.583507,-0.597836,-0.549614,0.583537,0.414156,0.1357978,0.03130917
esfera,cor,1.0,-0.597831,-0.549624,0.583507,-0.597836,-0.549614,0.583537,0.4482347,0.1298732,0.03328767
esfera,pesos,0.2,-0.079881,-0.796065,0.599907,-0.079860,-0.796086,0.599891,0.3693474,0.4534162,0.1645225
esfera,pesos,0.5,-0.079881,-0.796065,0.599907,-0.079860,-0.796086,0.599891,0.3967548,0.4156705,0.1595598
esfera,pesos,1.0,-0.079881,-0.796065,0.599907,-0.079860,-0.796086,0.599891,0.4190985,0.3975635,0.159947
esfera,cor,0.0,-0.079881,-0.796065,0.599907,-0.079860,-0.796086,0.599891,0.3832963,0.04502571,0.1267193
esfera,cor,0.3,-0.079881,-0.796065,0.599907,-0.079860,-0.796086,0.599891,0.4710836,0.2729979,0.101932
esfera,cor,1.0,-0.079881,-0.796065,0.599907,-0.079860,-0.796086,0.599891,0.5095879,0.3917137,0.1308046
esfera,pesos,0.2,-0.188796,-0.856555,0.480250,-0.188789,-0.856572,0.480252,0.3799375,0.452801,0.1720361
esfera,pesos,0.5,-0.188796,-0.856555,0.480250,-0.188789,-0.856572,0.480252,0.3958579,0.4163252,0.1627286
esfera,pesos,1.0,-0.188796,-0.856555,0.480250,-0.188789,-0.856572,0.480252,0.432589,0.3795914,0.159272
esfera,cor,0.0,-0.188796,-0.856555,0.480250,-0.188789,-0.856572,0.480252,0.5263039,0.02544082,0.127085
esfera,cor,0.3,-0.188796,-0.856555,0.480250,-0.188789,-0.856572,0.480252,0.5116517,0.03763349,0.1240848
esfera,cor,1.0,-0.188796,-0.856555,0.480250,-0.188789,-0.856572,0.480252,0.3139073,0.1988824,0.08868014
esfera,pesos,0.2,-0.284257,-0.867382,0.408415,-0.284276,-0.867390,0.408439,0.3978963,0.4289357,0.1706719
esfera,pesos,0.5,-0.284257,-0.867382,0.408415,-0.284276,-0.867390,0.408439,0.4022503,0.4084866,0.1637682
esfera,pesos,1.0,-0.284257,-0.867382,0.408415,-0.284276,-0.867390,0.408439,0.4432323,0.3642062,0.1577534
esfera,cor,0.0,-0.284257,-0.867382,0.408415,-0.284276,-0.867390,0.408439,0.04953548,0.4100053,0.2268302
esfera,cor,0.3,-0.284257,-0.867382,0.408415,-0.284276,-0.867390,0.408439,0.04953548,0.4100053,0.2268302
esfera,cor,1.0,-0.284257,-0.867382,0.408415,-0.284276,-0.867390,0.408439,0.2093087,0.3956162,0.1341143
esfera,pesos,0.2,-0.373577,-0.855536,0.358412,-0.373598,-0.855543,0.358429,0.410397,0.4066058,0.1668698
esfera,pesos,0.5,-0.373577,-0.855536,0.358412,-0.373598,-0.855543,0.358429,0.4259798,0.3882013,0.1637751
esfera,pesos,1.0,-0.373577,-0.855536,0.358412,-0.373598,-0.855543,0.358429,0.4517131,0.3510481,0.1558903
esfera,cor,0.0,-0.373577,-0.855536,0.358412,-0.373598,-0.855543,0.358429,0.1191685,0.005613383,0.4387641
esfera,cor,0.3,-0.373577,-0.855536,0.358412,-0.373598,-0.855543,0.358429,0.1191685,0.005613383,0.4387641
esfera,cor,1.0,-0.373577,-0.855536,0.358412,-0.373598,-0.855543,0.358429,0.237109,0.1044468,0.2705463
esfera,pesos,0.2,-0.458510,-0.827499,0.324000,-0.458518,-0.827516,0.324003,0.4189999,0.3853725,0.161471
esfera,pesos,0.5,-0.458510,-0.827499,0.324000,-0.458518,-0.827516,0.324003,0.4532345,0.3655331,0.1631933
esfera,pesos,1.0,-0.458510,-0.827499,0.324000,-0.458518,-0.827516,0.324003,0.4583683,0.3405378,0.1542252
esfera,cor,0.0,-0.458510,-0.827499,0.324000,-0.458518,-0.827516,0.324003,0.1566209,0.3262221,0.05414509
esfera,cor,0.3,-0.458510,-0.827499,0.324000,-0.458518,-0.827516,0.324003,0.1570524,0.3191329,0.05298387
esfera,cor,1.0,-0.458510,-0.827499,0.324000,-0.458518,-0.827516,0.324003,0.1424914,0.1694133,0.06357442
esfera,pesos,0.2,-0.539637,-0.785409,0.303120,-0.539678,-0.785405,0.303127,0.4297357,0.3628547,0.155605
esfera,pesos,0.5,-0.539637,-0.785409,0.303120,-0.539678,-0.785405,0.303127,0.4718943,0.3457634,0.1611559
esfera,pesos,1.0,-0.539637,-0.785409,0.303120,-0.539678,-0.785405,0.303127,0.4634472,0.3332862,0.1532979
esfera,cor,0.0,-0.539637,-0.785409,0.303120,-0.539678,-0.785405,0.303127,0.02044951,0.1093606,0.2065921
esfera,cor,0.3,-0.539637,-0.785409,0.303120,-0.539678,-0.785405,0.303127,0.1253532,0.2291678,0.1697164
esfera,cor,1.0,-0.539637,-0.785409,0.303120,-0.539678,-0.785405,0.303127,0.2352176,0.2984687,0.241296
esfera,pesos,0.2,-0.616958,-0.729271,0.295768,-0.616966,-0.729295,0.295773,0.4691524,0.3375783,0.1575183
esfera,pesos,0.5,-0.616958,-0.729271,0.295768,-0.616966,-0.729295,0.295773,0.487661,0.3340641,0.1619009
esfera,pesos,1.0,-0.616958,-0.729271,0.295768,-0.616966,-0.729295,0.295773,0.4671592,0.3301529,0.1537214
esfera,cor,0.0,-0.616958,-0.729271,0.295768,-0.616966,-0.729295,0.295773,0.09777483,0.01482996,0.08477029
esfera,cor,0.3,-0.616958,-0.729271,0.295768,-0.616966,-0.729295,0.295773,0.1096477,0.06841515,0.05669981
esfera,cor,1.0,-0.616958,-0.729271,0.295768,-0.616966,-0.729295,0.295773,0.09274146,0.07886346,0.06969283
esfera,pesos,0.2,-0.689896,-0.656954,0.303995,-0.689892,-0.656991,0.303992,0.5092824,0.3321466,0.1694647
esfera,pesos,0.5,-0.689896,-0.656954,0.303995,-0.689892,-0.656991,0.303992,0.503713,0.3318449,0.1674668
esfera,pesos,1.0,-0.689896,-0.656954,0.303995,-0.689892,-0.656991,0.303992,0.4697553,0.332484,0.1563361
esfera,cor,0.0,-0.689896,-0.656954,0.303995,-0.689892,-0.656991,0.303992,0.3469311,0.007678863,0.2029436
esfera,cor,0.3,-0.689896,-0.656954,0.303995,-0.689892,-0.656991,0.303992,0.5562813,0.03512552,0.3523878
esfera,cor,1.0,-0.689896,-0.656954,0.303995,-0.689892,-0.656991,0.303992,0.4933996,0.09393082,0.3038846
esfera,pesos,0.2,-0.756688,-0.561944,0.334075,-0.756711,-0.561934,0.334092,0.5616826,0.3531495,0.1992821
esfera,pesos,0.5,-0.756688,-0.561944,0.334075,-0.756711,-0.561934,0.334092,0.5235925,0.3424736,0.1811419
esfera,pesos,1.0,-0.756688,-0.561944,0.334075,-0.756711,-0.561934,0.334092,0.4716026,0.3429607,0.1626536
esfera,cor,0.0,-0.756688,-0.561944,0.334075,-0.756711,-0.561934,0.334092,0.03585618,0.09751265,0.3578185
esfera,cor,0.3,-0.756688,-0.561944,0.334075,-0.756711,-0.561934,0.334092,0.1251125,0.1016381,0.2730508
esfera,cor,1.0,-0.756688,-0.561944,0.334075,-0.756711,-0.561934,0.334092,0.1737517,0.08707424,0.2442674
esfera,pesos,0.2,-0.810020,-0.417251,0.411995,-0.810053,-0.417209,0.412008,0.6029989,0.3956873,0.238599
esfera,pesos,0.5,-0.810020,-0.417251,0.411995,-0.810053,-0.417209,0.412008,0.5357186,0.3823064,0.2066648
esfera,pesos,1.0,-0.810020,-0.417251,0.411995,-0.810053,-0.417209,0.412008,0.4737864,0.3706964,0.1775499
esfera,cor,0.0,-0.810020,-0.417251,0.411995,-0.810053,-0.417209,0.412008,0.9664394,0.5371469,0.005905302
esfera,cor,0.3,-0.810020,-0.417251,0.411995,-0.810053,-0.417209,0.412008,0.9664394,0.5371469,0.005905302
esfera,cor,1.0,-0.810020,-0.417251,0.411995,-0.810053,-0.417209,0.412008,0.7273782,0.2911739,0.03550646
esfera,pesos,0.2,0.016877,-0.889493,0.456601,0.016877,-0.889504,0.456615,0.3858497,0.5042192,0.1945528
esfera,pesos,0.5,0.016877,-0.889493,0.456601,0.016877,-0.889504,0.456615,0.4069688,0.4637912,0.1848169
esfera,pesos,1.0,0.016877,-0.889493,0.456601,0.016877,-0.889504,0.456615,0.4255045,0.425503,0.1751894
esfera,cor,0.0,0.016877,-0.889493,0.456601,0.016877,-0.889504,0.456615,0.2922339,0.005919685,0.3771732
esfera,cor,0.3,0.016877,-0.889493,0.456601,0.016877,-0.889504,0.456615,0.2922339,0.005919685,0.3771732
esfera,cor,1.0,0.016877,-0.889493,0.456601,0.016877,-0.889504,0.456615,0.4286421,0.2913468,0.2583633
esfera,pesos,0.2,-0.086777,-0.930562,0.355646,-0.086773,-0.930573,0.355674,0.4110886,0.4783057,0.196626
esfera,pesos,0.5,-0.086777,-0.930562,0.355646,-0.086773,-0.930573,0.355674,0.4146539,0.4671169,0.1929796
esfera,pesos,1.0,-0.086777,-0.930562,0.355646,-0.086773,-0.930573,0.355674,0.4397391,0.4103297,0.1763418
esfera,cor,0.0,-0.086777,-0.930562,0.355646,-0.086773,-0.930573,0.355674,0.01682895,0.4572958,0.004634508
esfera,cor,0.3,-0.086777,-0.930562,0.355646,-0.086773,-0.930573,0.355674,0.01682895,0.4572958,0.004634508
esfera,cor,1.0,-0.086777,-0.930562,0.355646,-0.086773,-0.930573,0.355674,0.01997018,0.3822839,0.02106869
esfera,pesos,0.2,-0.182242,-0.941403,0.283796,-0.182245,-0.941401,0.283816,0.429051,0.4544394,0.1949777
esfera,pesos,0.5,-0.182242,-0.941403,0.283796,-0.182245,-0.941401,0.283816,0.429051,0.4544394,0.1949777
esfera,pesos,1.0,-0.182242,-0.941403,0.283796,-0.182245,-0.941401,0.283816,0.4525442,0.3915931,0.1742309
esfera,cor,0.0,-0.182242,-0.941403,0.283796,-0.182245,-0.941401,0.283816,0.03838652,0.4495615,0.01873935
esfera,cor,0.3,-0.182242,-0.941403,0.283796,-0.182245,-0.941401,0.283816,0.03838652,0.4495615,0.01873935
esfera,cor,1.0,-0.182242,-0.941403,0.283796,-0.182245,-0.941401,0.283816,0.03357778,0.3517379,0.07757317
esfera,pesos,0.2,-0.272857,-0.934339,0.229189,-0.272878,-0.934343,0.229216,0.4427028,0.4317857,0.1911527
esfera,pesos,0.5,-0.272857,-0.934339,0.229189,-0.272878,-0.934343,0.229216,0.4427028,0.4317857,0.1911527
esfera,pesos,1.0,-0.272857,-0.934339,0.229189,-0.272878,-0.934343,0.229216,0.4627301,0.3739819,0.1708984
esfera,cor,0.0,-0.272857,-0.934339,0.229189,-0.272878,-0.934343,0.229216,0.08937339,0.3901348,0.06598353
esfera,cor,0.3,-0.272857,-0.934339,0.229189,-0.272878,-0.934343,0.229216,0.08937339,0.3901348,0.06598353
esfera,cor,1.0,-0.272857,-0.934339,0.229189,-0.272878,-0.934343,0.229216,0.06024586,0.2975999,0.1101277
esfera,pesos,0.2,-0.359873,-0.913989,0.187375,-0.359858,-0.914000,0.187366,0.4531561,0.4100319,0.1858084
esfera,pesos,0.5,-0.359873,-0.913989,0.187375,-0.359858,-0.914000,0.187366,0.4592448,0.401029,0.1833818
esfera,pesos,1.0,-0.359873,-0.913989,0.187375,-0.359858,-0.914000,0.187366,0.4706992,0.3581532,0.1670623
esfera,cor,0.0,-0.359873,-0.913989,0.187375,-0.359858,-0.914000,0.187366,0.01384408,0.04641274,0.3045958
esfera,cor,0.3,-0.359873,-0.913989,0.187375,-0.359858,-0.914000,0.187366,0.01384408,0.04641274,0.3045958
esfera,cor,1.0,-0.359873,-0.913989,0.187375,-0.359858,-0.914000,0.187366,0.01599361,0.05019157,0.2207864
esfera,pesos,0.2,-0.443829,-0.882342,0.156439,-0.443853,-0.882337,0.156449,0.4608902,0.3890429,0.179306
esfera,pesos,0.5,-0.443829,-0.882342,0.156439,-0.443853,-0.882337,0.156449,0.4741379,0.3704756,0.1744501
esfera,pesos,1.0,-0.443829,-0.882342,0.156439,-0.443853,-0.882337,0.156449,0.4767252,0.3446557,0.163273
esfera,cor,0.0,-0.443829,-0.882342,0.156439,-0.443853,-0.882337,0.156449,0.2090547,0.001659945,0.03269915
esfera,cor,0.3,-0.443829,-0.882342,0.156439,-0.443853,-0.882337,0.156449,0.2090547,0.001659945,0.03269915
esfera,cor,1.0,-0.443829,-0.882342,0.156439,-0.443853,-0.882337,0.156449,0.1903195,0.2257981,0.1297646
esfera,pesos,0.2,-0.524953,-0.840242,0.135569,-0.524966,-0.840256,0.135578,0.4661078,0.3687617,0.1718827
esfera,pesos,0.5,-0.524953,-0.840242,0.135569,-0.524966,-0.840256,0.135578,0.4843456,0.3475541,0.1672856
esfera,pesos,1.0,-0.524953,-0.840242,0.135569,-0.524966,-0.840256,0.135578,0.4810242,0.3340699,0.1600374
esfera,cor,0.0,-0.524953,-0.840242,0.135569,-0.524966,-0.840256,0.135578,0.02403093,0.1172424,0.07321303
esfera,cor,0.3,-0.524953,-0.840242,0.135569,-0.524966,-0.840256,0.135578,0.05229556,0.120313,0.06480625
esfera,cor,1.0,-0.524953,-0.840242,0.135569,-0.524966,-0.840256,0.135578,0.1078369,0.1250724,0.06540529
esfera,pesos,0.2,-0.603254,-0.787723,0.124733,-0.603250,-0.787738,0.124733,0.4793208,0.3414193,0.1632465
esfera,pesos,0.5,-0.603254,-0.787723,0.124733,-0.603250,-0.787738,0.124733,0.4917283,0.3322445,0.1627056
esfera,pesos,1.0,-0.603254,-0.787723,0.124733,-0.603250,-0.787738,0.124733,0.4837936,0.327037,0.1578594
esfera,cor,0.0,-0.603254,-0.787723,0.124733,-0.603250,-0.787738,0.124733,0.1193428,0.9599518,0.5321617
esfera,cor,0.3,-0.603254,-0.787723,0.124733,-0.603250,-0.787738,0.124733,0.09220241,0.9070606,0.3849537
esfera,cor,1.0,-0.603254,-0.787723,0.124733,-0.603250,-0.787738,0.124733,0.1012549,0.8158565,0.3417306
esfera,pesos,0.2,-0.678500,-0.723923,0.124758,-0.678507,-0.723919,0.124783,0.4949502,0.3256165,0.1609915
esfera,pesos,0.5,-0.678500,-0.723923,0.124758,-0.678507,-0.723919,0.124783,0.4979801,0.325065,0.1616995
esfera,pesos,1.0,-0.678500,-0.723923,0.124758,-0.678507,-0.723919,0.124783,0.4852131,0.3244022,0.1573159
esfera,cor,0.0,-0.678500,-0.723923,0.124758,-0.678507,-0.723919,0.124783,0.28495,0.08262559,0.6419749
esfera,cor,0.3,-0.678500,-0.723923,0.124758,-0.678507,-0.723919,0.124783,0.1605313,0.1047033,0.3564827
esfera,cor,1.0,-0.678500,-0.723923,0.124758,-0.678507,-0.723919,0.124783,0.138992,0.1038015,0.3159463
esfera,pesos,0.2,-0.750131,-0.646778,0.137634,-0.750157,-0.646776,0.137640,0.512732,0.3301668,0.1696707
esfera,pesos,0.5,-0.750131,-0.646778,0.137634,-0.750157,-0.646776,0.137640,0.5050928,0.3272985,0.1657509
esfera,pesos,1.0,-0.750131,-0.646778,0.137634,-0.750157,-0.646776,0.137640,0.4854977,0.3274154,0.1591762
esfera,cor,0.0,-0.750131,-0.646778,0.137634,-0.750157,-0.646776,0.137640,0.2559649,0.00498168,0.002099263
esfera,cor,0.3,-0.750131,-0.646778,0.137634,-0.750157,-0.646776,0.137640,0.2933186,0.04505028,0.02977909
esfera,cor,1.0,-0.750131,-0.646778,0.137634,-0.750157,-0.646776,0.137640,0.2981708,0.05476905,0.03385787
esfera,pesos,0.2,-0.816924,-0.551777,0.167705,-0.816966,-0.551766,0.167693,0.5406174,0.361021,0.1952596
esfera,pesos,0.5,-0.816924,-0.551777,0.167705,-0.816966,-0.551766,0.167693,0.516247,0.3417558,0.1776113
esfera,pesos,1.0,-0.816924,-0.551777,0.167705,-0.816966,-0.551766,0.167693,0.4849461,0.3382506,0.164673
esfera,cor,0.0,-0.816924,-0.551777,0.167705,-0.816966,-0.551766,0.167693,0.2695883,0.03097851,0.1822147
esfera,cor,0.3,-0.816924,-0.551777,0.167705,-0.816966,-0.551766,0.167693,0.2407863,0.04956598,0.1505271
esfera,cor,1.0,-0.816924,-0.551777,0.167705,-0.816966,-0.551766,0.167693,0.1819299,0.07657546,0.127485
esfera,pesos,0.2,-0.875530,-0.426551,0.226880,-0.875566,-0.426500,0.226897,0.5567199,0.3933622,0.2189925
esfera,pesos,0.5,-0.875530,-0.426551,0.226880,-0.875566,-0.426500,0.226897,0.5391239,0.3759515,0.2043532
esfera,pesos,1.0,-0.875530,-0.426551,0.226880,-0.875566,-0.426500,0.226897,0.4841771,0.3620518,0.1765777
esfera,cor,0.0,-0.875530,-0.426551,0.226880,-0.875566,-0.426500,0.226897,0.01296656,0.1239981,0.06442704
esfera,cor,0.3,-0.875530,-0.426551,0.226880,-0.875566,-0.426500,0.226897,0.01296656,0.1239981,0.06442704
esfera,cor,1.0,-0.875530,-0.426551,0.226880,-0.875566,-0.426500,0.226897,0.1930369,0.2828007,0.07252117
esfera,pesos,0.2,0.262564,-0.774712,0.575198,0.262572,-0.774706,0.575227,0.3835488,0.5317798,0.1977976
esfera,pesos,0.5,0.262564,-0.774712,0.575198,0.262572,-0.774706,0.575227,0.429972,0.4743009,0.191544
esfera,pesos,1.0,0.262564,-0.774712,0.575198,0.262572,-0.774706,0.575227,0.430914,0.4309081,0.1763761
esfera,cor,0.0,0.262564,-0.774712,0.575198,0.262572,-0.774706,0.575227,0.08132263,0.04026717,0.9524261
esfera,cor,0.3,0.262564,-0.774712,0.575198,0.262572,-0.774706,0.575227,0.2107825,0.05462777,0.7679241
esfera,cor,1.0,0.262564,-0.774712,0.575198,0.262572,-0.774706,0.575227,0.3464302,0.05823855,0.5605626
esfera,pesos,0.2,0.131539,-0.916827,0.376941,0.131585,-0.916826,0.376981,0.4057648,0.5328848,0.2162259
esfera,pesos,0.5,0.131539,-0.916827,0.376941,0.131585,-0.916826,0.376981,0.4162836,0.5111976,0.2102744
esfera,pesos,1.0,0.131539,-0.916827,0.376941,0.131585,-0.916826,0.376981,0.4393849,0.4393731,0.1873863
esfera,cor,0.0,0.131539,-0.916827,0.376941,0.131585,-0.916826,0.376981,0.01928981,0.009651415,0.2203483
esfera,cor,0.3,0.131539,-0.916827,0.376941,0.131585,-0.916826,0.376981,0.01928981,0.009651415,0.2203483
esfera,cor,1.0,0.131539,-0.916827,0.376941,0.131585,-0.916826,0.376981,0.01524604,0.01960501,0.1835092
esfera,pesos,0.2,0.026812,-0.961857,0.272170,0.026812,-0.961866,0.272202,0.4319576,0.5067031,0.2188742
esfera,pesos,0.5,0.026812,-0.961857,0.272170,0.026812,-0.961866,0.272202,0.4319576,0.5067031,0.2188742
esfera,pesos,1.0,0.026812,-0.961857,0.272170,0.026812,-0.961866,0.272202,0.4480938,0.4480881,0.197743
esfera,cor,0.0,0.026812,-0.961857,0.272170,0.026812,-0.961866,0.272202,0.2250101,0.2872335,0.007938427
esfera,cor,0.3,0.026812,-0.961857,0.272170,0.026812,-0.961866,0.272202,0.2250101,0.2872335,0.007938427
esfera,cor,1.0,0.026812,-0.961857,0.272170,0.026812,-0.961866,0.272202,0.1746334,0.3339767,0.130821
esfera,pesos,0.2,-0.070172,-0.978305,0.194922,-0.070155,-0.978304,0.194933,0.4512694,0.482457,0.2177181
esfera,pesos,0.5,-0.070172,-0.978305,0.194922,-0.070155,-0.978304,0.194933,0.4512694,0.482457,0.2177181
esfera,pesos,1.0,-0.070172,-0.978305,0.194922,-0.070155,-0.978304,0.194933,0.4616579,0.434054,0.1985288
esfera,cor,0.0,-0.070172,-0.978305,0.194922,-0.070155,-0.978304,0.194933,0.2364767,0.2941287,0.01814677
esfera,cor,0.3,-0.070172,-0.978305,0.194922,-0.070155,-0.978304,0.194933,0.2364767,0.2941287,0.01814677
esfera,cor,1.0,-0.070172,-0.978305,0.194922,-0.070155,-0.978304,0.194933,0.194404,0.353974,0.05905228
esfera,pesos,0.2,-0.162486,-0.977515,0.134272,-0.162514,-0.977526,0.134280,0.4664319,0.4593785,0.2142688
esfera,pesos,0.5,-0.162486,-0.977515,0.134272,-0.162514,-0.977526,0.134280,0.4664319,0.4593785,0.2142688
esfera,pesos,1.0,-0.162486,-0.977515,0.134272,-0.162514,-0.977526,0.134280,0.4742505,0.4119226,0.1941324
esfera,cor,0.0,-0.162486,-0.977515,0.134272,-0.162514,-0.977526,0.134280,0.2228048,0.2630422,0.04686277
esfera,cor,0.3,-0.162486,-0.977515,0.134272,-0.162514,-0.977526,0.134280,0.2228048,0.2630422,0.04686277
esfera,cor,1.0,-0.162486,-0.977515,0.134272,-0.162514,-0.977526,0.134280,0.1724394,0.3035188,0.1468829
esfera,pesos,0.2,-0.251374,-0.964072,0.085808,-0.251399,-0.964073,0.085803,0.478548,0.4371566,0.2092004
esfera,pesos,0.5,-0.251374,-0.964072,0.085808,-0.251399,-0.964073,0.085803,0.478548,0.4371566,0.2092004
esfera,pesos,1.0,-0.251374,-0.964072,0.085808,-0.251399,-0.964073,0.085803,0.4841076,0.390986,0.1885454
esfera,cor,0.0,-0.251374,-0.964072,0.085808,-0.251399,-0.964073,0.085803,0.008360918,0.2080032,0.2080032
esfera,cor,0.3,-0.251374,-0.964072,0.085808,-0.251399,-0.964073,0.085803,0.008360918,0.2080032,0.2080032
esfera,cor,1.0,-0.251374,-0.964072,0.085808,-0.251399,-0.964073,0.085803,0.01196277,0.2747592,0.2102877
esfera,pesos,0.2,-0.337418,-0.940139,0.047444,-0.337439,-0.940151,0.047449,0.488139,0.4156454,0.2028928
esfera,pesos,0.5,-0.337418,-0.940139,0.047444,-0.337439,-0.940151,0.047449,0.488809,0.4113897,0.2009929
esfera,pesos,1.0,-0.337418,-0.940139,0.047444,-0.337439,-0.940151,0.047449,0.4915841,0.3718769,0.1824405
esfera,cor,0.0,-0.337418,-0.940139,0.047444,-0.337439,-0.940151,0.047449,0.121337,0.006371218,0.08619706
esfera,cor,0.3,-0.337418,-0.940139,0.047444,-0.337439,-0.940151,0.047449,0.121337,0.006371218,0.08619706
esfera,cor,1.0,-0.337418,-0.940139,0.047444,-0.337439,-0.940151,0.047449,0.1042485,0.09175707,0.07754517
esfera,pesos,0.2,-0.420939,-0.906887,0.018055,-0.420954,-0.906902,0.018076,0.4954863,0.3947652,0.1956007
esfera,pesos,0.5,-0.420939,-0.906887,0.018055,-0.420954,-0.906902,0.018076,0.4966963,0.3784817,0.1878632
esfera,pesos,1.0,-0.420939,-0.906887,0.018055,-0.420954,-0.906902,0.018076,0.496957,0.3551374,0.1763676
esfera,cor,0.0,-0.420939,-0.906887,0.018055,-0.420954,-0.906902,0.018076,0.1710974,0.09626916,0.03120199
esfera,cor,0.3,-0.420939,-0.906887,0.018055,-0.420954,-0.906902,0.018076,0.1710974,0.09626916,0.03120199
esfera,cor,1.0,-0.420939,-0.906887,0.018055,-0.420954,-0.906902,0.018076,0.1572135,0.08699854,0.02725442
esfera,pesos,0.2,-0.502069,-0.864809,-0.002837,-0.502084,-0.864814,-0.002831,0.5007092,0.3744826,0.1875069
esfera,pesos,0.5,-0.502069,-0.864809,-0.002837,-0.502084,-0.864814,-0.002831,0.5003764,0.3532051,0.1767586
esfera,pesos,1.0,-0.502069,-0.864809,-0.002837,-0.502084,-0.864814,-0.002831,0.5004473,0.3410541,0.1706946
esfera,cor,0.0,-0.502069,-0.864809,-0.002837,-0.502084,-0.864814,-0.002831,0.07309,0.874763,0.03560548
esfera,cor,0.3,-0.502069,-0.864809,-0.002837,-0.502084,-0.864814,-0.002831,0.09860984,0.8256847,0.0406962
esfera,cor,1.0,-0.502069,-0.864809,-0.002837,-0.502084,-0.864814,-0.002831,0.2350095,0.5616763,0.06892598
esfera,pesos,0.2,-0.580801,-0.813879,-0.015204,-0.580853,-0.813867,-0.015196,0.5031753,0.3500025,0.176146
esfera,pesos,0.5,-0.580801,-0.813879,-0.015204,-0.580853,-0.813867,-0.015196,0.5012701,0.3354,0.1682243
esfera,pesos,1.0,-0.580801,-0.813879,-0.015204,-0.580853,-0.813867,-0.015196,0.5021932,0.330166,0.1658612
esfera,cor,0.0,-0.580801,-0.813879,-0.015204,-0.580853,-0.813867,-0.015196,0.01438175,0.07125196,0.6214145
esfera,cor,0.3,-0.580801,-0.813879,-0.015204,-0.580853,-0.813867,-0.015196,0.03351142,0.05785568,0.4908083
esfera,cor,1.0,-0.580801,-0.813879,-0.015204,-0.580853,-0.813867,-0.015196,0.05014715,0.04561104,0.3729395
esfera,pesos,0.2,-0.657007,-0.753624,-0.018592,-0.657049,-0.753619,-0.018582,0.501591,0.3278049,0.1644735
esfera,pesos,0.5,-0.657007,-0.753624,-0.018592,-0.657049,-0.753619,-0.018582,0.5006364,0.3253246,0.1629244
esfera,pesos,1.0,-0.657007,-0.753624,-0.018592,-0.657049,-0.753619,-0.018582,0.5024496,0.32433,0.1629875
esfera,cor,0.0,-0.657007,-0.753624,-0.018592,-0.657049,-0.753619,-0.018582,0.3853644,0.008575098,0.07386947
esfera,cor,0.3,-0.657007,-0.753624,-0.018592,-0.657049,-0.753619,-0.018582,0.3723778,0.09549117,0.05802813
esfera,cor,1.0,-0.657007,-0.753624,-0.018592,-0.657049,-0.753619,-0.018582,0.3694563,0.114915,0.05429184
esfera,pesos,0.2,-0.730380,-0.682909,-0.011907,-0.730422,-0.682892,-0.011916,0.4994994,0.3243367,0.1619889
esfera,pesos,0.5,-0.730380,-0.682909,-0.011907,-0.730422,-0.682892,-0.011916,0.4997998,0.323738,0.1617866
esfera,pesos,1.0,-0.730380,-0.682909,-0.011907,-0.730422,-0.682892,-0.011916,0.5014274,0.3235864,0.1622463
esfera,cor,0.0,-0.730380,-0.682909,-0.011907,-0.730422,-0.682892,-0.011916,0.2595726,0.02122109,0.3224108
esfera,cor,0.3,-0.730380,-0.682909,-0.011907,-0.730422,-0.682892,-0.011916,0.1725509,0.09866194,0.1826302
esfera,cor,1.0,-0.730380,-0.682909,-0.011907,-0.730422,-0.682892,-0.011916,0.1658155,0.1049365,0.1691659
esfera,pesos,0.2,-0.800314,-0.599503,0.006999,-0.800349,-0.599493,0.006998,0.5012552,0.3430312,0.1719675
esfera,pesos,0.5,-0.800314,-0.599503,0.006999,-0.800349,-0.599493,0.006998,0.5005021,0.3322262,0.1663202
esfera,pesos,1.0,-0.800314,-0.599503,0.006999,-0.800349,-0.599493,0.006998,0.4992546,0.3287315,0.1641422
esfera,cor,0.0,-0.800314,-0.599503,0.006999,-0.800349,-0.599493,0.006998,0.02318995,0.8330674,0.8330674
esfera,cor,0.3,-0.800314,-0.599503,0.006999,-0.800349,-0.599493,0.006998,0.07892311,0.7944651,0.6335292
esfera,cor,1.0,-0.800314,-0.599503,0.006999,-0.800349,-0.599493,0.006998,0.1153381,0.76671,0.5071109
esfera,pesos,0.2,-0.865595,-0.498915,0.042448,-0.865606,-0.498924,0.042452,0.5106119,0.3752711,0.1916179
esfera,pesos,0.5,-0.865595,-0.498915,0.042448,-0.865606,-0.498924,0.042452,0.5057033,0.3540701,0.1794004
esfera,pesos,1.0,-0.865595,-0.498915,0.042448,-0.865606,-0.498924,0.042452,0.4962364,0.3427645,0.1703148
esfera,cor,0.0,-0.865595,-0.498915,0.042448,-0.865606,-0.498924,0.042452,0.4549617,0.7652817,0.01005449
esfera,cor,0.3,-0.865595,-0.498915,0.042448,-0.865606,-0.498924,0.042452,0.4346474,0.7452687,0.03066346
esfera,cor,1.0,-0.865595,-0.498915,0.042448,-0.865606,-0.498924,0.042452,0.3099514,0.6240615,0.151298
esfera,pesos,0.2,-0.923124,-0.369717,0.105448,-0.923133,-0.369744,0.105428,0.5263621,0.4075707,0.2145298
esfera,pesos,0.5,-0.923124,-0.369717,0.105448,-0.923133,-0.369744,0.105428,0.5225675,0.3976134,0.2082671
esfera,pesos,1.0,-0.923124,-0.369717,0.105448,-0.923133,-0.369744,0.105428,0.4930328,0.3709874,0.1836185
esfera,cor,0.0,-0.923124,-0.369717,0.105448,-0.923133,-0.369744,0.105428,0.3586093,0.07440839,0.0108849
esfera,cor,0.3,-0.923124,-0.369717,0.105448,-0.923133,-0.369744,0.105428,0.3586093,0.07440839,0.0108849
esfera,cor,1.0,-0.923124,-0.369717,0.105448,-0.923133,-0.369744,0.105428,0.2867413,0.1286952,0.01197265
esfera,pesos,0.2,-0.954343,-0.143390,0.261977,-0.954344,-0.143499,0.261985,0.5654942,0.4641526,0.2624756
esfera,pesos,0.5,-0.954343,-0.143390,0.261977,-0.954344,-0.143499,0.261985,0.5654942,0.4641526,0.2624756
esfera,pesos,1.0,-0.954343,-0.143390,0.261977,-0.954344,-0.143499,0.261985,0.4930871,0.4427582,0.2195717
esfera,cor,0.0,-0.954343,-0.143390,0.261977,-0.954344,-0.143499,0.261985,0.02231224,0.1132306,0.01575975
esfera,cor,0.3,-0.954343,-0.143390,0.261977,-0.954344,-0.143499,0.261985,0.02231224,0.1132306,0.01575975
esfera,cor,1.0,-0.954343,-0.143390,0.261977,-0.954344,-0.143499,0.261985,0.01953376,0.1348985,0.03349096
esfera,pesos,0.2,0.256081,-0.907687,0.332400,0.256103,-0.907699,0.332405,0.4168999,0.5640203,0.23514
esfera,pesos,0.5,0.256081,-0.907687,0.332400,0.256103,-0.907699,0.332405,0.4222099,0.5535195,0.2322123
esfera,pesos,1.0,0.256081,-0.907687,0.332400,0.256103,-0.907699,0.332405,0.449585,0.4495831,0.1963567
esfera,cor,0.0,0.256081,-0.907687,0.332400,0.256103,-0.907699,0.332405,0.3079303,0.3740846,0.07090664
esfera,cor,0.3,0.256081,-0.907687,0.332400,0.256103,-0.907699,0.332405,0.3079303,0.3740846,0.07090664
esfera,cor,1.0,0.256081,-0.907687,0.332400,0.256103,-0.907699,0.332405,0.2188551,0.2552489,0.07680678
esfera,pesos,0.2,0.147979,-0.965178,0.215631,0.148024,-0.965188,0.215643,0.4460923,0.5369947,0.2395492
esfera,pesos,0.5,0.147979,-0.965178,0.215631,0.148024,-0.965188,0.215643,0.4460923,0.5369947,0.2395492
esfera,pesos,1.0,0.147979,-0.965178,0.215631,0.148024,-0.965188,0.215643,0.4608437,0.4608355,0.2093914
esfera,cor,0.0,0.147979,-0.965178,0.215631,0.148024,-0.965188,0.215643,0.01657357,0.0677796,0.1179832
esfera,cor,0.3,0.147979,-0.965178,0.215631,0.148024,-0.965188,0.215643,0.01657357,0.0677796,0.1179832
esfera,cor,1.0,0.147979,-0.965178,0.215631,0.148024,-0.965188,0.215643,0.02041377,0.08414739,0.1822588
esfera,pesos,0.2,0.048646,-0.990298,0.130032,0.048636,-0.990313,0.130054,0.467492,0.5121615,0.2394314
esfera,pesos,0.5,0.048646,-0.990298,0.130032,0.048636,-0.990313,0.130054,0.467492,0.5121615,0.2394314
esfera,pesos,1.0,0.048646,-0.990298,0.130032,0.048636,-0.990313,0.130054,0.4724616,0.4724591,0.2221254
esfera,cor,0.0,0.048646,-0.990298,0.130032,0.048636,-0.990313,0.130054,0.1349215,0.053674,0.02402817
esfera,cor,0.3,0.048646,-0.990298,0.130032,0.048636,-0.990313,0.130054,0.1349215,0.053674,0.02402817
esfera,cor,1.0,0.048646,-0.990298,0.130032,0.048636,-0.990313,0.130054,0.1202534,0.1884652,0.1633509
esfera,pesos,0.2,-0.045699,-0.997003,0.062166,-0.045701,-0.997018,0.062186,0.4844585,0.4885753,0.2366945
esfera,pesos,0.5,-0.045699,-0.997003,0.062166,-0.045701,-0.997018,0.062186,0.4844585,0.4885753,0.2366945
esfera,pesos,1.0,-0.045699,-0.997003,0.062166,-0.045701,-0.997018,0.062186,0.4859759,0.4653532,0.2258248
esfera,cor,0.0,-0.045699,-0.997003,0.062166,-0.045701,-0.997018,0.062186,0.001622201,0.1251205,0.01231748
esfera,cor,0.3,-0.045699,-0.997003,0.062166,-0.045701,-0.997018,0.062186,0.001622201,0.1251205,0.01231748
esfera,cor,1.0,-0.045699,-0.997003,0.062166,-0.045701,-0.997018,0.062186,0.006507759,0.168221,0.02835692
esfera,pesos,0.2,-0.136495,-0.990606,0.006917,-0.136523,-0.990613,0.006889,0.4982708,0.4658763,0.2321326
esfera,pesos,0.5,-0.136495,-0.990606,0.006917,-0.136523,-0.990613,0.006889,0.4982708,0.4658763,0.2321326
esfera,pesos,1.0,-0.136495,-0.990606,0.006917,-0.136523,-0.990613,0.006889,0.4984904,0.438873,0.218733
esfera,cor,0.0,-0.136495,-0.990606,0.006917,-0.136523,-0.990613,0.006889,0.01001314,0.1052803,0.02731835
esfera,cor,0.3,-0.136495,-0.990606,0.006917,-0.136523,-0.990613,0.006889,0.01001314,0.1052803,0.02731835
esfera,cor,1.0,-0.136495,-0.990606,0.006917,-0.136523,-0.990613,0.006889,0.04348162,0.2055609,0.03246552
esfera,pesos,0.2,-0.224450,-0.973719,-0.038233,-0.224471,-0.973730,-0.038244,0.5095582,0.4438875,0.2261865
esfera,pesos,0.5,-0.224450,-0.973719,-0.038233,-0.224471,-0.973730,-0.038244,0.5095582,0.4438875,0.2261865
esfera,pesos,1.0,-0.224450,-0.973719,-0.038233,-0.224471,-0.973730,-0.038244,0.5075276,0.4040871,0.2053849
esfera,cor,0.0,-0.224450,-0.973719,-0.038233,-0.224471,-0.973730,-0.038244,0.00283813,0.4610364,0.0711455
esfera,cor,0.3,-0.224450,-0.973719,-0.038233,-0.224471,-0.973730,-0.038244,0.00283813,0.4610364,0.0711455
esfera,cor,1.0,-0.224450,-0.973719,-0.038233,-0.224471,-0.973730,-0.038244,0.06081372,0.5077809,0.07610911
esfera,pesos,0.2,-0.309954,-0.947794,-0.074677,-0.310005,-0.947796,-0.074695,0.5186693,0.4225115,0.2191437
esfera,pesos,0.5,-0.309954,-0.947794,-0.074677,-0.310005,-0.947796,-0.074695,0.5186693,0.4225115,0.2191437
esfera,pesos,1.0,-0.309954,-0.947794,-0.074677,-0.310005,-0.947796,-0.074695,0.5132797,0.3764744,0.193848
esfera,cor,0.0,-0.309954,-0.947794,-0.074677,-0.310005,-0.947796,-0.074695,0.8779408,0.0889831,0.5902998
esfera,cor,0.3,-0.309954,-0.947794,-0.074677,-0.310005,-0.947796,-0.074695,0.8779408,0.0889831,0.5902998
esfera,cor,1.0,-0.309954,-0.947794,-0.074677,-0.310005,-0.947796,-0.074695,0.7106609,0.09906909,0.4418708
esfera,pesos,0.2,-0.393227,-0.913625,-0.103185,-0.393229,-0.913634,-0.103167,0.5257962,0.4016933,0.2112088
esfera,pesos,0.5,-0.393227,-0.913625,-0.103185,-0.393229,-0.913634,-0.103167,0.5205445,0.3884504,0.2028195
esfera,pesos,1.0,-0.393227,-0.913625,-0.103185,-0.393229,-0.913634,-0.103167,0.5167135,0.3558923,0.18466
esfera,cor,0.0,-0.393227,-0.913625,-0.103185,-0.393229,-0.913634,-0.103167,0.5405125,0.6848135,0.02383657
esfera,cor,0.3,-0.393227,-0.913625,-0.103185,-0.393229,-0.913634,-0.103167,0.5405125,0.6848135,0.02383657
esfera,cor,1.0,-0.393227,-0.913625,-0.103185,-0.393229,-0.913634,-0.103167,0.3837717,0.453346,0.02671526
esfera,pesos,0.2,-0.474352,-0.871533,-0.124061,-0.474382,-0.871534,-0.124060,0.5310153,0.3814119,0.2025356
esfera,pesos,0.5,-0.474352,-0.871533,-0.124061,-0.474382,-0.871534,-0.124060,0.5183039,0.3610642,0.1881445
esfera,pesos,1.0,-0.474352,-0.871533,-0.124061,-0.474382,-0.871534,-0.124060,0.518388,0.3409879,0.1775074
esfera,cor,0.0,-0.474352,-0.871533,-0.124061,-0.474382,-0.871534,-0.124060,0.005265357,0.4914157,0.4914157
esfera,cor,0.3,-0.474352,-0.871533,-0.124061,-0.474382,-0.871534,-0.124060,0.006338355,0.4877172,0.4898857
esfera,cor,1.0,-0.474352,-0.871533,-0.124061,-0.474382,-0.871534,-0.124060,0.04867259,0.3270324,0.4404097
esfera,pesos,0.2,-0.553337,-0.821535,-0.137327,-0.553377,-0.821532,-0.137331,0.5334793,0.3608334,0.1925536
esfera,pesos,0.5,-0.553337,-0.821535,-0.137327,-0.553377,-0.821532,-0.137331,0.5133917,0.3412179,0.1761543
esfera,pesos,1.0,-0.553337,-0.821535,-0.137327,-0.553377,-0.821532,-0.137331,0.5186504,0.3310412,0.1722658
esfera,cor,0.0,-0.553337,-0.821535,-0.137327,-0.553377,-0.821532,-0.137331,0.2366301,0.0006871492,0.3145616
esfera,cor,0.3,-0.553337,-0.821535,-0.137327,-0.553377,-0.821532,-0.137331,0.2076167,0.005272262,0.284066
esfera,cor,1.0,-0.553337,-0.821535,-0.137327,-0.553377,-0.821532,-0.137331,0.1595538,0.01134304,0.2349427
esfera,pesos,0.2,-0.630088,-0.763290,-0.142650,-0.630105,-0.763296,-0.142642,0.5170444,0.3337855,0.1730401
esfera,pesos,0.5,-0.630088,-0.763290,-0.142650,-0.630105,-0.763296,-0.142642,0.5068178,0.3290109,0.1673206
esfera,pesos,1.0,-0.630088,-0.763290,-0.142650,-0.630105,-0.763296,-0.142642,0.5177203,0.3257253,0.1689315
esfera,cor,0.0,-0.630088,-0.763290,-0.142650,-0.630105,-0.763296,-0.142642,0.1347269,0.1061443,0.003258069
esfera,cor,0.3,-0.630088,-0.763290,-0.142650,-0.630105,-0.763296,-0.142642,0.2096575,0.08745216,0.0790913
esfera,cor,1.0,-0.630088,-0.763290,-0.142650,-0.630105,-0.763296,-0.142642,0.2544751,0.1029324,0.09975054
esfera,pesos,0.2,-0.704388,-0.696000,-0.139263,-0.704405,-0.696003,-0.139261,0.4989556,0.324983,0.1621156
esfera,pesos,0.5,-0.704388,-0.696000,-0.139263,-0.704405,-0.696003,-0.139261,0.4995823,0.3249642,0.1623098
esfera,pesos,1.0,-0.704388,-0.696000,-0.139263,-0.704405,-0.696003,-0.139261,0.5157378,0.3250521,0.1676236
esfera,cor,0.0,-0.704388,-0.696000,-0.139263,-0.704405,-0.696003,-0.139261,0.141687,0.2544675,0.8385728
esfera,cor,0.3,-0.704388,-0.696000,-0.139263,-0.704405,-0.696003,-0.139261,0.348058,0.3223357,0.429741
esfera,cor,1.0,-0.704388,-0.696000,-0.139263,-0.704405,-0.696003,-0.139261,0.3794523,0.2948847,0.441863
esfera,pesos,0.2,-0.775849,-0.618228,-0.125783,-0.775866,-0.618231,-0.125786,0.4822215,0.3368796,0.1620291
esfera,pesos,0.5,-0.775849,-0.618228,-0.125783,-0.775866,-0.618231,-0.125786,0.4928886,0.3301961,0.162162
esfera,pesos,1.0,-0.775849,-0.618228,-0.125783,-0.775866,-0.618231,-0.125786,0.5127909,0.3294144,0.1686217
esfera,cor,0.0,-0.775849,-0.618228,-0.125783,-0.775866,-0.618231,-0.125786,0.03779527,0.1327398,0.1035432
esfera,cor,0.3,-0.775849,-0.618228,-0.125783,-0.775866,-0.618231,-0.125786,0.02764783,0.296332,0.1511741
esfera,cor,1.0,-0.775849,-0.618228,-0.125783,-0.775866,-0.618231,-0.125786,0.02821968,0.3357544,0.1629299
esfera,pesos,0.2,-0.843758,-0.527345,-0.099678,-0.843760,-0.527386,-0.099665,0.4750805,0.3681639,0.1749075
esfera,pesos,0.5,-0.843758,-0.527345,-0.099678,-0.843760,-0.527386,-0.099665,0.4885004,0.3468643,0.1686676
esfera,pesos,1.0,-0.843758,-0.527345,-0.099678,-0.843760,-0.527386,-0.099665,0.5089334,0.3397999,0.1724821
esfera,cor,0.0,-0.843758,-0.527345,-0.099678,-0.843760,-0.527386,-0.099665,0.01342131,0.1099578,0.007908992
esfera,cor,0.3,-0.843758,-0.527345,-0.099678,-0.843760,-0.527386,-0.099665,0.02512403,0.09908389,0.0453059
esfera,cor,1.0,-0.843758,-0.527345,-0.099678,-0.843760,-0.527386,-0.099665,0.05631294,0.06939628,0.1285004
esfera,pesos,0.2,-0.906687,-0.418077,-0.055870,-0.906725,-0.418005,-0.055870,0.4860326,0.3954809,0.1922166
esfera,pesos,0.5,-0.906687,-0.418077,-0.055870,-0.906725,-0.418005,-0.055870,0.4896942,0.3794693,0.1854353
esfera,pesos,1.0,-0.906687,-0.418077,-0.055870,-0.906725,-0.418005,-0.055870,0.5042286,0.3584967,0.1804041
esfera,cor,0.0,-0.906687,-0.418077,-0.055870,-0.906725,-0.418005,-0.055870,0.02043564,0.0003988019,0.8168404
esfera,cor,0.3,-0.906687,-0.418077,-0.055870,-0.906725,-0.418005,-0.055870,0.02043564,0.0003988019,0.8168404
esfera,cor,1.0,-0.906687,-0.418077,-0.055870,-0.906725,-0.418005,-0.055870,0.05482775,0.02658711,0.5805258
esfera,pesos,0.2,-0.960832,-0.276387,0.019160,-0.960836,-0.276456,0.019162,0.5047901,0.4309033,0.2175157
esfera,pesos,0.5,-0.960832,-0.276387,0.019160,-0.960836,-0.276456,0.019162,0.5047901,0.4309033,0.2175157
esfera,pesos,1.0,-0.960832,-0.276387,0.019160,-0.960836,-0.276456,0.019162,0.4989458,0.3932539,0.1963531
esfera,cor,0.0,-0.960832,-0.276387,0.019160,-0.960836,-0.276456,0.019162,0.006519508,0.1609031,0.386884
esfera,cor,0.3,-0.960832,-0.276387,0.019160,-0.960836,-0.276456,0.019162,0.006519508,0.1609031,0.386884
esfera,cor,1.0,-0.960832,-0.276387,0.019160,-0.960836,-0.276456,0.019162,0.01561905,0.1618308,0.3071576
esfera,pesos,0.2,0.390511,-0.862049,0.323007,0.390487,-0.862082,0.323008,0.4192483,0.5976278,0.2505544
esfera,pesos,0.5,0.390511,-0.862049,0.323007,0.390487,-0.862082,0.323008,0.4214823,0.5562567,0.2338452
esfera,pesos,1.0,0.390511,-0.862049,0.323007,0.390487,-0.862082,0.323008,0.4558178,0.4558234,0.2015067
esfera,cor,0.0,0.390511,-0.862049,0.323007,0.390487,-0.862082,0.323008,0.4975727,0.07747249,0.1851938
esfera,cor,0.3,0.390511,-0.862049,0.323007,0.390487,-0.862082,0.323008,0.4975727,0.07747249,0.1851938
esfera,cor,1.0,0.390511,-0.862049,0.323007,0.390487,-0.862082,0.323008,0.3961795,0.1681414,0.1460718
esfera,pesos,0.2,0.275901,-0.943563,0.183105,0.275906,-0.943587,0.183085,0.4542238,0.5689752,0.2584421
esfera,pesos,0.5,0.275901,-0.943563,0.183105,0.275906,-0.943587,0.183085,0.4542238,0.5689752,0.2584421
esfera,pesos,1.0,0.275901,-0.943563,0.183105,0.275906,-0.943587,0.183085,0.4692028,0.4692084,0.2170817
esfera,cor,0.0,0.275901,-0.943563,0.183105,0.275906,-0.943587,0.183085,0.7401246,0.0229661,0.1559099
esfera,cor,0.3,0.275901,-0.943563,0.183105,0.275906,-0.943587,0.183085,0.7401246,0.0229661,0.1559099
esfera,cor,1.0,0.275901,-0.943563,0.183105,0.275906,-0.943587,0.183085,0.5461119,0.09495319,0.1126394
esfera,pesos,0.2,0.173187,-0.981160,0.085491,0.173189,-0.981170,0.085507,0.4786272,0.5432969,0.2600366
esfera,pesos,0.5,0.173187,-0.981160,0.085491,0.173189,-0.981170,0.085507,0.4786272,0.5432969,0.2600366
esfera,pesos,1.0,0.173187,-0.981160,0.085491,0.173189,-0.981170,0.085507,0.4830872,0.4830837,0.232353
esfera,cor,0.0,0.173187,-0.981160,0.085491,0.173189,-0.981170,0.085507,0.02354048,0.8392755,0.3682422
esfera,cor,0.3,0.173187,-0.981160,0.085491,0.173189,-0.981170,0.085507,0.02354048,0.8392755,0.3682422
esfera,cor,1.0,0.173187,-0.981160,0.085491,0.173189,-0.981170,0.085507,0.07604135,0.7813969,0.4391854
esfera,pesos,0.2,0.076365,-0.997026,0.008804,0.076364,-0.997041,0.008797,0.4977991,0.5190911,0.2584031
esfera,pesos,0.5,0.076365,-0.997026,0.008804,0.076364,-0.997041,0.008797,0.4977991,0.5190911,0.2584031
esfera,pesos,1.0,0.076365,-0.997026,0.008804,0.076364,-0.997041,0.008797,0.4979722,0.4979744,0.2479346
esfera,cor,0.0,0.076365,-0.997026,0.008804,0.076364,-0.997041,0.008797,0.8500785,0.05589073,0.2273451
esfera,cor,0.3,0.076365,-0.997026,0.008804,0.076364,-0.997041,0.008797,0.8500785,0.05589073,0.2273451
esfera,cor,1.0,0.076365,-0.997026,0.008804,0.076364,-0.997041,0.008797,0.7923319,0.05547505,0.2535246
esfera,pesos,0.2,-0.016536,-0.998390,-0.053919,-0.016530,-0.998408,-0.053932,0.5134797,0.4958659,0.2546171
esfera,pesos,0.5,-0.016536,-0.998390,-0.053919,-0.016530,-0.998408,-0.053932,0.5134797,0.4958659,0.2546171
esfera,pesos,1.0,-0.016536,-0.998390,-0.053919,-0.016530,-0.998408,-0.053932,0.5125912,0.4796846,0.2460858
esfera,cor,0.0,-0.016536,-0.998390,-0.053919,-0.016530,-0.998408,-0.053932,0.1442472,0.7983524,0.3136354
esfera,cor,0.3,-0.016536,-0.998390,-0.053919,-0.016530,-0.998408,-0.053932,0.1442472,0.7983524,0.3136354
esfera,cor,1.0,-0.016536,-0.998390,-0.053919,-0.016530,-0.998408,-0.053932,0.1404802,0.766822,0.3058994
esfera,pesos,0.2,-0.106426,-0.988645,-0.105945,-0.106420,-0.988660,-0.105954,0.5264863,0.4733936,0.2492353
esfera,pesos,0.5,-0.106426,-0.988645,-0.105945,-0.106420,-0.988660,-0.105954,0.5264863,0.4733936,0.2492353
esfera,pesos,1.0,-0.106426,-0.988645,-0.105945,-0.106420,-0.988660,-0.105954,0.5218032,0.4343938,0.2275183
esfera,cor,0.0,-0.106426,-0.988645,-0.105945,-0.106420,-0.988660,-0.105954,0.2216022,0.02142303,0.7077632
esfera,cor,0.3,-0.106426,-0.988645,-0.105945,-0.106420,-0.988660,-0.105954,0.2216022,0.02142303,0.7077632
esfera,cor,1.0,-0.106426,-0.988645,-0.105945,-0.106420,-0.988660,-0.105954,0.2636264,0.04520482,0.6673889
esfera,pesos,0.2,-0.193806,-0.969641,-0.149055,-0.193816,-0.969646,-0.149070,0.5372638,0.4515485,0.2426007
esfera,pesos,0.5,-0.193806,-0.969641,-0.149055,-0.193816,-0.969646,-0.149070,0.5372638,0.4515485,0.2426007
esfera,pesos,1.0,-0.193806,-0.969641,-0.149055,-0.193816,-0.969646,-0.149070,0.5275292,0.4008787,0.2128701
esfera,cor,0.0,-0.193806,-0.969641,-0.149055,-0.193816,-0.969646,-0.149070,0.1515577,0.1265956,0.5897773
esfera,cor,0.3,-0.193806,-0.969641,-0.149055,-0.193816,-0.969646,-0.149070,0.1515577,0.1265956,0.5897773
esfera,cor,1.0,-0.193806,-0.969641,-0.149055,-0.193816,-0.969646,-0.149070,0.2083713,0.1671729,0.475498
esfera,pesos,0.2,-0.278966,-0.942440,-0.184272,-0.278972,-0.942453,-0.184277,0.546068,0.4302585,0.2349504
esfera,pesos,0.5,-0.278966,-0.942440,-0.184272,-0.278972,-0.942453,-0.184277,0.546068,0.4302585,0.2349504
esfera,pesos,1.0,-0.278966,-0.942440,-0.184272,-0.278972,-0.942453,-0.184277,0.5308864,0.3755966,0.2010874
esfera,cor,0.0,-0.278966,-0.942440,-0.184272,-0.278972,-0.942453,-0.184277,0.4559532,0.1248605,0.03173675
esfera,cor,0.3,-0.278966,-0.942440,-0.184272,-0.278972,-0.942453,-0.184277,0.4559532,0.1248605,0.03173675
esfera,cor,1.0,-0.278966,-0.942440,-0.184272,-0.278972,-0.942453,-0.184277,0.3710497,0.1277913,0.1016136
esfera,pesos,0.2,-0.362073,-0.907660,-0.212190,-0.362085,-0.907676,-0.212176,0.5530476,0.4094819,0.2264629
esfera,pesos,0.5,-0.362073,-0.907660,-0.212190,-0.362085,-0.907676,-0.212176,0.545587,0.3998905,0.2191211
esfera,pesos,1.0,-0.362073,-0.907660,-0.212190,-0.362085,-0.907676,-0.212176,0.5324899,0.3566272,0.1916178
esfera,cor,0.0,-0.362073,-0.907660,-0.212190,-0.362085,-0.907676,-0.212176,0.0071385,0.3237075,0.03655263
esfera,cor,0.3,-0.362073,-0.907660,-0.212190,-0.362085,-0.907676,-0.212176,0.0071385,0.3237075,0.03655263
esfera,cor,1.0,-0.362073,-0.907660,-0.212190,-0.362085,-0.907676,-0.212176,0.03097974,0.2166896,0.07436488
esfera,pesos,0.2,-0.443200,-0.865572,-0.233072,-0.443210,-0.865586,-0.233080,0.558268,0.3891999,0.2172779
esfera,pesos,0.5,-0.443200,-0.865572,-0.233072,-0.443210,-0.865586,-0.233080,0.5376086,0.3704804,0.2009682
esfera,pesos,1.0,-0.443200,-0.865572,-0.233072,-0.443210,-0.865586,-0.233080,0.5327109,0.3428851,0.1841737
esfera,cor,0.0,-0.443200,-0.865572,-0.233072,-0.443210,-0.865586,-0.233080,0.005762132,0.0006508053,0.2045926
esfera,cor,0.3,-0.443200,-0.865572,-0.233072,-0.443210,-0.865586,-0.233080,0.005762132,0.0006508053,0.2045926
esfera,cor,1.0,-0.443200,-0.865572,-0.233072,-0.443210,-0.865586,-0.233080,0.03438757,0.1188395,0.3196142
esfera,pesos,0.2,-0.522350,-0.816185,-0.246925,-0.522351,-0.816198,-0.246922,0.5617313,0.3694125,0.2075105
esfera,pesos,0.5,-0.522350,-0.816185,-0.246925,-0.522351,-0.816198,-0.246922,0.5271033,0.3488092,0.1856888
esfera,pesos,1.0,-0.522350,-0.816185,-0.246925,-0.522351,-0.816198,-0.246922,0.5317789,0.3337702,0.1786246
esfera,cor,0.0,-0.522350,-0.816185,-0.246925,-0.522351,-0.816198,-0.246922,0.09186453,0.08099765,0.01776095
esfera,cor,0.3,-0.522350,-0.816185,-0.246925,-0.522351,-0.816198,-0.246922,0.07974275,0.0844086,0.01725908
esfera,cor,1.0,-0.522350,-0.816185,-0.246925,-0.522351,-0.816198,-0.246922,0.05685202,0.08033365,0.03117864
esfera,pesos,0.2,-0.599442,-0.759202,-0.253464,-0.599493,-0.759181,-0.253483,0.5372376,0.341905,0.1845126
esfera,pesos,0.5,-0.599442,-0.759202,-0.253464,-0.599493,-0.759181,-0.253483,0.5148951,0.3348637,0.1736151
esfera,pesos,1.0,-0.599442,-0.759202,-0.253464,-0.599493,-0.759181,-0.253483,0.5298394,0.3290076,0.1749518
esfera,cor,0.0,-0.599442,-0.759202,-0.253464,-0.599493,-0.759181,-0.253483,0.7546076,0.8949883,0.134481
esfera,cor,0.3,-0.599442,-0.759202,-0.253464,-0.599493,-0.759181,-0.253483,0.5255537,0.6690429,0.2177111
esfera,cor,1.0,-0.599442,-0.759202,-0.253464,-0.599493,-0.759181,-0.253483,0.4200569,0.478254,0.2241254
esfera,pesos,0.2,-0.674318,-0.694038,-0.252124,-0.674320,-0.694065,-0.252123,0.5045476,0.3291333,0.166218
esfera,pesos,0.5,-0.674318,-0.694038,-0.252124,-0.674320,-0.694065,-0.252123,0.501819,0.3290266,0.1652671
esfera,pesos,1.0,-0.674318,-0.694038,-0.252124,-0.674320,-0.694065,-0.252123,0.5269961,0.328602,0.1732481
esfera,cor,0.0,-0.674318,-0.694038,-0.252124,-0.674320,-0.694065,-0.252123,0.09351387,0.5864208,0.5864208
esfera,cor,0.3,-0.674318,-0.694038,-0.252124,-0.674320,-0.694065,-0.252123,0.1364242,0.6915878,0.3080018
esfera,cor,1.0,-0.674318,-0.694038,-0.252124,-0.674320,-0.694065,-0.252123,0.214061,0.5896552,0.3773813
esfera,pesos,0.2,-0.746685,-0.619608,-0.241862,-0.746709,-0.619608,-0.241892,0.4718763,0.3366017,0.1580817
esfera,pesos,0.5,-0.746685,-0.619608,-0.241862,-0.746709,-0.619608,-0.241892,0.4887505,0.3321687,0.1614204
esfera,pesos,1.0,-0.746685,-0.619608,-0.241862,-0.746709,-0.619608,-0.241892,0.5232986,0.3328581,0.1737292
esfera,cor,0.0,-0.746685,-0.619608,-0.241862,-0.746709,-0.619608,-0.241892,0.06833958,0.1102812,0.02984247
esfera,cor,0.3,-0.746685,-0.619608,-0.241862,-0.746709,-0.619608,-0.241892,0.06376891,0.08438224,0.1312034
esfera,cor,1.0,-0.746685,-0.619608,-0.241862,-0.746709,-0.619608,-0.241892,0.06818198,0.06686251,0.1450943
esfera,pesos,0.2,-0.816044,-0.534079,-0.220913,-0.816052,-0.534087,-0.220930,0.4447718,0.3664803,0.1630001
esfera,pesos,0.5,-0.816044,-0.534079,-0.220913,-0.816052,-0.534087,-0.220930,0.4769321,0.3459562,0.1633906
esfera,pesos,1.0,-0.816044,-0.534079,-0.220913,-0.816052,-0.534087,-0.220930,0.5187768,0.3425167,0.1768162
esfera,cor,0.0,-0.816044,-0.534079,-0.220913,-0.816052,-0.534087,-0.220930,0.1460052,0.1025893,0.02059807
esfera,cor,0.3,-0.816044,-0.534079,-0.220913,-0.816052,-0.534087,-0.220930,0.1437414,0.08738771,0.0211805
esfera,cor,1.0,-0.816044,-0.534079,-0.220913,-0.816052,-0.534087,-0.220930,0.14094,0.05778234,0.03378104
esfera,pesos,0.2,-0.881471,-0.434036,-0.185986,-0.881474,-0.434063,-0.185992,0.4535035,0.3914911,0.1775426
esfera,pesos,0.5,-0.881471,-0.434036,-0.185986,-0.881474,-0.434063,-0.185992,0.4683732,0.3736047,0.1735891
esfera,pesos,1.0,-0.881471,-0.434036,-0.185986,-0.881474,-0.434063,-0.185992,0.513442,0.3591549,0.1833363
esfera,cor,0.0,-0.881471,-0.434036,-0.185986,-0.881474,-0.434063,-0.185992,0.09985697,0.005988472,0.1244597
esfera,cor,0.3,-0.881471,-0.434036,-0.185986,-0.881474,-0.434063,-0.185992,0.09985697,0.005988472,0.1244597
esfera,cor,1.0,-0.881471,-0.434036,-0.185986,-0.881474,-0.434063,-0.185992,0.2843391,0.02342971,0.1470095
esfera,pesos,0.2,-0.941019,-0.312283,-0.130157,-0.941055,-0.312217,-0.130141,0.4674609,0.4219292,0.1972354
esfera,pesos,0.5,-0.941019,-0.312283,-0.130157,-0.941055,-0.312217,-0.130141,0.4674609,0.4219292,0.1972354
esfera,pesos,1.0,-0.941019,-0.312283,-0.130157,-0.941055,-0.312217,-0.130141,0.50734,0.3864549,0.1951701
esfera,cor,0.0,-0.941019,-0.312283,-0.130157,-0.941055,-0.312217,-0.130141,0.1123519,0.8531008,0.2253641
esfera,cor,0.3,-0.941019,-0.312283,-0.130157,-0.941055,-0.312217,-0.130141,0.1123519,0.8531008,0.2253641
esfera,cor,1.0,-0.941019,-0.312283,-0.130157,-0.941055,-0.312217,-0.130141,0.08156643,0.6239095,0.310713
esfera,pesos,0.2,-0.988666,-0.146604,-0.032027,-0.988659,-0.146719,-0.032035,0.4919933,0.463349,0.2279646
esfera,pesos,0.5,-0.988666,-0.146604,-0.032027,-0.988659,-0.146719,-0.032035,0.4919933,0.463349,0.2279646
esfera,pesos,1.0,-0.988666,-0.146604,-0.032027,-0.988659,-0.146719,-0.032035,0.5010082,0.4368917,0.2187012
esfera,cor,0.0,-0.988666,-0.146604,-0.032027,-0.988659,-0.146719,-0.032035,0.06120281,0.1299701,0.02029265
esfera,cor,0.3,-0.988666,-0.146604,-0.032027,-0.988659,-0.146719,-0.032035,0.06120281,0.1299701,0.02029265
esfera,cor,1.0,-0.988666,-0.146604,-0.032027,-0.988659,-0.146719,-0.032035,0.05258456,0.2360292,0.02605489
esfera,pesos,0.2,0.542853,-0.750290,0.377283,0.542874,-0.750283,0.377311,0.4056792,0.6037,0.2449085
esfera,pesos,0.5,0.542853,-0.750290,0.377283,0.542874,-0.750283,0.377311,0.4205574,0.5137906,0.2130825
esfera,pesos,1.0,0.542853,-0.750290,0.377283,0.542874,-0.750283,0.377311,0.4576373,0.4576298,0.201884
esfera,cor,0.0,0.542853,-0.750290,0.377283,0.542874,-0.750283,0.377311,0.2914599,0.3131893,0.0387637
esfera,cor,0.3,0.542853,-0.750290,0.377283,0.542874,-0.750283,0.377311,0.2298742,0.3151356,0.03278257
esfera,cor,1.0,0.542853,-0.750290,0.377283,0.542874,-0.750283,0.377311,0.145864,0.3177969,0.04157884
esfera,pesos,0.2,0.411395,-0.893996,0.177494,0.411403,-0.894010,0.177464,0.4556264,0.6028486,0.2746738
esfera,pesos,0.5,0.411395,-0.893996,0.177494,0.411403,-0.894010,0.177464,0.4556264,0.5603247,0.2552987
esfera,pesos,1.0,0.411395,-0.893996,0.177494,0.411403,-0.894010,0.177464,0.4732453,0.4732525,0.220498
esfera,cor,0.0,0.411395,-0.893996,0.177494,0.411403,-0.894010,0.177464,0.008530004,0.03626825,0.2875055
esfera,cor,0.3,0.411395,-0.893996,0.177494,0.411403,-0.894010,0.177464,0.008530004,0.03626825,0.2875055
esfera,cor,1.0,0.411395,-0.893996,0.177494,0.411403,-0.894010,0.177464,0.3756229,0.0297695,0.1999554
esfera,pesos,0.2,0.303466,-0.950847,0.061341,0.303479,-0.950861,0.061347,0.4846648,0.5758665,0.2791022
esfera,pesos,0.5,0.303466,-0.950847,0.061341,0.303479,-0.950861,0.061347,0.4846648,0.5758665,0.2791022
esfera,pesos,1.0,0.303466,-0.950847,0.061341,0.303479,-0.950861,0.061347,0.4889172,0.4889146,0.238075
esfera,cor,0.0,0.303466,-0.950847,0.061341,0.303479,-0.950861,0.061347,0.3963343,0.2194526,0.002489873
esfera,cor,0.3,0.303466,-0.950847,0.061341,0.303479,-0.950861,0.061347,0.3963343,0.2194526,0.002489873
esfera,cor,1.0,0.303466,-0.950847,0.061341,0.303479,-0.950861,0.061347,0.3057201,0.2555515,0.09518909
esfera,pesos,0.2,0.203388,-0.978718,-0.026907,0.203419,-0.978722,-0.026898,0.5067267,0.5508469,0.2791288
esfera,pesos,0.5,0.203388,-0.978718,-0.026907,0.203419,-0.978722,-0.026898,0.5067267,0.5508469,0.2791288
esfera,pesos,1.0,0.203388,-0.978718,-0.026907,0.203419,-0.978722,-0.026898,0.5054457,0.4945502,0.2502748
esfera,cor,0.0,0.203388,-0.978718,-0.026907,0.203419,-0.978722,-0.026898,0.005317322,0.04029862,0.4383076
esfera,cor,0.3,0.203388,-0.978718,-0.026907,0.203419,-0.978722,-0.026898,0.005317322,0.04029862,0.4383076
esfera,cor,1.0,0.203388,-0.978718,-0.026907,0.203419,-0.978722,-0.026898,0.02564512,0.03762562,0.4818579
esfera,pesos,0.2,0.108004,-0.989258,-0.098467,0.108013,-0.989260,-0.098480,0.5246167,0.527001,0.2764735
esfera,pesos,0.5,0.108004,-0.989258,-0.098467,0.108013,-0.989260,-0.098480,0.5246167,0.527001,0.2764735
esfera,pesos,1.0,0.108004,-0.989258,-0.098467,0.108013,-0.989260,-0.098480,0.5203656,0.4796298,0.2505476
esfera,cor,0.0,0.108004,-0.989258,-0.098467,0.108013,-0.989260,-0.098480,0.4298781,0.2682161,0.02010983
esfera,cor,0.3,0.108004,-0.989258,-0.098467,0.108013,-0.989260,-0.098480,0.4298781,0.2682161,0.02010983
esfera,cor,1.0,0.108004,-0.989258,-0.098467,0.108013,-0.989260,-0.098480,0.4633968,0.3009137,0.07072122
esfera,pesos,0.2,0.016003,-0.987309,-0.157999,0.015981,-0.987303,-0.158041,0.5394997,0.5040008,0.2719083
esfera,pesos,0.5,0.016003,-0.987309,-0.157999,0.015981,-0.987303,-0.158041,0.5394997,0.5040008,0.2719083
esfera,pesos,1.0,0.016003,-0.987309,-0.157999,0.015981,-0.987303,-0.158041,0.5335799,0.4664148,0.2501319
esfera,cor,0.0,0.016003,-0.987309,-0.157999,0.015981,-0.987303,-0.158041,0.0613135,0.1119701,0.3860424
esfera,cor,0.3,0.016003,-0.987309,-0.157999,0.015981,-0.987303,-0.158041,0.0613135,0.1119701,0.3860424
esfera,cor,1.0,0.016003,-0.987309,-0.157999,0.015981,-0.987303,-0.158041,0.07000363,0.2200915,0.3867284
esfera,pesos,0.2,-0.073295,-0.975386,-0.207927,-0.073298,-0.975393,-0.207933,0.5519819,0.4816762,0.2658765
esfera,pesos,0.5,-0.073295,-0.975386,-0.207927,-0.073298,-0.975393,-0.207933,0.5519819,0.4816762,0.2658765
esfera,pesos,1.0,-0.073295,-0.975386,-0.207927,-0.073298,-0.975393,-0.207933,0.5403484,0.4312044,0.2350371
esfera,cor,0.0,-0.073295,-0.975386,-0.207927,-0.073298,-0.975393,-0.207933,0.320922,0.008879995,0.06491618
esfera,cor,0.3,-0.073295,-0.975386,-0.207927,-0.073298,-0.975393,-0.207933,0.320922,0.008879995,0.06491618
esfera,cor,1.0,-0.073295,-0.975386,-0.207927,-0.073298,-0.975393,-0.207933,0.272197,0.02324283,0.1455165
esfera,pesos,0.2,-0.160289,-0.954954,-0.249662,-0.160277,-0.954972,-0.249681,0.5624156,0.4599278,0.2586706
esfera,pesos,0.5,-0.160289,-0.954954,-0.249662,-0.160277,-0.954972,-0.249681,0.5624156,0.4599278,0.2586706
esfera,pesos,1.0,-0.160289,-0.954954,-0.249662,-0.160277,-0.954972,-0.249681,0.5436701,0.4002582,0.220214
esfera,cor,0.0,-0.160289,-0.954954,-0.249662,-0.160277,-0.954972,-0.249681,0.2459842,0.04470418,0.09905122
esfera,cor,0.3,-0.160289,-0.954954,-0.249662,-0.160277,-0.954972,-0.249681,0.2459842,0.04470418,0.09905122
esfera,cor,1.0,-0.160289,-0.954954,-0.249662,-0.160277,-0.954972,-0.249681,0.1853026,0.1128155,0.1292942
esfera,pesos,0.2,-0.245218,-0.926902,-0.284059,-0.245244,-0.926911,-0.284064,0.5710148,0.4386954,0.2505016
esfera,pesos,0.5,-0.245218,-0.926902,-0.284059,-0.245244,-0.926911,-0.284064,0.5710148,0.4386954,0.2505016
esfera,pesos,1.0,-0.245218,-0.926902,-0.284059,-0.245244,-0.926911,-0.284064,0.5452012,0.3767506,0.2082051
esfera,cor,0.0,-0.245218,-0.926902,-0.284059,-0.245244,-0.926911,-0.284064,0.06379101,0.1667962,0.01250568
esfera,cor,0.3,-0.245218,-0.926902,-0.284059,-0.245244,-0.926911,-0.284064,0.06379101,0.1667962,0.01250568
esfera,cor,1.0,-0.245218,-0.926902,-0.284059,-0.245244,-0.926911,-0.284064,0.04921125,0.1463193,0.08000114
esfera,pesos,0.2,-0.328215,-0.891716,-0.311588,-0.328207,-0.891717,-0.311643,0.5778969,0.4179461,0.2415298
esfera,pesos,0.5,-0.328215,-0.891716,-0.311588,-0.328207,-0.891717,-0.311643,0.5723653,0.4116861,0.2363795
esfera,pesos,1.0,-0.328215,-0.891716,-0.311588,-0.328207,-0.891717,-0.311643,0.5453569,0.359092,0.1985023
esfera,cor,0.0,-0.328215,-0.891716,-0.311588,-0.328207,-0.891717,-0.311643,0.006636233,0.0678118,0.08999909
esfera,cor,0.3,-0.328215,-0.891716,-0.311588,-0.328207,-0.891717,-0.311643,0.006636233,0.0678118,0.08999909
esfera,cor,1.0,-0.328215,-0.891716,-0.311588,-0.328207,-0.891717,-0.311643,0.05805477,0.4131488,0.1418718
esfera,pesos,0.2,-0.409343,-0.849628,-0.332469,-0.409344,-0.849647,-0.332473,0.5831172,0.3976643,0.2318849
esfera,pesos,0.5,-0.409343,-0.849628,-0.332469,-0.409344,-0.849647,-0.332473,0.5597688,0.3794689,0.21456
esfera,pesos,1.0,-0.409343,-0.849628,-0.332469,-0.409344,-0.849647,-0.332473,0.5443746,0.3463576,0.190825
esfera,cor,0.0,-0.409343,-0.849628,-0.332469,-0.409344,-0.849647,-0.332473,7.648997e-05,0.3250948,0.9322989
esfera,cor,0.3,-0.409343,-0.849628,-0.332469,-0.409344,-0.849647,-0.332473,7.648997e-05,0.3250948,0.9322989
esfera,cor,1.0,-0.409343,-0.849628,-0.332469,-0.409344,-0.849647,-0.332473,0.01690166,0.3368489,0.5312856
esfera,pesos,0.2,-0.488601,-0.800640,-0.346706,-0.488583,-0.800679,-0.346699,0.5866764,0.3778498,0.2216756
esfera,pesos,0.5,-0.488601,-0.800640,-0.346706,-0.488583,-0.800679,-0.346699,0.54498,0.3562849,0.1965217
esfera,pesos,1.0,-0.488601,-0.800640,-0.346706,-0.488583,-0.800679,-0.346699,0.5424221,0.3380199,0.1850391
esfera,cor,0.0,-0.488601,-0.800640,-0.346706,-0.488583,-0.800679,-0.346699,0.6741868,0.2574034,0.1106173
esfera,cor,0.3,-0.488601,-0.800640,-0.346706,-0.488583,-0.800679,-0.346699,0.6091849,0.3273127,0.1051495
esfera,cor,1.0,-0.488601,-0.800640,-0.346706,-0.488583,-0.800679,-0.346699,0.3864163,0.4215977,0.2782687
esfera,pesos,0.2,-0.565927,-0.744520,-0.354075,-0.565917,-0.744552,-0.354092,0.5603317,0.3514096,0.1979641
esfera,pesos,0.5,-0.565927,-0.744520,-0.354075,-0.565917,-0.744552,-0.354092,0.5282495,0.3414735,0.1820468
esfera,pesos,1.0,-0.565927,-0.744520,-0.354075,-0.565917,-0.744552,-0.354092,0.5395961,0.3338411,0.1811164
esfera,cor,0.0,-0.565927,-0.744520,-0.354075,-0.565917,-0.744552,-0.354092,0.0623701,0.4392303,0.1193213
esfera,cor,0.3,-0.565927,-0.744520,-0.354075,-0.565917,-0.744552,-0.354092,0.04596652,0.3938957,0.09288532
esfera,cor,1.0,-0.565927,-0.744520,-0.354075,-0.565917,-0.744552,-0.354092,0.08674525,0.2920525,0.07489582
esfera,pesos,0.2,-0.641191,-0.680788,-0.354115,-0.641182,-0.680800,-0.354114,0.5132656,0.3354943,0.172626
esfera,pesos,0.5,-0.641191,-0.680788,-0.354115,-0.641182,-0.680800,-0.354114,0.5097491,0.3349056,0.1711198
esfera,pesos,1.0,-0.641191,-0.680788,-0.354115,-0.641182,-0.680800,-0.354114,0.5359592,0.3338239,0.1791273
esfera,cor,0.0,-0.641191,-0.680788,-0.354115,-0.641182,-0.680800,-0.354114,0.05160503,0.03725257,0.2470303
esfera,cor,0.3,-0.641191,-0.680788,-0.354115,-0.641182,-0.680800,-0.354114,0.3079703,0.06023683,0.1372726
esfera,cor,1.0,-0.641191,-0.680788,-0.354115,-0.641182,-0.680800,-0.354114,0.2608876,0.0495338,0.1041455
esfera,pesos,0.2,-0.714142,-0.608517,-0.345933,-0.714155,-0.608520,-0.345957,0.465465,0.33994,0.1572704
esfera,pesos,0.5,-0.714142,-0.608517,-0.345933,-0.714155,-0.608520,-0.345957,0.4895842,0.3369992,0.163936
esfera,pesos,1.0,-0.714142,-0.608517,-0.345933,-0.714155,-0.608520,-0.345957,0.5315408,0.3382409,0.1792597
esfera,cor,0.0,-0.714142,-0.608517,-0.345933,-0.714155,-0.608520,-0.345957,0.2162534,0.0005878947,0.9847869
esfera,cor,0.3,-0.714142,-0.608517,-0.345933,-0.714155,-0.608520,-0.345957,0.1743183,0.008043136,0.631148
esfera,cor,1.0,-0.714142,-0.608517,-0.345933,-0.714155,-0.608520,-0.345957,0.1765072,0.04250126,0.6332779
esfera,pesos,0.2,-0.784398,-0.526300,-0.328172,-0.784412,-0.526299,-0.328187,0.419218,0.3679292,0.1541618
esfera,pesos,0.5,-0.784398,-0.526300,-0.328172,-0.784412,-0.526299,-0.328187,0.4678191,0.3488855,0.1609834
esfera,pesos,1.0,-0.784398,-0.526300,-0.328172,-0.784412,-0.526299,-0.328187,0.5263475,0.3477043,0.1818592
esfera,cor,0.0,-0.784398,-0.526300,-0.328172,-0.784412,-0.526299,-0.328187,0.1048933,0.02010693,0.04358843
esfera,cor,0.3,-0.784398,-0.526300,-0.328172,-0.784412,-0.526299,-0.328187,0.1864399,0.01692691,0.1697548
esfera,cor,1.0,-0.784398,-0.526300,-0.328172,-0.784412,-0.526299,-0.328187,0.2374445,0.01054389,0.2917096
esfera,pesos,0.2,-0.851269,-0.431582,-0.298374,-0.851293,-0.431582,-0.298389,0.4254066,0.3921046,0.1668039
esfera,pesos,0.5,-0.851269,-0.431582,-0.298374,-0.851293,-0.431582,-0.298389,0.4511914,0.3739703,0.1664944
esfera,pesos,1.0,-0.851269,-0.431582,-0.298374,-0.851293,-0.431582,-0.298389,0.52036,0.3634678,0.187581
esfera,cor,0.0,-0.851269,-0.431582,-0.298374,-0.851293,-0.431582,-0.298389,0.009882147,0.02392332,0.1118882
esfera,cor,0.3,-0.851269,-0.431582,-0.298374,-0.851293,-0.431582,-0.298389,0.009882147,0.02392332,0.1118882
esfera,cor,1.0,-0.851269,-0.431582,-0.298374,-0.851293,-0.431582,-0.298389,0.1174903,0.09052389,0.08510213
esfera,pesos,0.2,-0.913451,-0.319558,-0.251912,-0.913482,-0.319515,-0.251914,0.4370221,0.4201106,0.1835976
esfera,pesos,0.5,-0.913451,-0.319558,-0.251912,-0.913482,-0.319515,-0.251914,0.4393238,0.4173974,0.1830371
esfera,pesos,1.0,-0.913451,-0.319558,-0.251912,-0.913482,-0.319515,-0.251914,0.5135502,0.3881629,0.1977621
esfera,cor,0.0,-0.913451,-0.319558,-0.251912,-0.913482,-0.319515,-0.251914,0.9760162,0.001442055,0.001442055
esfera,cor,0.3,-0.913451,-0.319558,-0.251912,-0.913482,-0.319515,-0.251914,0.9760162,0.001442055,0.001442055
esfera,cor,1.0,-0.913451,-0.319558,-0.251912,-0.913482,-0.319515,-0.251914,0.6533107,0.05172461,0.1785769
esfera,pesos,0.2,-0.967771,-0.178513,-0.177503,-0.967800,-0.178476,-0.177510,0.4556242,0.4553719,0.2074784
esfera,pesos,0.5,-0.967771,-0.178513,-0.177503,-0.967800,-0.178476,-0.177510,0.4556242,0.4553719,0.2074784
esfera,pesos,1.0,-0.967771,-0.178513,-0.177503,-0.967800,-0.178476,-0.177510,0.5059831,0.4287694,0.2159287
esfera,cor,0.0,-0.967771,-0.178513,-0.177503,-0.967800,-0.178476,-0.177510,0.3695076,0.008323625,0.2166545
esfera,cor,0.3,-0.967771,-0.178513,-0.177503,-0.967800,-0.178476,-0.177510,0.3695076,0.008323625,0.2166545
esfera,cor,1.0,-0.967771,-0.178513,-0.177503,-0.967800,-0.178476,-0.177510,0.2754867,0.05645179,0.1656973
esfera,pesos,0.2,-0.998579,0.049330,-0.019514,-0.998592,0.049333,-0.019512,0.4951215,0.5123326,0.2536669
esfera,pesos,0.5,-0.998579,0.049330,-0.019514,-0.998592,0.049333,-0.019512,0.4951215,0.5123326,0.2536669
esfera,pesos,1.0,-0.998579,0.049330,-0.019514,-0.998592,0.049333,-0.019512,0.4997741,0.5002249,0.2500558
esfera,cor,0.0,-0.998579,0.049330,-0.019514,-0.998592,0.049333,-0.019512,0.1111801,0.07592831,0.01308526
esfera,cor,0.3,-0.998579,0.049330,-0.019514,-0.998592,0.049333,-0.019512,0.1111801,0.07592831,0.01308526
esfera,cor,1.0,-0.998579,0.049330,-0.019514,-0.998592,0.049333,-0.019512,0.1129627,0.07744104,0.01496655
esfera,pesos,0.2,0.558470,-0.801677,0.213051,0.558477,-0.801691,0.213060,0.4467372,0.6216057,0.2776944
esfera,pesos,0.5,0.558470,-0.801677,0.213051,0.558477,-0.801691,0.213060,0.4467372,0.5304018,0.2369502
esfera,pesos,1.0,0.558470,-0.801677,0.213051,0.558477,-0.801691,0.213060,0.4728587,0.472858,0.2190687
esfera,cor,0.0,0.558470,-0.801677,0.213051,0.558477,-0.801691,0.213060,0.8285831,0.0824694,0.0824694
esfera,cor,0.3,0.558470,-0.801677,0.213051,0.558477,-0.801691,0.213060,0.827029,0.2677716,0.08560158
esfera,cor,1.0,0.558470,-0.801677,0.213051,0.558477,-0.801691,0.213060,0.7311283,0.5323905,0.2122199
esfera,pesos,0.2,0.440484,-0.895652,0.061149,0.440484,-0.895674,0.061173,0.4847128,0.610121,0.2957335
esfera,pesos,0.5,0.440484,-0.895652,0.061149,0.440484,-0.895674,0.061173,0.4847128,0.5568995,0.2699364
esfera,pesos,1.0,0.440484,-0.895652,0.061149,0.440484,-0.895674,0.061173,0.490203,0.4901991,0.2391216
esfera,cor,0.0,0.440484,-0.895652,0.061149,0.440484,-0.895674,0.061173,0.07394042,0.003530692,0.1111657
esfera,cor,0.3,0.440484,-0.895652,0.061149,0.440484,-0.895674,0.061173,0.07394042,0.003530692,0.1111657
esfera,cor,1.0,0.440484,-0.895652,0.061149,0.440484,-0.895674,0.061173,0.3166729,0.30545,0.07739417
esfera,pesos,0.2,0.335688,-0.940939,-0.043869,0.335725,-0.940938,-0.043870,0.5109673,0.5839219,0.298365
esfera,pesos,0.5,0.335688,-0.940939,-0.043869,0.335725,-0.940938,-0.043870,0.5109673,0.5756425,0.2941345
esfera,pesos,1.0,0.335688,-0.940939,-0.043869,0.335725,-0.940938,-0.043870,0.507815,0.4921784,0.2506524
esfera,cor,0.0,0.335688,-0.940939,-0.043869,0.335725,-0.940938,-0.043870,0.004071214,0.1429174,2.045211e-05
esfera,cor,0.3,0.335688,-0.940939,-0.043869,0.335725,-0.940938,-0.043870,0.004071214,0.1429174,2.045211e-05
esfera,cor,1.0,0.335688,-0.940939,-0.043869,0.335725,-0.940938,-0.043870,0.01474167,0.1033983,0.08531336
esfera,pesos,0.2,0.237138,-0.963169,-0.126685,0.237196,-0.963164,-0.126701,0.5316712,0.5592844,0.2973554
esfera,pesos,0.5,0.237138,-0.963169,-0.126685,0.237196,-0.963164,-0.126701,0.5316712,0.5592844,0.2973554
esfera,pesos,1.0,0.237138,-0.963169,-0.126685,0.237196,-0.963164,-0.126701,0.5229872,0.4769997,0.2513561
esfera,cor,0.0,0.237138,-0.963169,-0.126685,0.237196,-0.963164,-0.126701,0.1216503,0.002370325,0.1570263
esfera,cor,0.3,0.237138,-0.963169,-0.126685,0.237196,-0.963164,-0.126701,0.1216503,0.002370325,0.1570263
esfera,cor,1.0,0.237138,-0.963169,-0.126685,0.237196,-0.963164,-0.126701,0.2370035,0.02056907,0.1747987
esfera,pesos,0.2,0.142661,-0.970360,-0.195019,0.142676,-0.970359,-0.195055,0.5487547,0.5356653,0.2939489
esfera,pesos,0.5,0.142661,-0.970360,-0.195019,0.142676,-0.970359,-0.195055,0.5487547,0.5356653,0.2939489
esfera,pesos,1.0,0.142661,-0.970360,-0.195019,0.142676,-0.970359,-0.195055,0.5361664,0.4638235,0.251285
esfera,cor,0.0,0.142661,-0.970360,-0.195019,0.142676,-0.970359,-0.195055,0.01605906,0.1470679,0.008953868
esfera,cor,0.3,0.142661,-0.970360,-0.195019,0.142676,-0.970359,-0.195055,0.01605906,0.1470679,0.008953868
esfera,cor,1.0,0.142661,-0.970360,-0.195019,0.142676,-0.970359,-0.195055,0.124346,0.2199518,0.02268155
esfera,pesos,0.2,0.051250,-0.966235,-0.252456,0.051232,-0.966248,-0.252468,0.563114,0.5128125,0.2887719
esfera,pesos,0.5,0.051250,-0.966235,-0.252456,0.051232,-0.966248,-0.252468,0.563114,0.5128125,0.2887719
esfera,pesos,1.0,0.051250,-0.966235,-0.252456,0.051232,-0.966248,-0.252468,0.5480197,0.4519812,0.250616
esfera,cor,0.0,0.051250,-0.966235,-0.252456,0.051232,-0.966248,-0.252468,0.1033952,0.02288364,0.1209483
esfera,cor,0.3,0.051250,-0.966235,-0.252456,0.051232,-0.966248,-0.252468,0.1033952,0.02288364,0.1209483
esfera,cor,1.0,0.051250,-0.966235,-0.252456,0.051232,-0.966248,-0.252468,0.1080026,0.1564337,0.1631943
esfera,pesos,0.2,-0.037659,-0.952873,-0.300999,-0.037663,-0.952874,-0.301019,0.5752497,0.4905853,0.282209
esfera,pesos,0.5,-0.037659,-0.952873,-0.300999,-0.037663,-0.952874,-0.301019,0.5752497,0.4905853,0.282209
esfera,pesos,1.0,-0.037659,-0.952873,-0.300999,-0.037663,-0.952874,-0.301019,0.5555171,0.4305867,0.2425292
esfera,cor,0.0,-0.037659,-0.952873,-0.300999,-0.037663,-0.952874,-0.301019,0.1993184,0.05090717,0.06848011
esfera,cor,0.3,-0.037659,-0.952873,-0.300999,-0.037663,-0.952874,-0.301019,0.1993184,0.05090717,0.06848011
esfera,cor,1.0,-0.037659,-0.952873,-0.300999,-0.037663,-0.952874,-0.301019,0.158774,0.08208609,0.1423208
esfera,pesos,0.2,-0.124392,-0.931481,-0.341809,-0.124398,-0.931491,-0.341833,0.5854523,0.468902,0.2745197
esfera,pesos,0.5,-0.124392,-0.931481,-0.341809,-0.124398,-0.931491,-0.341833,0.5834458,0.4614536,0.2696231
esfera,pesos,1.0,-0.124392,-0.931481,-0.341809,-0.124398,-0.931491,-0.341833,0.5569485,0.4015978,0.2275022
esfera,cor,0.0,-0.124392,-0.931481,-0.341809,-0.124398,-0.931491,-0.341833,0.3457036,0.8724657,0.1005284
esfera,cor,0.3,-0.124392,-0.931481,-0.341809,-0.124398,-0.931491,-0.341833,0.3457036,0.8724657,0.1005284
esfera,cor,1.0,-0.124392,-0.931481,-0.341809,-0.124398,-0.931491,-0.341833,0.2308403,0.6006973,0.1441917
esfera,pesos,0.2,-0.209162,-0.902839,-0.375639,-0.209177,-0.902848,-0.375646,0.5939096,0.4477096,0.2658991
esfera,pesos,0.5,-0.209162,-0.902839,-0.375639,-0.209177,-0.902848,-0.375646,0.5902622,0.4325114,0.2558722
esfera,pesos,1.0,-0.209162,-0.902839,-0.375639,-0.209177,-0.902848,-0.375646,0.5569918,0.3795362,0.215284
esfera,cor,0.0,-0.209162,-0.902839,-0.375639,-0.209177,-0.902848,-0.375646,0.8032908,0.5153579,0.05329157
esfera,cor,0.3,-0.209162,-0.902839,-0.375639,-0.209177,-0.902848,-0.375646,0.8032908,0.5153579,0.05329157
esfera,cor,1.0,-0.209162,-0.902839,-0.375639,-0.209177,-0.902848,-0.375646,0.6072932,0.3886763,0.03997516
esfera,pesos,0.2,-0.292082,-0.867369,-0.402893,-0.292102,-0.867374,-0.402913,0.6007231,0.4269795,0.2564965
esfera,pesos,0.5,-0.292082,-0.867369,-0.402893,-0.292102,-0.867374,-0.402913,0.5970008,0.4076549,0.2438337
esfera,pesos,1.0,-0.292082,-0.867369,-0.402893,-0.292102,-0.867374,-0.402913,0.555917,0.3630017,0.2053763
esfera,cor,0.0,-0.292082,-0.867369,-0.402893,-0.292102,-0.867374,-0.402913,0.01198234,0.6179401,0.259907
esfera,cor,0.3,-0.292082,-0.867369,-0.402893,-0.292102,-0.867374,-0.402913,0.01198234,0.6179401,0.259907
esfera,cor,1.0,-0.292082,-0.867369,-0.402893,-0.292102,-0.867374,-0.402913,0.1430088,0.5173731,0.1502587
esfera,pesos,0.2,-0.373212,-0.825291,-0.423784,-0.373237,-0.825273,-0.423814,0.605946,0.406697,0.2464364
esfera,pesos,0.5,-0.373212,-0.825291,-0.423784,-0.373237,-0.825273,-0.423814,0.5880849,0.3808996,0.2255592
esfera,pesos,1.0,-0.373212,-0.825291,-0.423784,-0.373237,-0.825273,-0.423814,0.5538946,0.3511702,0.1975038
esfera,cor,0.0,-0.373212,-0.825291,-0.423784,-0.373237,-0.825273,-0.423814,0.1030218,0.00138111,0.4347556
esfera,cor,0.3,-0.373212,-0.825291,-0.423784,-0.373237,-0.825273,-0.423814,0.1030218,0.00138111,0.4347556
esfera,cor,1.0,-0.373212,-0.825291,-0.423784,-0.373237,-0.825273,-0.423814,0.08653592,0.08052199,0.2351291
esfera,pesos,0.2,-0.452544,-0.776575,-0.438283,-0.452581,-0.776564,-0.438313,0.6095709,0.3868641,0.2358211
esfera,pesos,0.5,-0.452544,-0.776575,-0.438283,-0.452581,-0.776564,-0.438313,0.5710034,0.3596692,0.2074478
esfera,pesos,1.0,-0.452544,-0.776575,-0.438283,-0.452581,-0.776564,-0.438313,0.5510285,0.343583,0.1915327
esfera,cor,0.0,-0.452544,-0.776575,-0.438283,-0.452581,-0.776564,-0.438313,0.1599964,0.2077489,0.03374529
esfera,cor,0.3,-0.452544,-0.776575,-0.438283,-0.452581,-0.776564,-0.438313,0.1691714,0.2268561,0.03302318
esfera,cor,1.0,-0.452544,-0.776575,-0.438283,-0.452581,-0.776564,-0.438313,0.1817988,0.2659616,0.0373584
esfera,pesos,0.2,-0.530032,-0.721053,-0.446229,-0.530055,-0.721057,-0.446227,0.5851545,0.3618409,0.2128445
esfera,pesos,0.5,-0.530032,-0.721053,-0.446229,-0.530055,-0.721057,-0.446227,0.5522199,0.3465771,0.1929794
esfera,pesos,1.0,-0.530032,-0.721053,-0.446229,-0.530055,-0.721057,-0.446227,0.5473895,0.340024,0.1874273
esfera,cor,0.0,-0.530032,-0.721053,-0.446229,-0.530055,-0.721057,-0.446227,0.02599934,0.08733015,0.1448424
esfera,cor,0.3,-0.530032,-0.721053,-0.446229,-0.530055,-0.721057,-0.446227,0.04274654,0.09329951,0.1088727
esfera,cor,1.0,-0.530032,-0.721053,-0.446229,-0.530055,-0.721057,-0.446227,0.06988236,0.0788845,0.07388198
esfera,pesos,0.2,-0.605550,-0.658260,-0.447172,-0.605535,-0.658285,-0.447199,0.5233304,0.3433988,0.1804155
esfera,pesos,0.5,-0.605550,-0.658260,-0.447172,-0.605535,-0.658285,-0.447199,0.5318406,0.3415208,0.1821212
esfera,pesos,1.0,-0.605550,-0.658260,-0.447172,-0.605535,-0.658285,-0.447199,0.5430138,0.3405048,0.1852475
esfera,cor,0.0,-0.605550,-0.658260,-0.447172,-0.605535,-0.658285,-0.447199,0.1432935,0.5675629,0.9971889
esfera,cor,0.3,-0.605550,-0.658260,-0.447172,-0.605535,-0.658285,-0.447199,0.2339786,0.3213823,0.650575
esfera,cor,1.0,-0.605550,-0.658260,-0.447172,-0.605535,-0.658285,-0.447199,0.1823455,0.2246131,0.5474933
esfera,pesos,0.2,-0.678900,-0.587463,-0.440408,-0.678918,-0.587434,-0.440444,0.4602298,0.3458332,0.1580685
esfera,pesos,0.5,-0.678900,-0.587463,-0.440408,-0.678918,-0.587434,-0.440444,0.5098789,0.344895,0.1750289
esfera,pesos,1.0,-0.678900,-0.587463,-0.440408,-0.678918,-0.587434,-0.440444,0.5378965,0.3452667,0.1851497
esfera,cor,0.0,-0.678900,-0.587463,-0.440408,-0.678918,-0.587434,-0.440444,0.0008425586,0.2306404,0.658854
esfera,cor,0.3,-0.678900,-0.587463,-0.440408,-0.678918,-0.587434,-0.440444,0.237596,0.1841332,0.5857188
esfera,cor,1.0,-0.678900,-0.587463,-0.440408,-0.678918,-0.587434,-0.440444,0.2179589,0.2989749,0.5925435
esfera,pesos,0.2,-0.749743,-0.507410,-0.424732,-0.749746,-0.507415,-0.424747,0.3976607,0.3720511,0.1477214
esfera,pesos,0.5,-0.749743,-0.507410,-0.424732,-0.749746,-0.507415,-0.424747,0.4863718,0.3577458,0.1721521
esfera,pesos,1.0,-0.749743,-0.507410,-0.424732,-0.749746,-0.507415,-0.424747,0.5320359,0.3548702,0.1874485
esfera,cor,0.0,-0.749743,-0.507410,-0.424732,-0.749746,-0.507415,-0.424747,0.1398836,0.899583,0.5232121
esfera,cor,0.3,-0.749743,-0.507410,-0.424732,-0.749746,-0.507415,-0.424747,0.1776845,0.7389727,0.4298716
esfera,cor,1.0,-0.749743,-0.507410,-0.424732,-0.749746,-0.507415,-0.424747,0.1807745,0.6284827,0.271174
esfera,pesos,0.2,-0.817526,-0.416060,-0.398177,-0.817551,-0.416001,-0.398189,0.4004557,0.395985,0.1585745
esfera,pesos,0.5,-0.817526,-0.416060,-0.398177,-0.817551,-0.416001,-0.398189,0.4612544,0.3821989,0.1743844
esfera,pesos,1.0,-0.817526,-0.416060,-0.398177,-0.817551,-0.416001,-0.398189,0.525378,0.3703973,0.1927009
esfera,cor,0.0,-0.817526,-0.416060,-0.398177,-0.817551,-0.416001,-0.398189,0.9821467,0.6321006,0.06638265
esfera,cor,0.3,-0.817526,-0.416060,-0.398177,-0.817551,-0.416001,-0.398189,0.9821467,0.6321006,0.06638265
esfera,cor,1.0,-0.817526,-0.416060,-0.398177,-0.817551,-0.416001,-0.398189,0.6042963,0.5918902,0.0680251
esfera,pesos,0.2,-0.881223,-0.309631,-0.357103,-0.881266,-0.309571,-0.357123,0.4107243,0.4225922,0.1735689
esfera,pesos,0.5,-0.881223,-0.309631,-0.357103,-0.881266,-0.309571,-0.357123,0.4344859,0.4225922,0.1836104
esfera,pesos,1.0,-0.881223,-0.309631,-0.357103,-0.881266,-0.309571,-0.357123,0.5178543,0.3940145,0.2020011
esfera,cor,0.0,-0.881223,-0.309631,-0.357103,-0.881266,-0.309571,-0.357123,0.6131048,0.00511208,0.8106698
esfera,cor,0.3,-0.881223,-0.309631,-0.357103,-0.881266,-0.309571,-0.357123,0.6131048,0.00511208,0.8106698
esfera,cor,1.0,-0.881223,-0.309631,-0.357103,-0.881266,-0.309571,-0.357123,0.5645543,0.1607275,0.5084841
esfera,pesos,0.2,-0.938687,-0.180189,-0.293867,-0.938707,-0.180180,-0.293879,0.4265332,0.4549528,0.1940525
esfera,pesos,0.5,-0.938687,-0.180189,-0.293867,-0.938707,-0.180180,-0.293879,0.4265332,0.4549528,0.1940525
esfera,pesos,1.0,-0.938687,-0.180189,-0.293867,-0.938707,-0.180180,-0.293879,0.5093706,0.4307685,0.2178708
esfera,cor,0.0,-0.938687,-0.180189,-0.293867,-0.938707,-0.180180,-0.293879,0.04006339,0.02171739,0.386434
esfera,cor,0.3,-0.938687,-0.180189,-0.293867,-0.938707,-0.180180,-0.293879,0.04006339,0.02171739,0.386434
esfera,cor,1.0,-0.938687,-0.180189,-0.293867,-0.938707,-0.180180,-0.293879,0.07727388,0.09662221,0.2719609
esfera,pesos,0.2,-0.982963,-0.002061,-0.183751,-0.982971,-0.002083,-0.183747,0.4540622,0.4994847,0.2267971
esfera,pesos,0.5,-0.982963,-0.002061,-0.183751,-0.982971,-0.002083,-0.183747,0.4540622,0.4994847,0.2267971
esfera,pesos,1.0,-0.982963,-0.002061,-0.183751,-0.982971,-0.002083,-0.183747,0.5000805,0.4990477,0.249544
esfera,cor,0.0,-0.982963,-0.002061,-0.183751,-0.982971,-0.002083,-0.183747,0.1688826,0.0151434,0.5477049
esfera,cor,0.3,-0.982963,-0.002061,-0.183751,-0.982971,-0.002083,-0.183747,0.1688826,0.0151434,0.5477049
esfera,cor,1.0,-0.982963,-0.002061,-0.183751,-0.982971,-0.002083,-0.183747,0.2070446,0.09894186,0.4625424
esfera,pesos,0.2,0.587543,-0.803392,0.096650,0.587565,-0.803383,0.096659,0.4758374,0.6079041,0.2892635
esfera,pesos,0.5,0.587543,-0.803392,0.096650,0.587565,-0.803383,0.096659,0.4758374,0.5269729,0.2507535
esfera,pesos,1.0,0.587543,-0.803392,0.096650,0.587565,-0.803383,0.096659,0.4869515,0.4869458,0.2350319
esfera,cor,0.0,0.587543,-0.803392,0.096650,0.587565,-0.803383,0.096659,0.3548489,0.4433874,0.02314485
esfera,cor,0.3,0.587543,-0.803392,0.096650,0.587565,-0.803383,0.096659,0.2814636,0.5300056,0.04633505
esfera,cor,1.0,0.587543,-0.803392,0.096650,0.587565,-0.803383,0.096659,0.2143792,0.6084235,0.1069432
esfera,pesos,0.2,0.474409,-0.879458,-0.038007,0.474432,-0.879471,-0.038013,0.5095018,0.6186023,0.315179
esfera,pesos,0.5,0.474409,-0.879458,-0.038007,0.474432,-0.879471,-0.038013,0.5095018,0.5506259,0.2805449
esfera,pesos,1.0,0.474409,-0.879458,-0.038007,0.474432,-0.879471,-0.038013,0.5060034,0.493993,0.2507103
esfera,cor,0.0,0.474409,-0.879458,-0.038007,0.474432,-0.879471,-0.038013,0.01481976,0.002009325,0.6544029
esfera,cor,0.3,0.474409,-0.879458,-0.038007,0.474432,-0.879471,-0.038013,0.01480204,0.002992117,0.6535539
esfera,cor,1.0,0.474409,-0.879458,-0.038007,0.474432,-0.879471,-0.038013,0.02491539,0.2616121,0.4291865
esfera,pesos,0.2,0.371348,-0.918339,-0.136857,0.371343,-0.918352,-0.136869,0.5342142,0.592837,0.3167019
esfera,pesos,0.5,0.371348,-0.918339,-0.136857,0.371343,-0.918352,-0.136869,0.5342142,0.5683776,0.3036354
esfera,pesos,1.0,0.371348,-0.918339,-0.136857,0.371343,-0.918352,-0.136869,0.5220244,0.4779745,0.2520445
esfera,cor,0.0,0.371348,-0.918339,-0.136857,0.371343,-0.918352,-0.136869,0.5580122,0.7502862,0.001199454
esfera,cor,0.3,0.371348,-0.918339,-0.136857,0.371343,-0.918352,-0.136869,0.5580122,0.7502862,0.001199454
esfera,cor,1.0,0.371348,-0.918339,-0.136857,0.371343,-0.918352,-0.136869,0.3973931,0.4833948,0.03555711
esfera,pesos,0.2,0.273725,-0.937147,-0.216377,0.273729,-0.937149,-0.216388,0.5540943,0.5684311,0.3149644
esfera,pesos,0.5,0.273725,-0.937147,-0.216377,0.273729,-0.937149,-0.216388,0.5540943,0.5684311,0.3149644
esfera,pesos,1.0,0.273725,-0.937147,-0.216377,0.273729,-0.937149,-0.216388,0.5355182,0.4644791,0.2524293
esfera,cor,0.0,0.273725,-0.937147,-0.216377,0.273729,-0.937149,-0.216388,0.0315726,0.009397079,0.77168
esfera,cor,0.3,0.273725,-0.937147,-0.216377,0.273729,-0.937149,-0.216388,0.0315726,0.009397079,0.77168
esfera,cor,1.0,0.273725,-0.937147,-0.216377,0.273729,-0.937149,-0.216388,0.1153792,0.01624903,0.5313688
esfera,pesos,0.2,0.179827,-0.942203,-0.282655,0.179821,-0.942205,-0.282691,0.5706637,0.5449567,0.310987
esfera,pesos,0.5,0.179827,-0.942203,-0.282655,0.179821,-0.942205,-0.282691,0.5706637,0.5449567,0.310987
esfera,pesos,1.0,0.179827,-0.942203,-0.282655,0.179821,-0.942205,-0.282691,0.5473958,0.4525977,0.2521279
esfera,cor,0.0,0.179827,-0.942203,-0.282655,0.179821,-0.942205,-0.282691,0.5399073,0.6696842,0.03950344
esfera,cor,0.3,0.179827,-0.942203,-0.282655,0.179821,-0.942205,-0.282691,0.5399073,0.6696842,0.03950344
esfera,cor,1.0,0.179827,-0.942203,-0.282655,0.179821,-0.942205,-0.282691,0.441468,0.5008219,0.03011722
esfera,pesos,0.2,0.088797,-0.936670,-0.338737,0.088813,-0.936665,-0.338778,0.5846843,0.5221993,0.3053218
esfera,pesos,0.5,0.088797,-0.936670,-0.338737,0.088813,-0.936665,-0.338778,0.581346,0.5141924,0.2997528
esfera,pesos,1.0,0.088797,-0.936670,-0.338737,0.088813,-0.936665,-0.338778,0.5581424,0.4418476,0.2512857
esfera,cor,0.0,0.088797,-0.936670,-0.338737,0.088813,-0.936665,-0.338778,0.04221484,0.3128358,0.6677647
esfera,cor,0.3,0.088797,-0.936670,-0.338737,0.088813,-0.936665,-0.338778,0.04221484,0.3128358,0.6677647
esfera,cor,1.0,0.088797,-0.936670,-0.338737,0.088813,-0.936665,-0.338778,0.05206281,0.2999737,0.4626349
esfera,pesos,0.2,0.000151,-0.922337,-0.386345,0.000305,-0.922351,-0.386354,0.5965862,0.5000378,0.2983156
esfera,pesos,0.5,0.000151,-0.922337,-0.386345,0.000305,-0.922351,-0.386354,0.5878478,0.479181,0.2835185
esfera,pesos,1.0,0.000151,-0.922337,-0.386345,0.000305,-0.922351,-0.386354,0.5680676,0.431916,0.2499918
esfera,cor,0.0,0.000151,-0.922337,-0.386345,0.000305,-0.922351,-0.386354,0.5684123,0.02575741,0.02575741
esfera,cor,0.3,0.000151,-0.922337,-0.386345,0.000305,-0.922351,-0.386354,0.5684123,0.02575741,0.02575741
esfera,cor,1.0,0.000151,-0.922337,-0.386345,0.000305,-0.922351,-0.386354,0.4022845,0.06778052,0.04053276
esfera,pesos,0.2,-0.086411,-0.900310,-0.426544,-0.086398,-0.900308,-0.426591,0.606636,0.4783974,0.2902131
esfera,pesos,0.5,-0.086411,-0.900310,-0.426544,-0.086398,-0.900308,-0.426591,0.5944772,0.4493026,0.2692204
esfera,pesos,1.0,-0.086411,-0.900310,-0.426544,-0.086398,-0.900308,-0.426591,0.5679317,0.4045413,0.2347687
esfera,cor,0.0,-0.086411,-0.900310,-0.426544,-0.086398,-0.900308,-0.426591,0.009197982,0.4531694,0.0006049092
esfera,cor,0.3,-0.086411,-0.900310,-0.426544,-0.086398,-0.900308,-0.426591,0.009197982,0.4531694,0.0006049092
esfera,cor,1.0,-0.086411,-0.900310,-0.426544,-0.086398,-0.900308,-0.426591,0.05575125,0.5271599,0.02298671
esfera,pesos,0.2,-0.171073,-0.871274,-0.459994,-0.171065,-0.871287,-0.459996,0.6149983,0.4572316,0.2811967
esfera,pesos,0.5,-0.171073,-0.871274,-0.459994,-0.171065,-0.871287,-0.459996,0.6011983,0.4237871,0.2567343
esfera,pesos,1.0,-0.171073,-0.871274,-0.459994,-0.171065,-0.871287,-0.459996,0.566694,0.3837018,0.2223454
esfera,cor,0.0,-0.171073,-0.871274,-0.459994,-0.171065,-0.871287,-0.459996,0.05608311,0.3353958,0.03774721
esfera,cor,0.3,-0.171073,-0.871274,-0.459994,-0.171065,-0.871287,-0.459996,0.05608311,0.3353958,0.03774721
esfera,cor,1.0,-0.171073,-0.871274,-0.459994,-0.171065,-0.871287,-0.459996,0.2408653,0.2038822,0.03126089
esfera,pesos,0.2,-0.253941,-0.835612,-0.487062,-0.253952,-0.835619,-0.487082,0.6217657,0.4365147,0.2714098
esfera,pesos,0.5,-0.253941,-0.835612,-0.487062,-0.253952,-0.835619,-0.487082,0.6079826,0.402124,0.2460147
esfera,pesos,1.0,-0.253941,-0.835612,-0.487062,-0.253952,-0.835619,-0.487082,0.5645351,0.3681677,0.2122544
esfera,cor,0.0,-0.253941,-0.835612,-0.487062,-0.253952,-0.835619,-0.487082,0.01042326,0.03498639,0.2267773
esfera,cor,0.3,-0.253941,-0.835612,-0.487062,-0.253952,-0.835619,-0.487082,0.02149317,0.04706705,0.2145669
esfera,cor,1.0,-0.253941,-0.835612,-0.487062,-0.253952,-0.835619,-0.487082,0.1025928,0.09312744,0.130654
esfera,pesos,0.2,-0.335069,-0.793525,-0.507945,-0.335074,-0.793544,-0.507949,0.6269861,0.4162328,0.2609722
esfera,pesos,0.5,-0.335069,-0.793525,-0.507945,-0.335074,-0.793544,-0.507949,0.6120496,0.3832479,0.235786
esfera,pesos,1.0,-0.335069,-0.793525,-0.507945,-0.335074,-0.793544,-0.507949,0.5615733,0.3571933,0.2042255
esfera,cor,0.0,-0.335069,-0.793525,-0.507945,-0.335074,-0.793544,-0.507949,0.1299879,0.002758606,0.02474452
esfera,cor,0.3,-0.335069,-0.793525,-0.507945,-0.335074,-0.793544,-0.507949,0.1295549,0.06895024,0.1370014
esfera,cor,1.0,-0.335069,-0.793525,-0.507945,-0.335074,-0.793544,-0.507949,0.2488271,0.3314355,0.2981147
esfera,pesos,0.2,-0.414454,-0.745006,-0.522634,-0.414436,-0.745057,-0.522621,0.6289998,0.3913182,0.2462678
esfera,pesos,0.5,-0.414454,-0.745006,-0.522634,-0.414436,-0.745057,-0.522621,0.5928757,0.3639364,0.2176653
esfera,pesos,1.0,-0.414454,-0.745006,-0.522634,-0.414436,-0.745057,-0.522621,0.557873,0.3503513,0.1981157
esfera,cor,0.0,-0.414454,-0.745006,-0.522634,-0.414436,-0.745057,-0.522621,0.8188159,0.003564419,0.09724589
esfera,cor,0.3,-0.414454,-0.745006,-0.522634,-0.414436,-0.745057,-0.522621,0.6495385,0.02246045,0.1345472
esfera,cor,1.0,-0.414454,-0.745006,-0.522634,-0.414436,-0.745057,-0.522621,0.4215478,0.09920997,0.1412235
esfera,pesos,0.2,-0.492052,-0.689891,-0.530971,-0.492081,-0.689846,-0.531007,0.6281911,0.3680395,0.2313835
esfera,pesos,0.5,-0.492052,-0.689891,-0.530971,-0.492081,-0.689846,-0.531007,0.5721424,0.3525943,0.2032533
esfera,pesos,1.0,-0.492052,-0.689891,-0.530971,-0.492081,-0.689846,-0.531007,0.5534596,0.347446,0.1938766
esfera,cor,0.0,-0.492052,-0.689891,-0.530971,-0.492081,-0.689846,-0.531007,0.3896654,0.341686,0.07018404
esfera,cor,0.3,-0.492052,-0.689891,-0.530971,-0.492081,-0.689846,-0.531007,0.3341292,0.4380102,0.1269068
esfera,cor,1.0,-0.492052,-0.689891,-0.530971,-0.492081,-0.689846,-0.531007,0.343496,0.4761626,0.1519238
esfera,pesos,0.2,-0.567742,-0.627730,-0.532524,-0.567784,-0.627722,-0.532527,0.5546349,0.3512082,0.1954312
esfera,pesos,0.5,-0.567742,-0.627730,-0.532524,-0.567784,-0.627722,-0.532527,0.5499272,0.3491886,0.1925375
esfera,pesos,1.0,-0.567742,-0.627730,-0.532524,-0.567784,-0.627722,-0.532527,0.548358,0.3485153,0.191573
esfera,cor,0.0,-0.567742,-0.627730,-0.532524,-0.567784,-0.627722,-0.532527,0.08937934,0.3351651,0.1763079
esfera,cor,0.3,-0.567742,-0.627730,-0.532524,-0.567784,-0.627722,-0.532527,0.07797647,0.1879707,0.1158167
esfera,cor,1.0,-0.567742,-0.627730,-0.532524,-0.567784,-0.627722,-0.532527,0.07110199,0.1562203,0.1091968
esfera,pesos,0.2,-0.641353,-0.557896,-0.526688,-0.641354,-0.557872,-0.526730,0.477268,0.3550473,0.1686069
esfera,pesos,0.5,-0.641353,-0.557896,-0.526688,-0.641354,-0.557872,-0.526730,0.5262396,0.3540984,0.185663
esfera,pesos,1.0,-0.641353,-0.557896,-0.526688,-0.641354,-0.557872,-0.526730,0.5425636,0.353782,0.1913483
esfera,cor,0.0,-0.641353,-0.557896,-0.526688,-0.641354,-0.557872,-0.526730,0.08534808,0.1331754,0.2930805
esfera,cor,0.3,-0.641353,-0.557896,-0.526688,-0.641354,-0.557872,-0.526730,0.1081229,0.1352611,0.2569883
esfera,cor,1.0,-0.641353,-0.557896,-0.526688,-0.641354,-0.557872,-0.526730,0.1070067,0.1492384,0.2545792
esfera,pesos,0.2,-0.712577,-0.479250,-0.512366,-0.712589,-0.479245,-0.512388,0.3999041,0.3801876,0.1520386
esfera,pesos,0.5,-0.712577,-0.479250,-0.512366,-0.712589,-0.479245,-0.512388,0.500983,0.3683447,0.1830291
esfera,pesos,1.0,-0.712577,-0.479250,-0.512366,-0.712589,-0.479245,-0.512388,0.5360221,0.3637841,0.193486
esfera,cor,0.0,-0.712577,-0.479250,-0.512366,-0.712589,-0.479245,-0.512388,0.2198465,0.4975957,0.06451879
esfera,cor,0.3,-0.712577,-0.479250,-0.512366,-0.712589,-0.479245,-0.512388,0.1886392,0.4579931,0.07080675
esfera,cor,1.0,-0.712577,-0.479250,-0.512366,-0.712589,-0.479245,-0.512388,0.1567985,0.3834112,0.06791075
esfera,pesos,0.2,-0.780931,-0.390008,-0.487840,-0.780957,-0.389973,-0.487880,0.3780399,0.4024981,0.1521603
esfera,pesos,0.5,-0.780931,-0.390008,-0.487840,-0.780957,-0.389973,-0.487880,0.47407,0.3939242,0.1854796
esfera,pesos,1.0,-0.780931,-0.390008,-0.487840,-0.780957,-0.389973,-0.487880,0.5286745,0.3795224,0.1985005
esfera,cor,0.0,-0.780931,-0.390008,-0.487840,-0.780957,-0.389973,-0.487880,0.5904039,0.03259161,0.1482263
esfera,cor,0.3,-0.780931,-0.390008,-0.487840,-0.780957,-0.389973,-0.487880,0.5904039,0.03981724,0.1318838
esfera,cor,1.0,-0.780931,-0.390008,-0.487840,-0.780957,-0.389973,-0.487880,0.5867445,0.2145167,0.07750161
esfera,pesos,0.2,-0.845566,-0.287041,-0.450099,-0.845579,-0.287045,-0.450113,0.3874751,0.4282396,0.1659322
esfera,pesos,0.5,-0.845566,-0.287041,-0.450099,-0.845579,-0.287045,-0.450113,0.450569,0.4282396,0.1929515
esfera,pesos,1.0,-0.845566,-0.287041,-0.450099,-0.845579,-0.287045,-0.450113,0.5204085,0.4029162,0.2073483
esfera,cor,0.0,-0.845566,-0.287041,-0.450099,-0.845579,-0.287045,-0.450113,0.002914653,0.0373189,0.5050651
esfera,cor,0.3,-0.845566,-0.287041,-0.450099,-0.845579,-0.287045,-0.450113,0.002914653,0.0373189,0.5050651
esfera,cor,1.0,-0.845566,-0.287041,-0.450099,-0.845579,-0.287045,-0.450113,0.1527069,0.09155245,0.3698585
esfera,pesos,0.2,-0.904760,-0.163985,-0.393014,-0.904797,-0.163915,-0.393033,0.4017465,0.4590037,0.1844032
esfera,pesos,0.5,-0.904760,-0.163985,-0.393014,-0.904797,-0.163915,-0.393033,0.4360327,0.4590037,0.2001406
esfera,pesos,1.0,-0.904760,-0.163985,-0.393014,-0.904797,-0.163915,-0.393033,0.5110183,0.4382367,0.2221354
esfera,cor,0.0,-0.904760,-0.163985,-0.393014,-0.904797,-0.163915,-0.393033,0.01681226,0.2448078,0.2448078
esfera,cor,0.3,-0.904760,-0.163985,-0.393014,-0.904797,-0.163915,-0.393033,0.01681226,0.2448078,0.2448078
esfera,cor,1.0,-0.904760,-0.163985,-0.393014,-0.904797,-0.163915,-0.393033,0.03458796,0.2182044,0.1679787
esfera,pesos,0.2,-0.953877,-0.003732,-0.300109,-0.953895,-0.003725,-0.300117,0.4249727,0.499067,0.2120899
esfera,pesos,0.5,-0.953877,-0.003732,-0.300109,-0.953895,-0.003725,-0.300117,0.4249727,0.499067,0.2120899
esfera,pesos,1.0,-0.953877,-0.003732,-0.300109,-0.953895,-0.003725,-0.300117,0.5002226,0.4983635,0.2492401
esfera,cor,0.0,-0.953877,-0.003732,-0.300109,-0.953895,-0.003725,-0.300117,0.02401676,0.1793295,0.3605895
esfera,cor,0.3,-0.953877,-0.003732,-0.300109,-0.953895,-0.003725,-0.300117,0.02401676,0.1793295,0.3605895
esfera,cor,1.0,-0.953877,-0.003732,-0.300109,-0.953895,-0.003725,-0.300117,0.1264648,0.271795,0.2784553
esfera,pesos,0.2,0.766456,-0.593543,0.245381,0.766494,-0.593520,0.245398,0.4386548,0.4135063,0.1813866
esfera,pesos,0.5,0.766456,-0.593543,0.245381,0.766494,-0.593520,0.245398,0.4386548,0.478371,0.2098397
esfera,pesos,1.0,0.766456,-0.593543,0.245381,0.766494,-0.593520,0.245398,0.4773214,0.4773119,0.2229709
esfera,cor,0.0,0.766456,-0.593543,0.245381,0.766494,-0.593520,0.245398,0.7431828,0.0003299397,0.3909847
esfera,cor,0.3,0.766456,-0.593543,0.245381,0.766494,-0.593520,0.245398,0.6588747,0.1749581,0.2784567
esfera,cor,1.0,0.766456,-0.593543,0.245381,0.766494,-0.593520,0.245398,0.546138,0.2297888,0.2490909
esfera,pesos,0.2,0.622775,-0.782376,0.002137,0.622780,-0.782394,0.002152,0.4994658,0.5798065,0.2895935
esfera,pesos,0.5,0.622775,-0.782376,0.002137,0.622780,-0.782394,0.002152,0.4994658,0.5199525,0.2596985
esfera,pesos,1.0,0.622775,-0.782376,0.002137,0.622780,-0.782394,0.002152,0.4997047,0.4997021,0.2496568
esfera,cor,0.0,0.622775,-0.782376,0.002137,0.622780,-0.782394,0.002152,0.0107859,0.1509163,0.02869561
esfera,cor,0.3,0.622775,-0.782376,0.002137,0.622780,-0.782394,0.002152,0.01857078,0.2070501,0.2354764
esfera,cor,1.0,0.622775,-0.782376,0.002137,0.622780,-0.782394,0.002152,0.0218631,0.2317021,0.3242447
esfera,pesos,0.2,0.511940,-0.849954,-0.124346,0.511932,-0.849979,-0.124344,0.5310864,0.6279849,0.3335143
esfera,pesos,0.5,0.511940,-0.849954,-0.124346,0.511932,-0.849979,-0.124344,0.5310864,0.5422587,0.2879863
esfera,pesos,1.0,0.511940,-0.849954,-0.124346,0.511932,-0.849979,-0.124344,0.517778,0.4822258,0.2522773
esfera,cor,0.0,0.511940,-0.849954,-0.124346,0.511932,-0.849979,-0.124344,0.2525994,0.003633664,0.1444401
esfera,cor,0.3,0.511940,-0.849954,-0.124346,0.511932,-0.849979,-0.124344,0.2311607,0.01563685,0.1624765
esfera,cor,1.0,0.511940,-0.849954,-0.124346,0.511932,-0.849979,-0.124344,0.1704226,0.08080014,0.2071902
esfera,pesos,0.2,0.409846,-0.885265,-0.219758,0.409852,-0.885286,-0.219749,0.5549396,0.6024615,0.3343297
esfera,pesos,0.5,0.409846,-0.885265,-0.219758,0.409852,-0.885286,-0.219749,0.5549396,0.5594289,0.3104492
esfera,pesos,1.0,0.409846,-0.885265,-0.219758,0.409852,-0.885286,-0.219749,0.5321071,0.4678966,0.2532913
esfera,cor,0.0,0.409846,-0.885265,-0.219758,0.409852,-0.885286,-0.219749,0.004131944,0.3004504,0.02875611
esfera,cor,0.3,0.409846,-0.885265,-0.219758,0.409852,-0.885286,-0.219749,0.004131944,0.3004504,0.02875611
esfera,cor,1.0,0.409846,-0.885265,-0.219758,0.409852,-0.885286,-0.219749,0.06582934,0.2874781,0.2513155
esfera,pesos,0.2,0.312766,-0.902068,-0.297348,0.312772,-0.902086,-0.297345,0.574337,0.5781914,0.3320767
esfera,pesos,0.5,0.312766,-0.902068,-0.297348,0.312772,-0.902086,-0.297345,0.574337,0.573663,0.3294759
esfera,pesos,1.0,0.312766,-0.902068,-0.297348,0.312772,-0.902086,-0.297345,0.5443453,0.4556566,0.2534682
esfera,cor,0.0,0.312766,-0.902068,-0.297348,0.312772,-0.902086,-0.297345,0.308354,0.01178536,0.1883399
esfera,cor,0.3,0.312766,-0.902068,-0.297348,0.312772,-0.902086,-0.297345,0.308354,0.01178536,0.1883399
esfera,cor,1.0,0.312766,-0.902068,-0.297348,0.312772,-0.902086,-0.297345,0.2979318,0.06077436,0.2345662
esfera,pesos,0.2,0.219212,-0.905853,-0.362403,0.219224,-0.905872,-0.362404,0.5906007,0.5548029,0.327667
esfera,pesos,0.5,0.219212,-0.905853,-0.362403,0.219224,-0.905872,-0.362404,0.5802057,0.5346949,0.3129477
esfera,pesos,1.0,0.219212,-0.905853,-0.362403,0.219224,-0.905872,-0.362404,0.5551755,0.4448249,0.2530238
esfera,cor,0.0,0.219212,-0.905853,-0.362403,0.219224,-0.905872,-0.362404,0.03411488,0.28648,0.07061803
esfera,cor,0.3,0.219212,-0.905853,-0.362403,0.219224,-0.905872,-0.362404,0.03411488,0.28648,0.07061803
esfera,cor,1.0,0.219212,-0.905853,-0.362403,0.219224,-0.905872,-0.362404,0.08321628,0.2182018,0.08634433
esfera,pesos,0.2,0.128413,-0.899468,-0.417663,0.128433,-0.899466,-0.417691,0.6044158,0.5321032,0.3216116
esfera,pesos,0.5,0.128413,-0.899468,-0.417663,0.128433,-0.899466,-0.417691,0.5860907,0.4976098,0.2957214
esfera,pesos,1.0,0.128413,-0.899468,-0.417663,0.128433,-0.899466,-0.417691,0.5649698,0.4350234,0.2520821
esfera,cor,0.0,0.128413,-0.899468,-0.417663,0.128433,-0.899466,-0.417691,0.009119656,0.002451654,0.2441014
esfera,cor,0.3,0.128413,-0.899468,-0.417663,0.128433,-0.899466,-0.417691,0.009119656,0.002451654,0.2441014
esfera,cor,1.0,0.128413,-0.899468,-0.417663,0.128433,-0.899466,-0.417691,0.2951053,0.06773944,0.2187345
esfera,pesos,0.2,0.039927,-0.884545,-0.464703,0.039940,-0.884559,-0.464716,0.6161758,0.5099818,0.3142384
esfera,pesos,0.5,0.039927,-0.884545,-0.464703,0.039940,-0.884559,-0.464716,0.5923524,0.4663378,0.2807026
esfera,pesos,1.0,0.039927,-0.884545,-0.464703,0.039940,-0.884559,-0.464716,0.5739739,0.4260242,0.2507372
esfera,cor,0.0,0.039927,-0.884545,-0.464703,0.039940,-0.884559,-0.464716,0.1545856,0.1883391,0.01970531
esfera,cor,0.3,0.039927,-0.884545,-0.464703,0.039940,-0.884559,-0.464716,0.1545856,0.1883391,0.01970531
esfera,cor,1.0,0.039927,-0.884545,-0.464703,0.039940,-0.884559,-0.464716,0.3463832,0.3054939,0.04211894
esfera,pesos,0.2,-0.046528,-0.862123,-0.504522,-0.046524,-0.862134,-0.504540,0.6261306,0.488368,0.3057821
esfera,pesos,0.5,-0.046528,-0.862123,-0.504522,-0.046524,-0.862134,-0.504540,0.5988401,0.4397693,0.2675897
esfera,pesos,1.0,-0.046528,-0.862123,-0.504522,-0.046524,-0.862134,-0.504540,0.5769477,0.4088596,0.2420084
esfera,cor,0.0,-0.046528,-0.862123,-0.504522,-0.046524,-0.862134,-0.504540,0.003320083,0.1295582,0.1295582
esfera,cor,0.3,-0.046528,-0.862123,-0.504522,-0.046524,-0.862134,-0.504540,0.009707837,0.152168,0.1260685
esfera,cor,1.0,-0.046528,-0.862123,-0.504522,-0.046524,-0.862134,-0.504540,0.05408118,0.253169,0.1073751
esfera,pesos,0.2,-0.131123,-0.832839,-0.537733,-0.131134,-0.832853,-0.537736,0.6344333,0.4672192,0.2964194
esfera,pesos,0.5,-0.131123,-0.832839,-0.537733,-0.131134,-0.832853,-0.537736,0.605495,0.4172783,0.2562913
esfera,pesos,1.0,-0.131123,-0.832839,-0.537733,-0.131134,-0.832853,-0.537736,0.5745555,0.3890828,0.2293753
esfera,cor,0.0,-0.131123,-0.832839,-0.537733,-0.131134,-0.832853,-0.537736,0.3446172,0.2660011,0.06923411
esfera,cor,0.3,-0.131123,-0.832839,-0.537733,-0.131134,-0.832853,-0.537736,0.3058512,0.2428883,0.06130908
esfera,cor,1.0,-0.131123,-0.832839,-0.537733,-0.131134,-0.832853,-0.537736,0.2166323,0.2027306,0.04309822
esfera,pesos,0.2,-0.213961,-0.797065,-0.564694,-0.213978,-0.797093,-0.564674,0.6347451,0.4358222,0.2775044
esfera,pesos,0.5,-0.213961,-0.797065,-0.564694,-0.213978,-0.797093,-0.564674,0.6122972,0.3985019,0.2468248
esfera,pesos,1.0,-0.213961,-0.797065,-0.564694,-0.213978,-0.797093,-0.564674,0.5714107,0.3744748,0.2191232
esfera,cor,0.0,-0.213961,-0.797065,-0.564694,-0.213978,-0.797093,-0.564674,0.8805946,0.06552503,0.06552503
esfera,cor,0.3,-0.213961,-0.797065,-0.564694,-0.213978,-0.797093,-0.564674,0.8389352,0.2496367,0.05199252
esfera,cor,1.0,-0.213961,-0.797065,-0.564694,-0.213978,-0.797093,-0.564674,0.6942515,0.4876148,0.1590192
esfera,pesos,0.2,-0.295089,-0.754979,-0.585578,-0.295144,-0.754955,-0.585605,0.633019,0.405052,0.2576602
esfera,pesos,0.5,-0.295089,-0.754979,-0.585578,-0.295144,-0.754955,-0.585605,0.6192577,0.3832656,0.2392944
esfera,pesos,1.0,-0.295089,-0.754979,-0.585578,-0.295144,-0.754955,-0.585605,0.5675642,0.3643204,0.2109584
esfera,cor,0.0,-0.295089,-0.754979,-0.585578,-0.295144,-0.754955,-0.585605,0.04736699,0.6579728,0.02127079
esfera,cor,0.3,-0.295089,-0.754979,-0.585578,-0.295144,-0.754955,-0.585605,0.0356019,0.5731638,0.0263746
esfera,cor,1.0,-0.295089,-0.754979,-0.585578,-0.295144,-0.754955,-0.585605,0.02850976,0.5002081,0.08960135
esfera,pesos,0.2,-0.374508,-0.706584,-0.600386,-0.374513,-0.706622,-0.600354,0.6333404,0.3817389,0.242749
esfera,pesos,0.5,-0.374508,-0.706584,-0.600386,-0.374513,-0.706622,-0.600354,0.6108707,0.3690634,0.227243
esfera,pesos,1.0,-0.374508,-0.706584,-0.600386,-0.374513,-0.706622,-0.600354,0.5630737,0.3582416,0.2047524
esfera,cor,0.0,-0.374508,-0.706584,-0.600386,-0.374513,-0.706622,-0.600354,0.00694416,0.04470062,0.4490879
esfera,cor,0.3,-0.374508,-0.706584,-0.600386,-0.374513,-0.706622,-0.600354,0.102818,0.3403187,0.2997854
esfera,cor,1.0,-0.374508,-0.706584,-0.600386,-0.374513,-0.706622,-0.600354,0.251857,0.5191789,0.223979
esfera,pesos,0.2,-0.452169,-0.651701,-0.608947,-0.452169,-0.651715,-0.608942,0.635964,0.3662476,0.233395
esfera,pesos,0.5,-0.452169,-0.651701,-0.608947,-0.452169,-0.651715,-0.608942,0.58829,0.3595835,0.2129787
esfera,pesos,1.0,-0.452169,-0.651701,-0.608947,-0.452169,-0.651715,-0.608942,0.5579244,0.3560548,0.2004417
esfera,cor,0.0,-0.452169,-0.651701,-0.608947,-0.452169,-0.651715,-0.608942,0.2727088,0.002792526,0.04427929
esfera,cor,0.3,-0.452169,-0.651701,-0.608947,-0.452169,-0.651715,-0.608942,0.1658607,0.1380974,0.09278052
esfera,cor,1.0,-0.452169,-0.651701,-0.608947,-0.452169,-0.651715,-0.608942,0.1799244,0.1872385,0.08350857
esfera,pesos,0.2,-0.527968,-0.589943,-0.610887,-0.528006,-0.589883,-0.610940,0.600785,0.3585324,0.2157134
esfera,pesos,0.5,-0.527968,-0.589943,-0.610887,-0.528006,-0.589883,-0.610940,0.5642786,0.3579837,0.2024863
esfera,pesos,1.0,-0.527968,-0.589943,-0.610887,-0.528006,-0.589883,-0.610940,0.5521098,0.3578008,0.1980772
esfera,cor,0.0,-0.527968,-0.589943,-0.610887,-0.528006,-0.589883,-0.610940,0.1436295,0.6925407,0.1015047
esfera,cor,0.3,-0.527968,-0.589943,-0.610887,-0.528006,-0.589883,-0.610940,0.2180801,0.3616583,0.1434282
esfera,cor,1.0,-0.527968,-0.589943,-0.610887,-0.528006,-0.589883,-0.610940,0.2746756,0.3184249,0.1832282
esfera,pesos,0.2,-0.601735,-0.520685,-0.605606,-0.601757,-0.520665,-0.605638,0.5184597,0.367618,0.1903013
esfera,pesos,0.5,-0.601735,-0.520685,-0.605606,-0.601757,-0.520665,-0.605638,0.5388285,0.3646973,0.1959316
esfera,pesos,1.0,-0.601735,-0.520685,-0.605606,-0.601757,-0.520665,-0.605638,0.5456182,0.3637237,0.1978084
esfera,cor,0.0,-0.601735,-0.520685,-0.605606,-0.601757,-0.520665,-0.605638,0.1397334,0.04116661,0.0009380539
esfera,cor,0.3,-0.601735,-0.520685,-0.605606,-0.601757,-0.520665,-0.605638,0.1441652,0.2382892,0.1125425
esfera,cor,1.0,-0.601735,-0.520685,-0.605606,-0.601757,-0.520665,-0.605638,0.1571252,0.3346806,0.09885058
esfera,pesos,0.2,-0.673193,-0.442904,-0.592118,-0.673195,-0.442937,-0.592127,0.4594677,0.3892739,0.1788588
esfera,pesos,0.5,-0.673193,-0.442904,-0.592118,-0.673195,-0.442937,-0.592127,0.5118097,0.38074,0.193704
esfera,pesos,1.0,-0.673193,-0.442904,-0.592118,-0.673195,-0.442937,-0.592127,0.5383835,0.3743459,0.1999049
esfera,cor,0.0,-0.673193,-0.442904,-0.592118,-0.673195,-0.442937,-0.592127,0.01624348,0.09195967,0.1765595
esfera,cor,0.3,-0.673193,-0.442904,-0.592118,-0.673195,-0.442937,-0.592127,0.0648506,0.1252425,0.1095977
esfera,cor,1.0,-0.673193,-0.442904,-0.592118,-0.673195,-0.442937,-0.592127,0.05839116,0.1611828,0.2199652
esfera,pesos,0.2,-0.741893,-0.354941,-0.568824,-0.741905,-0.354989,-0.568824,0.413459,0.4112647,0.1700411
esfera,pesos,0.5,-0.741893,-0.354941,-0.568824,-0.741905,-0.354989,-0.568824,0.4830263,0.408093,0.1966148
esfera,pesos,1.0,-0.741893,-0.354941,-0.568824,-0.741905,-0.354989,-0.568824,0.5303051,0.3906485,0.2048559
esfera,cor,0.0,-0.741893,-0.354941,-0.568824,-0.741905,-0.354989,-0.568824,0.07491283,0.2343453,0.008407949
esfera,cor,0.3,-0.741893,-0.354941,-0.568824,-0.741905,-0.354989,-0.568824,0.1195408,0.1882422,0.01190362
esfera,cor,1.0,-0.741893,-0.354941,-0.568824,-0.741905,-0.354989,-0.568824,0.1736868,0.1327431,0.04989624
esfera,pesos,0.2,-0.807071,-0.253976,-0.533010,-0.807095,-0.253974,-0.533006,0.3667474,0.436506,0.1600875
esfera,pesos,0.5,-0.807071,-0.253976,-0.533010,-0.807095,-0.253974,-0.533006,0.4657364,0.436506,0.2032968
esfera,pesos,1.0,-0.807071,-0.253976,-0.533010,-0.807095,-0.253974,-0.533006,0.5212278,0.4144758,0.2135683
esfera,cor,0.0,-0.807071,-0.253976,-0.533010,-0.807095,-0.253974,-0.533006,0.1328901,0.008339778,0.06153635
esfera,cor,0.3,-0.807071,-0.253976,-0.533010,-0.807095,-0.253974,-0.533006,0.1360471,0.01077518,0.06828794
esfera,cor,1.0,-0.807071,-0.253976,-0.533010,-0.807095,-0.253974,-0.533006,0.1388838,0.03472401,0.07790869
esfera,pesos,0.2,-0.867237,-0.134510,-0.479381,-0.867235,-0.134538,-0.479377,0.3801547,0.4663726,0.1772938
esfera,pesos,0.5,-0.867237,-0.134510,-0.479381,-0.867235,-0.134538,-0.479377,0.4515171,0.4663726,0.2105752
esfera,pesos,1.0,-0.867237,-0.134510,-0.479381,-0.867235,-0.134538,-0.479377,0.5108855,0.4497335,0.2279494
esfera,cor,0.0,-0.867237,-0.134510,-0.479381,-0.867235,-0.134538,-0.479377,0.2749612,0.06228293,0.01754511
esfera,cor,0.3,-0.867237,-0.134510,-0.479381,-0.867235,-0.134538,-0.479377,0.2698731,0.06672668,0.01816692
esfera,cor,1.0,-0.867237,-0.134510,-0.479381,-0.867235,-0.134538,-0.479377,0.170242,0.1826791,0.08002813
esfera,pesos,0.2,-0.918653,0.017258,-0.394648,-0.918680,0.017241,-0.394626,0.401338,0.5043145,0.2024006
esfera,pesos,0.5,-0.918653,0.017258,-0.394648,-0.918680,0.017241,-0.394626,0.4344878,0.5043145,0.2191185
esfera,pesos,1.0,-0.918653,0.017258,-0.394648,-0.918680,0.017241,-0.394626,0.4987158,0.5012826,0.2502928
esfera,cor,0.0,-0.918653,0.017258,-0.394648,-0.918680,0.017241,-0.394626,0.02321187,0.3365718,0.06279539
esfera,cor,0.3,-0.918653,0.017258,-0.394648,-0.918680,0.017241,-0.394626,0.02321187,0.3365718,0.06279539
esfera,cor,1.0,-0.918653,0.017258,-0.394648,-0.918680,0.017241,-0.394626,0.1017224,0.334401,0.05704766
esfera,pesos,0.2,-0.937239,0.290219,-0.193215,-0.937265,0.290184,-0.193202,0.4516962,0.5725548,0.2586209
esfera,pesos,0.5,-0.937239,0.290219,-0.193215,-0.937265,0.290184,-0.193202,0.4516962,0.5725548,0.2586209
esfera,pesos,1.0,-0.937239,0.290219,-0.193215,-0.937265,0.290184,-0.193202,0.4901303,0.5098742,0.2523139
esfera,cor,0.0,-0.937239,0.290219,-0.193215,-0.937265,0.290184,-0.193202,0.3975337,0.02199887,0.5010359
esfera,cor,0.3,-0.937239,0.290219,-0.193215,-0.937265,0.290184,-0.193202,0.3975337,0.02199887,0.5010359
esfera,cor,1.0,-0.937239,0.290219,-0.193215,-0.937265,0.290184,-0.193202,0.2877243,0.1032249,0.3977203
esfera,pesos,0.2,0.797645,-0.587451,0.136496,0.797683,-0.587432,0.136478,0.4658759,0.3948691,0.18396
esfera,pesos,0.5,0.797645,-0.587451,0.136496,0.797683,-0.587432,0.136478,0.4658759,0.4737121,0.2206911
esfera,pesos,1.0,0.797645,-0.587451,0.136496,0.797683,-0.587432,0.136478,0.4868228,0.4868211,0.2341953
esfera,cor,0.0,0.797645,-0.587451,0.136496,0.797683,-0.587432,0.136478,0.3114993,0.1158437,0.6586968
esfera,cor,0.3,0.797645,-0.587451,0.136496,0.797683,-0.587432,0.136478,0.3022872,0.1138397,0.5088596
esfera,cor,1.0,0.797645,-0.587451,0.136496,0.797683,-0.587432,0.136478,0.286389,0.1035465,0.4245103
esfera,pesos,0.2,0.662389,-0.745178,-0.076795,0.662421,-0.745185,-0.076799,0.5191987,0.5413772,0.2810824
esfera,pesos,0.5,0.662389,-0.745178,-0.076795,0.662421,-0.745185,-0.076799,0.5191987,0.5103417,0.2649688
esfera,pesos,1.0,0.662389,-0.745178,-0.076795,0.662421,-0.745185,-0.076799,0.5096378,0.4903584,0.2515941
esfera,cor,0.0,0.662389,-0.745178,-0.076795,0.662421,-0.745185,-0.076799,0.1297833,0.03410289,0.3046141
esfera,cor,0.3,0.662389,-0.745178,-0.076795,0.662421,-0.745185,-0.076799,0.1247711,0.03269704,0.2940592
esfera,cor,1.0,0.662389,-0.745178,-0.076795,0.662421,-0.745185,-0.076799,0.1177321,0.04517942,0.291539
esfera,pesos,0.2,0.552526,-0.809169,-0.199823,0.552534,-0.809184,-0.199818,0.5499558,0.6283238,0.3455503
esfera,pesos,0.5,0.552526,-0.809169,-0.199823,0.552534,-0.809184,-0.199818,0.5499558,0.5320813,0.2926212
esfera,pesos,1.0,0.552526,-0.809169,-0.199823,0.552534,-0.809184,-0.199818,0.5258876,0.4741146,0.2535768
esfera,cor,0.0,0.552526,-0.809169,-0.199823,0.552534,-0.809184,-0.199818,0.2933522,0.02973221,0.9266565
esfera,cor,0.3,0.552526,-0.809169,-0.199823,0.552534,-0.809184,-0.199818,0.279802,0.02654357,0.7796772
esfera,cor,1.0,0.552526,-0.809169,-0.199823,0.552534,-0.809184,-0.199818,0.2634747,0.03531458,0.528414
esfera,pesos,0.2,0.450868,-0.842872,-0.293687,0.450887,-0.842885,-0.293676,0.5734218,0.612717,0.3513453
esfera,pesos,0.5,0.450868,-0.842872,-0.293687,0.450887,-0.842885,-0.293676,0.5734218,0.5489964,0.3148065
esfera,pesos,1.0,0.450868,-0.842872,-0.293687,0.450887,-0.842885,-0.293676,0.5389864,0.4610158,0.2543949
esfera,cor,0.0,0.450868,-0.842872,-0.293687,0.450887,-0.842885,-0.293676,0.2589971,0.8247297,0.04054018
esfera,cor,0.3,0.450868,-0.842872,-0.293687,0.450887,-0.842885,-0.293676,0.2589971,0.8247297,0.04054018
esfera,cor,1.0,0.450868,-0.842872,-0.293687,0.450887,-0.842885,-0.293676,0.2560251,0.495478,0.04150409
esfera,pesos,0.2,0.354039,-0.858748,-0.370383,0.354078,-0.858738,-0.370403,0.5925958,0.5885097,0.3487484
esfera,pesos,0.5,0.354039,-0.858748,-0.370383,0.354078,-0.858738,-0.370403,0.5772219,0.5448492,0.318489
esfera,pesos,1.0,0.354039,-0.858748,-0.370383,0.354078,-0.858738,-0.370403,0.5502251,0.4497669,0.2544411
esfera,cor,0.0,0.354039,-0.858748,-0.370383,0.354078,-0.858738,-0.370403,0.3231607,0.06989655,0.6995742
esfera,cor,0.3,0.354039,-0.858748,-0.370383,0.354078,-0.858738,-0.370403,0.3231607,0.06989655,0.6995742
esfera,cor,1.0,0.354039,-0.858748,-0.370383,0.354078,-0.858738,-0.370403,0.2757382,0.2001002,0.4010015
esfera,pesos,0.2,0.260648,-0.861932,-0.434860,0.260639,-0.861934,-0.434898,0.6087149,0.5651619,0.3440225
esfera,pesos,0.5,0.260648,-0.861932,-0.434860,0.260639,-0.861934,-0.434898,0.5790327,0.5172535,0.3064148
esfera,pesos,1.0,0.260648,-0.861932,-0.434860,0.260639,-0.861934,-0.434898,0.5601627,0.4398312,0.2539179
esfera,cor,0.0,0.260648,-0.861932,-0.434860,0.260639,-0.861934,-0.434898,0.6955802,0.4431044,0.04439761
esfera,cor,0.3,0.260648,-0.861932,-0.434860,0.260639,-0.861934,-0.434898,0.6955802,0.4431044,0.04439761
esfera,cor,1.0,0.260648,-0.861932,-0.434860,0.260639,-0.861934,-0.434898,0.4274962,0.354134,0.1629966
esfera,pesos,0.2,0.169962,-0.855129,-0.489718,0.170000,-0.855128,-0.489752,0.6224296,0.5424905,0.3376622
esfera,pesos,0.5,0.169962,-0.855129,-0.489718,0.170000,-0.855128,-0.489752,0.5847749,0.4839782,0.2904649
esfera,pesos,1.0,0.169962,-0.855129,-0.489718,0.170000,-0.855128,-0.489752,0.5691118,0.43088,0.252932
esfera,cor,0.0,0.169962,-0.855129,-0.489718,0.170000,-0.855128,-0.489752,0.02689395,0.3951031,0.8920863
esfera,cor,0.3,0.169962,-0.855129,-0.489718,0.170000,-0.855128,-0.489752,0.03025222,0.3765351,0.8691317
esfera,cor,1.0,0.169962,-0.855129,-0.489718,0.170000,-0.855128,-0.489752,0.0503676,0.2691226,0.6363662
esfera,pesos,0.2,0.081550,-0.839932,-0.536494,0.081553,-0.839943,-0.536512,0.6341236,0.5203875,0.32999
esfera,pesos,0.5,0.081550,-0.839932,-0.536494,0.081553,-0.839943,-0.536512,0.5909291,0.4559861,0.2766244
esfera,pesos,1.0,0.081550,-0.839932,-0.536494,0.081553,-0.839943,-0.536512,0.5772672,0.422731,0.2515743
esfera,cor,0.0,0.081550,-0.839932,-0.536494,0.081553,-0.839943,-0.536512,0.141685,0.4373388,0.7594206
esfera,cor,0.3,0.081550,-0.839932,-0.536494,0.081553,-0.839943,-0.536512,0.1583218,0.3797829,0.6646557
esfera,cor,1.0,0.081550,-0.839932,-0.536494,0.081553,-0.839943,-0.536512,0.194206,0.2560898,0.456602
esfera,pesos,0.2,-0.004856,-0.817330,-0.576140,-0.004767,-0.817305,-0.576186,0.634406,0.4850918,0.3095691
esfera,pesos,0.5,-0.004856,-0.817330,-0.576140,-0.004767,-0.817305,-0.576186,0.5973371,0.4323727,0.2646561
esfera,pesos,1.0,-0.004856,-0.817330,-0.576140,-0.004767,-0.817305,-0.576186,0.5841999,0.4143935,0.2491927
esfera,cor,0.0,-0.004856,-0.817330,-0.576140,-0.004767,-0.817305,-0.576186,0.6345279,0.03137825,0.3948413
esfera,cor,0.3,-0.004856,-0.817330,-0.576140,-0.004767,-0.817305,-0.576186,0.5251386,0.03978571,0.3120703
esfera,cor,1.0,-0.004856,-0.817330,-0.576140,-0.004767,-0.817305,-0.576186,0.4193945,0.04804405,0.2323396
esfera,pesos,0.2,-0.089419,-0.787927,-0.609236,-0.089395,-0.787934,-0.609236,0.6288849,0.446169,0.2839421
esfera,pesos,0.5,-0.089419,-0.787927,-0.609236,-0.089395,-0.787934,-0.609236,0.6039531,0.4126666,0.2545334
esfera,pesos,1.0,-0.089419,-0.787927,-0.609236,-0.089395,-0.787934,-0.609236,0.5807317,0.395577,0.2363492
esfera,cor,0.0,-0.089419,-0.787927,-0.609236,-0.089395,-0.787934,-0.609236,0.3673673,0.4876793,0.003581262
esfera,cor,0.3,-0.089419,-0.787927,-0.609236,-0.089395,-0.787934,-0.609236,0.2690409,0.569617,0.224374
esfera,cor,1.0,-0.089419,-0.787927,-0.609236,-0.089395,-0.787934,-0.609236,0.2106709,0.6219308,0.365341
esfera,pesos,0.2,-0.172238,-0.752083,-0.636129,-0.172249,-0.752071,-0.636176,0.6252504,0.4147146,0.2627711
esfera,pesos,0.5,-0.172238,-0.752083,-0.636129,-0.172249,-0.752071,-0.636176,0.6107277,0.3965618,0.246277
esfera,pesos,1.0,-0.172238,-0.752083,-0.636129,-0.172249,-0.752071,-0.636176,0.5766447,0.3818425,0.2259433
esfera,cor,0.0,-0.172238,-0.752083,-0.636129,-0.172249,-0.752071,-0.636176,0.2945507,0.3460007,0.05919974
esfera,cor,0.3,-0.172238,-0.752083,-0.636129,-0.172249,-0.752071,-0.636176,0.2865207,0.3429571,0.04576033
esfera,cor,1.0,-0.172238,-0.752083,-0.636129,-0.172249,-0.752071,-0.636176,0.2538506,0.3416313,0.03757029
esfera,pesos,0.2,-0.253367,-0.710003,-0.657020,-0.253370,-0.710027,-0.657013,0.6235819,0.3906464,0.2463718
esfera,pesos,0.5,-0.253367,-0.710003,-0.657020,-0.253370,-0.710027,-0.657013,0.6177118,0.3840058,0.2400676
esfera,pesos,1.0,-0.253367,-0.710003,-0.657020,-0.253370,-0.710027,-0.657013,0.5719722,0.3725211,0.2176879
esfera,cor,0.0,-0.253367,-0.710003,-0.657020,-0.253370,-0.710027,-0.657013,0.02272664,0.2224982,0.2224982
esfera,cor,0.3,-0.253367,-0.710003,-0.657020,-0.253370,-0.710027,-0.657013,0.191113,0.2184862,0.1533046
esfera,cor,1.0,-0.253367,-0.710003,-0.657020,-0.253370,-0.710027,-0.657013,0.237137,0.1897167,0.1247743
esfera,pesos,0.2,-0.332801,-0.661663,-0.671880,-0.332775,-0.661705,-0.671868,0.62397,0.3741256,0.235183
esfera,pesos,0.5,-0.332801,-0.661663,-0.671880,-0.332775,-0.661705,-0.671868,0.6249391,0.3750654,0.236135
esfera,pesos,1.0,-0.332801,-0.661663,-0.671880,-0.332775,-0.661705,-0.671868,0.5667027,0.3672319,0.2114175
esfera,cor,0.0,-0.332801,-0.661663,-0.671880,-0.332775,-0.661705,-0.671868,0.1888421,0.3936881,0.06579769
esfera,cor,0.3,-0.332801,-0.661663,-0.671880,-0.332775,-0.661705,-0.671868,0.1436201,0.2061117,0.09125309
esfera,cor,1.0,-0.332801,-0.661663,-0.671880,-0.332775,-0.661705,-0.671868,0.1928991,0.1655637,0.07675353
esfera,pesos,0.2,-0.410493,-0.606895,-0.680552,-0.410486,-0.606912,-0.680558,0.6267257,0.3658049,0.2300203
esfera,pesos,0.5,-0.410493,-0.606895,-0.680552,-0.410486,-0.606912,-0.680558,0.6007248,0.3676018,0.222169
esfera,pesos,1.0,-0.410493,-0.606895,-0.680552,-0.410486,-0.606912,-0.680558,0.5608146,0.3658265,0.2070795
esfera,cor,0.0,-0.410493,-0.606895,-0.680552,-0.410486,-0.606912,-0.680558,0.9563923,0.001088108,0.1179069
esfera,cor,0.3,-0.410493,-0.606895,-0.680552,-0.410486,-0.606912,-0.680558,0.8719555,0.01294135,0.4554701
esfera,cor,1.0,-0.410493,-0.606895,-0.680552,-0.410486,-0.606912,-0.680558,0.6735436,0.02366348,0.6187807
esfera,pesos,0.2,-0.486346,-0.545337,-0.682685,-0.486352,-0.545327,-0.682701,0.6324016,0.3669151,0.2321621
esfera,pesos,0.5,-0.486346,-0.545337,-0.682685,-0.486352,-0.545327,-0.682701,0.5749302,0.3680196,0.2120024
esfera,pesos,1.0,-0.486346,-0.545337,-0.682685,-0.486352,-0.545327,-0.682701,0.5542894,0.3683568,0.2047222
esfera,cor,0.0,-0.486346,-0.545337,-0.682685,-0.486352,-0.545327,-0.682701,0.2200045,0.1291313,0.005301504
esfera,cor,0.3,-0.486346,-0.545337,-0.682685,-0.486352,-0.545327,-0.682701,0.311109,0.1848798,0.03277251
esfera,cor,1.0,-0.486346,-0.545337,-0.682685,-0.486352,-0.545327,-0.682701,0.3003097,0.1789874,0.07085717
esfera,pesos,0.2,-0.560187,-0.476352,-0.677666,-0.560198,-0.476350,-0.677694,0.5587476,0.3809121,0.2128337
esfera,pesos,0.5,-0.560187,-0.476352,-0.677666,-0.560198,-0.476350,-0.677694,0.5476723,0.3768315,0.2058834
esfera,pesos,1.0,-0.560187,-0.476352,-0.677666,-0.560198,-0.476350,-0.677694,0.5470783,0.3750881,0.20449
esfera,cor,0.0,-0.560187,-0.476352,-0.677666,-0.560198,-0.476350,-0.677694,0.4699588,0.02507732,0.02507732
esfera,cor,0.3,-0.560187,-0.476352,-0.677666,-0.560198,-0.476350,-0.677694,0.2965957,0.1898919,0.05342167
esfera,cor,1.0,-0.560187,-0.476352,-0.677666,-0.560198,-0.476350,-0.677694,0.1984111,0.2686951,0.08414079
esfera,pesos,0.2,-0.631758,-0.398986,-0.664577,-0.631792,-0.398979,-0.664572,0.5163847,0.4002535,0.2066848
esfera,pesos,0.5,-0.631758,-0.398986,-0.664577,-0.631792,-0.398979,-0.664572,0.5187711,0.3951125,0.2042152
esfera,pesos,1.0,-0.631758,-0.398986,-0.664577,-0.631792,-0.398979,-0.664572,0.5390963,0.3865585,0.2066523
esfera,cor,0.0,-0.631758,-0.398986,-0.664577,-0.631792,-0.398979,-0.664572,0.5871888,0.07250408,0.4040022
esfera,cor,0.3,-0.631758,-0.398986,-0.664577,-0.631792,-0.398979,-0.664572,0.6440114,0.1048314,0.2276339
esfera,cor,1.0,-0.631758,-0.398986,-0.664577,-0.631792,-0.398979,-0.664572,0.5118994,0.08529562,0.2075247
esfera,pesos,0.2,-0.700620,-0.311622,-0.641860,-0.700650,-0.311559,-0.641888,0.4706205,0.4220945,0.1986463
esfera,pesos,0.5,-0.700620,-0.311622,-0.641860,-0.700650,-0.311559,-0.641888,0.4926552,0.4220945,0.207947
esfera,pesos,1.0,-0.700620,-0.311622,-0.641860,-0.700650,-0.311559,-0.641888,0.5302246,0.403777,0.2117068
esfera,cor,0.0,-0.700620,-0.311622,-0.641860,-0.700650,-0.311559,-0.641888,0.2018759,0.003446806,0.8424008
esfera,cor,0.3,-0.700620,-0.311622,-0.641860,-0.700650,-0.311559,-0.641888,0.115839,0.1296799,0.8424008
esfera,cor,1.0,-0.700620,-0.311622,-0.641860,-0.700650,-0.311559,-0.641888,0.1690608,0.1422901,0.8685399
esfera,pesos,0.2,-0.766045,-0.211569,-0.606925,-0.766054,-0.211577,-0.606957,0.4204577,0.4471077,0.1879899
esfera,pesos,0.5,-0.766045,-0.211569,-0.606925,-0.766054,-0.211577,-0.606957,0.4801171,0.4471077,0.214664
esfera,pesos,1.0,-0.766045,-0.211569,-0.606925,-0.766054,-0.211577,-0.606957,0.5202625,0.428599,0.2205507
esfera,cor,0.0,-0.766045,-0.211569,-0.606925,-0.766054,-0.211577,-0.606957,0.09016522,0.1892191,0.7578373
esfera,cor,0.3,-0.766045,-0.211569,-0.606925,-0.766054,-0.211577,-0.606957,0.06879462,0.3710294,0.6297124
esfera,cor,1.0,-0.766045,-0.211569,-0.606925,-0.766054,-0.211577,-0.606957,0.1222591,0.3914953,0.5361972
esfera,pesos,0.2,-0.826644,-0.093699,-0.554833,-0.826648,-0.093678,-0.554867,0.3641181,0.4765751,0.1735297
esfera,pesos,0.5,-0.826644,-0.093699,-0.554833,-0.826648,-0.093678,-0.554867,0.466033,0.4765751,0.2220998
esfera,pesos,1.0,-0.826644,-0.093699,-0.554833,-0.826648,-0.093678,-0.554867,0.5088127,0.4649392,0.2350555
esfera,cor,0.0,-0.826644,-0.093699,-0.554833,-0.826648,-0.093678,-0.554867,0.02029082,0.4927843,0.006147957
esfera,cor,0.3,-0.826644,-0.093699,-0.554833,-0.826648,-0.093678,-0.554867,0.03025879,0.4854473,0.01409697
esfera,cor,1.0,-0.826644,-0.093699,-0.554833,-0.826648,-0.093678,-0.554867,0.05111856,0.4579309,0.02468524
esfera,pesos,0.2,-0.879038,0.054457,-0.473577,-0.879063,0.054513,-0.473578,0.3816057,0.5136143,0.1959981
esfera,pesos,0.5,-0.879038,0.054457,-0.473577,-0.879063,0.054513,-0.473578,0.4493134,0.5136143,0.2307738
esfera,pesos,1.0,-0.879038,0.054457,-0.473577,-0.879063,0.054513,-0.473578,0.4954114,0.5045734,0.2510003
esfera,cor,0.0,-0.879038,0.054457,-0.473577,-0.879063,0.054513,-0.473578,0.189157,0.07780918,0.04327056
esfera,cor,0.3,-0.879038,0.054457,-0.473577,-0.879063,0.054513,-0.473578,0.1891011,0.07786059,0.04327949
esfera,cor,1.0,-0.879038,0.054457,-0.473577,-0.879063,0.054513,-0.473578,0.1551928,0.149705,0.05034363
esfera,pesos,0.2,-0.906028,0.296395,-0.302017,-0.906069,0.296337,-0.302033,0.4244957,0.5740986,0.2437024
esfera,pesos,0.5,-0.906028,0.296395,-0.302017,-0.906069,0.296337,-0.302033,0.4244996,0.5740986,0.2437047
esfera,pesos,1.0,-0.906028,0.296395,-0.302017,-0.906069,0.296337,-0.302033,0.4851279,0.5148869,0.2533762
esfera,cor,0.0,-0.906028,0.296395,-0.302017,-0.906069,0.296337,-0.302033,0.03223836,0.08320376,0.4306482
esfera,cor,0.3,-0.906028,0.296395,-0.302017,-0.906069,0.296337,-0.302033,0.03223836,0.08320376,0.4306482
esfera,cor,1.0,-0.906028,0.296395,-0.302017,-0.906069,0.296337,-0.302033,0.06394269,0.1562621,0.2796086
esfera,pesos,0.2,0.841057,-0.536235,0.071065,0.841075,-0.536230,0.071065,0.4822338,0.3659412,0.1764692
esfera,pesos,0.5,0.841057,-0.536235,0.071065,0.841075,-0.536230,0.071065,0.4822338,0.461892,0.22274
esfera,pesos,1.0,0.841057,-0.536235,0.071065,0.841075,-0.536230,0.071065,0.4934223,0.4934198,0.242038
esfera,cor,0.0,0.841057,-0.536235,0.071065,0.841075,-0.536230,0.071065,0.0468645,0.003459642,0.1588214
esfera,cor,0.3,0.841057,-0.536235,0.071065,0.841075,-0.536230,0.071065,0.07297555,0.004278273,0.2593378
esfera,cor,1.0,0.841057,-0.536235,0.071065,0.841075,-0.536230,0.071065,0.1260912,0.00702954,0.4379888
esfera,pesos,0.2,0.705805,-0.693950,-0.142215,0.705829,-0.693962,-0.142206,0.5355537,0.4940647,0.2645982
esfera,pesos,0.5,0.705805,-0.693950,-0.142215,0.705829,-0.693962,-0.142206,0.5355537,0.498515,0.2669815
esfera,pesos,1.0,0.705805,-0.693950,-0.142215,0.705829,-0.693962,-0.142206,0.5160022,0.4839992,0.2528238
esfera,cor,0.0,0.705805,-0.693950,-0.142215,0.705829,-0.693962,-0.142206,0.00604226,0.6827559,0.3534326
esfera,cor,0.3,0.705805,-0.693950,-0.142215,0.705829,-0.693962,-0.142206,0.04054731,0.3525491,0.2840816
esfera,cor,1.0,0.705805,-0.693950,-0.142215,0.705829,-0.693962,-0.142206,0.09879295,0.3882652,0.2632383
esfera,pesos,0.2,0.595940,-0.757945,-0.265247,0.595975,-0.757925,-0.265262,0.5663118,0.5809672,0.3290086
esfera,pesos,0.5,0.595940,-0.757945,-0.265247,0.595975,-0.757925,-0.265262,0.5663118,0.5202365,0.2946161
esfera,pesos,1.0,0.595940,-0.757945,-0.265247,0.595975,-0.757925,-0.265262,0.5310404,0.4689512,0.2546204
esfera,cor,0.0,0.595940,-0.757945,-0.265247,0.595975,-0.757925,-0.265262,0.3559451,0.04262695,0.1186846
esfera,cor,0.3,0.595940,-0.757945,-0.265247,0.595975,-0.757925,-0.265262,0.3676898,0.1111265,0.09697374
esfera,cor,1.0,0.595940,-0.757945,-0.265247,0.595975,-0.757925,-0.265262,0.3641156,0.1842222,0.07657786
esfera,pesos,0.2,0.494286,-0.791634,-0.359098,0.494309,-0.791637,-0.359124,0.5897745,0.6235715,0.3677666
esfera,pesos,0.5,0.494286,-0.791634,-0.359098,0.494309,-0.791637,-0.359124,0.5800124,0.5281065,0.3085147
esfera,pesos,1.0,0.494286,-0.791634,-0.359098,0.494309,-0.791637,-0.359124,0.5432004,0.4567935,0.2553355
esfera,cor,0.0,0.494286,-0.791634,-0.359098,0.494309,-0.791637,-0.359124,0.05138629,0.4119548,0.2286117
esfera,cor,0.3,0.494286,-0.791634,-0.359098,0.494309,-0.791637,-0.359124,0.06200134,0.4599101,0.2133775
esfera,cor,1.0,0.494286,-0.791634,-0.359098,0.494309,-0.791637,-0.359124,0.07575347,0.6289603,0.1655961
esfera,pesos,0.2,0.397458,-0.807507,-0.435792,0.397447,-0.807523,-0.435823,0.6089479,0.5993644,0.3649817
esfera,pesos,0.5,0.397458,-0.807507,-0.435792,0.397447,-0.807523,-0.435823,0.5747758,0.5181455,0.3053361
esfera,pesos,1.0,0.397458,-0.807507,-0.435792,0.397447,-0.807523,-0.435823,0.5536166,0.4463804,0.2553269
esfera,cor,0.0,0.397458,-0.807507,-0.435792,0.397447,-0.807523,-0.435823,0.2557828,0.02806345,0.2530126
esfera,cor,0.3,0.397458,-0.807507,-0.435792,0.397447,-0.807523,-0.435823,0.255371,0.02844628,0.2530994
esfera,cor,1.0,0.397458,-0.807507,-0.435792,0.397447,-0.807523,-0.435823,0.1472307,0.1771979,0.2297797
esfera,pesos,0.2,0.304062,-0.810707,-0.500283,0.304079,-0.810684,-0.500328,0.6250707,0.5760156,0.3600505
esfera,pesos,0.5,0.304062,-0.810707,-0.500283,0.304079,-0.810684,-0.500328,0.5721307,0.5026442,0.2984478
esfera,pesos,1.0,0.304062,-0.810707,-0.500283,0.304079,-0.810684,-0.500328,0.5627775,0.437211,0.2547666
esfera,cor,0.0,0.304062,-0.810707,-0.500283,0.304079,-0.810684,-0.500328,0.113749,0.3901715,0.008207491
esfera,cor,0.3,0.304062,-0.810707,-0.500283,0.304079,-0.810684,-0.500328,0.1057893,0.3542124,0.03102522
esfera,cor,1.0,0.304062,-0.810707,-0.500283,0.304079,-0.810684,-0.500328,0.07069923,0.2533596,0.08588374
esfera,pesos,0.2,0.213375,-0.803908,-0.555145,0.213372,-0.803920,-0.555144,0.6306448,0.542567,0.3441499
esfera,pesos,0.5,0.213375,-0.803908,-0.555145,0.213372,-0.803920,-0.555144,0.5778907,0.4727369,0.2837687
esfera,pesos,1.0,0.213375,-0.803908,-0.555145,0.213372,-0.803920,-0.555144,0.5709554,0.4290466,0.253786
esfera,cor,0.0,0.213375,-0.803908,-0.555145,0.213372,-0.803920,-0.555144,0.1448053,0.3369041,0.03899819
esfera,cor,0.3,0.213375,-0.803908,-0.555145,0.213372,-0.803920,-0.555144,0.2535734,0.2800206,0.07432793
esfera,cor,1.0,0.213375,-0.803908,-0.555145,0.213372,-0.803920,-0.555144,0.4069379,0.2790231,0.1082474
esfera,pesos,0.2,0.124964,-0.788707,-0.601918,0.124952,-0.788701,-0.601944,0.6206297,0.4937207,0.312116
esfera,pesos,0.5,0.124964,-0.788707,-0.601918,0.124952,-0.788701,-0.601944,0.5840234,0.4477076,0.2711001
esfera,pesos,1.0,0.124964,-0.788707,-0.601918,0.124952,-0.788701,-0.601944,0.5783061,0.4216895,0.2524446
esfera,cor,0.0,0.124964,-0.788707,-0.601918,0.124952,-0.788701,-0.601944,0.004661504,0.1124678,0.2710304
esfera,cor,0.3,0.124964,-0.788707,-0.601918,0.124952,-0.788701,-0.601944,0.1952423,0.2068107,0.2113257
esfera,cor,1.0,0.124964,-0.788707,-0.601918,0.124952,-0.788701,-0.601944,0.3278543,0.3035768,0.1635539
esfera,pesos,0.2,0.038562,-0.766095,-0.641553,0.038586,-0.766068,-0.641601,0.612959,0.4535259,0.2848724
esfera,pesos,0.5,0.038562,-0.766095,-0.641553,0.038586,-0.766068,-0.641601,0.590408,0.4268454,0.2602964
esfera,pesos,1.0,0.038562,-0.766095,-0.641553,0.038586,-0.766068,-0.641601,0.5849585,0.415031,0.2508133
esfera,cor,0.0,0.038562,-0.766095,-0.641553,0.038586,-0.766068,-0.641601,0.1976541,0.07446332,0.03165874
esfera,cor,0.3,0.038562,-0.766095,-0.641553,0.038586,-0.766068,-0.641601,0.15625,0.2127577,0.03935211
esfera,cor,1.0,0.038562,-0.766095,-0.641553,0.038586,-0.766068,-0.641601,0.1421572,0.259392,0.04404239
esfera,pesos,0.2,-0.045999,-0.736681,-0.674639,-0.045997,-0.736703,-0.674651,0.6073541,0.4211442,0.2622401
esfera,pesos,0.5,-0.045999,-0.736681,-0.674639,-0.045997,-0.736703,-0.674651,0.5969895,0.4097567,0.2513522
esfera,pesos,1.0,-0.045999,-0.736681,-0.674639,-0.045997,-0.736703,-0.674651,0.5852591,0.4031161,0.2432071
esfera,cor,0.0,-0.045999,-0.736681,-0.674639,-0.045997,-0.736703,-0.674651,0.008376429,0.1267159,0.02327365
esfera,cor,0.3,-0.045999,-0.736681,-0.674639,-0.045997,-0.736703,-0.674651,0.02028065,0.1635226,0.1042215
esfera,cor,1.0,-0.045999,-0.736681,-0.674639,-0.045997,-0.736703,-0.674651,0.02171738,0.1693679,0.1107262
esfera,pesos,0.2,-0.128823,-0.700855,-0.701551,-0.128832,-0.700863,-0.701565,0.6036172,0.3961111,0.2442185
esfera,pesos,0.5,-0.128823,-0.700855,-0.701551,-0.128832,-0.700863,-0.701565,0.6037249,0.3962186,0.2443261
esfera,pesos,1.0,-0.128823,-0.700855,-0.701551,-0.128832,-0.700863,-0.701565,0.5802748,0.3902415,0.2326729
esfera,cor,0.0,-0.128823,-0.700855,-0.701551,-0.128832,-0.700863,-0.701565,0.7548873,0.5779101,0.06433372
esfera,cor,0.3,-0.128823,-0.700855,-0.701551,-0.128832,-0.700863,-0.701565,0.3889839,0.5741554,0.05138418
esfera,cor,1.0,-0.128823,-0.700855,-0.701551,-0.128832,-0.700863,-0.701565,0.4331634,0.5344388,0.05564078
esfera,pesos,0.2,-0.209951,-0.658771,-0.722435,-0.209929,-0.658795,-0.722440,0.6017892,0.3784843,0.231171
esfera,pesos,0.5,-0.209951,-0.658771,-0.722435,-0.209929,-0.658795,-0.722440,0.6106446,0.3862396,0.2394186
esfera,pesos,1.0,-0.209951,-0.658771,-0.722435,-0.209929,-0.658795,-0.722440,0.5747807,0.381764,0.224347
esfera,cor,0.0,-0.209951,-0.658771,-0.722435,-0.209929,-0.658795,-0.722440,0.3644328,0.002829243,0.2040573
esfera,cor,0.3,-0.209951,-0.658771,-0.722435,-0.209929,-0.658795,-0.722440,0.3583289,0.346844,0.1376312
esfera,cor,1.0,-0.209951,-0.658771,-0.722435,-0.209929,-0.658795,-0.722440,0.3527424,0.3418806,0.1339947
esfera,pesos,0.2,-0.289382,-0.610422,-0.737288,-0.289389,-0.610449,-0.737297,0.6019861,0.3686396,0.2236652
esfera,pesos,0.5,-0.289382,-0.610422,-0.737288,-0.289389,-0.610449,-0.737297,0.6177946,0.3799706,0.236911
esfera,pesos,1.0,-0.289382,-0.610422,-0.737288,-0.289389,-0.610449,-0.737297,0.568729,0.3773216,0.2180531
esfera,cor,0.0,-0.289382,-0.610422,-0.737288,-0.289389,-0.610449,-0.737297,0.2681126,0.01956907,0.8220298
esfera,cor,0.3,-0.289382,-0.610422,-0.737288,-0.289389,-0.610449,-0.737297,0.216497,0.04130425,0.7397491
esfera,cor,1.0,-0.289382,-0.610422,-0.737288,-0.289389,-0.610449,-0.737297,0.1656074,0.1839686,0.7421266
esfera,pesos,0.2,-0.367078,-0.555669,-0.745974,-0.367082,-0.555638,-0.746001,0.6044983,0.3674185,0.2226233
esfera,pesos,0.5,-0.367078,-0.555669,-0.745974,-0.367082,-0.555638,-0.746001,0.6093608,0.3767562,0.2307894
esfera,pesos,1.0,-0.367078,-0.555669,-0.745974,-0.367082,-0.555638,-0.746001,0.5620982,0.3767817,0.2137412
esfera,cor,0.0,-0.367078,-0.555669,-0.745974,-0.367082,-0.555638,-0.746001,0.3015504,0.01820245,0.07805748
esfera,cor,0.3,-0.367078,-0.555669,-0.745974,-0.367082,-0.555638,-0.746001,0.3192301,0.02484406,0.0693611
esfera,cor,1.0,-0.367078,-0.555669,-0.745974,-0.367082,-0.555638,-0.746001,0.2591228,0.08916282,0.115921
esfera,pesos,0.2,-0.442929,-0.494100,-0.748096,-0.442935,-0.494125,-0.748097,0.6107321,0.376475,0.2299254
esfera,pesos,0.5,-0.442929,-0.494100,-0.748096,-0.442935,-0.494125,-0.748097,0.5817312,0.3794564,0.2210556
esfera,pesos,1.0,-0.442929,-0.494100,-0.748096,-0.442935,-0.494125,-0.748097,0.5548389,0.3802262,0.2114601
esfera,cor,0.0,-0.442929,-0.494100,-0.748096,-0.442935,-0.494125,-0.748097,0.3069918,0.04461182,0.3665646
esfera,cor,0.3,-0.442929,-0.494100,-0.748096,-0.442935,-0.494125,-0.748097,0.2691703,0.07929251,0.3085001
esfera,cor,1.0,-0.442929,-0.494100,-0.748096,-0.442935,-0.494125,-0.748097,0.286549,0.2623912,0.1720457
esfera,pesos,0.2,-0.516772,-0.425123,-0.743086,-0.516820,-0.425127,-0.743078,0.6131173,0.3937192,0.2413961
esfera,pesos,0.5,-0.516772,-0.425123,-0.743086,-0.516820,-0.425127,-0.743078,0.5525626,0.3907236,0.2155002
esfera,pesos,1.0,-0.516772,-0.425123,-0.743086,-0.516820,-0.425127,-0.743078,0.5468636,0.3879386,0.2113465
esfera,cor,0.0,-0.516772,-0.425123,-0.743086,-0.516820,-0.425127,-0.743078,0.0877962,0.06511968,0.1999019
esfera,cor,0.3,-0.516772,-0.425123,-0.743086,-0.516820,-0.425127,-0.743078,0.1204975,0.06293596,0.1717581
esfera,cor,1.0,-0.516772,-0.425123,-0.743086,-0.516820,-0.425127,-0.743078,0.1289234,0.09908763,0.1331211
esfera,pesos,0.2,-0.588343,-0.347759,-0.729999,-0.588334,-0.347775,-0.730011,0.5708407,0.4130602,0.2357915
esfera,pesos,0.5,-0.588343,-0.347759,-0.729999,-0.588334,-0.347775,-0.730011,0.5216966,0.411747,0.2145958
esfera,pesos,1.0,-0.588343,-0.347759,-0.729999,-0.588334,-0.347775,-0.730011,0.5380958,0.4005057,0.2136975
esfera,cor,0.0,-0.588343,-0.347759,-0.729999,-0.588334,-0.347775,-0.730011,0.009236437,0.003348646,0.1831654
esfera,cor,0.3,-0.588343,-0.347759,-0.729999,-0.588334,-0.347775,-0.730011,0.06504867,0.002329279,0.1565506
esfera,cor,1.0,-0.588343,-0.347759,-0.729999,-0.588334,-0.347775,-0.730011,0.09432861,0.04748869,0.2667448
esfera,pesos,0.2,-0.657206,-0.260396,-0.707283,-0.657218,-0.260388,-0.707292,0.5250364,0.4349009,0.2283388
esfera,pesos,0.5,-0.657206,-0.260396,-0.707283,-0.657218,-0.260388,-0.707292,0.5062587,0.4349009,0.2201724
esfera,pesos,1.0,-0.657206,-0.260396,-0.707283,-0.657218,-0.260388,-0.707292,0.528335,0.4190038,0.2190139
esfera,cor,0.0,-0.657206,-0.260396,-0.707283,-0.657218,-0.260388,-0.707292,0.01453093,0.1200373,0.2468311
esfera,cor,0.3,-0.657206,-0.260396,-0.707283,-0.657218,-0.260388,-0.707292,0.05853716,0.08364389,0.2468312
esfera,cor,1.0,-0.657206,-0.260396,-0.707283,-0.657218,-0.260388,-0.707292,0.06836647,0.06767807,0.2693561
esfera,pesos,0.2,-0.722634,-0.160358,-0.672363,-0.722659,-0.160350,-0.672348,0.4748397,0.4599104,0.2183837
esfera,pesos,0.5,-0.722634,-0.160358,-0.672363,-0.722659,-0.160350,-0.672348,0.4937062,0.4599104,0.2270606
esfera,pesos,1.0,-0.722634,-0.160358,-0.672363,-0.722659,-0.160350,-0.672348,0.5173249,0.4454184,0.2282411
esfera,cor,0.0,-0.722634,-0.160358,-0.672363,-0.722659,-0.160350,-0.672348,0.01089083,0.2173364,0.102692
esfera,cor,0.3,-0.722634,-0.160358,-0.672363,-0.722659,-0.160350,-0.672348,0.02106292,0.2173364,0.1127823
esfera,cor,1.0,-0.722634,-0.160358,-0.672363,-0.722659,-0.160350,-0.672348,0.03487274,0.1989785,0.1030581
esfera,pesos,0.2,-0.783225,-0.042458,-0.620241,-0.783247,-0.042442,-0.620260,0.4185088,0.4893855,0.2048122
esfera,pesos,0.5,-0.783225,-0.042458,-0.620241,-0.783247,-0.042442,-0.620260,0.4796273,0.4893855,0.2347227
esfera,pesos,1.0,-0.783225,-0.042458,-0.620241,-0.783247,-0.042442,-0.620260,0.5045515,0.4839498,0.2433595
esfera,cor,0.0,-0.783225,-0.042458,-0.620241,-0.783247,-0.042442,-0.620260,0.04114584,0.1772638,0.07176632
esfera,cor,0.3,-0.783225,-0.042458,-0.620241,-0.783247,-0.042442,-0.620260,0.05461328,0.1617362,0.05062795
esfera,cor,1.0,-0.783225,-0.042458,-0.620241,-0.783247,-0.042442,-0.620260,0.0811213,0.1503328,0.05179989
esfera,pesos,0.2,-0.835621,0.105691,-0.538993,-0.835638,0.105638,-0.539026,0.3652517,0.5264226,0.1922768
esfera,pesos,0.5,-0.835621,0.105691,-0.538993,-0.835638,0.105638,-0.539026,0.4629282,0.5264226,0.2436959
esfera,pesos,1.0,-0.835621,0.105691,-0.538993,-0.835638,0.105638,-0.539026,0.4903872,0.5096291,0.2520171
esfera,cor,0.0,-0.835621,0.105691,-0.538993,-0.835638,0.105638,-0.539026,0.3090754,0.4133787,0.0006158536
esfera,cor,0.3,-0.835621,0.105691,-0.538993,-0.835638,0.105638,-0.539026,0.3132998,0.4133787,0.005688435
esfera,cor,1.0,-0.835621,0.105691,-0.538993,-0.835638,0.105638,-0.539026,0.2980131,0.4026829,0.03253326
esfera,pesos,0.2,-0.862631,0.347555,-0.367501,-0.862638,0.347581,-0.367483,0.4081246,0.5868888,0.2395238
esfera,pesos,0.5,-0.862631,0.347555,-0.367501,-0.862638,0.347581,-0.367483,0.433437,0.5715281,0.2481102
esfera,pesos,1.0,-0.862631,0.347555,-0.367501,-0.862638,0.347581,-0.367483,0.4797562,0.5202352,0.2543606
esfera,cor,0.0,-0.862631,0.347555,-0.367501,-0.862638,0.347581,-0.367483,0.3578126,0.3353624,0.02356043
esfera,cor,0.3,-0.862631,0.347555,-0.367501,-0.862638,0.347581,-0.367483,0.3578126,0.3353624,0.02356043
esfera,cor,1.0,-0.862631,0.347555,-0.367501,-0.862638,0.347581,-0.367483,0.2257583,0.4086073,0.03569649
esfera,pesos,0.2,0.896707,-0.439843,0.049134,0.896716,-0.439872,0.049127,0.4877165,0.3900393,0.1902286
esfera,pesos,0.5,0.896707,-0.439843,0.049134,0.896716,-0.439872,0.049127,0.4877165,0.4429003,0.2160098
esfera,pesos,1.0,0.896707,-0.439843,0.049134,0.896716,-0.439872,0.049127,0.4960995,0.4961056,0.2452286
esfera,cor,0.0,0.896707,-0.439843,0.049134,0.896716,-0.439872,0.049127,0.003870629,0.124497,0.07975447
esfera,cor,0.3,0.896707,-0.439843,0.049134,0.896716,-0.439872,0.049127,0.003870629,0.124497,0.07975447
esfera,cor,1.0,0.896707,-0.439843,0.049134,0.896716,-0.439872,0.049127,0.03192672,0.08282747,0.1227923
esfera,pesos,0.2,0.753028,-0.628664,-0.194098,0.753070,-0.628650,-0.194127,0.5485246,0.4377848,0.2401358
esfera,pesos,0.5,0.753028,-0.628664,-0.194098,0.753070,-0.628650,-0.194127,0.5485246,0.4844413,0.265728
esfera,pesos,1.0,0.753028,-0.628664,-0.194098,0.753070,-0.628650,-0.194127,0.5193557,0.4806331,0.253639
esfera,cor,0.0,0.753028,-0.628664,-0.194098,0.753070,-0.628650,-0.194127,0.008791532,0.02477551,0.1370723
esfera,cor,0.3,0.753028,-0.628664,-0.194098,0.753070,-0.628650,-0.194127,0.0177218,0.05732026,0.3667216
esfera,cor,1.0,0.753028,-0.628664,-0.194098,0.753070,-0.628650,-0.194127,0.03477527,0.05908121,0.3822535
esfera,pesos,0.2,0.642190,-0.696255,-0.320594,0.642222,-0.696249,-0.320607,0.5801485,0.5270079,0.3057428
esfera,pesos,0.5,0.642190,-0.696255,-0.320594,0.642222,-0.696249,-0.320607,0.5801485,0.5067483,0.2939892
esfera,pesos,1.0,0.642190,-0.696255,-0.320594,0.642222,-0.696249,-0.320607,0.5336354,0.4663592,0.2553973
esfera,cor,0.0,0.642190,-0.696255,-0.320594,0.642222,-0.696249,-0.320607,0.7416149,0.3470466,0.006897897
esfera,cor,0.3,0.642190,-0.696255,-0.320594,0.642222,-0.696249,-0.320607,0.695919,0.1989418,0.368562
esfera,cor,1.0,0.642190,-0.696255,-0.320594,0.642222,-0.696249,-0.320607,0.6852335,0.274471,0.3329817
esfera,pesos,0.2,0.540094,-0.731573,-0.416013,0.540103,-0.731585,-0.416019,0.6040032,0.5957391,0.3598283
esfera,pesos,0.5,0.540094,-0.731573,-0.416013,0.540103,-0.731585,-0.416019,0.5762165,0.5026735,0.2948051
esfera,pesos,1.0,0.540094,-0.731573,-0.416013,0.540103,-0.731585,-0.416019,0.5450832,0.4549168,0.2560873
esfera,cor,0.0,0.540094,-0.731573,-0.416013,0.540103,-0.731585,-0.416019,0.09039857,0.1964617,0.02630312
esfera,cor,0.3,0.540094,-0.731573,-0.416013,0.540103,-0.731585,-0.416019,0.06977446,0.19184,0.02033629
esfera,cor,1.0,0.540094,-0.731573,-0.416013,0.540103,-0.731585,-0.416019,0.05603276,0.1859484,0.01909185
esfera,pesos,0.2,0.443013,-0.748376,-0.493603,0.443029,-0.748373,-0.493623,0.6234007,0.6107534,0.3807441
esfera,pesos,0.5,0.443013,-0.748376,-0.493603,0.443029,-0.748373,-0.493623,0.5689912,0.494691,0.2913656
esfera,pesos,1.0,0.443013,-0.748376,-0.493603,0.443029,-0.748373,-0.493623,0.5548061,0.4451894,0.2560677
esfera,cor,0.0,0.443013,-0.748376,-0.493603,0.443029,-0.748373,-0.493623,0.07597443,0.01593598,0.1105415
esfera,cor,0.3,0.443013,-0.748376,-0.493603,0.443029,-0.748373,-0.493623,0.06841612,0.05001775,0.1270735
esfera,cor,1.0,0.443013,-0.748376,-0.493603,0.443029,-0.748373,-0.493623,0.04607305,0.1485823,0.1874129
esfera,pesos,0.2,0.349462,-0.752154,-0.558650,0.349461,-0.752178,-0.558664,0.6099367,0.5513055,0.3433761
esfera,pesos,0.5,0.349462,-0.752154,-0.558650,0.349461,-0.752178,-0.558664,0.5621989,0.4861798,0.2868253
esfera,pesos,1.0,0.349462,-0.752154,-0.558650,0.349461,-0.752178,-0.558664,0.5632715,0.4367296,0.2555285
esfera,cor,0.0,0.349462,-0.752154,-0.558650,0.349461,-0.752178,-0.558664,0.09559455,0.06896301,0.2799867
esfera,cor,0.3,0.349462,-0.752154,-0.558650,0.349461,-0.752178,-0.558664,0.08358055,0.07352421,0.2947738
esfera,cor,1.0,0.349462,-0.752154,-0.558650,0.349461,-0.752178,-0.558664,0.1187246,0.1316783,0.2480912
esfera,pesos,0.2,0.258665,-0.745762,-0.613905,0.258697,-0.745755,-0.613942,0.5972733,0.4999703,0.3090958
esfera,pesos,0.5,0.258665,-0.745762,-0.613905,0.258697,-0.745755,-0.613942,0.5655524,0.4634559,0.275288
esfera,pesos,1.0,0.258665,-0.745762,-0.613905,0.258697,-0.745755,-0.613942,0.5707233,0.4292693,0.2545694
esfera,cor,0.0,0.258665,-0.745762,-0.613905,0.258697,-0.745755,-0.613942,0.8252476,0.005702885,0.1072379
esfera,cor,0.3,0.258665,-0.745762,-0.613905,0.258697,-0.745755,-0.613942,0.5726838,0.004432592,0.1597782
esfera,cor,1.0,0.258665,-0.745762,-0.613905,0.258697,-0.745755,-0.613942,0.4445781,0.04862105,0.1492543
esfera,pesos,0.2,0.170176,-0.730848,-0.660953,0.170196,-0.730850,-0.660978,0.5874245,0.4581864,0.2801138
esfera,pesos,0.5,0.170176,-0.730848,-0.660953,0.170196,-0.730850,-0.660978,0.5717781,0.4412242,0.2638654
esfera,pesos,1.0,0.170176,-0.730848,-0.660953,0.170196,-0.730850,-0.660978,0.5773141,0.4226823,0.2532872
esfera,cor,0.0,0.170176,-0.730848,-0.660953,0.170196,-0.730850,-0.660978,0.06583583,0.8885234,0.4479593
esfera,cor,0.3,0.170176,-0.730848,-0.660953,0.170196,-0.730850,-0.660978,0.1105442,0.5190945,0.2727028
esfera,cor,1.0,0.170176,-0.730848,-0.660953,0.170196,-0.730850,-0.660978,0.1058872,0.4351012,0.2251194
esfera,pesos,0.2,0.083721,-0.708429,-0.700774,0.083751,-0.708432,-0.700792,0.5797901,0.4245958,0.2558793
esfera,pesos,0.5,0.083721,-0.708429,-0.700774,0.083751,-0.708432,-0.700792,0.578195,0.4229853,0.2542768
esfera,pesos,1.0,0.083721,-0.708429,-0.700774,0.083751,-0.708432,-0.700792,0.5831344,0.4168637,0.2517384
esfera,cor,0.0,0.083721,-0.708429,-0.700774,0.083751,-0.708432,-0.700792,0.191982,0.006760812,0.7382967
esfera,cor,0.3,0.083721,-0.708429,-0.700774,0.083751,-0.708432,-0.700792,0.3586781,0.01097306,0.6448131
esfera,cor,1.0,0.083721,-0.708429,-0.700774,0.083751,-0.708432,-0.700792,0.3713235,0.01826884,0.6080034
esfera,pesos,0.2,-0.000875,-0.679147,-0.733988,-0.000631,-0.679066,-0.734077,0.5740215,0.3984949,0.2362198
esfera,pesos,0.5,-0.000875,-0.679147,-0.733988,-0.000631,-0.679066,-0.734077,0.5847234,0.4083962,0.2465212
esfera,pesos,1.0,-0.000875,-0.679147,-0.733988,-0.000631,-0.679066,-0.734077,0.5881693,0.4116603,0.2498901
esfera,cor,0.0,-0.000875,-0.679147,-0.733988,-0.000631,-0.679066,-0.734077,0.5993274,0.01318813,0.01318813
esfera,cor,0.3,-0.000875,-0.679147,-0.733988,-0.000631,-0.679066,-0.734077,0.4575946,0.2605411,0.04674004
esfera,cor,1.0,-0.000875,-0.679147,-0.733988,-0.000631,-0.679066,-0.734077,0.4428031,0.2862314,0.05048705
esfera,pesos,0.2,-0.083715,-0.643379,-0.760955,-0.083683,-0.643347,-0.760988,0.5701261,0.3798114,0.2214237
esfera,pesos,0.5,-0.083715,-0.643379,-0.760955,-0.083683,-0.643347,-0.760988,0.5914006,0.3973925,0.2407742
esfera,pesos,1.0,-0.083715,-0.643379,-0.760955,-0.083683,-0.643347,-0.760988,0.5822545,0.3996481,0.2392292
esfera,cor,0.0,-0.083715,-0.643379,-0.760955,-0.083683,-0.643347,-0.760988,0.1870031,0.2341679,0.0122245
esfera,cor,0.3,-0.083715,-0.643379,-0.760955,-0.083683,-0.643347,-0.760988,0.1304893,0.2265167,0.1604382
esfera,cor,1.0,-0.083715,-0.643379,-0.760955,-0.083683,-0.643347,-0.760988,0.1190735,0.2122887,0.2025177
esfera,pesos,0.2,-0.164840,-0.601283,-0.781829,-0.164828,-0.601248,-0.781878,0.5679735,0.3686111,0.2117749
esfera,pesos,0.5,-0.164840,-0.601283,-0.781829,-0.164828,-0.601248,-0.781878,0.5981896,0.3899852,0.2372056
esfera,pesos,1.0,-0.164840,-0.601283,-0.781829,-0.164828,-0.601248,-0.781878,0.5759213,0.3920594,0.2308614
esfera,cor,0.0,-0.164840,-0.601283,-0.781829,-0.164828,-0.601248,-0.781878,0.0638759,0.4346982,0.8618692
esfera,cor,0.3,-0.164840,-0.601283,-0.781829,-0.164828,-0.601248,-0.781878,0.04847048,0.3915449,0.6290525
esfera,cor,1.0,-0.164840,-0.601283,-0.781829,-0.164828,-0.601248,-0.781878,0.04189983,0.4208181,0.5415845
esfera,pesos,0.2,-0.244257,-0.552883,-0.796632,-0.244259,-0.552841,-0.796683,0.5677317,0.3655045,0.2079981
esfera,pesos,0.5,-0.244257,-0.552883,-0.796632,-0.244259,-0.552841,-0.796683,0.6051593,0.3864163,0.2361593
esfera,pesos,1.0,-0.244257,-0.552883,-0.796632,-0.244259,-0.552841,-0.796683,0.5690843,0.3885428,0.2245948
esfera,cor,0.0,-0.244257,-0.552883,-0.796632,-0.244259,-0.552841,-0.796683,0.1275629,0.03981255,0.278459
esfera,cor,0.3,-0.244257,-0.552883,-0.796632,-0.244259,-0.552841,-0.796683,0.1038332,0.03249428,0.2550691
esfera,cor,1.0,-0.244257,-0.552883,-0.796632,-0.244259,-0.552841,-0.796683,0.07191399,0.06362123,0.2376587
esfera,pesos,0.2,-0.321919,-0.498001,-0.805194,-0.321925,-0.498028,-0.805191,0.5804796,0.3754997,0.2179699
esfera,pesos,0.5,-0.321919,-0.498001,-0.805194,-0.321925,-0.498028,-0.805191,0.6124126,0.3871346,0.2381203
esfera,pesos,1.0,-0.321919,-0.498001,-0.805194,-0.321925,-0.498028,-0.805191,0.5616874,0.3889899,0.2203741
esfera,cor,0.0,-0.321919,-0.498001,-0.805194,-0.321925,-0.498028,-0.805191,0.0219766,0.4998889,0.4279184
esfera,cor,0.3,-0.321919,-0.498001,-0.805194,-0.321925,-0.498028,-0.805191,0.02455611,0.4465736,0.416537
esfera,cor,1.0,-0.321919,-0.498001,-0.805194,-0.321925,-0.498028,-0.805191,0.1505863,0.3973807,0.3315258
esfera,pesos,0.2,-0.397718,-0.436247,-0.807138,-0.397695,-0.436293,-0.807148,0.5994296,0.3909383,0.23434
esfera,pesos,0.5,-0.397718,-0.436247,-0.807138,-0.397695,-0.436293,-0.807148,0.5844042,0.392524,0.2295788
esfera,pesos,1.0,-0.397718,-0.436247,-0.807138,-0.397695,-0.436293,-0.807148,0.5536476,0.393499,0.2182391
esfera,cor,0.0,-0.397718,-0.436247,-0.807138,-0.397695,-0.436293,-0.807148,0.002599077,0.0148249,0.1364619
esfera,cor,0.3,-0.397718,-0.436247,-0.807138,-0.397695,-0.436293,-0.807148,0.004774758,0.01478809,0.13607
esfera,cor,1.0,-0.397718,-0.436247,-0.807138,-0.397695,-0.436293,-0.807148,0.2282089,0.04094883,0.07361111
esfera,pesos,0.2,-0.471485,-0.366988,-0.801856,-0.471486,-0.367024,-0.801869,0.6178713,0.408253,0.2522478
esfera,pesos,0.5,-0.471485,-0.366988,-0.801856,-0.471486,-0.367024,-0.801869,0.5531977,0.4067022,0.2247584
esfera,pesos,1.0,-0.471485,-0.366988,-0.801856,-0.471486,-0.367024,-0.801869,0.5448533,0.4024078,0.2183437
esfera,cor,0.0,-0.471485,-0.366988,-0.801856,-0.471486,-0.367024,-0.801869,0.01419347,0.333243,0.333243
esfera,cor,0.3,-0.471485,-0.366988,-0.801856,-0.471486,-0.367024,-0.801869,0.03575112,0.3138821,0.3265169
esfera,cor,1.0,-0.471485,-0.366988,-0.801856,-0.471486,-0.367024,-0.801869,0.1059278,0.2788751,0.2308233
esfera,pesos,0.2,-0.542947,-0.289221,-0.788380,-0.542988,-0.289179,-0.788378,0.6226849,0.4276948,0.2663191
esfera,pesos,0.5,-0.542947,-0.289221,-0.788380,-0.542988,-0.289179,-0.788378,0.5306665,0.4276948,0.2269633
esfera,pesos,1.0,-0.542947,-0.289221,-0.788380,-0.542988,-0.289179,-0.788378,0.5351655,0.4163757,0.2209971
esfera,cor,0.0,-0.542947,-0.289221,-0.788380,-0.542988,-0.289179,-0.788378,0.02766594,0.2483535,0.05889565
esfera,cor,0.3,-0.542947,-0.289221,-0.788380,-0.542988,-0.289179,-0.788378,0.02636938,0.2221006,0.08820346
esfera,cor,1.0,-0.542947,-0.289221,-0.788380,-0.542988,-0.289179,-0.788378,0.02154725,0.1632499,0.1405164
esfera,pesos,0.2,-0.611647,-0.201256,-0.765085,-0.611650,-0.201279,-0.765096,0.5767231,0.4496859,0.2593442
esfera,pesos,0.5,-0.611647,-0.201256,-0.765085,-0.611650,-0.201279,-0.765096,0.5191814,0.4496859,0.2334685
esfera,pesos,1.0,-0.611647,-0.201256,-0.765085,-0.611650,-0.201279,-0.765096,0.5243976,0.4365994,0.2267679
esfera,cor,0.0,-0.611647,-0.201256,-0.765085,-0.611650,-0.201279,-0.765096,0.4556962,0.2826894,0.02908946
esfera,cor,0.3,-0.611647,-0.201256,-0.765085,-0.611650,-0.201279,-0.765096,0.376486,0.394268,0.02666336
esfera,cor,1.0,-0.611647,-0.201256,-0.765085,-0.611650,-0.201279,-0.765096,0.309522,0.3914686,0.06108204
esfera,pesos,0.2,-0.676825,-0.100291,-0.729272,-0.676824,-0.100291,-0.729281,0.5262293,0.4749272,0.2499206
esfera,pesos,0.5,-0.676825,-0.100291,-0.729272,-0.676824,-0.100291,-0.729281,0.5065582,0.4749272,0.2405783
esfera,pesos,1.0,-0.676825,-0.100291,-0.729272,-0.676824,-0.100291,-0.729281,0.5121393,0.4653313,0.2366814
esfera,cor,0.0,-0.676825,-0.100291,-0.729272,-0.676824,-0.100291,-0.729281,0.5740998,0.01081351,0.1060753
esfera,cor,0.3,-0.676825,-0.100291,-0.729272,-0.676824,-0.100291,-0.729281,0.5740998,0.006105021,0.09036863
esfera,cor,1.0,-0.676825,-0.100291,-0.729272,-0.676824,-0.100291,-0.729281,0.5771331,0.01240612,0.09898717
esfera,pesos,0.2,-0.736978,0.019221,-0.675599,-0.737009,0.019182,-0.675611,0.4692997,0.5048052,0.236905
esfera,pesos,0.5,-0.736978,0.019221,-0.675599,-0.737009,0.019182,-0.675611,0.4923234,0.5048052,0.2485274
esfera,pesos,1.0,-0.736978,0.019221,-0.675599,-0.737009,0.019182,-0.675611,0.4977352,0.5022725,0.2504207
esfera,cor,0.0,-0.736978,0.019221,-0.675599,-0.737009,0.019182,-0.675611,0.03152606,0.3190913,0.01667412
esfera,cor,0.3,-0.736978,0.019221,-0.675599,-0.737009,0.019182,-0.675611,0.03900909,0.3190913,0.02329604
esfera,cor,1.0,-0.736978,0.019221,-0.675599,-0.737009,0.019182,-0.675611,0.04263299,0.3149963,0.02393868
esfera,pesos,0.2,-0.788407,0.170943,-0.590909,-0.788432,0.170840,-0.590923,0.4012476,0.5427357,0.2177714
esfera,pesos,0.5,-0.788407,0.170943,-0.590909,-0.788432,0.170840,-0.590923,0.4753115,0.5427357,0.2579685
esfera,pesos,1.0,-0.788407,0.170943,-0.590909,-0.788432,0.170840,-0.590923,0.4837192,0.5163043,0.2532206
esfera,cor,0.0,-0.788407,0.170943,-0.590909,-0.788432,0.170840,-0.590923,0.813749,0.05635459,0.5244507
esfera,cor,0.3,-0.788407,0.170943,-0.590909,-0.788432,0.170840,-0.590923,0.6064964,0.04257201,0.600059
esfera,cor,1.0,-0.788407,0.170943,-0.590909,-0.788432,0.170840,-0.590923,0.4970893,0.1226339,0.5833342
esfera,pesos,0.2,-0.806963,0.444013,-0.389369,-0.806971,0.444043,-0.389389,0.4026576,0.6110033,0.2460251
esfera,pesos,0.5,-0.806963,0.444013,-0.389369,-0.806971,0.444043,-0.389389,0.4306027,0.5557327,0.2408445
esfera,pesos,1.0,-0.806963,0.444013,-0.389369,-0.806971,0.444043,-0.389389,0.4736523,0.5263462,0.2553153
esfera,cor,0.0,-0.806963,0.444013,-0.389369,-0.806971,0.444043,-0.389389,0.4553309,0.05355612,0.4090899
esfera,cor,0.3,-0.806963,0.444013,-0.389369,-0.806971,0.444043,-0.389389,0.4490674,0.05476773,0.402763
esfera,cor,1.0,-0.806963,0.444013,-0.389369,-0.806971,0.444043,-0.389389,0.3391007,0.08131737,0.2625836
esfera,pesos,0.2,0.804632,-0.547208,-0.230411,0.804662,-0.547199,-0.230417,0.5576028,0.3712654,0.2070187
esfera,pesos,0.5,0.804632,-0.547208,-0.230411,0.804662,-0.547199,-0.230417,0.5576028,0.4678129,0.2608538
esfera,pesos,1.0,0.804632,-0.547208,-0.230411,0.804662,-0.547199,-0.230417,0.5199211,0.4800744,0.254005
esfera,cor,0.0,0.804632,-0.547208,-0.230411,0.804662,-0.547199,-0.230417,0.007110764,0.2340363,0.001286725
esfera,cor,0.3,0.804632,-0.547208,-0.230411,0.804662,-0.547199,-0.230417,0.006039096,0.1944223,0.04126199
esfera,cor,1.0,0.804632,-0.547208,-0.230411,0.804662,-0.547199,-0.230417,0.009792504,0.12882,0.1108984
esfera,pesos,0.2,0.691490,-0.623303,-0.365095,0.691510,-0.623313,-0.365097,0.5912739,0.4659012,0.2754751
esfera,pesos,0.5,0.691490,-0.623303,-0.365095,0.691510,-0.623313,-0.365097,0.5798298,0.4847235,0.2826656
esfera,pesos,1.0,0.691490,-0.623303,-0.365095,0.691510,-0.623313,-0.365097,0.533867,0.4661336,0.2558546
esfera,cor,0.0,0.691490,-0.623303,-0.365095,0.691510,-0.623313,-0.365097,0.1089983,0.01419441,0.01419441
esfera,cor,0.3,0.691490,-0.623303,-0.365095,0.691510,-0.623313,-0.365097,0.08815167,0.157974,0.02440368
esfera,cor,1.0,0.691490,-0.623303,-0.365095,0.691510,-0.623313,-0.365097,0.0859969,0.1637962,0.02218128
esfera,pesos,0.2,0.588430,-0.662182,-0.463943,0.588420,-0.662187,-0.463972,0.6159858,0.5368853,0.3307137
esfera,pesos,0.5,0.588430,-0.662182,-0.463943,0.588420,-0.662187,-0.463972,0.5695472,0.4800019,0.2801428
esfera,pesos,1.0,0.588430,-0.662182,-0.463943,0.588420,-0.662187,-0.463972,0.5447917,0.4552041,0.2565881
esfera,cor,0.0,0.588430,-0.662182,-0.463943,0.588420,-0.662187,-0.463972,0.0651758,0.4336254,0.04135541
esfera,cor,0.3,0.588430,-0.662182,-0.463943,0.588420,-0.662187,-0.463972,0.1820098,0.3993474,0.05092327
esfera,cor,1.0,0.588430,-0.662182,-0.463943,0.588420,-0.662187,-0.463972,0.2462054,0.3092484,0.09641161
esfera,pesos,0.2,0.490807,-0.680987,-0.543461,0.490808,-0.680952,-0.543518,0.5794765,0.5579441,0.3361828
esfera,pesos,0.5,0.490807,-0.680987,-0.543461,0.490808,-0.680952,-0.543518,0.5603192,0.4740246,0.2765042
esfera,pesos,1.0,0.490807,-0.680987,-0.543461,0.490808,-0.680952,-0.543518,0.5539334,0.4460515,0.2566113
esfera,cor,0.0,0.490807,-0.680987,-0.543461,0.490808,-0.680952,-0.543518,0.09525859,0.4498726,0.06885444
esfera,cor,0.3,0.490807,-0.680987,-0.543461,0.490808,-0.680952,-0.543518,0.2962598,0.3259662,0.1016712
esfera,cor,1.0,0.490807,-0.680987,-0.543461,0.490808,-0.680952,-0.543518,0.4140504,0.2488873,0.1598603
esfera,pesos,0.2,0.396910,-0.686039,-0.609735,0.396935,-0.686018,-0.609771,0.5636238,0.5036857,0.2994484
esfera,pesos,0.5,0.396910,-0.686039,-0.609735,0.396935,-0.686018,-0.609771,0.5516242,0.4674289,0.2718514
esfera,pesos,1.0,0.396910,-0.686039,-0.609735,0.396935,-0.686018,-0.609771,0.5617777,0.4382132,0.2561254
esfera,cor,0.0,0.396910,-0.686039,-0.609735,0.396935,-0.686018,-0.609771,0.003160669,0.0338159,0.4250554
esfera,cor,0.3,0.396910,-0.686039,-0.609735,0.396935,-0.686018,-0.609771,0.09481177,0.2982542,0.2657655
esfera,cor,1.0,0.396910,-0.686039,-0.609735,0.396935,-0.686018,-0.609771,0.2467709,0.2638164,0.2715316
esfera,pesos,0.2,0.305877,-0.680518,-0.665828,0.305915,-0.680469,-0.665866,0.5515814,0.4598569,0.2685808
esfera,pesos,0.5,0.305877,-0.680518,-0.665828,0.305915,-0.680469,-0.665866,0.547629,0.4558447,0.264603
esfera,pesos,1.0,0.305877,-0.680518,-0.665828,0.305915,-0.680469,-0.665866,0.5685565,0.4314307,0.2552356
esfera,cor,0.0,0.305877,-0.680518,-0.665828,0.305915,-0.680469,-0.665866,0.3717642,0.2415835,0.02620403
esfera,cor,0.3,0.305877,-0.680518,-0.665828,0.305915,-0.680469,-0.665866,0.2081504,0.4227919,0.1558034
esfera,cor,1.0,0.305877,-0.680518,-0.665828,0.305915,-0.680469,-0.665866,0.2302222,0.3652215,0.1338209
esfera,pesos,0.2,0.217234,-0.666175,-0.713427,0.217255,-0.666176,-0.713449,0.5420936,0.4249638,0.2428392
esfera,pesos,0.5,0.217234,-0.666175,-0.713427,0.217255,-0.666176,-0.713449,0.5540519,0.436315,0.2545269
esfera,pesos,1.0,0.217234,-0.666175,-0.713427,0.217255,-0.666176,-0.713449,0.5744073,0.42559,0.2540392
esfera,cor,0.0,0.217234,-0.666175,-0.713427,0.217255,-0.666176,-0.713449,0.03271077,0.08483642,0.4419709
esfera,cor,0.3,0.217234,-0.666175,-0.713427,0.217255,-0.666176,-0.713449,0.01861216,0.1814739,0.2962453
esfera,cor,1.0,0.217234,-0.666175,-0.713427,0.217255,-0.666176,-0.713449,0.07511055,0.1723355,0.2447207
esfera,pesos,0.2,0.130668,-0.644163,-0.753640,0.130653,-0.644125,-0.753679,0.5345539,0.3978582,0.2217387
esfera,pesos,0.5,0.130668,-0.644163,-0.753640,0.130653,-0.644125,-0.753679,0.5605445,0.4206311,0.2462255
esfera,pesos,1.0,0.130668,-0.644163,-0.753640,0.130653,-0.644125,-0.753679,0.5793974,0.4205919,0.2525889
esfera,cor,0.0,0.130668,-0.644163,-0.753640,0.130653,-0.644125,-0.753679,0.1978191,0.02666205,0.2401989
esfera,cor,0.3,0.130668,-0.644163,-0.753640,0.130653,-0.644125,-0.753679,0.2085329,0.0252286,0.1776274
esfera,cor,1.0,0.130668,-0.644163,-0.753640,0.130653,-0.644125,-0.753679,0.2015226,0.04327988,0.150324
esfera,pesos,0.2,0.046008,-0.615117,-0.787081,0.046000,-0.615125,-0.787086,0.5287799,0.3781878,0.2053483
esfera,pesos,0.5,0.046008,-0.615117,-0.787081,0.046000,-0.615125,-0.787086,0.5670924,0.408592,0.2397976
esfera,pesos,1.0,0.046008,-0.615117,-0.787081,0.046000,-0.615125,-0.787086,0.5835767,0.4164237,0.2509616
esfera,cor,0.0,0.046008,-0.615117,-0.787081,0.046000,-0.615125,-0.787086,0.1431671,0.0610132,0.3050658
esfera,cor,0.3,0.046008,-0.615117,-0.787081,0.046000,-0.615125,-0.787086,0.1149132,0.08731616,0.2163403
esfera,cor,1.0,0.046008,-0.615117,-0.787081,0.046000,-0.615125,-0.787086,0.1087795,0.09836154,0.1696853
esfera,pesos,0.2,-0.036859,-0.579451,-0.814146,-0.036871,-0.579526,-0.814119,0.5245996,0.3658769,0.1938606
esfera,pesos,0.5,-0.036859,-0.579451,-0.814146,-0.036871,-0.579526,-0.814119,0.5736651,0.4001275,0.2353822
esfera,pesos,1.0,-0.036859,-0.579451,-0.814146,-0.036871,-0.579526,-0.814119,0.582454,0.4100906,0.2455128
esfera,cor,0.0,-0.036859,-0.579451,-0.814146,-0.036871,-0.579526,-0.814119,0.2723262,0.04591512,0.4434209
esfera,cor,0.3,-0.036859,-0.579451,-0.814146,-0.036871,-0.579526,-0.814119,0.2179173,0.07524471,0.358061
esfera,cor,1.0,-0.036859,-0.579451,-0.814146,-0.036871,-0.579526,-0.814119,0.1671059,0.1131443,0.2863443
esfera,pesos,0.2,-0.117987,-0.537366,-0.835030,-0.117985,-0.537433,-0.835012,0.5294968,0.3656586,0.193615
esfera,pesos,0.5,-0.117987,-0.537366,-0.835030,-0.117985,-0.537433,-0.835012,0.5802591,0.395348,0.2332193
esfera,pesos,1.0,-0.117987,-0.537366,-0.835030,-0.117985,-0.537433,-0.835012,0.5752757,0.4034644,0.2371497
esfera,cor,0.0,-0.117987,-0.537366,-0.835030,-0.117985,-0.537433,-0.835012,0.165794,0.001200232,0.09368987
esfera,cor,0.3,-0.117987,-0.537366,-0.835030,-0.117985,-0.537433,-0.835012,0.1977427,0.01720429,0.2031881
esfera,cor,1.0,-0.117987,-0.537366,-0.835030,-0.117985,-0.537433,-0.835012,0.2362863,0.05585891,0.3712337
esfera,pesos,0.2,-0.197372,-0.488847,-0.849720,-0.197378,-0.488896,-0.849719,0.5493431,0.3777882,0.2075353
esfera,pesos,0.5,-0.197372,-0.488847,-0.849720,-0.197378,-0.488896,-0.849719,0.5869265,0.3945808,0.2336975
esfera,pesos,1.0,-0.197372,-0.488847,-0.849720,-0.197378,-0.488896,-0.849719,0.5676141,0.4009818,0.2309617
esfera,cor,0.0,-0.197372,-0.488847,-0.849720,-0.197378,-0.488896,-0.849719,0.1757739,0.6262007,0.01054128
esfera,cor,0.3,-0.197372,-0.488847,-0.849720,-0.197378,-0.488896,-0.849719,0.1669857,0.5948175,0.01062547
esfera,cor,1.0,-0.197372,-0.488847,-0.849720,-0.197378,-0.488896,-0.849719,0.1785375,0.3503471,0.01115558
esfera,pesos,0.2,-0.274966,-0.433717,-0.858042,-0.274986,-0.433756,-0.858043,0.5687416,0.3915707,0.2227025
esfera,pesos,0.5,-0.274966,-0.433717,-0.858042,-0.274986,-0.433756,-0.858043,0.5937488,0.3983792,0.2373594
esfera,pesos,1.0,-0.274966,-0.433717,-0.858042,-0.274986,-0.433756,-0.858043,0.5593834,0.402558,0.2268887
esfera,cor,0.0,-0.274966,-0.433717,-0.858042,-0.274986,-0.433756,-0.858043,0.008096536,0.1227852,0.06047098
esfera,cor,0.3,-0.274966,-0.433717,-0.858042,-0.274986,-0.433756,-0.858043,0.008096536,0.1227852,0.06047098
esfera,cor,1.0,-0.274966,-0.433717,-0.858042,-0.274986,-0.433756,-0.858043,0.1400956,0.07614146,0.1079956
esfera,pesos,0.2,-0.350663,-0.371581,-0.859618,-0.350660,-0.371607,-0.859620,0.5876658,0.4071048,0.2392415
esfera,pesos,0.5,-0.350663,-0.371581,-0.859618,-0.350660,-0.371607,-0.859620,0.5823786,0.4075612,0.2374154
esfera,pesos,1.0,-0.350663,-0.371581,-0.859618,-0.350660,-0.371607,-0.859620,0.5504846,0.4083332,0.2249831
esfera,cor,0.0,-0.350663,-0.371581,-0.859618,-0.350660,-0.371607,-0.859620,0.059585,0.377133,0.03906717
esfera,cor,0.3,-0.350663,-0.371581,-0.859618,-0.350660,-0.371607,-0.859620,0.059585,0.377133,0.03906717
esfera,cor,1.0,-0.350663,-0.371581,-0.859618,-0.350660,-0.371607,-0.859620,0.08256811,0.262165,0.1087722
esfera,pesos,0.2,-0.424271,-0.301737,-0.853772,-0.424305,-0.301635,-0.853804,0.6060678,0.4245659,0.2573157
esfera,pesos,0.5,-0.424271,-0.301737,-0.853772,-0.424305,-0.301635,-0.853804,0.5536814,0.4245659,0.2350743
esfera,pesos,1.0,-0.424271,-0.301737,-0.853772,-0.424305,-0.301635,-0.853804,0.5407522,0.4187167,0.2254119
esfera,cor,0.0,-0.424271,-0.301737,-0.853772,-0.424305,-0.301635,-0.853804,0.5981337,0.5761293,0.1012754
esfera,cor,0.3,-0.424271,-0.301737,-0.853772,-0.424305,-0.301635,-0.853804,0.5981337,0.5761293,0.1012754
esfera,cor,1.0,-0.424271,-0.301737,-0.853772,-0.424305,-0.301635,-0.853804,0.3321139,0.5239096,0.09441736
esfera,pesos,0.2,-0.495493,-0.223084,-0.839444,-0.495526,-0.223099,-0.839453,0.6238732,0.444229,0.2771426
esfera,pesos,0.5,-0.495493,-0.223084,-0.839444,-0.495526,-0.223099,-0.839453,0.5429851,0.444229,0.2412098
esfera,pesos,1.0,-0.495493,-0.223084,-0.839444,-0.495526,-0.223099,-0.839453,0.5300459,0.4344776,0.2285396
esfera,cor,0.0,-0.495493,-0.223084,-0.839444,-0.495526,-0.223099,-0.839453,0.9704071,0.006255791,0.5339583
esfera,cor,0.3,-0.495493,-0.223084,-0.839444,-0.495526,-0.223099,-0.839453,0.9704072,0.01607368,0.4967059
esfera,cor,1.0,-0.495493,-0.223084,-0.839444,-0.495526,-0.223099,-0.839453,0.8438914,0.1541074,0.3942727
esfera,pesos,0.2,-0.563853,-0.133865,-0.814941,-0.563876,-0.133871,-0.814937,0.6255255,0.4665338,0.2918288
esfera,pesos,0.5,-0.563853,-0.133865,-0.814941,-0.563876,-0.133871,-0.814937,0.5313786,0.4665338,0.2479061
esfera,pesos,1.0,-0.563853,-0.133865,-0.814941,-0.563876,-0.133871,-0.814937,0.5180269,0.4570205,0.2349822
esfera,cor,0.0,-0.563853,-0.133865,-0.814941,-0.563876,-0.133871,-0.814937,0.2105668,0.03446449,0.314409
esfera,cor,0.3,-0.563853,-0.133865,-0.814941,-0.563876,-0.133871,-0.814937,0.2413076,0.04818621,0.2869493
esfera,cor,1.0,-0.563853,-0.133865,-0.814941,-0.563876,-0.133871,-0.814937,0.250999,0.06007316,0.2713778
esfera,pesos,0.2,-0.628481,-0.030872,-0.777175,-0.628511,-0.030813,-0.777190,0.5743347,0.4922821,0.2827348
esfera,pesos,0.5,-0.628481,-0.030872,-0.777175,-0.628511,-0.030813,-0.777190,0.5185819,0.4922821,0.2552886
esfera,pesos,1.0,-0.628481,-0.030872,-0.777175,-0.628511,-0.030813,-0.777190,0.5041652,0.4890775,0.2459666
esfera,cor,0.0,-0.628481,-0.030872,-0.777175,-0.628511,-0.030813,-0.777190,0.972077,0.6705446,0.1230007
esfera,cor,0.3,-0.628481,-0.030872,-0.777175,-0.628511,-0.030813,-0.777190,0.972077,0.6519163,0.1003442
esfera,cor,1.0,-0.628481,-0.030872,-0.777175,-0.628511,-0.030813,-0.777190,0.9546249,0.6311513,0.09055772
esfera,pesos,0.2,-0.687682,0.092160,-0.720112,-0.687694,0.092175,-0.720125,0.5162153,0.5230399,0.2700012
esfera,pesos,0.5,-0.687682,0.092160,-0.720112,-0.687694,0.092175,-0.720125,0.5040538,0.5230399,0.2636403
esfera,pesos,1.0,-0.687682,0.092160,-0.720112,-0.687694,0.092175,-0.720125,0.4889373,0.5110596,0.2519003
esfera,cor,0.0,-0.687682,0.092160,-0.720112,-0.687694,0.092175,-0.720125,0.4320084,0.004705953,0.5722539
esfera,cor,0.3,-0.687682,0.092160,-0.720112,-0.687694,0.092175,-0.720125,0.4783766,0.02820751,0.3904456
esfera,cor,1.0,-0.687682,0.092160,-0.720112,-0.687694,0.092175,-0.720125,0.4575277,0.04237502,0.4038185
esfera,pesos,0.2,-0.736793,0.252434,-0.627189,-0.736815,0.252412,-0.627210,0.4451993,0.5631084,0.2506955
esfera,pesos,0.5,-0.736793,0.252434,-0.627189,-0.736815,0.252412,-0.627210,0.4863001,0.5631084,0.2738397
esfera,pesos,1.0,-0.736793,0.252434,-0.627189,-0.736815,0.252412,-0.627210,0.4755158,0.5244906,0.2545132
esfera,cor,0.0,-0.736793,0.252434,-0.627189,-0.736815,0.252412,-0.627210,0.03556342,0.3865885,0.2378355
esfera,cor,0.3,-0.736793,0.252434,-0.627189,-0.736815,0.252412,-0.627210,0.04453085,0.4289047,0.2135413
esfera,cor,1.0,-0.736793,0.252434,-0.627189,-0.736815,0.252412,-0.627210,0.07460874,0.3792206,0.1768408
esfera,pesos,0.2,0.862393,-0.443023,-0.244838,0.862417,-0.443056,-0.244823,0.5612096,0.3892442,0.2184476
esfera,pesos,0.5,0.862393,-0.443023,-0.244838,0.862417,-0.443056,-0.244823,0.5612096,0.4475855,0.2511893
esfera,pesos,1.0,0.862393,-0.443023,-0.244838,0.862417,-0.443056,-0.244823,0.5174961,0.4825123,0.2537753
esfera,cor,0.0,0.862393,-0.443023,-0.244838,0.862417,-0.443056,-0.244823,0.1587092,0.08652692,0.01882511
esfera,cor,0.3,0.862393,-0.443023,-0.244838,0.862417,-0.443056,-0.244823,0.1587092,0.08652692,0.01882511
esfera,cor,1.0,0.862393,-0.443023,-0.244838,0.862417,-0.443056,-0.244823,0.1291757,0.2503322,0.09292283
esfera,pesos,0.2,0.744396,-0.537038,-0.396778,0.744403,-0.537057,-0.396780,0.5991945,0.3963309,0.2374793
esfera,pesos,0.5,0.744396,-0.537038,-0.396778,0.744403,-0.537057,-0.396780,0.5732141,0.4618576,0.2672405
esfera,pesos,1.0,0.744396,-0.537038,-0.396778,0.744403,-0.537057,-0.396780,0.5317436,0.468259,0.2559087
esfera,cor,0.0,0.744396,-0.537038,-0.396778,0.744403,-0.537057,-0.396780,0.01353179,0.006727529,0.1637559
esfera,cor,0.3,0.744396,-0.537038,-0.396778,0.744403,-0.537057,-0.396780,0.225569,0.01056227,0.1314231
esfera,cor,1.0,0.744396,-0.537038,-0.396778,0.744403,-0.537057,-0.396780,0.3061428,0.01062212,0.1188329
esfera,pesos,0.2,0.639606,-0.582303,-0.501775,0.639634,-0.582304,-0.501788,0.6146733,0.4658378,0.2875381
esfera,pesos,0.5,0.639606,-0.582303,-0.501775,0.639634,-0.582304,-0.501788,0.5604517,0.4596743,0.2644657
esfera,pesos,1.0,0.639606,-0.582303,-0.501775,0.639634,-0.582304,-0.501788,0.5423779,0.4576197,0.2567749
esfera,cor,0.0,0.639606,-0.582303,-0.501775,0.639634,-0.582304,-0.501788,0.5902382,0.009756692,0.3380794
esfera,cor,0.3,0.639606,-0.582303,-0.501775,0.639634,-0.582304,-0.501788,0.349087,0.1898202,0.346776
esfera,cor,1.0,0.639606,-0.582303,-0.501775,0.639634,-0.582304,-0.501788,0.3206509,0.1884334,0.3577799
esfera,pesos,0.2,0.541052,-0.604547,-0.584604,0.541062,-0.604581,-0.584579,0.543422,0.4765882,0.2721097
esfera,pesos,0.5,0.541052,-0.604547,-0.584604,0.541062,-0.604581,-0.584579,0.549159,0.4558507,0.2607115
esfera,pesos,1.0,0.541052,-0.604547,-0.584604,0.541062,-0.604581,-0.584579,0.5510714,0.4489382,0.2569121
esfera,cor,0.0,0.541052,-0.604547,-0.584604,0.541062,-0.604581,-0.584579,0.176706,0.06721599,0.01289363
esfera,cor,0.3,0.541052,-0.604547,-0.584604,0.541062,-0.604581,-0.584579,0.1314639,0.2013271,0.549656
esfera,cor,1.0,0.541052,-0.604547,-0.584604,0.541062,-0.604581,-0.584579,0.121259,0.2236527,0.6005246
esfera,pesos,0.2,0.446579,-0.611727,-0.652928,0.446612,-0.611716,-0.652948,0.5033887,0.4577911,0.2481452
esfera,pesos,0.5,0.446579,-0.611727,-0.652928,0.446612,-0.611716,-0.652948,0.5384678,0.4512199,0.2559618
esfera,pesos,1.0,0.446579,-0.611727,-0.652928,0.446612,-0.611716,-0.652948,0.558351,0.4416442,0.2565117
esfera,cor,0.0,0.446579,-0.611727,-0.652928,0.446612,-0.611716,-0.652948,0.3795573,0.03758309,0.4333241
esfera,cor,0.3,0.446579,-0.611727,-0.652928,0.446612,-0.611716,-0.652948,0.2514531,0.157606,0.4399355
esfera,cor,1.0,0.446579,-0.611727,-0.652928,0.446612,-0.611716,-0.652948,0.2627172,0.1458053,0.4944058
esfera,pesos,0.2,0.355165,-0.607609,-0.710372,0.355156,-0.607662,-0.710359,0.4925109,0.421559,0.2212187
esfera,pesos,0.5,0.355165,-0.607609,-0.710372,0.355156,-0.607662,-0.710359,0.5280468,0.4462879,0.2503448
esfera,pesos,1.0,0.355165,-0.607609,-0.710372,0.355156,-0.607662,-0.710359,0.5644976,0.4355125,0.255732
esfera,cor,0.0,0.355165,-0.607609,-0.710372,0.355156,-0.607662,-0.710359,0.9688287,0.004875187,0.1169492
esfera,cor,0.3,0.355165,-0.607609,-0.710372,0.355156,-0.607662,-0.710359,0.860761,0.004564695,0.3880893
esfera,cor,1.0,0.355165,-0.607609,-0.710372,0.355156,-0.607662,-0.710359,0.7050127,0.004104683,0.5638151
esfera,pesos,0.2,0.266258,-0.594240,-0.758909,0.266274,-0.594238,-0.758933,0.4835981,0.3935452,0.1989968
esfera,pesos,0.5,0.266258,-0.594240,-0.758909,0.266274,-0.594238,-0.758933,0.530388,0.4328194,0.2425292
esfera,pesos,1.0,0.266258,-0.594240,-0.758909,0.266274,-0.594238,-0.758933,0.5696193,0.4303777,0.2546324
esfera,cor,0.0,0.266258,-0.594240,-0.758909,0.266274,-0.594238,-0.758933,0.7532341,0.405059,0.002341497
esfera,cor,0.3,0.266258,-0.594240,-0.758909,0.266274,-0.594238,-0.758933,0.5611893,0.5490749,0.019999
esfera,cor,1.0,0.266258,-0.594240,-0.758909,0.266274,-0.594238,-0.758933,0.4859488,0.5229393,0.04945097
esfera,pesos,0.2,0.179521,-0.572862,-0.799731,0.179526,-0.572875,-0.799740,0.4763701,0.3731118,0.1813894
esfera,pesos,0.5,0.179521,-0.572862,-0.799731,0.179526,-0.572875,-0.799740,0.5370638,0.4197442,0.2356836
esfera,pesos,1.0,0.179521,-0.572862,-0.799731,0.179526,-0.572875,-0.799740,0.573793,0.4262083,0.2533125
esfera,cor,0.0,0.179521,-0.572862,-0.799731,0.179526,-0.572875,-0.799740,0.01789886,0.4740502,0.005060686
esfera,cor,0.3,0.179521,-0.572862,-0.799731,0.179526,-0.572875,-0.799740,0.01505867,0.3806243,0.1708351
esfera,cor,1.0,0.179521,-0.572862,-0.799731,0.179526,-0.572875,-0.799740,0.0659902,0.2661296,0.2854727
esfera,pesos,0.2,0.094752,-0.544216,-0.833558,0.094730,-0.544231,-0.833570,0.4763119,0.3639459,0.1733518
esfera,pesos,0.5,0.094752,-0.544216,-0.833558,0.094730,-0.544231,-0.833570,0.5436143,0.4102711,0.2306625
esfera,pesos,1.0,0.094752,-0.544216,-0.833558,0.094730,-0.544231,-0.833570,0.577015,0.4229848,0.2518248
esfera,cor,0.0,0.094752,-0.544216,-0.833558,0.094730,-0.544231,-0.833570,0.00638629,0.211838,0.211838
esfera,cor,0.3,0.094752,-0.544216,-0.833558,0.094730,-0.544231,-0.833570,0.09370483,0.2416694,0.1925777
esfera,cor,1.0,0.094752,-0.544216,-0.833558,0.094730,-0.544231,-0.833570,0.2347501,0.2813716,0.1529267
esfera,pesos,0.2,0.011833,-0.508743,-0.860808,0.012110,-0.508740,-0.860835,0.4970417,0.3728142,0.1853042
esfera,pesos,0.5,0.011833,-0.508743,-0.860808,0.012110,-0.508740,-0.860835,0.5500364,0.4044283,0.2276719
esfera,pesos,1.0,0.011833,-0.508743,-0.860808,0.012110,-0.508740,-0.860835,0.579281,0.4207336,0.2502362
esfera,cor,0.0,0.011833,-0.508743,-0.860808,0.012110,-0.508740,-0.860835,0.03598369,0.9220752,0.1315326
esfera,cor,0.3,0.011833,-0.508743,-0.860808,0.012110,-0.508740,-0.860835,0.03530882,0.886883,0.1372921
esfera,cor,1.0,0.011833,-0.508743,-0.860808,0.012110,-0.508740,-0.860835,0.0386784,0.7332829,0.1681098
esfera,pesos,0.2,-0.069294,-0.466655,-0.881691,-0.069300,-0.466655,-0.881720,0.5173235,0.3833362,0.1983088
esfera,pesos,0.5,-0.069294,-0.466655,-0.881691,-0.069300,-0.466655,-0.881720,0.5563539,0.4024268,0.2270239
esfera,pesos,1.0,-0.069294,-0.466655,-0.881691,-0.069300,-0.466655,-0.881720,0.5725557,0.4160359,0.243039
esfera,cor,0.0,-0.069294,-0.466655,-0.881691,-0.069300,-0.466655,-0.881720,0.03024032,0.1880185,0.3663391
esfera,cor,0.3,-0.069294,-0.466655,-0.881691,-0.069300,-0.466655,-0.881720,0.03024032,0.1880185,0.3663391
esfera,cor,1.0,-0.069294,-0.466655,-0.881691,-0.069300,-0.466655,-0.881720,0.06551094,0.1210769,0.3237941
esfera,pesos,0.2,-0.148631,-0.417958,-0.896207,-0.148621,-0.417922,-0.896244,0.5371577,0.3955106,0.2124516
esfera,pesos,0.5,-0.148631,-0.417958,-0.896207,-0.148621,-0.417922,-0.896244,0.5625803,0.4046695,0.229138
esfera,pesos,1.0,-0.148631,-0.417958,-0.896207,-0.148621,-0.417922,-0.896244,0.5640147,0.4147475,0.2370023
esfera,cor,0.0,-0.148631,-0.417958,-0.896207,-0.148621,-0.417922,-0.896244,0.87721,0.120971,0.2962476
esfera,cor,0.3,-0.148631,-0.417958,-0.896207,-0.148621,-0.417922,-0.896244,0.87721,0.120971,0.2962476
esfera,cor,1.0,-0.148631,-0.417958,-0.896207,-0.148621,-0.417922,-0.896244,0.5554284,0.1040205,0.3157533
esfera,pesos,0.2,-0.226119,-0.362437,-0.904154,-0.226105,-0.362437,-0.904166,0.5565299,0.4093907,0.2278382
esfera,pesos,0.5,-0.226119,-0.362437,-0.904154,-0.226105,-0.362437,-0.904166,0.5687851,0.4118546,0.2346442
esfera,pesos,1.0,-0.226119,-0.362437,-0.904154,-0.226105,-0.362437,-0.904166,0.554886,0.4176655,0.2331729
esfera,cor,0.0,-0.226119,-0.362437,-0.904154,-0.226105,-0.362437,-0.904166,0.2937726,0.03826887,0.04492011
esfera,cor,0.3,-0.226119,-0.362437,-0.904154,-0.226105,-0.362437,-0.904166,0.2937726,0.03826887,0.04492011
esfera,cor,1.0,-0.226119,-0.362437,-0.904154,-0.226105,-0.362437,-0.904166,0.1937167,0.05707645,0.1741646
esfera,pesos,0.2,-0.301637,-0.299641,-0.905095,-0.301653,-0.299568,-0.905132,0.5754092,0.4250898,0.2446006
esfera,pesos,0.5,-0.301637,-0.299641,-0.905095,-0.301653,-0.299568,-0.905132,0.5754092,0.4250898,0.2446006
esfera,pesos,1.0,-0.301637,-0.299641,-0.905095,-0.301653,-0.299568,-0.905132,0.5449983,0.4249905,0.2316011
esfera,cor,0.0,-0.301637,-0.299641,-0.905095,-0.301653,-0.299568,-0.905132,0.5052792,0.005824222,0.6674471
esfera,cor,0.3,-0.301637,-0.299641,-0.905095,-0.301653,-0.299568,-0.905132,0.5052792,0.005824222,0.6674471
esfera,cor,1.0,-0.301637,-0.299641,-0.905095,-0.301653,-0.299568,-0.905132,0.47338,0.1374688,0.5191563
esfera,pesos,0.2,-0.374985,-0.228837,-0.898325,-0.375004,-0.228870,-0.898326,0.5937463,0.4427906,0.2629053
esfera,pesos,0.5,-0.374985,-0.228837,-0.898325,-0.375004,-0.228870,-0.898326,0.565411,0.4427906,0.2503587
esfera,pesos,1.0,-0.374985,-0.228837,-0.898325,-0.375004,-0.228870,-0.898326,0.5342136,0.437224,0.2325113
esfera,cor,0.0,-0.374985,-0.228837,-0.898325,-0.375004,-0.228870,-0.898326,0.08317163,0.02173918,0.4266328
esfera,cor,0.3,-0.374985,-0.228837,-0.898325,-0.375004,-0.228870,-0.898326,0.08317163,0.02173918,0.4266328
esfera,cor,1.0,-0.374985,-0.228837,-0.898325,-0.375004,-0.228870,-0.898326,0.2162306,0.1421964,0.2767152
esfera,pesos,0.2,-0.445830,-0.148790,-0.882654,-0.445840,-0.148899,-0.882641,0.6114573,0.4628024,0.282984
esfera,pesos,0.5,-0.445830,-0.148790,-0.882654,-0.445840,-0.148899,-0.882641,0.5545973,0.4628024,0.256669
esfera,pesos,1.0,-0.445830,-0.148790,-0.882654,-0.445840,-0.148899,-0.882641,0.5222372,0.4553181,0.236299
esfera,cor,0.0,-0.445830,-0.148790,-0.882654,-0.445840,-0.148899,-0.882641,0.1421311,0.01745227,0.09795675
esfera,cor,0.3,-0.445830,-0.148790,-0.882654,-0.445840,-0.148899,-0.882641,0.1421311,0.01745227,0.09795675
esfera,cor,1.0,-0.445830,-0.148790,-0.882654,-0.445840,-0.148899,-0.882641,0.128456,0.04639971,0.08548247
esfera,pesos,0.2,-0.513609,-0.057429,-0.856088,-0.513615,-0.057494,-0.856092,0.6284022,0.4856429,0.3051791
esfera,pesos,0.5,-0.513609,-0.057429,-0.856088,-0.513615,-0.057494,-0.856092,0.5428089,0.4856429,0.2636113
esfera,pesos,1.0,-0.513609,-0.057429,-0.856088,-0.513615,-0.057494,-0.856092,0.5086212,0.4810486,0.2437279
esfera,cor,0.0,-0.513609,-0.057429,-0.856088,-0.513615,-0.057494,-0.856092,0.01253035,0.05276025,0.1710379
esfera,cor,0.3,-0.513609,-0.057429,-0.856088,-0.513615,-0.057494,-0.856092,0.01612749,0.04891877,0.1710379
esfera,cor,1.0,-0.513609,-0.057429,-0.856088,-0.513615,-0.057494,-0.856092,0.03047728,0.05112525,0.1865182
esfera,pesos,0.2,-0.577316,0.048967,-0.815045,-0.577312,0.048997,-0.815053,0.6188717,0.5122417,0.3170119
esfera,pesos,0.5,-0.577316,0.048967,-0.815045,-0.577312,0.048997,-0.815053,0.529719,0.5122417,0.2713442
esfera,pesos,1.0,-0.577316,0.048967,-0.815045,-0.577312,0.048997,-0.815053,0.4930748,0.5069193,0.2509968
esfera,cor,0.0,-0.577316,0.048967,-0.815045,-0.577312,0.048997,-0.815053,0.1129873,0.004416397,0.02566718
esfera,cor,0.3,-0.577316,0.048967,-0.815045,-0.577312,0.048997,-0.815053,0.1129873,0.01634028,0.02498889
esfera,cor,1.0,-0.577316,0.048967,-0.815045,-0.577312,0.048997,-0.815053,0.1261461,0.03998805,0.02598646
esfera,pesos,0.2,-0.634774,0.178429,-0.751791,-0.634804,0.178394,-0.751797,0.5584913,0.5446073,0.3041584
esfera,pesos,0.5,-0.634774,0.178429,-0.751791,-0.634804,0.178394,-0.751797,0.5146203,0.5446072,0.2802659
esfera,pesos,1.0,-0.634774,0.178429,-0.751791,-0.634804,0.178394,-0.751797,0.4785728,0.5214329,0.2534026
esfera,cor,0.0,-0.634774,0.178429,-0.751791,-0.634804,0.178394,-0.751797,0.04999396,0.4146559,0.4146559
esfera,cor,0.3,-0.634774,0.178429,-0.751791,-0.634804,0.178394,-0.751797,0.03591098,0.5187951,0.5187951
esfera,cor,1.0,-0.634774,0.178429,-0.751791,-0.634804,0.178394,-0.751797,0.02896081,0.5076658,0.5076658
esfera,pesos,0.2,-0.679039,0.356593,-0.641640,-0.679040,0.356640,-0.641648,0.4813055,0.5891482,0.2835603
esfera,pesos,0.5,-0.679039,0.356593,-0.641640,-0.679040,0.356640,-0.641648,0.4902645,0.5809771,0.2860636
esfera,pesos,1.0,-0.679039,0.356593,-0.641640,-0.679040,0.356640,-0.641648,0.4658937,0.5340981,0.255786
esfera,cor,0.0,-0.679039,0.356593,-0.641640,-0.679040,0.356640,-0.641648,0.9229034,0.1265304,0.00345169
esfera,cor,0.3,-0.679039,0.356593,-0.641640,-0.679040,0.356640,-0.641648,0.9229034,0.07511685,0.2403018
esfera,cor,1.0,-0.679039,0.356593,-0.641640,-0.679040,0.356640,-0.641648,0.7302678,0.05681093,0.3408281
esfera,pesos,0.2,0.933595,-0.289218,-0.211483,0.933615,-0.289204,-0.211482,0.5528708,0.4276955,0.2364604
esfera,pesos,0.5,0.933595,-0.289218,-0.211483,0.933615,-0.289204,-0.211482,0.5528708,0.4276955,0.2364604
esfera,pesos,1.0,0.933595,-0.289218,-0.211483,0.933615,-0.289204,-0.211482,0.5106615,0.4893357,0.2524868
esfera,cor,0.0,0.933595,-0.289218,-0.211483,0.933615,-0.289204,-0.211482,0.01023462,0.5314847,0.05697656
esfera,cor,0.3,0.933595,-0.289218,-0.211483,0.933615,-0.289204,-0.211482,0.01023462,0.5314847,0.05697656
esfera,cor,1.0,0.933595,-0.289218,-0.211483,0.933615,-0.289204,-0.211482,0.2059547,0.4275228,0.04476666
esfera,pesos,0.2,0.802151,-0.432876,-0.411227,0.802169,-0.432912,-0.411233,0.6028067,0.3917809,0.2361682
esfera,pesos,0.5,0.802151,-0.432876,-0.411227,0.802169,-0.432912,-0.411233,0.5650477,0.440378,0.2506695
esfera,pesos,1.0,0.802151,-0.432876,-0.411227,0.802169,-0.432912,-0.411233,0.5270342,0.4729711,0.255424
esfera,cor,0.0,0.802151,-0.432876,-0.411227,0.802169,-0.432912,-0.411233,0.002721633,0.1184231,0.01379823
esfera,cor,0.3,0.802151,-0.432876,-0.411227,0.802169,-0.432912,-0.411233,0.003125635,0.1182273,0.01378135
esfera,cor,1.0,0.802151,-0.432876,-0.411227,0.802169,-0.432912,-0.411233,0.06775338,0.08831521,0.01514415
esfera,pesos,0.2,0.694212,-0.489763,-0.527415,0.694226,-0.489743,-0.527448,0.5837958,0.3784873,0.2210039
esfera,pesos,0.5,0.694212,-0.489763,-0.527415,0.694226,-0.489743,-0.527448,0.5492458,0.441318,0.247659
esfera,pesos,1.0,0.694212,-0.489763,-0.527415,0.694226,-0.489743,-0.527448,0.5377292,0.4622616,0.2565441
esfera,cor,0.0,0.694212,-0.489763,-0.527415,0.694226,-0.489743,-0.527448,0.01562892,0.2963109,0.4768733
esfera,cor,0.3,0.694212,-0.489763,-0.527415,0.694226,-0.489743,-0.527448,0.01830869,0.2870477,0.4495693
esfera,cor,1.0,0.694212,-0.489763,-0.527415,0.694226,-0.489743,-0.527448,0.01926242,0.2880129,0.4125417
esfera,pesos,0.2,0.594140,-0.517613,-0.615642,0.594183,-0.517588,-0.615669,0.5042497,0.3976656,0.2045738
esfera,pesos,0.5,0.594140,-0.517613,-0.615642,0.594183,-0.517588,-0.615669,0.5356505,0.4398223,0.2437776
esfera,pesos,1.0,0.594140,-0.517613,-0.615642,0.594183,-0.517588,-0.615669,0.5461174,0.4538746,0.2568456
esfera,cor,0.0,0.594140,-0.517613,-0.615642,0.594183,-0.517588,-0.615669,0.151659,0.4855487,0.06549409
esfera,cor,0.3,0.594140,-0.517613,-0.615642,0.594183,-0.517588,-0.615669,0.1683322,0.3921431,0.03592585
esfera,cor,1.0,0.594140,-0.517613,-0.615642,0.594183,-0.517588,-0.615669,0.1968445,0.3355577,0.03011225
esfera,pesos,0.2,0.498755,-0.528155,-0.687203,0.498761,-0.528181,-0.687213,0.4327307,0.4082423,0.186289
esfera,pesos,0.5,0.498755,-0.528155,-0.687203,0.498761,-0.528181,-0.687213,0.5228851,0.4373603,0.2390239
esfera,pesos,1.0,0.498755,-0.528155,-0.687203,0.498761,-0.528181,-0.687213,0.5529367,0.4470664,0.2566022
esfera,cor,0.0,0.498755,-0.528155,-0.687203,0.498761,-0.528181,-0.687213,0.04407627,0.008952808,0.1139823
esfera,cor,0.3,0.498755,-0.528155,-0.687203,0.498761,-0.528181,-0.687213,0.03582655,0.08689351,0.1694217
esfera,cor,1.0,0.498755,-0.528155,-0.687203,0.498761,-0.528181,-0.687213,0.0319644,0.1177781,0.1916605
esfera,pesos,0.2,0.406755,-0.526206,-0.746736,0.406755,-0.526214,-0.746760,0.4175942,0.3840448,0.1645717
esfera,pesos,0.5,0.406755,-0.526206,-0.746736,0.406755,-0.526214,-0.746760,0.5103644,0.4344981,0.2333982
esfera,pesos,1.0,0.406755,-0.526206,-0.746736,0.406755,-0.526214,-0.746760,0.5584816,0.4415164,0.2559462
esfera,cor,0.0,0.406755,-0.526206,-0.746736,0.406755,-0.526214,-0.746760,0.1044447,0.009621042,0.03149787
esfera,cor,0.3,0.406755,-0.526206,-0.746736,0.406755,-0.526214,-0.746760,0.1515184,0.01577799,0.03303344
esfera,cor,1.0,0.406755,-0.526206,-0.746736,0.406755,-0.526214,-0.746760,0.1742542,0.01998344,0.03517356
esfera,pesos,0.2,0.317451,-0.514303,-0.796684,0.317410,-0.514314,-0.796701,0.4206372,0.3714243,0.1562349
esfera,pesos,0.5,0.317451,-0.514303,-0.796684,0.317410,-0.514314,-0.796701,0.4999091,0.4306044,0.2270554
esfera,pesos,1.0,0.317451,-0.514303,-0.796684,0.317410,-0.514314,-0.796701,0.5628994,0.4370985,0.254992
esfera,cor,0.0,0.317451,-0.514303,-0.796684,0.317410,-0.514314,-0.796701,0.7132061,0.07664653,0.8271456
esfera,cor,0.3,0.317451,-0.514303,-0.796684,0.317410,-0.514314,-0.796701,0.6143352,0.1038553,0.7110673
esfera,cor,1.0,0.317451,-0.514303,-0.796684,0.317410,-0.514314,-0.796701,0.3550457,0.1359886,0.5686573
esfera,pesos,0.2,0.230456,-0.493875,-0.838422,0.230434,-0.493903,-0.838427,0.442386,0.3765313,0.1665722
esfera,pesos,0.5,0.230456,-0.493875,-0.838422,0.230434,-0.493903,-0.838427,0.5068963,0.420247,0.2218832
esfera,pesos,1.0,0.230456,-0.493875,-0.838422,0.230434,-0.493903,-0.838427,0.5662416,0.4337615,0.2538186
esfera,cor,0.0,0.230456,-0.493875,-0.838422,0.230434,-0.493903,-0.838427,0.3710074,0.04553183,0.04553183
esfera,cor,0.3,0.230456,-0.493875,-0.838422,0.230434,-0.493903,-0.838427,0.3569525,0.04436644,0.05622968
esfera,cor,1.0,0.230456,-0.493875,-0.838422,0.230434,-0.493903,-0.838427,0.3277807,0.04485244,0.1782967
esfera,pesos,0.2,0.145532,-0.465803,-0.872801,0.145540,-0.465814,-0.872832,0.4636169,0.3835492,0.1778199
esfera,pesos,0.5,0.145532,-0.465803,-0.872801,0.145540,-0.465814,-0.872832,0.5135019,0.4134967,0.2184615
esfera,pesos,1.0,0.145532,-0.465803,-0.872801,0.145540,-0.465814,-0.872832,0.5684828,0.4315163,0.2524911
esfera,cor,0.0,0.145532,-0.465803,-0.872801,0.145540,-0.465814,-0.872832,0.3036252,0.3579451,0.0568457
esfera,cor,0.3,0.145532,-0.465803,-0.872801,0.145540,-0.465814,-0.872832,0.3036252,0.3579451,0.0568457
esfera,cor,1.0,0.145532,-0.465803,-0.872801,0.145540,-0.465814,-0.872832,0.24749,0.237594,0.07070119
esfera,pesos,0.2,0.062534,-0.430621,-0.900332,0.062528,-0.430624,-0.900363,0.4843664,0.3923448,0.1900387
esfera,pesos,0.5,0.062534,-0.430621,-0.900332,0.062528,-0.430624,-0.900363,0.5197698,0.4104775,0.2170767
esfera,pesos,1.0,0.062534,-0.430621,-0.900332,0.062528,-0.430624,-0.900363,0.5695539,0.4304435,0.2510862
esfera,cor,0.0,0.062534,-0.430621,-0.900332,0.062528,-0.430624,-0.900363,0.05173819,0.1071765,0.008258719
esfera,cor,0.3,0.062534,-0.430621,-0.900332,0.062528,-0.430624,-0.900363,0.05173819,0.1071765,0.008258719
esfera,cor,1.0,0.062534,-0.430621,-0.900332,0.062528,-0.430624,-0.900363,0.1321148,0.1638412,0.01438035
esfera,pesos,0.2,-0.018594,-0.388537,-0.921217,-0.018550,-0.388542,-0.921244,0.5046486,0.4028658,0.2033056
esfera,pesos,0.5,-0.018594,-0.388537,-0.921217,-0.018550,-0.388542,-0.921244,0.5257002,0.4114938,0.2180877
esfera,pesos,1.0,-0.018594,-0.388537,-0.921217,-0.018550,-0.388542,-0.921244,0.5673723,0.4299181,0.2483313
esfera,cor,0.0,-0.018594,-0.388537,-0.921217,-0.018550,-0.388542,-0.921244,0.5713207,0.08225931,0.003193641
esfera,cor,0.3,-0.018594,-0.388537,-0.921217,-0.018550,-0.388542,-0.921244,0.5713207,0.08225931,0.003193641
esfera,cor,1.0,-0.018594,-0.388537,-0.921217,-0.018550,-0.388542,-0.921244,0.4369602,0.1413053,0.2502109
esfera,pesos,0.2,-0.097854,-0.339554,-0.935460,-0.097865,-0.339543,-0.935486,0.5244634,0.4151114,0.2177107
esfera,pesos,0.5,-0.097854,-0.339554,-0.935460,-0.097865,-0.339543,-0.935486,0.5312908,0.4170816,0.2219907
esfera,pesos,1.0,-0.097854,-0.339554,-0.935460,-0.097865,-0.339543,-0.935486,0.5578378,0.4300558,0.2425319
esfera,cor,0.0,-0.097854,-0.339554,-0.935460,-0.097865,-0.339543,-0.935486,0.04291831,0.1334798,0.004685266
esfera,cor,0.3,-0.097854,-0.339554,-0.935460,-0.097865,-0.339543,-0.935486,0.04291831,0.1334798,0.004685266
esfera,cor,1.0,-0.097854,-0.339554,-0.935460,-0.097865,-0.339543,-0.935486,0.138136,0.1145608,0.05012403
esfera,pesos,0.2,-0.175182,-0.283443,-0.942838,-0.175210,-0.283450,-0.942846,0.5437956,0.4291392,0.233364
esfera,pesos,0.5,-0.175182,-0.283443,-0.942838,-0.175210,-0.283450,-0.942846,0.5437956,0.4291392,0.233364
esfera,pesos,1.0,-0.175182,-0.283443,-0.942838,-0.175210,-0.283450,-0.942846,0.5476671,0.4346131,0.2390526
esfera,cor,0.0,-0.175182,-0.283443,-0.942838,-0.175210,-0.283450,-0.942846,0.02518553,0.07670967,0.4630961
esfera,cor,0.3,-0.175182,-0.283443,-0.942838,-0.175210,-0.283450,-0.942846,0.02518553,0.07670967,0.4630961
esfera,cor,1.0,-0.175182,-0.283443,-0.942838,-0.175210,-0.283450,-0.942846,0.09323443,0.1173911,0.3882606
esfera,pesos,0.2,-0.250443,-0.219700,-0.942867,-0.250453,-0.219715,-0.942867,0.5626109,0.4450749,0.250404
esfera,pesos,0.5,-0.250443,-0.219700,-0.942867,-0.250453,-0.219715,-0.942867,0.5626109,0.4450749,0.250404
esfera,pesos,1.0,-0.250443,-0.219700,-0.942867,-0.250453,-0.219715,-0.942867,0.5366505,0.4438799,0.2379705
esfera,cor,0.0,-0.250443,-0.219700,-0.942867,-0.250453,-0.219715,-0.942867,0.09551966,0.9122305,0.9122305
esfera,cor,0.3,-0.250443,-0.219700,-0.942867,-0.250453,-0.219715,-0.942867,0.09551966,0.9122305,0.9122305
esfera,cor,1.0,-0.250443,-0.219700,-0.942867,-0.250453,-0.219715,-0.942867,0.256746,0.6209979,0.7040946
esfera,pesos,0.2,-0.323398,-0.147446,-0.934700,-0.323376,-0.147561,-0.934695,0.5808496,0.4631386,0.2690139
esfera,pesos,0.5,-0.323398,-0.147446,-0.934700,-0.323376,-0.147561,-0.934695,0.5764203,0.4631386,0.2669625
esfera,pesos,1.0,-0.323398,-0.147446,-0.934700,-0.323376,-0.147561,-0.934695,0.5245342,0.4585208,0.2395441
esfera,cor,0.0,-0.323398,-0.147446,-0.934700,-0.323376,-0.147561,-0.934695,0.01168956,0.06648421,0.1345771
esfera,cor,0.3,-0.323398,-0.147446,-0.934700,-0.323376,-0.147561,-0.934695,0.01168956,0.06648421,0.1345771
esfera,cor,1.0,-0.323398,-0.147446,-0.934700,-0.323376,-0.147561,-0.934695,0.06554303,0.06467433,0.1139918
esfera,pesos,0.2,-0.393653,-0.065219,-0.916930,-0.393678,-0.065290,-0.916927,0.5984131,0.4836952,0.2894495
esfera,pesos,0.5,-0.393653,-0.065219,-0.916930,-0.393678,-0.065290,-0.916927,0.5654004,0.4836952,0.2734815
esfera,pesos,1.0,-0.393653,-0.065219,-0.916930,-0.393678,-0.065290,-0.916927,0.5108733,0.479799,0.2442657
esfera,cor,0.0,-0.393653,-0.065219,-0.916930,-0.393678,-0.065290,-0.916927,0.004366491,0.2248299,0.02383397
esfera,cor,0.3,-0.393653,-0.065219,-0.916930,-0.393678,-0.065290,-0.916927,0.004366491,0.2248299,0.02383397
esfera,cor,1.0,-0.393653,-0.065219,-0.916930,-0.393678,-0.065290,-0.916927,0.01856844,0.2014904,0.0840157
esfera,pesos,0.2,-0.460526,0.029487,-0.887144,-0.460533,0.029396,-0.887156,0.6151315,0.5073718,0.3121004
esfera,pesos,0.5,-0.460526,0.029487,-0.887144,-0.460533,0.029396,-0.887156,0.5533271,0.5073718,0.2807425
esfera,pesos,1.0,-0.460526,0.029487,-0.887144,-0.460533,0.029396,-0.887156,0.4952656,0.5047568,0.2505562
esfera,cor,0.0,-0.460526,0.029487,-0.887144,-0.460533,0.029396,-0.887156,0.08856221,0.0165114,0.2357778
esfera,cor,0.3,-0.460526,0.029487,-0.887144,-0.460533,0.029396,-0.887156,0.08856221,0.0165114,0.2357778
esfera,cor,1.0,-0.460526,0.029487,-0.887144,-0.460533,0.029396,-0.887156,0.137057,0.01985577,0.1844634
esfera,pesos,0.2,-0.522700,0.141540,-0.840654,-0.522723,0.141631,-0.840655,0.6306751,0.5353849,0.3376539
esfera,pesos,0.5,-0.522700,0.141540,-0.840654,-0.522723,0.141631,-0.840655,0.5397373,0.5353849,0.2889672
esfera,pesos,1.0,-0.522700,0.141540,-0.840654,-0.522723,0.141631,-0.840655,0.4802191,0.5197576,0.2525727
esfera,cor,0.0,-0.522700,0.141540,-0.840654,-0.522723,0.141631,-0.840655,0.02629901,0.04351003,0.1317007
esfera,cor,0.3,-0.522700,0.141540,-0.840654,-0.522723,0.141631,-0.840655,0.023654,0.0402691,0.1317007
esfera,cor,1.0,-0.522700,0.141540,-0.840654,-0.522723,0.141631,-0.840655,0.02555577,0.0295232,0.1195242
esfera,pesos,0.2,-0.577022,0.282582,-0.766249,-0.577034,0.282632,-0.766258,0.5946093,0.5706455,0.339311
esfera,pesos,0.5,-0.577022,0.282582,-0.766249,-0.577034,0.282632,-0.766258,0.5236517,0.5706454,0.2988194
esfera,pesos,1.0,-0.577022,0.282582,-0.766249,-0.577034,0.282632,-0.766258,0.4667003,0.5332895,0.2547984
esfera,cor,0.0,-0.577022,0.282582,-0.766249,-0.577034,0.282632,-0.766258,0.5968137,0.0137343,0.0137343
esfera,cor,0.3,-0.577022,0.282582,-0.766249,-0.577034,0.282632,-0.766258,0.5633131,0.1683813,0.01574989
esfera,cor,1.0,-0.577022,0.282582,-0.766249,-0.577034,0.282632,-0.766258,0.5265511,0.3176437,0.01761905
esfera,pesos,0.2,-0.607832,0.510416,-0.608267,-0.607870,0.510413,-0.608253,0.489632,0.6082028,0.3005447
esfera,pesos,0.5,-0.607832,0.510416,-0.608267,-0.607870,0.510413,-0.608253,0.4636881,0.5607688,0.2677584
esfera,pesos,1.0,-0.607832,0.510416,-0.608267,-0.607870,0.510413,-0.608253,0.4550402,0.5449575,0.2568296
esfera,cor,0.0,-0.607832,0.510416,-0.608267,-0.607870,0.510413,-0.608253,0.003466957,0.2145308,0.03454671
esfera,cor,0.3,-0.607832,0.510416,-0.608267,-0.607870,0.510413,-0.608253,0.1183954,0.1649556,0.1671285
esfera,cor,1.0,-0.607832,0.510416,-0.608267,-0.607870,0.510413,-0.608253,0.1180817,0.197964,0.2544862
esfera,pesos,0.2,0.868090,-0.298502,-0.396583,0.868119,-0.298501,-0.396569,0.5991457,0.4253744,0.2548613
esfera,pesos,0.5,0.868090,-0.298502,-0.396583,0.868119,-0.298501,-0.396569,0.5589476,0.4253745,0.237762
esfera,pesos,1.0,0.868090,-0.298502,-0.396583,0.868119,-0.298501,-0.396569,0.5189362,0.4810666,0.2541099
esfera,cor,0.0,0.868090,-0.298502,-0.396583,0.868119,-0.298501,-0.396569,0.1999673,0.01783067,0.6521953
esfera,cor,0.3,0.868090,-0.298502,-0.396583,0.868119,-0.298501,-0.396569,0.1999673,0.01783067,0.6521953
esfera,cor,1.0,0.868090,-0.298502,-0.396583,0.868119,-0.298501,-0.396569,0.1222406,0.08484931,0.6300525
esfera,pesos,0.2,0.753483,-0.380004,-0.536474,0.753503,-0.380039,-0.536473,0.6085159,0.4049991,0.2464484
esfera,pesos,0.5,0.753483,-0.380004,-0.536474,0.753503,-0.380039,-0.536473,0.5363734,0.4245279,0.2296143
esfera,pesos,1.0,0.753483,-0.380004,-0.536474,0.753503,-0.380039,-0.536473,0.5305226,0.469485,0.2557529
esfera,cor,0.0,0.753483,-0.380004,-0.536474,0.753503,-0.380039,-0.536473,0.4546121,0.08999909,0.1766615
esfera,cor,0.3,0.753483,-0.380004,-0.536474,0.753503,-0.380039,-0.536473,0.4574937,0.08601908,0.1387255
esfera,cor,1.0,0.753483,-0.380004,-0.536474,0.753503,-0.380039,-0.536473,0.5330883,0.09678124,0.2030145
esfera,pesos,0.2,0.650766,-0.417614,-0.634100,0.650760,-0.417602,-0.634130,0.5083103,0.3955964,0.2010858
esfera,pesos,0.5,0.650766,-0.417614,-0.634100,0.650760,-0.417602,-0.634130,0.5200231,0.4258374,0.2256337
esfera,pesos,1.0,0.650766,-0.417614,-0.634100,0.650760,-0.417602,-0.634130,0.5388809,0.4611119,0.2563229
esfera,cor,0.0,0.650766,-0.417614,-0.634100,0.650760,-0.417602,-0.634130,0.9147123,0.6701003,0.160226
esfera,cor,0.3,0.650766,-0.417614,-0.634100,0.650760,-0.417602,-0.634130,0.5774508,0.7903871,0.0853361
esfera,cor,1.0,0.650766,-0.417614,-0.634100,0.650760,-0.417602,-0.634130,0.4643345,0.8180556,0.1285153
esfera,pesos,0.2,0.553942,-0.433473,-0.710780,0.553958,-0.433471,-0.710798,0.4215827,0.3916318,0.1651052
esfera,pesos,0.5,0.553942,-0.433473,-0.710780,0.553958,-0.433471,-0.710798,0.5049396,0.4257279,0.2208572
esfera,pesos,1.0,0.553942,-0.433473,-0.710780,0.553958,-0.433471,-0.710798,0.5453568,0.454641,0.2562801
esfera,cor,0.0,0.553942,-0.433473,-0.710780,0.553958,-0.433471,-0.710798,0.03224592,0.1215073,0.000904073
esfera,cor,0.3,0.553942,-0.433473,-0.710780,0.553958,-0.433471,-0.710798,0.02308397,0.1215073,0.01500183
esfera,cor,1.0,0.553942,-0.433473,-0.710780,0.553958,-0.433471,-0.710798,0.1858628,0.3209106,0.01698074
esfera,pesos,0.2,0.461044,-0.434835,-0.773501,0.461064,-0.434844,-0.773518,0.3847389,0.3912912,0.150545
esfera,pesos,0.5,0.461044,-0.434835,-0.773501,0.461064,-0.434844,-0.773518,0.4901817,0.4251528,0.2152826
esfera,pesos,1.0,0.461044,-0.434835,-0.773501,0.461064,-0.434844,-0.773518,0.5503706,0.4496298,0.2558057
esfera,cor,0.0,0.461044,-0.434835,-0.773501,0.461064,-0.434844,-0.773518,0.001452908,0.1287258,0.05230374
esfera,cor,0.3,0.461044,-0.434835,-0.773501,0.461064,-0.434844,-0.773518,0.002293124,0.1201085,0.06248284
esfera,cor,1.0,0.461044,-0.434835,-0.773501,0.461064,-0.434844,-0.773518,0.02056937,0.07433045,0.2809385
esfera,pesos,0.2,0.371157,-0.425086,-0.825524,0.371143,-0.425099,-0.825556,0.4072108,0.3937284,0.1603305
esfera,pesos,0.5,0.371157,-0.425086,-0.825524,0.371143,-0.425099,-0.825556,0.475244,0.4246405,0.2089528
esfera,pesos,1.0,0.371157,-0.425086,-0.825524,0.371143,-0.425099,-0.825556,0.5540921,0.4459054,0.2550186
esfera,cor,0.0,0.371157,-0.425086,-0.825524,0.371143,-0.425099,-0.825556,0.007747913,0.1372385,0.05477047
esfera,cor,0.3,0.371157,-0.425086,-0.825524,0.371143,-0.425099,-0.825556,0.007747913,0.1372385,0.05477047
esfera,cor,1.0,0.371157,-0.425086,-0.825524,0.371143,-0.425099,-0.825556,0.1968523,0.3039456,0.1259093
esfera,pesos,0.2,0.283775,-0.406086,-0.868637,0.283772,-0.406083,-0.868660,0.4290563,0.3984784,0.1709697
esfera,pesos,0.5,0.283775,-0.406086,-0.868637,0.283772,-0.406083,-0.868660,0.4685614,0.4221271,0.2036715
esfera,pesos,1.0,0.283775,-0.406086,-0.868637,0.283772,-0.406083,-0.868660,0.556581,0.4434155,0.2540126
esfera,cor,0.0,0.283775,-0.406086,-0.868637,0.283772,-0.406083,-0.868660,0.01305997,0.8154279,0.8154279
esfera,cor,0.3,0.283775,-0.406086,-0.868637,0.283772,-0.406083,-0.868660,0.01305997,0.8154279,0.8154279
esfera,cor,1.0,0.283775,-0.406086,-0.868637,0.283772,-0.406083,-0.868660,0.02015356,0.7677165,0.7677165
esfera,pesos,0.2,0.198617,-0.378878,-0.903847,0.198606,-0.378912,-0.903870,0.4503457,0.4052805,0.1825163
esfera,pesos,0.5,0.198617,-0.378878,-0.903847,0.198606,-0.378912,-0.903870,0.4753623,0.4183848,0.2021683
esfera,pesos,1.0,0.198617,-0.378878,-0.903847,0.198606,-0.378912,-0.903870,0.5577944,0.4422087,0.2528717
esfera,cor,0.0,0.198617,-0.378878,-0.903847,0.198606,-0.378912,-0.903870,0.03412172,0.01541264,0.4549653
esfera,cor,0.3,0.198617,-0.378878,-0.903847,0.198606,-0.378912,-0.903870,0.03412172,0.01541264,0.4549653
esfera,cor,1.0,0.198617,-0.378878,-0.903847,0.198606,-0.378912,-0.903870,0.1152983,0.07083187,0.4646117
esfera,pesos,0.2,0.115507,-0.344108,-0.931776,0.115507,-0.344125,-0.931792,0.4711232,0.4139729,0.1950322
esfera,pesos,0.5,0.115507,-0.344108,-0.931776,0.115507,-0.344125,-0.931792,0.4814432,0.418502,0.202624
esfera,pesos,1.0,0.115507,-0.344108,-0.931776,0.115507,-0.344125,-0.931792,0.557611,0.4423908,0.2516646
esfera,cor,0.0,0.115507,-0.344108,-0.931776,0.115507,-0.344125,-0.931792,0.1599252,0.01195406,0.1037742
esfera,cor,0.3,0.115507,-0.344108,-0.931776,0.115507,-0.344125,-0.931792,0.1599252,0.01195406,0.1037742
esfera,cor,1.0,0.115507,-0.344108,-0.931776,0.115507,-0.344125,-0.931792,0.1275233,0.09733957,0.09523786
esfera,pesos,0.2,0.034376,-0.302036,-0.952672,0.034374,-0.302078,-0.952663,0.491406,0.424491,0.2085975
esfera,pesos,0.5,0.034376,-0.302036,-0.952672,0.034374,-0.302078,-0.952663,0.491406,0.424491,0.2085975
esfera,pesos,1.0,0.034376,-0.302036,-0.952672,0.034374,-0.302078,-0.952663,0.5558096,0.4441989,0.2504839
esfera,cor,0.0,0.034376,-0.302036,-0.952672,0.034374,-0.302078,-0.952663,0.10133,0.02733648,0.2357702
esfera,cor,0.3,0.034376,-0.302036,-0.952672,0.034374,-0.302078,-0.952663,0.10133,0.02733648,0.2357702
esfera,cor,1.0,0.034376,-0.302036,-0.952672,0.034374,-0.302078,-0.952663,0.07996644,0.04208875,0.2297057
esfera,pesos,0.2,-0.044770,-0.252632,-0.966509,-0.044773,-0.252611,-0.966531,0.5111924,0.4368419,0.2233103
esfera,pesos,0.5,-0.044770,-0.252632,-0.966509,-0.044773,-0.252611,-0.966531,0.5111924,0.4368419,0.2233103
esfera,pesos,1.0,-0.044770,-0.252632,-0.966509,-0.044773,-0.252611,-0.966531,0.5482919,0.447228,0.2472195
esfera,cor,0.0,-0.044770,-0.252632,-0.966509,-0.044773,-0.252611,-0.966531,0.1900349,0.03392468,0.07520505
esfera,cor,0.3,-0.044770,-0.252632,-0.966509,-0.044773,-0.252611,-0.966531,0.1900349,0.03392468,0.07520505
esfera,cor,1.0,-0.044770,-0.252632,-0.966509,-0.044773,-0.252611,-0.966531,0.174767,0.03410115,0.06411368
esfera,pesos,0.2,-0.121866,-0.195667,-0.973064,-0.121856,-0.195719,-0.973060,0.5304666,0.4510834,0.2392846
esfera,pesos,0.5,-0.121866,-0.195667,-0.973064,-0.121856,-0.195719,-0.973060,0.5304666,0.4510834,0.2392846
esfera,pesos,1.0,-0.121866,-0.195667,-0.973064,-0.121856,-0.195719,-0.973060,0.5368921,0.4538812,0.2442626
esfera,cor,0.0,-0.121866,-0.195667,-0.973064,-0.121856,-0.195719,-0.973060,0.0009191284,0.03406924,0.5641173
esfera,cor,0.3,-0.121866,-0.195667,-0.973064,-0.121856,-0.195719,-0.973060,0.0009191284,0.03406924,0.5641173
esfera,cor,1.0,-0.121866,-0.195667,-0.973064,-0.121856,-0.195719,-0.973060,0.17975,0.03172876,0.4764912
esfera,pesos,0.2,-0.196739,-0.130489,-0.971712,-0.196735,-0.130496,-0.971734,0.5491847,0.4673778,0.2566767
esfera,pesos,0.5,-0.196739,-0.130489,-0.971712,-0.196735,-0.130496,-0.971734,0.5491847,0.4673778,0.2566767
esfera,pesos,1.0,-0.196739,-0.130489,-0.971712,-0.196735,-0.130496,-0.971734,0.5244065,0.465714,0.2438598
esfera,cor,0.0,-0.196739,-0.130489,-0.971712,-0.196735,-0.130496,-0.971734,0.7036346,0.02308025,0.01278354
esfera,cor,0.3,-0.196739,-0.130489,-0.971712,-0.196735,-0.130496,-0.971734,0.7036346,0.02308025,0.01278354
esfera,cor,1.0,-0.196739,-0.130489,-0.971712,-0.196735,-0.130496,-0.971734,0.5559624,0.07233519,0.1885244
esfera,pesos,0.2,-0.269106,-0.056062,-0.961453,-0.269119,-0.056105,-0.961471,0.5672764,0.4859844,0.2756875
esfera,pesos,0.5,-0.269106,-0.056062,-0.961453,-0.269119,-0.056105,-0.961471,0.5672764,0.4859844,0.2756875
esfera,pesos,1.0,-0.269106,-0.056062,-0.961453,-0.269119,-0.056105,-0.961471,0.5104792,0.4836621,0.2463655
esfera,cor,0.0,-0.269106,-0.056062,-0.961453,-0.269119,-0.056105,-0.961471,0.1308206,0.1624772,0.01209506
esfera,cor,0.3,-0.269106,-0.056062,-0.961453,-0.269119,-0.056105,-0.961471,0.1308206,0.1624772,0.01209506
esfera,cor,1.0,-0.269106,-0.056062,-0.961453,-0.269119,-0.056105,-0.961471,0.1150588,0.1416344,0.04385523
esfera,pesos,0.2,-0.338464,0.029473,-0.940497,-0.338468,0.029403,-0.940519,0.5846159,0.5073683,0.2966156
esfera,pesos,0.5,-0.338464,0.029473,-0.940497,-0.338468,0.029403,-0.940519,0.5752556,0.5073683,0.2918664
esfera,pesos,1.0,-0.338464,0.029473,-0.940497,-0.338468,0.029403,-0.940519,0.4947167,0.5053012,0.250456
esfera,cor,0.0,-0.338464,0.029473,-0.940497,-0.338468,0.029403,-0.940519,0.03605624,0.1354117,0.235884
esfera,cor,0.3,-0.338464,0.029473,-0.940497,-0.338468,0.029403,-0.940519,0.03605624,0.1354117,0.235884
esfera,cor,1.0,-0.338464,0.029473,-0.940497,-0.338468,0.029403,-0.940519,0.04596195,0.101818,0.230659
esfera,pesos,0.2,-0.403891,0.129517,-0.905571,-0.403908,0.129481,-0.905590,0.6009727,0.5323793,0.3199454
esfera,pesos,0.5,-0.403891,0.129517,-0.905571,-0.403908,0.129481,-0.905590,0.5627071,0.5323793,0.2995736
esfera,pesos,1.0,-0.403891,0.129517,-0.905571,-0.403908,0.129481,-0.905590,0.4796277,0.5203801,0.2520608
esfera,cor,0.0,-0.403891,0.129517,-0.905571,-0.403908,0.129481,-0.905590,0.05415755,0.2071387,0.001896375
esfera,cor,0.3,-0.403891,0.129517,-0.905571,-0.403908,0.129481,-0.905590,0.05415755,0.2071387,0.001896375
esfera,cor,1.0,-0.403891,0.129517,-0.905571,-0.403908,0.129481,-0.905590,0.05623627,0.2240842,0.08134
esfera,pesos,0.2,-0.463434,0.251283,-0.849727,-0.463450,0.251267,-0.849752,0.6158586,0.5628209,0.346618
esfera,pesos,0.5,-0.463434,0.251283,-0.849727,-0.463450,0.251267,-0.849752,0.5482858,0.5628209,0.3085866
esfera,pesos,1.0,-0.463434,0.251283,-0.849727,-0.463450,0.251267,-0.849752,0.4658813,0.5341234,0.2539552
esfera,cor,0.0,-0.463434,0.251283,-0.849727,-0.463450,0.251267,-0.849752,0.4283946,0.05576301,0.3679991
esfera,cor,0.3,-0.463434,0.251283,-0.849727,-0.463450,0.251267,-0.849752,0.4277933,0.05559729,0.3645153
esfera,cor,1.0,-0.463434,0.251283,-0.849727,-0.463450,0.251267,-0.849752,0.3445858,0.04303798,0.2625627
esfera,pesos,0.2,-0.511087,0.416944,-0.751616,-0.511107,0.416928,-0.751625,0.6202542,0.604236,0.37478
esfera,pesos,0.5,-0.511087,0.416944,-0.751616,-0.511107,0.416928,-0.751625,0.5074097,0.5762666,0.2978661
esfera,pesos,1.0,-0.511087,0.416944,-0.751616,-0.511107,0.416928,-0.751625,0.4533567,0.5466467,0.2559611
esfera,cor,0.0,-0.511087,0.416944,-0.751616,-0.511107,0.416928,-0.751625,0.002866831,0.1798487,0.2145708
esfera,cor,0.3,-0.511087,0.416944,-0.751616,-0.511107,0.416928,-0.751625,0.0415118,0.1479457,0.1983689
esfera,cor,1.0,-0.511087,0.416944,-0.751616,-0.511107,0.416928,-0.751625,0.2631089,0.08709414,0.2363166
esfera,pesos,0.2,0.820490,-0.241686,-0.518032,0.820489,-0.241733,-0.518037,0.629508,0.4395785,0.2767182
esfera,pesos,0.5,0.820490,-0.241686,-0.518032,0.820489,-0.241733,-0.518037,0.5378055,0.4395785,0.2364077
esfera,pesos,1.0,0.820490,-0.241686,-0.518032,0.820489,-0.241733,-0.518037,0.5198101,0.4801988,0.2540682
esfera,cor,0.0,0.820490,-0.241686,-0.518032,0.820489,-0.241733,-0.518037,0.1242391,0.001088716,0.02041914
esfera,cor,0.3,0.820490,-0.241686,-0.518032,0.820489,-0.241733,-0.518037,0.1166242,0.003837886,0.03323071
esfera,cor,1.0,0.820490,-0.241686,-0.518032,0.820489,-0.241733,-0.518037,0.09924699,0.02671949,0.05149481
esfera,pesos,0.2,0.712394,-0.299155,-0.634780,0.712415,-0.299140,-0.634807,0.5388011,0.4252113,0.2291043
esfera,pesos,0.5,0.712394,-0.299155,-0.634780,0.712415,-0.299140,-0.634807,0.5096994,0.4252113,0.21673
esfera,pesos,1.0,0.712394,-0.299155,-0.634780,0.712415,-0.299140,-0.634807,0.5288336,0.4711604,0.2551325
esfera,cor,0.0,0.712394,-0.299155,-0.634780,0.712415,-0.299140,-0.634807,0.5584606,0.1095341,0.6609107
esfera,cor,0.3,0.712394,-0.299155,-0.634780,0.712415,-0.299140,-0.634807,0.4695301,0.08308784,0.4411466
esfera,cor,1.0,0.712394,-0.299155,-0.634780,0.712415,-0.299140,-0.634807,0.3786635,0.09936145,0.3422226
esfera,pesos,0.2,0.613059,-0.324282,-0.720386,0.613038,-0.324301,-0.720426,0.4462998,0.4189295,0.1869681
esfera,pesos,0.5,0.613059,-0.324282,-0.720386,0.613038,-0.324301,-0.720426,0.4865695,0.4189295,0.2038383
esfera,pesos,1.0,0.613059,-0.324282,-0.720386,0.613038,-0.324301,-0.720426,0.5352256,0.4647714,0.2553987
esfera,cor,0.0,0.613059,-0.324282,-0.720386,0.613038,-0.324301,-0.720426,0.09853839,0.1335631,0.5663645
esfera,cor,0.3,0.613059,-0.324282,-0.720386,0.613038,-0.324301,-0.720426,0.2474818,0.09367025,0.4856717
esfera,cor,1.0,0.613059,-0.324282,-0.720386,0.613038,-0.324301,-0.720426,0.2531079,0.1091341,0.3754165
esfera,pesos,0.2,0.518718,-0.330973,-0.788239,0.518714,-0.331011,-0.788269,0.3703205,0.4172568,0.1545187
esfera,pesos,0.5,0.518718,-0.330973,-0.788239,0.518714,-0.331011,-0.788269,0.467329,0.418363,0.1957673
esfera,pesos,1.0,0.518718,-0.330973,-0.788239,0.518714,-0.331011,-0.788269,0.5398195,0.4601839,0.2551661
esfera,cor,0.0,0.518718,-0.330973,-0.788239,0.518714,-0.331011,-0.788269,0.1640577,0.07540436,0.05797255
esfera,cor,0.3,0.518718,-0.330973,-0.788239,0.518714,-0.331011,-0.788269,0.1453648,0.07618051,0.04967162
esfera,cor,1.0,0.518718,-0.330973,-0.788239,0.518714,-0.331011,-0.788269,0.09562534,0.06286983,0.07023967
esfera,pesos,0.2,0.427918,-0.324590,-0.843501,0.427943,-0.324589,-0.843509,0.3930204,0.4188526,0.1646176
esfera,pesos,0.5,0.427918,-0.324590,-0.843501,0.427943,-0.324589,-0.843509,0.4498362,0.4204381,0.1895422
esfera,pesos,1.0,0.427918,-0.324590,-0.843501,0.427943,-0.324589,-0.843509,0.5428887,0.4571122,0.2545882
esfera,cor,0.0,0.427918,-0.324590,-0.843501,0.427943,-0.324589,-0.843509,0.5120174,0.1145778,0.07659958
esfera,cor,0.3,0.427918,-0.324590,-0.843501,0.427943,-0.324589,-0.843509,0.5120174,0.1145778,0.07659958
esfera,cor,1.0,0.427918,-0.324590,-0.843501,0.427943,-0.324589,-0.843509,0.409299,0.2567091,0.07188259
esfera,pesos,0.2,0.339967,-0.307695,-0.888643,0.339955,-0.307709,-0.888676,0.4150083,0.4230762,0.1755801
esfera,pesos,0.5,0.339967,-0.307695,-0.888643,0.339955,-0.307709,-0.888676,0.4315659,0.4231923,0.1826691
esfera,pesos,1.0,0.339967,-0.307695,-0.888643,0.339955,-0.307709,-0.888676,0.5444923,0.4555057,0.2537811
esfera,cor,0.0,0.339967,-0.307695,-0.888643,0.339955,-0.307709,-0.888676,0.6616704,0.7812627,0.1220025
esfera,cor,0.3,0.339967,-0.307695,-0.888643,0.339955,-0.307709,-0.888676,0.6616704,0.7812627,0.1220025
esfera,cor,1.0,0.339967,-0.307695,-0.888643,0.339955,-0.307709,-0.888676,0.516051,0.6487458,0.09676227
esfera,pesos,0.2,0.254458,-0.281780,-0.925098,0.254460,-0.281787,-0.925119,0.4363855,0.429555,0.1874515
esfera,pesos,0.5,0.254458,-0.281780,-0.925098,0.254460,-0.281787,-0.925119,0.4363855,0.429555,0.1874515
esfera,pesos,1.0,0.254458,-0.281780,-0.925098,0.254460,-0.281787,-0.925119,0.5445947,0.4554049,0.2528368
esfera,cor,0.0,0.254458,-0.281780,-0.925098,0.254460,-0.281787,-0.925119,0.1937524,0.4444146,0.02830452
esfera,cor,0.3,0.254458,-0.281780,-0.925098,0.254460,-0.281787,-0.925119,0.1937524,0.4444146,0.02830452
esfera,cor,1.0,0.254458,-0.281780,-0.925098,0.254460,-0.281787,-0.925119,0.165706,0.3732595,0.106501
esfera,pesos,0.2,0.171192,-0.247589,-0.953584,0.171201,-0.247581,-0.953621,0.457202,0.4381027,0.2003014
esfera,pesos,0.5,0.171192,-0.247589,-0.953584,0.171201,-0.247581,-0.953621,0.457202,0.4381027,0.2003014
esfera,pesos,1.0,0.171192,-0.247589,-0.953584,0.171201,-0.247581,-0.953621,0.5430069,0.4569896,0.2518388
esfera,cor,0.0,0.171192,-0.247589,-0.953584,0.171201,-0.247581,-0.953621,0.001305016,0.1577008,0.01375536
esfera,cor,0.3,0.171192,-0.247589,-0.953584,0.171201,-0.247581,-0.953621,0.001305016,0.1577008,0.01375536
esfera,cor,1.0,0.171192,-0.247589,-0.953584,0.171201,-0.247581,-0.953621,0.1598407,0.1392536,0.0236245
esfera,pesos,0.2,0.090062,-0.205511,-0.974475,0.090078,-0.205495,-0.974504,0.4774845,0.4486222,0.2142102
esfera,pesos,0.5,0.090062,-0.205511,-0.974475,0.090078,-0.205495,-0.974504,0.4774845,0.4486222,0.2142102
esfera,pesos,1.0,0.090062,-0.205511,-0.974475,0.090078,-0.205495,-0.974504,0.5394194,0.4605779,0.250886
esfera,cor,0.0,0.090062,-0.205511,-0.974475,0.090078,-0.205495,-0.974504,0.1933876,0.6950724,0.01055993
esfera,cor,0.3,0.090062,-0.205511,-0.974475,0.090078,-0.205495,-0.974504,0.1933876,0.6950724,0.01055993
esfera,cor,1.0,0.090062,-0.205511,-0.974475,0.090078,-0.205495,-0.974504,0.2042631,0.6484601,0.01210363
esfera,pesos,0.2,0.011075,-0.155524,-0.987750,0.011333,-0.155603,-0.987755,0.4972314,0.4611191,0.2292829
esfera,pesos,0.5,0.011075,-0.155524,-0.987750,0.011333,-0.155603,-0.987755,0.4972314,0.4611191,0.2292829
esfera,pesos,1.0,0.011075,-0.155524,-0.987750,0.011333,-0.155603,-0.987755,0.533332,0.4667317,0.2501218
esfera,cor,0.0,0.011075,-0.155524,-0.987750,0.011333,-0.155603,-0.987755,0.009848784,0.1836438,0.08774774
esfera,cor,0.3,0.011075,-0.155524,-0.987750,0.011333,-0.155603,-0.987755,0.009848784,0.1836438,0.08774774
esfera,cor,1.0,0.011075,-0.155524,-0.987750,0.011333,-0.155603,-0.987755,0.01098296,0.1629486,0.1341694
esfera,pesos,0.2,-0.065677,-0.097281,-0.993075,-0.065685,-0.097294,-0.993086,0.5164192,0.4756798,0.2456502
esfera,pesos,0.5,-0.065677,-0.097281,-0.993075,-0.065685,-0.097294,-0.993086,0.5164192,0.4756798,0.2456502
esfera,pesos,1.0,-0.065677,-0.097281,-0.993075,-0.065685,-0.097294,-0.993086,0.5208926,0.4763448,0.2482756
esfera,cor,0.0,-0.065677,-0.097281,-0.993075,-0.065685,-0.097294,-0.993086,0.03086748,0.1985513,0.01970241
esfera,cor,0.3,-0.065677,-0.097281,-0.993075,-0.065685,-0.097294,-0.993086,0.03086748,0.1985513,0.01970241
esfera,cor,1.0,-0.065677,-0.097281,-0.993075,-0.065685,-0.097294,-0.993086,0.05202972,0.1873392,0.04997732
esfera,pesos,0.2,-0.139972,-0.029974,-0.989673,-0.139974,-0.029887,-0.989704,0.5349931,0.4925064,0.2634875
esfera,pesos,0.5,-0.139972,-0.029974,-0.989673,-0.139974,-0.029887,-0.989704,0.5349931,0.4925064,0.2634875
esfera,pesos,1.0,-0.139972,-0.029974,-0.989673,-0.139974,-0.029887,-0.989704,0.5063776,0.4917976,0.2488644
esfera,cor,0.0,-0.139972,-0.029974,-0.989673,-0.139974,-0.029887,-0.989704,0.8068634,0.9564345,0.1509213
esfera,cor,0.3,-0.139972,-0.029974,-0.989673,-0.139974,-0.029887,-0.989704,0.8068634,0.9564345,0.1509213
esfera,cor,1.0,-0.139972,-0.029974,-0.989673,-0.139974,-0.029887,-0.989704,0.7385399,0.829051,0.247241
esfera,pesos,0.2,-0.211437,0.047783,-0.976207,-0.211444,0.047818,-0.976220,0.5528592,0.5119457,0.2830339
esfera,pesos,0.5,-0.211437,0.047783,-0.976207,-0.211444,0.047818,-0.976220,0.5528592,0.5119457,0.2830339
esfera,pesos,1.0,-0.211437,0.047783,-0.976207,-0.211444,0.047818,-0.976220,0.4905534,0.5094375,0.2504947
esfera,cor,0.0,-0.211437,0.047783,-0.976207,-0.211444,0.047818,-0.976220,0.0921744,0.1189906,0.001513569
esfera,cor,0.3,-0.211437,0.047783,-0.976207,-0.211444,0.047818,-0.976220,0.0921744,0.1189906,0.001513569
esfera,cor,1.0,-0.211437,0.047783,-0.976207,-0.211444,0.047818,-0.976220,0.08357123,0.1123457,0.05404931
esfera,pesos,0.2,-0.279346,0.138666,-0.950101,-0.279347,0.138761,-0.950111,0.5698365,0.5346665,0.3046725
esfera,pesos,0.5,-0.279346,0.138666,-0.950101,-0.279347,0.138761,-0.950111,0.5698365,0.5346665,0.3046725
esfera,pesos,1.0,-0.279346,0.138666,-0.950101,-0.279347,0.138761,-0.950111,0.4759112,0.5240681,0.251672
esfera,cor,0.0,-0.279346,0.138666,-0.950101,-0.279347,0.138761,-0.950111,0.1479367,0.03651228,0.007890715
esfera,cor,0.3,-0.279346,0.138666,-0.950101,-0.279347,0.138761,-0.950111,0.1479367,0.03651228,0.007890715
esfera,cor,1.0,-0.279346,0.138666,-0.950101,-0.279347,0.138761,-0.950111,0.1505229,0.05672316,0.04684757
esfera,pesos,0.2,-0.342266,0.247967,-0.906261,-0.342274,0.247987,-0.906284,0.5855664,0.5619918,0.3290835
esfera,pesos,0.5,-0.342266,0.247967,-0.906261,-0.342274,0.247987,-0.906284,0.5704994,0.5619918,0.320616
esfera,pesos,1.0,-0.342266,0.247967,-0.906261,-0.342274,0.247987,-0.906284,0.4624567,0.5375404,0.253211
esfera,cor,0.0,-0.342266,0.247967,-0.906261,-0.342274,0.247987,-0.906284,0.105736,0.05724917,0.1908996
esfera,cor,0.3,-0.342266,0.247967,-0.906261,-0.342274,0.247987,-0.906284,0.105736,0.05724917,0.1908996
esfera,cor,1.0,-0.342266,0.247967,-0.906261,-0.342274,0.247987,-0.906284,0.1080297,0.09008218,0.1357693
esfera,pesos,0.2,-0.396420,0.389626,-0.831263,-0.396428,0.389602,-0.831297,0.599105,0.5974064,0.3579091
esfera,pesos,0.5,-0.396420,0.389626,-0.831263,-0.396428,0.389602,-0.831297,0.5331128,0.5773169,0.3126151
esfera,pesos,1.0,-0.396420,0.389626,-0.831263,-0.396428,0.389602,-0.831297,0.4499398,0.5500683,0.2549655
esfera,cor,0.0,-0.396420,0.389626,-0.831263,-0.396428,0.389602,-0.831297,0.01834059,0.4631911,0.005388532
esfera,cor,0.3,-0.396420,0.389626,-0.831263,-0.396428,0.389602,-0.831297,0.01834059,0.4631911,0.005388532
esfera,cor,1.0,-0.396420,0.389626,-0.831263,-0.396428,0.389602,-0.831297,0.01272926,0.4142091,0.1275182
esfera,pesos,0.2,0.913823,-0.006186,-0.406010,0.913848,-0.006185,-0.406008,0.6015026,0.4984535,0.2998211
esfera,pesos,0.5,0.913823,-0.006186,-0.406010,0.913848,-0.006185,-0.406008,0.5634811,0.4984535,0.2808692
esfera,pesos,1.0,0.913823,-0.006186,-0.406010,0.913848,-0.006185,-0.406008,0.5004757,0.4995264,0.2501092
esfera,cor,0.0,0.913823,-0.006186,-0.406010,0.913848,-0.006185,-0.406008,0.02815059,0.6008533,0.009606805
esfera,cor,0.3,0.913823,-0.006186,-0.406010,0.913848,-0.006185,-0.406008,0.02815059,0.6008533,0.009606805
esfera,cor,1.0,0.913823,-0.006186,-0.406010,0.913848,-0.006185,-0.406008,0.2034118,0.5429085,0.03412639
esfera,pesos,0.2,0.782785,-0.148344,-0.604309,0.782813,-0.148365,-0.604311,0.5892519,0.462914,0.272773
esfera,pesos,0.5,0.782785,-0.148344,-0.604309,0.782813,-0.148365,-0.604311,0.5223151,0.462914,0.2417869
esfera,pesos,1.0,0.782785,-0.148344,-0.604309,0.782813,-0.148365,-0.604311,0.5146002,0.4854064,0.25286
esfera,cor,0.0,0.782785,-0.148344,-0.604309,0.782813,-0.148365,-0.604311,0.007481725,0.1395978,0.002818137
esfera,cor,0.3,0.782785,-0.148344,-0.604309,0.782813,-0.148365,-0.604311,0.007885505,0.1395978,0.02153013
esfera,cor,1.0,0.782785,-0.148344,-0.604309,0.782813,-0.148365,-0.604311,0.0470814,0.1265851,0.05093163
esfera,pesos,0.2,0.678057,-0.193382,-0.709087,0.678069,-0.193353,-0.709110,0.4844784,0.4516545,0.2188168
esfera,pesos,0.5,0.678057,-0.193382,-0.709087,0.678069,-0.193353,-0.709110,0.4961186,0.4516545,0.2240742
esfera,pesos,1.0,0.678057,-0.193382,-0.709087,0.678069,-0.193353,-0.709110,0.5216852,0.4783062,0.2536719
esfera,cor,0.0,0.678057,-0.193382,-0.709087,0.678069,-0.193353,-0.709110,0.0164187,0.06955346,0.5354117
esfera,cor,0.3,0.678057,-0.193382,-0.709087,0.678069,-0.193353,-0.709110,0.009976941,0.2851081,0.5354116
esfera,cor,1.0,0.678057,-0.193382,-0.709087,0.678069,-0.193353,-0.709110,0.008738331,0.3231104,0.474322
esfera,pesos,0.2,0.581079,-0.209806,-0.786312,0.581100,-0.209800,-0.786325,0.3973914,0.4475486,0.177852
esfera,pesos,0.5,0.581079,-0.209806,-0.786312,0.581100,-0.209800,-0.786325,0.4743491,0.4475486,0.2122943
esfera,pesos,1.0,0.581079,-0.209806,-0.786312,0.581100,-0.209800,-0.786325,0.5261498,0.4738491,0.2537979
esfera,cor,0.0,0.581079,-0.209806,-0.786312,0.581100,-0.209800,-0.786325,0.04938654,0.7558497,0.02103081
esfera,cor,0.3,0.581079,-0.209806,-0.786312,0.581100,-0.209800,-0.786325,0.04712588,0.5707386,0.2046356
esfera,cor,1.0,0.581079,-0.209806,-0.786312,0.581100,-0.209800,-0.786325,0.04099174,0.4513188,0.2967455
esfera,pesos,0.2,0.488760,-0.209031,-0.846976,0.488785,-0.209021,-0.846995,0.3778099,0.4477423,0.1691615
esfera,pesos,0.5,0.488760,-0.209031,-0.846976,0.488785,-0.209021,-0.846995,0.4552273,0.4477423,0.2038245
esfera,pesos,1.0,0.488760,-0.209031,-0.846976,0.488785,-0.209021,-0.846995,0.5286521,0.4713462,0.2534998
esfera,cor,0.0,0.488760,-0.209031,-0.846976,0.488785,-0.209021,-0.846995,0.02526095,0.7446645,0.7446645
esfera,cor,0.3,0.488760,-0.209031,-0.846976,0.488785,-0.209021,-0.846995,0.04673836,0.7074658,0.7205031
esfera,cor,1.0,0.488760,-0.209031,-0.846976,0.488785,-0.209021,-0.846995,0.2139354,0.4283804,0.5427225
esfera,pesos,0.2,0.399873,-0.195589,-0.895442,0.399894,-0.195598,-0.895447,0.4000317,0.4511026,0.1804554
esfera,pesos,0.5,0.399873,-0.195589,-0.895442,0.399894,-0.195598,-0.895447,0.4380603,0.4511026,0.1976101
esfera,pesos,1.0,0.399873,-0.195589,-0.895442,0.399894,-0.195598,-0.895447,0.5293713,0.4706325,0.2529377
esfera,cor,0.0,0.399873,-0.195589,-0.895442,0.399894,-0.195598,-0.895447,0.05326295,0.02735441,0.5631343
esfera,cor,0.3,0.399873,-0.195589,-0.895442,0.399894,-0.195598,-0.895447,0.05326295,0.02735441,0.5631343
esfera,cor,1.0,0.399873,-0.195589,-0.895442,0.399894,-0.195598,-0.895447,0.2225912,0.06932641,0.4226839
esfera,pesos,0.2,0.313827,-0.171662,-0.933811,0.313839,-0.171630,-0.933835,0.4215434,0.4570844,0.1926809
esfera,pesos,0.5,0.313827,-0.171662,-0.933811,0.313839,-0.171630,-0.933835,0.4225036,0.4570844,0.1931198
esfera,pesos,1.0,0.313827,-0.171662,-0.933811,0.313839,-0.171630,-0.933835,0.5282311,0.4717614,0.2522111
esfera,cor,0.0,0.313827,-0.171662,-0.933811,0.313839,-0.171630,-0.933835,0.3067439,0.02464662,0.2002506
esfera,cor,0.3,0.313827,-0.171662,-0.933811,0.313839,-0.171630,-0.933835,0.3067439,0.02464662,0.2002506
esfera,cor,1.0,0.313827,-0.171662,-0.933811,0.313839,-0.171630,-0.933835,0.2767074,0.04516008,0.1772824
esfera,pesos,0.2,0.230306,-0.138409,-0.963200,0.230329,-0.138386,-0.963223,0.4424235,0.4653978,0.2059029
esfera,pesos,0.5,0.230306,-0.138409,-0.963200,0.230329,-0.138386,-0.963223,0.4424235,0.4653978,0.2059029
esfera,pesos,1.0,0.230306,-0.138409,-0.963200,0.230329,-0.138386,-0.963223,0.525022,0.474975,0.2514389
esfera,cor,0.0,0.230306,-0.138409,-0.963200,0.230329,-0.138386,-0.963223,0.1397444,0.04530326,0.06640454
esfera,cor,0.3,0.230306,-0.138409,-0.963200,0.230329,-0.138386,-0.963223,0.1397444,0.04530326,0.06640454
esfera,cor,1.0,0.230306,-0.138409,-0.963200,0.230329,-0.138386,-0.963223,0.1446886,0.03912893,0.05793934
esfera,pesos,0.2,0.149178,-0.096323,-0.984084,0.149159,-0.096327,-0.984110,0.4627055,0.4759191,0.2202104
esfera,pesos,0.5,0.149178,-0.096323,-0.984084,0.149159,-0.096327,-0.984110,0.4627055,0.4759191,0.2202104
esfera,pesos,1.0,0.149178,-0.096323,-0.984084,0.149159,-0.096327,-0.984110,0.5192689,0.4807273,0.250717
esfera,cor,0.0,0.149178,-0.096323,-0.984084,0.149159,-0.096327,-0.984110,0.5242876,0.08773602,0.2017128
esfera,cor,0.3,0.149178,-0.096323,-0.984084,0.149159,-0.096327,-0.984110,0.5242876,0.08773602,0.2017128
esfera,cor,1.0,0.149178,-0.096323,-0.984084,0.149159,-0.096327,-0.984110,0.4379425,0.07997622,0.2252939
esfera,pesos,0.2,0.070446,-0.045395,-0.996452,0.070434,-0.045417,-0.996482,0.4823886,0.4886513,0.2357198
esfera,pesos,0.5,0.070446,-0.045395,-0.996452,0.070434,-0.045417,-0.996482,0.4823886,0.4886513,0.2357198
esfera,pesos,1.0,0.070446,-0.045395,-0.996452,0.070434,-0.045417,-0.996482,0.5101682,0.4898338,0.2501802
esfera,cor,0.0,0.070446,-0.045395,-0.996452,0.070434,-0.045417,-0.996482,0.1042438,0.0004446983,0.01654072
esfera,cor,0.3,0.070446,-0.045395,-0.996452,0.070434,-0.045417,-0.996482,0.1042438,0.0004446983,0.01654072
esfera,cor,1.0,0.070446,-0.045395,-0.996452,0.070434,-0.045417,-0.996482,0.09615219,0.03924072,0.02156754
esfera,pesos,0.2,-0.005762,0.014852,-0.999848,-0.005527,0.015014,-0.999872,0.5014406,0.5037131,0.2525822
esfera,pesos,0.5,-0.005762,0.014852,-0.999848,-0.005527,0.015014,-0.999872,0.5014406,0.5037131,0.2525822
esfera,pesos,1.0,-0.005762,0.014852,-0.999848,-0.005527,0.015014,-0.999872,0.4963797,0.5036373,0.250014
esfera,cor,0.0,-0.005762,0.014852,-0.999848,-0.005527,0.015014,-0.999872,0.01891899,0.3590606,0.007041255
esfera,cor,0.3,-0.005762,0.014852,-0.999848,-0.005527,0.015014,-0.999872,0.01891899,0.3590606,0.007041255
esfera,cor,1.0,-0.005762,0.014852,-0.999848,-0.005527,0.015014,-0.999872,0.02089266,0.3616568,0.01434222
esfera,pesos,0.2,-0.079138,0.085557,-0.993173,-0.079131,0.085486,-0.993192,0.5197845,0.5213892,0.27101
esfera,pesos,0.5,-0.079138,0.085557,-0.993173,-0.079131,0.085486,-0.993192,0.5197845,0.5213892,0.27101
esfera,pesos,1.0,-0.079138,0.085557,-0.993173,-0.079131,0.085486,-0.993192,0.4816692,0.5183492,0.250372
esfera,cor,0.0,-0.079138,0.085557,-0.993173,-0.079131,0.085486,-0.993192,0.5256127,0.659621,0.0335924
esfera,cor,0.3,-0.079138,0.085557,-0.993173,-0.079131,0.085486,-0.993192,0.5256127,0.659621,0.0335924
esfera,cor,1.0,-0.079138,0.085557,-0.993173,-0.079131,0.085486,-0.993192,0.4687921,0.6125423,0.08052052
esfera,pesos,0.2,-0.149071,0.168967,-0.974264,-0.149066,0.168846,-0.974305,0.5372679,0.5422418,0.2913291
esfera,pesos,0.5,-0.149071,0.168967,-0.974264,-0.149066,0.168846,-0.974305,0.5372679,0.5422418,0.2913291
esfera,pesos,1.0,-0.149071,0.168967,-0.974264,-0.149066,0.168846,-0.974305,0.4681771,0.5318528,0.2512011
esfera,cor,0.0,-0.149071,0.168967,-0.974264,-0.149066,0.168846,-0.974305,0.1042118,0.469034,0.8453047
esfera,cor,0.3,-0.149071,0.168967,-0.974264,-0.149066,0.168846,-0.974305,0.1042118,0.469034,0.8453047
esfera,cor,1.0,-0.149071,0.168967,-0.974264,-0.149066,0.168846,-0.974305,0.177967,0.4273789,0.6655735
esfera,pesos,0.2,-0.214348,0.269568,-0.938801,-0.214360,0.269580,-0.938817,0.553587,0.5673921,0.3141008
esfera,pesos,0.5,-0.214348,0.269568,-0.938801,-0.214360,0.269580,-0.938817,0.553587,0.5673921,0.3141008
esfera,pesos,1.0,-0.214348,0.269568,-0.938801,-0.214360,0.269580,-0.938817,0.4555283,0.5444694,0.2523818
esfera,cor,0.0,-0.214348,0.269568,-0.938801,-0.214360,0.269580,-0.938817,0.1818797,0.7762392,0.002444652
esfera,cor,0.3,-0.214348,0.269568,-0.938801,-0.214360,0.269580,-0.938817,0.1818797,0.7762392,0.002444652
esfera,cor,1.0,-0.214348,0.269568,-0.938801,-0.214360,0.269580,-0.938817,0.210785,0.5799298,0.2866323
esfera,pesos,0.2,-0.271875,0.398777,-0.875790,-0.271866,0.398790,-0.875817,0.5679687,0.5996944,0.3406076
esfera,pesos,0.5,-0.271875,0.398777,-0.875790,-0.271866,0.398790,-0.875817,0.5318902,0.5786115,0.3130461
esfera,pesos,1.0,-0.271875,0.398777,-0.875790,-0.271866,0.398790,-0.875817,0.4435423,0.556459,0.2538384
esfera,cor,0.0,-0.271875,0.398777,-0.875790,-0.271866,0.398790,-0.875817,0.3658633,0.2329952,0.02053944
esfera,cor,0.3,-0.271875,0.398777,-0.875790,-0.271866,0.398790,-0.875817,0.3658633,0.2329952,0.02053944
esfera,cor,1.0,-0.271875,0.398777,-0.875790,-0.271866,0.398790,-0.875817,0.3128747,0.162995,0.08264883
esfera,pesos,0.2,-0.303120,0.625005,-0.719356,-0.303117,0.625011,-0.719362,0.4928199,0.5809466,0.299304
esfera,pesos,0.5,-0.303120,0.625005,-0.719356,-0.303117,0.625011,-0.719362,0.4659103,0.55652,0.2738241
esfera,pesos,1.0,-0.303120,0.625005,-0.719356,-0.303117,0.625011,-0.719362,0.4317746,0.5682252,0.2551702
esfera,cor,0.0,-0.303120,0.625005,-0.719356,-0.303117,0.625011,-0.719362,0.002199353,0.1174549,0.1174549
esfera,cor,0.3,-0.303120,0.625005,-0.719356,-0.303117,0.625011,-0.719362,0.05491002,0.3675997,0.1833805
esfera,cor,1.0,-0.303120,0.625005,-0.719356,-0.303117,0.625011,-0.719362,0.05868348,0.3652103,0.170028
esfera,pesos,0.2,0.754963,-0.018520,-0.655456,0.754974,-0.018532,-0.655493,0.5497354,0.49537,0.2723224
esfera,pesos,0.5,0.754963,-0.018520,-0.655456,0.754974,-0.018532,-0.655493,0.5124311,0.49537,0.253843
esfera,pesos,1.0,0.754963,-0.018520,-0.655456,0.754974,-0.018532,-0.655493,0.5021215,0.4978778,0.2504008
esfera,cor,0.0,0.754963,-0.018520,-0.655456,0.754974,-0.018532,-0.655493,0.05443875,0.5789994,0.1277196
esfera,cor,0.3,0.754963,-0.018520,-0.655456,0.754974,-0.018532,-0.655493,0.0431761,0.652335,0.08110876
esfera,cor,1.0,0.754963,-0.018520,-0.655456,0.754974,-0.018532,-0.655493,0.04719471,0.6615763,0.07082053
esfera,pesos,0.2,0.651297,-0.059637,-0.756459,0.651292,-0.059632,-0.756481,0.4474028,0.4850909,0.217031
esfera,pesos,0.5,0.651297,-0.059637,-0.756459,0.651292,-0.059632,-0.756481,0.4868482,0.4850909,0.2361656
esfera,pesos,1.0,0.651297,-0.059637,-0.756459,0.651292,-0.059632,-0.756481,0.507682,0.4923135,0.2512491
esfera,cor,0.0,0.651297,-0.059637,-0.756459,0.651292,-0.059632,-0.756481,0.006273352,0.1854165,0.001296858
esfera,cor,0.3,0.651297,-0.059637,-0.756459,0.651292,-0.059632,-0.756481,0.01054428,0.1854165,0.01597018
esfera,cor,1.0,0.651297,-0.059637,-0.756459,0.651292,-0.059632,-0.756481,0.01378783,0.1960349,0.05446009
esfera,pesos,0.2,0.555842,-0.070437,-0.828269,0.555869,-0.070416,-0.828282,0.3637998,0.4823907,0.1754936
esfera,pesos,0.5,0.555842,-0.070437,-0.828269,0.555869,-0.070416,-0.828282,0.4659519,0.4823907,0.2247709
esfera,pesos,1.0,0.555842,-0.070437,-0.828269,0.555869,-0.070416,-0.828282,0.5100268,0.4899703,0.2513914
esfera,cor,0.0,0.555842,-0.070437,-0.828269,0.555869,-0.070416,-0.828282,0.2650747,0.001740799,0.001740799
esfera,cor,0.3,0.555842,-0.070437,-0.828269,0.555869,-0.070416,-0.828282,0.2274265,0.02838882,0.04703023
esfera,cor,1.0,0.555842,-0.070437,-0.828269,0.555869,-0.070416,-0.828282,0.1753083,0.08556784,0.1444635
esfera,pesos,0.2,0.465224,-0.063385,-0.882888,0.465231,-0.063416,-0.882915,0.3836939,0.4841537,0.1857668
esfera,pesos,0.5,0.465224,-0.063385,-0.882888,0.465231,-0.063416,-0.882915,0.4477897,0.4841537,0.216799
esfera,pesos,1.0,0.465224,-0.063385,-0.882888,0.465231,-0.063416,-0.882915,0.5099151,0.4900908,0.2511563
esfera,cor,0.0,0.465224,-0.063385,-0.882888,0.465231,-0.063416,-0.882915,0.1624413,0.2113927,0.002698432
esfera,cor,0.3,0.465224,-0.063385,-0.882888,0.465231,-0.063416,-0.882915,0.1624413,0.2113927,0.002698432
esfera,cor,1.0,0.465224,-0.063385,-0.882888,0.465231,-0.063416,-0.882915,0.1388423,0.1634148,0.09190758
esfera,pesos,0.2,0.378215,-0.043012,-0.924680,0.378226,-0.043018,-0.924713,0.4054463,0.4892469,0.1983633
esfera,pesos,0.5,0.378215,-0.043012,-0.924680,0.378226,-0.043018,-0.924713,0.4316911,0.4892469,0.2112035
esfera,pesos,1.0,0.378215,-0.043012,-0.924680,0.378226,-0.043018,-0.924713,0.5073879,0.4926126,0.2506989
esfera,cor,0.0,0.378215,-0.043012,-0.924680,0.378226,-0.043018,-0.924713,0.003913114,0.1246708,0.04181784
esfera,cor,0.3,0.378215,-0.043012,-0.924680,0.378226,-0.043018,-0.924713,0.003913114,0.1246708,0.04181784
esfera,cor,1.0,0.378215,-0.043012,-0.924680,0.378226,-0.043018,-0.924713,0.03303298,0.1146035,0.06930126
esfera,pesos,0.2,0.294253,-0.011389,-0.955637,0.294267,-0.011396,-0.955655,0.4264368,0.4971529,0.2120043
esfera,pesos,0.5,0.294253,-0.011389,-0.955637,0.294267,-0.011396,-0.955655,0.4264368,0.4971529,0.2120043
esfera,pesos,1.0,0.294253,-0.011389,-0.955637,0.294267,-0.011396,-0.955655,0.5021603,0.4978432,0.2501605
esfera,cor,0.0,0.294253,-0.011389,-0.955637,0.294267,-0.011396,-0.955655,0.2104231,0.02063285,0.6702742
esfera,cor,0.3,0.294253,-0.011389,-0.955637,0.294267,-0.011396,-0.955655,0.2104231,0.02063285,0.6702742
esfera,cor,1.0,0.294253,-0.011389,-0.955637,0.294267,-0.011396,-0.955655,0.2822316,0.0232006,0.5436085
esfera,pesos,0.2,0.213130,0.030716,-0.976503,0.213125,0.030706,-0.976542,0.4467176,0.5076789,0.2267891
esfera,pesos,0.5,0.213130,0.030716,-0.976503,0.213125,0.030706,-0.976542,0.4467176,0.5076789,0.2267891
esfera,pesos,1.0,0.213130,0.030716,-0.976503,0.213125,0.030706,-0.976542,0.4938548,0.5088264,0.2510133
esfera,cor,0.0,0.213130,0.030716,-0.976503,0.213125,0.030706,-0.976542,0.2264657,0.0163348,0.06181351
esfera,cor,0.3,0.213130,0.030716,-0.976503,0.213125,0.030706,-0.976542,0.2264657,0.0163348,0.06181351
esfera,cor,1.0,0.213130,0.030716,-0.976503,0.213125,0.030706,-0.976542,0.2277576,0.01503651,0.06629576
esfera,pesos,0.2,0.134825,0.083223,-0.987352,0.134849,0.083267,-0.987361,0.4662938,0.5208058,0.2428485
esfera,pesos,0.5,0.134825,0.083223,-0.987352,0.134849,0.083267,-0.987361,0.4662938,0.5208058,0.2428485
esfera,pesos,1.0,0.134825,0.083223,-0.987352,0.134849,0.083267,-0.987361,0.4829545,0.5216969,0.2517511
esfera,cor,0.0,0.134825,0.083223,-0.987352,0.134849,0.083267,-0.987361,0.3265629,0.04819795,0.3897583
esfera,cor,0.3,0.134825,0.083223,-0.987352,0.134849,0.083267,-0.987361,0.3265629,0.04819795,0.3897583
esfera,cor,1.0,0.134825,0.083223,-0.987352,0.134849,0.083267,-0.987361,0.2819215,0.05565216,0.3982598
esfera,pesos,0.2,0.059578,0.147018,-0.987330,0.059574,0.147033,-0.987336,0.4851054,0.5367546,0.2603825
esfera,pesos,0.5,0.059578,0.147018,-0.987330,0.059574,0.147033,-0.987336,0.4851054,0.5367546,0.2603825
esfera,pesos,1.0,0.059578,0.147018,-0.987330,0.059574,0.147033,-0.987336,0.4696019,0.5340626,0.2513794
esfera,cor,0.0,0.059578,0.147018,-0.987330,0.059574,0.147033,-0.987336,0.09498873,0.01097284,0.04168824
esfera,cor,0.3,0.059578,0.147018,-0.987330,0.059574,0.147033,-0.987336,0.09498873,0.01097284,0.04168824
esfera,cor,1.0,0.059578,0.147018,-0.987330,0.059574,0.147033,-0.987336,0.09670191,0.03770162,0.04838983
esfera,pesos,0.2,-0.012057,0.224148,-0.974469,-0.011739,0.224182,-0.974477,0.5030141,0.5560369,0.2796944
esfera,pesos,0.5,-0.012057,0.224148,-0.974469,-0.011739,0.224182,-0.974477,0.5030141,0.5560369,0.2796944
esfera,pesos,1.0,-0.012057,0.224148,-0.974469,-0.011739,0.224182,-0.974477,0.4549426,0.5450999,0.2501608
esfera,cor,0.0,-0.012057,0.224148,-0.974469,-0.011739,0.224182,-0.974477,0.01026361,0.003529861,0.2181376
esfera,cor,0.3,-0.012057,0.224148,-0.974469,-0.011739,0.224182,-0.974477,0.01026361,0.003529861,0.2181376
esfera,cor,1.0,-0.012057,0.224148,-0.974469,-0.011739,0.224182,-0.974477,0.0169598,0.1015842,0.2243257
esfera,pesos,0.2,-0.078850,0.319151,-0.944396,-0.078857,0.319124,-0.944427,0.5197124,0.5797878,0.3013229
esfera,pesos,0.5,-0.078850,0.319151,-0.944396,-0.078857,0.319124,-0.944427,0.518402,0.5792781,0.3004287
esfera,pesos,1.0,-0.078850,0.319151,-0.944396,-0.078857,0.319124,-0.944427,0.4438725,0.5561341,0.2511096
esfera,cor,0.0,-0.078850,0.319151,-0.944396,-0.078857,0.319124,-0.944427,0.01440507,0.1114593,0.2266621
esfera,cor,0.3,-0.078850,0.319151,-0.944396,-0.078857,0.319124,-0.944427,0.01440507,0.1114593,0.2266621
esfera,cor,1.0,-0.078850,0.319151,-0.944396,-0.078857,0.319124,-0.944427,0.045993,0.08046293,0.261421
esfera,pesos,0.2,-0.137444,0.444416,-0.885184,-0.137454,0.444445,-0.885198,0.534361,0.611104,0.3265501
esfera,pesos,0.5,-0.137444,0.444416,-0.885184,-0.137454,0.444445,-0.885198,0.4912784,0.5865905,0.2933902
esfera,pesos,1.0,-0.137444,0.444416,-0.885184,-0.137454,0.444445,-0.885198,0.4329591,0.5670366,0.2523012
esfera,cor,0.0,-0.137444,0.444416,-0.885184,-0.137454,0.444445,-0.885198,0.1439121,0.1674428,0.5228667
esfera,cor,0.3,-0.137444,0.444416,-0.885184,-0.137454,0.444445,-0.885198,0.1439121,0.1674428,0.5228667
esfera,cor,1.0,-0.137444,0.444416,-0.885184,-0.137454,0.444445,-0.885198,0.1056974,0.1484375,0.3622223
esfera,pesos,0.2,0.745044,0.177391,-0.642966,0.745054,0.177391,-0.642983,0.5510339,0.5443476,0.299954
esfera,pesos,0.5,0.745044,0.177391,-0.642966,0.745054,0.177391,-0.642983,0.5127577,0.5443476,0.2791184
esfera,pesos,1.0,0.745044,0.177391,-0.642966,0.745054,0.177391,-0.642983,0.4817842,0.5604289,0.2677138
esfera,cor,0.0,0.745044,0.177391,-0.642966,0.745054,0.177391,-0.642983,0.3226991,0.09575361,0.7189677
esfera,cor,0.3,0.745044,0.177391,-0.642966,0.745054,0.177391,-0.642983,0.2064183,0.06020559,0.7189677
esfera,cor,1.0,0.745044,0.177391,-0.642966,0.745054,0.177391,-0.642983,0.2641938,0.04667676,0.6379539
esfera,pesos,0.2,0.636126,0.116890,-0.762634,0.636158,0.116912,-0.762650,0.436759,0.5292224,0.2311426
esfera,pesos,0.5,0.636126,0.116890,-0.762634,0.636158,0.116912,-0.762650,0.4841917,0.5292224,0.2562451
esfera,pesos,1.0,0.636126,0.116890,-0.762634,0.636158,0.116912,-0.762650,0.4852963,0.539235,0.259927
esfera,cor,0.0,0.636126,0.116890,-0.762634,0.636158,0.116912,-0.762650,0.2810001,0.1086349,0.1020327
esfera,cor,0.3,0.636126,0.116890,-0.762634,0.636158,0.116912,-0.762650,0.2233308,0.1775609,0.07399401
esfera,cor,1.0,0.636126,0.116890,-0.762634,0.636158,0.116912,-0.762650,0.2101768,0.1882131,0.0624195
esfera,pesos,0.2,0.540654,0.106026,-0.834506,0.540646,0.106011,-0.834544,0.3648364,0.5265064,0.1920887
esfera,pesos,0.5,0.540654,0.106026,-0.834506,0.540646,0.106011,-0.834544,0.4632587,0.5265064,0.2439087
esfera,pesos,1.0,0.540654,0.106026,-0.834506,0.540646,0.106011,-0.834544,0.4850637,0.5342831,0.2576551
esfera,cor,0.0,0.540654,0.106026,-0.834506,0.540646,0.106011,-0.834544,0.4098227,0.06449067,0.1166565
esfera,cor,0.3,0.540654,0.106026,-0.834506,0.540646,0.106011,-0.834544,0.3593997,0.1141528,0.1336171
esfera,cor,1.0,0.540654,0.106026,-0.834506,0.540646,0.106011,-0.834544,0.2626982,0.1867294,0.1596122
esfera,pesos,0.2,0.451340,0.117890,-0.884491,0.451363,0.117866,-0.884522,0.3871651,0.5294724,0.2049932
esfera,pesos,0.5,0.451340,0.117890,-0.884491,0.451363,0.117866,-0.884522,0.4458585,0.5294724,0.2360698
esfera,pesos,1.0,0.451340,0.117890,-0.884491,0.451363,0.117866,-0.884522,0.4820731,0.5362312,0.2571293
esfera,cor,0.0,0.451340,0.117890,-0.884491,0.451363,0.117866,-0.884522,0.2852874,0.04785449,0.001381648
esfera,cor,0.3,0.451340,0.117890,-0.884491,0.451363,0.117866,-0.884522,0.2852874,0.04785449,0.001381648
esfera,cor,1.0,0.451340,0.117890,-0.884491,0.451363,0.117866,-0.884522,0.24607,0.1435357,0.04672991
esfera,pesos,0.2,0.366396,0.145888,-0.918940,0.366386,0.145859,-0.918959,0.4084011,0.536472,0.2190957
esfera,pesos,0.5,0.366396,0.145888,-0.918940,0.366386,0.145859,-0.918959,0.4309259,0.536472,0.2311797
esfera,pesos,1.0,0.366396,0.145888,-0.918940,0.366386,0.145859,-0.918959,0.4765842,0.5420902,0.2571925
esfera,cor,0.0,0.366396,0.145888,-0.918940,0.366386,0.145859,-0.918959,0.03047047,0.1091942,0.001616218
esfera,cor,0.3,0.366396,0.145888,-0.918940,0.366386,0.145859,-0.918959,0.03047047,0.1091942,0.001616218
esfera,cor,1.0,0.366396,0.145888,-0.918940,0.366386,0.145859,-0.918959,0.07269278,0.1665702,0.02597192
esfera,pesos,0.2,0.285272,0.187988,-0.939810,0.285270,0.187995,-0.939829,0.4286821,0.5469969,0.2344878
esfera,pesos,0.5,0.285272,0.187988,-0.939810,0.285270,0.187995,-0.939829,0.4286821,0.5469969,0.2344878
esfera,pesos,1.0,0.285272,0.187988,-0.939810,0.285270,0.187995,-0.939829,0.4687413,0.5502325,0.2572576
esfera,cor,0.0,0.285272,0.187988,-0.939810,0.285270,0.187995,-0.939829,0.5764562,0.3338098,0.01121176
esfera,cor,0.3,0.285272,0.187988,-0.939810,0.285270,0.187995,-0.939829,0.5764562,0.3338098,0.01121176
esfera,cor,1.0,0.285272,0.187988,-0.939810,0.285270,0.187995,-0.939829,0.3930234,0.3495691,0.09488544
esfera,pesos,0.2,0.207951,0.244129,-0.947160,0.207947,0.244081,-0.947197,0.4480123,0.5610322,0.2513493
esfera,pesos,0.5,0.207951,0.244129,-0.947160,0.207947,0.244081,-0.947197,0.4480123,0.5610322,0.2513493
esfera,pesos,1.0,0.207951,0.244129,-0.947160,0.207947,0.244081,-0.947197,0.4586923,0.5594544,0.2569258
esfera,cor,0.0,0.207951,0.244129,-0.947160,0.207947,0.244081,-0.947197,0.01444778,0.09913904,0.007781563
esfera,cor,0.3,0.207951,0.244129,-0.947160,0.207947,0.244081,-0.947197,0.01444778,0.09913904,0.007781563
esfera,cor,1.0,0.207951,0.244129,-0.947160,0.207947,0.244081,-0.947197,0.06570697,0.08345855,0.07505168
esfera,pesos,0.2,0.135017,0.316462,-0.938916,0.135052,0.316458,-0.938944,0.4662457,0.5791156,0.2700102
esfera,pesos,0.5,0.135017,0.316462,-0.938916,0.135052,0.316458,-0.938944,0.4654107,0.5789271,0.2694766
esfera,pesos,1.0,0.135017,0.316462,-0.938916,0.135052,0.316458,-0.938944,0.4465823,0.5687916,0.2558841
esfera,cor,0.0,0.135017,0.316462,-0.938916,0.135052,0.316458,-0.938944,0.2049399,0.2473373,0.0310247
esfera,cor,0.3,0.135017,0.316462,-0.938916,0.135052,0.316458,-0.938944,0.2049399,0.2473373,0.0310247
esfera,cor,1.0,0.135017,0.316462,-0.938916,0.135052,0.316458,-0.938944,0.206926,0.1957745,0.02469832
esfera,pesos,0.2,0.068225,0.411471,-0.908839,0.068243,0.411481,-0.908860,0.4829437,0.6028677,0.2911511
esfera,pesos,0.5,0.068225,0.411471,-0.908839,0.068243,0.411481,-0.908860,0.4570328,0.5922876,0.2726441
esfera,pesos,1.0,0.068225,0.411471,-0.908839,0.068243,0.411481,-0.908860,0.4326733,0.5774391,0.2539081
esfera,cor,0.0,0.068225,0.411471,-0.908839,0.068243,0.411481,-0.908860,0.2562024,0.0001550584,0.1366108
esfera,cor,0.3,0.068225,0.411471,-0.908839,0.068243,0.411481,-0.908860,0.2562024,0.0001550584,0.1366108
esfera,cor,1.0,0.068225,0.411471,-0.908839,0.068243,0.411481,-0.908860,0.2346222,0.3054615,0.1515217
esfera,pesos,0.2,0.014892,0.556161,-0.830921,0.014971,0.556161,-0.830940,0.4953059,0.6383961,0.3163322
esfera,pesos,0.5,0.014892,0.556161,-0.830921,0.014971,0.556161,-0.830940,0.4346864,0.5981874,0.2658421
esfera,pesos,1.0,0.014892,0.556161,-0.830921,0.014971,0.556161,-0.830940,0.4176112,0.5853639,0.2511824
esfera,cor,0.0,0.014892,0.556161,-0.830921,0.014971,0.556161,-0.830940,0.03666506,0.804265,0.3771736
esfera,cor,0.3,0.014892,0.556161,-0.830921,0.014971,0.556161,-0.830940,0.03070007,0.6723549,0.3806257
esfera,cor,1.0,0.014892,0.556161,-0.830921,0.014971,0.556161,-0.830940,0.03093001,0.4888749,0.3872837
esfera,pesos,0.2,0.557321,0.400080,-0.727509,0.557351,0.400051,-0.727543,0.4149092,0.60002,0.2489538
esfera,pesos,0.5,0.557321,0.400080,-0.727509,0.557351,0.400051,-0.727543,0.4617102,0.6036981,0.2782054
esfera,pesos,1.0,0.557321,0.400080,-0.727509,0.557351,0.400051,-0.727543,0.456818,0.6093533,0.2770691
esfera,cor,0.0,0.557321,0.400080,-0.727509,0.557351,0.400051,-0.727543,0.3530869,0.002279705,0.05344622
esfera,cor,0.3,0.557321,0.400080,-0.727509,0.557351,0.400051,-0.727543,0.2852545,0.09324929,0.05226269
esfera,cor,1.0,0.557321,0.400080,-0.727509,0.557351,0.400051,-0.727543,0.3900148,0.1120878,0.06450994
esfera,pesos,0.2,0.463955,0.396989,-0.791895,0.463986,0.397010,-0.791896,0.3840112,0.5992472,0.2301176
esfera,pesos,0.5,0.463955,0.396989,-0.791895,0.463986,0.397010,-0.791896,0.4391246,0.6009293,0.2636523
esfera,pesos,1.0,0.463955,0.396989,-0.791895,0.463986,0.397010,-0.791896,0.4524521,0.6032684,0.2723452
esfera,cor,0.0,0.463955,0.396989,-0.791895,0.463986,0.397010,-0.791896,0.3838354,0.2151779,0.003139044
esfera,cor,0.3,0.463955,0.396989,-0.791895,0.463986,0.397010,-0.791896,0.3601755,0.2261128,0.003366002
esfera,cor,1.0,0.463955,0.396989,-0.791895,0.463986,0.397010,-0.791896,0.2677901,0.4036314,0.02144859
esfera,pesos,0.2,0.382811,0.439013,-0.812838,0.382808,0.439022,-0.812845,0.4042974,0.6097534,0.2465217
esfera,pesos,0.5,0.382811,0.439013,-0.812838,0.382808,0.439022,-0.812845,0.4114102,0.6073447,0.2501439
esfera,pesos,1.0,0.382811,0.439013,-0.812838,0.382808,0.439022,-0.812845,0.4454235,0.6059798,0.2704785
esfera,cor,0.0,0.382811,0.439013,-0.812838,0.382808,0.439022,-0.812845,0.06989673,0.07456471,0.005989426
esfera,cor,0.3,0.382811,0.439013,-0.812838,0.382808,0.439022,-0.812845,0.06997314,0.07521068,0.0073489
esfera,cor,1.0,0.382811,0.439013,-0.812838,0.382808,0.439022,-0.812845,0.07525522,0.1460549,0.1624726
esfera,pesos,0.2,0.313916,0.526258,-0.790236,0.313923,0.526223,-0.790280,0.4215209,0.6315646,0.2662177
esfera,pesos,0.5,0.313916,0.526258,-0.790236,0.313923,0.526223,-0.790280,0.3858653,0.6156694,0.2388916
esfera,pesos,1.0,0.313916,0.526258,-0.790236,0.313923,0.526223,-0.790280,0.4362361,0.6144311,0.2703294
esfera,cor,0.0,0.313916,0.526258,-0.790236,0.313923,0.526223,-0.790280,0.107798,0.1311359,0.01251757
esfera,cor,0.3,0.313916,0.526258,-0.790236,0.313923,0.526223,-0.790280,0.1394084,0.1144659,0.04344159
esfera,cor,1.0,0.313916,0.526258,-0.790236,0.313923,0.526223,-0.790280,0.173859,0.07415894,0.07107817
caixa,pesos,0.2,-0.798696,-0.142919,0.500000,0.000000,0.000000,1.000000,0.3003259,0.4642702,0.1394324
caixa,pesos,0.5,-0.798696,-0.142919,0.500000,0.000000,0.000000,1.000000,0.3003259,0.4642702,0.1394324
caixa,pesos,1.0,-0.798696,-0.142919,0.500000,0.000000,0.000000,1.000000,0.300326,0.4642702,0.1394324
caixa,cor,0.0,-0.798696,-0.142919,0.500000,0.000000,0.000000,1.000000,0.02113995,0.1108933,0.09505227
caixa,cor,0.3,-0.798696,-0.142919,0.500000,0.000000,0.000000,1.000000,0.02113995,0.1108933,0.09505227
caixa,cor,1.0,-0.798696,-0.142919,0.500000,0.000000,0.000000,1.000000,0.02113996,0.1108933,0.09505227
caixa,normal,0.0,-0.798696,-0.142919,0.500000,0.000000,0.000000,1.000000,-0.5313439,-0.7778924,0.3354957
caixa,pesos,0.2,-0.723443,-0.206692,0.500000,0.000000,0.000000,1.000000,0.3191392,0.4483269,0.1430787
caixa,pesos,0.5,-0.723443,-0.206692,0.500000,0.000000,0.000000,1.000000,0.3191392,0.4483269,0.1430787
caixa,pesos,1.0,-0.723443,-0.206692,0.500000,0.000000,0.000000,1.000000,0.3191393,0.4483269,0.1430787
caixa,cor,0.0,-0.723443,-0.206692,0.500000,0.000000,0.000000,1.000000,0.003457056,0.7114924,0.7114924
caixa,cor,0.3,-0.723443,-0.206692,0.500000,0.000000,0.000000,1.000000,0.003457056,0.7114924,0.7114924
caixa,cor,1.0,-0.723443,-0.206692,0.500000,0.000000,0.000000,1.000000,0.003457062,0.7114924,0.7114924
caixa,normal,0.0,-0.723443,-0.206692,0.500000,0.000000,0.000000,1.000000,-0.7948433,-0.4481184,0.4091629
caixa,pesos,0.2,-0.648190,-0.270465,0.500000,0.000000,0.000000,1.000000,0.3379524,0.4323837,0.1461251
caixa,pesos,0.5,-0.648190,-0.270465,0.500000,0.000000,0.000000,1.000000,0.3379524,0.4323837,0.1461251
caixa,pesos,1.0,-0.648190,-0.270465,0.500000,0.000000,0.000000,1.000000,0.3379524,0.4323837,0.1461251
caixa,cor,0.0,-0.648190,-0.270465,0.500000,0.000000,0.000000,1.000000,0.3299358,0.01013625,0.01013625
caixa,cor,0.3,-0.648190,-0.270465,0.500000,0.000000,0.000000,1.000000,0.3299358,0.01013625,0.01013625
caixa,cor,1.0,-0.648190,-0.270465,0.500000,0.000000,0.000000,1.000000,0.3299358,0.01013625,0.01013626
caixa,normal,0.0,-0.648190,-0.270465,0.500000,0.000000,0.000000,1.000000,-0.2633293,-0.8310499,0.4899122
caixa,pesos,0.2,-0.736877,-0.023753,0.500000,0.000000,0.000000,1.000000,0.3157808,0.4940618,0.1560152
caixa,pesos,0.5,-0.736877,-0.023753,0.500000,0.000000,0.000000,1.000000,0.3157808,0.4940618,0.1560152
caixa,pesos,1.0,-0.736877,-0.023753,0.500000,0.000000,0.000000,1.000000,0.3157808,0.4940618,0.1560152
caixa,cor,0.0,-0.736877,-0.023753,0.500000,0.000000,0.000000,1.000000,0.01277961,0.8519801,0.08311576
caixa,cor,0.3,-0.736877,-0.023753,0.500000,0.000000,0.000000,1.000000,0.01277961,0.8519801,0.08311576
caixa,cor,1.0,-0.736877,-0.023753,0.500000,0.000000,0.000000,1.000000,0.01277965,0.8519801,0.08311576
caixa,normal,0.0,-0.736877,-0.023753,0.500000,0.000000,0.000000,1.000000,0.00966835,-0.4860702,0.8738663
caixa,pesos,0.2,-0.661624,-0.087526,0.500000,0.000000,0.000000,1.000000,0.334594,0.4781185,0.1599756
caixa,pesos,0.5,-0.661624,-0.087526,0.500000,0.000000,0.000000,1.000000,0.334594,0.4781185,0.1599756
caixa,pesos,1.0,-0.661624,-0.087526,0.500000,0.000000,0.000000,1.000000,0.334594,0.4781186,0.1599756
caixa,cor,0.0,-0.661624,-0.087526,0.500000,0.000000,0.000000,1.000000,0.02195831,0.4231154,0.06877445
caixa,cor,0.3,-0.661624,-0.087526,0.500000,0.000000,0.000000,1.000000,0.02195831,0.4231154,0.06877445
caixa,cor,1.0,-0.661624,-0.087526,0.500000,0.000000,0.000000,1.000000,0.02195833,0.4231154,0.06877445
caixa,normal,0.0,-0.661624,-0.087526,0.500000,0.000000,0.000000,1.000000,-0.01920295,0.5503054,0.8347428
caixa,pesos,0.2,-0.586371,-0.151299,0.500000,0.000000,0.000000,1.000000,0.3534073,0.4621752,0.1633361
caixa,pesos,0.5,-0.586371,-0.151299,0.500000,0.000000,0.000000,1.000000,0.3534073,0.4621752,0.1633361
caixa,pesos,1.0,-0.586371,-0.151299,0.500000,0.000000,0.000000,1.000000,0.3534074,0.4621752,0.1633361
caixa,cor,0.0,-0.586371,-0.151299,0.500000,0.000000,0.000000,1.000000,0.1568767,0.01967754,0.1084191
caixa,cor,0.3,-0.586371,-0.151299,0.500000,0.000000,0.000000,1.000000,0.1568767,0.01967754,0.1084191
caixa,cor,1.0,-0.586371,-0.151299,0.500000,0.000000,0.000000,1.000000,0.1568767,0.01967755,0.1084191
caixa,normal,0.0,-0.586371,-0.151299,0.500000,0.000000,0.000000,1.000000,0.4845445,0.5793824,0.6553875
caixa,pesos,0.2,-0.511118,-0.215072,0.500000,0.000000,0.000000,1.000000,0.3722205,0.446232,0.1660967
caixa,pesos,0.5,-0.511118,-0.215072,0.500000,0.000000,0.000000,1.000000,0.3722205,0.446232,0.1660967
caixa,pesos,1.0,-0.511118,-0.215072,0.500000,0.000000,0.000000,1.000000,0.3722205,0.446232,0.1660967
caixa,cor,0.0,-0.511118,-0.215072,0.500000,0.000000,0.000000,1.000000,0.8360353,0.2324254,0.17574
caixa,cor,0.3,-0.511118,-0.215072,0.500000,0.000000,0.000000,1.000000,0.8360353,0.2324254,0.17574
caixa,cor,1.0,-0.511118,-0.215072,0.500000,0.000000,0.000000,1.000000,0.8360353,0.2324255,0.17574
caixa,normal,0.0,-0.511118,-0.215072,0.500000,0.000000,0.000000,1.000000,0.6784239,0.545732,0.4918512
caixa,pesos,0.2,-0.435865,-0.278846,0.500000,0.000000,0.000000,1.000000,0.3910337,0.4302886,0.1682574
caixa,pesos,0.5,-0.435865,-0.278846,0.500000,0.000000,0.000000,1.000000,0.3910337,0.4302886,0.1682574
caixa,pesos,1.0,-0.435865,-0.278846,0.500000,0.000000,0.000000,1.000000,0.3910338,0.4302886,0.1682574
caixa,cor,0.0,-0.435865,-0.278846,0.500000,0.000000,0.000000,1.000000,0.002951364,0.4125361,0.0325133
caixa,cor,0.3,-0.435865,-0.278846,0.500000,0.000000,0.000000,1.000000,0.002951364,0.4125361,0.0325133
caixa,cor,1.0,-0.435865,-0.278846,0.500000,0.000000,0.000000,1.000000,0.002951365,0.4125361,0.03251332
caixa,normal,0.0,-0.435865,-0.278846,0.500000,0.000000,0.000000,1.000000,0.4745276,0.7837517,0.4006954
caixa,pesos,0.2,-0.750310,0.159187,0.500000,0.000000,0.000000,1.000000,0.3124225,0.5397968,0.1686447
caixa,pesos,0.5,-0.750310,0.159187,0.500000,0.000000,0.000000,1.000000,0.3124225,0.5397968,0.1686447
caixa,pesos,1.0,-0.750310,0.159187,0.500000,0.000000,0.000000,1.000000,0.3124225,0.5397968,0.1686447
caixa,cor,0.0,-0.750310,0.159187,0.500000,0.000000,0.000000,1.000000,0.2998398,0.03126251,0.8860398
caixa,cor,0.3,-0.750310,0.159187,0.500000,0.000000,0.000000,1.000000,0.2998398,0.03126251,0.8860398
caixa,cor,1.0,-0.750310,0.159187,0.500000,0.000000,0.000000,1.000000,0.2998398,0.03126255,0.8860399
caixa,normal,0.0,-0.750310,0.159187,0.500000,0.000000,0.000000,1.000000,0.1591039,-0.6397969,0.751895
caixa,pesos,0.2,-0.675057,0.095414,0.500000,0.000000,0.000000,1.000000,0.3312356,0.5238535,0.173519
caixa,pesos,0.5,-0.675057,0.095414,0.500000,0.000000,0.000000,1.000000,0.3312356,0.5238535,0.173519
caixa,pesos,1.0,-0.675057,0.095414,0.500000,0.000000,0.000000,1.000000,0.3312357,0.5238535,0.173519
caixa,cor,0.0,-0.675057,0.095414,0.500000,0.000000,0.000000,1.000000,0.101134,0.2515401,0.02244392
caixa,cor,0.3,-0.675057,0.095414,0.500000,0.000000,0.000000,1.000000,0.101134,0.2515401,0.02244392
caixa,cor,1.0,-0.675057,0.095414,0.500000,0.000000,0.000000,1.000000,0.101134,0.2515401,0.02244393
caixa,normal,0.0,-0.675057,0.095414,0.500000,0.000000,0.000000,1.000000,-0.1225883,0.6113889,0.7817771
caixa,pesos,0.2,-0.599805,0.031641,0.500000,0.000000,0.000000,1.000000,0.3500488,0.5079102,0.1777934
caixa,pesos,0.5,-0.599805,0.031641,0.500000,0.000000,0.000000,1.000000,0.3500488,0.5079102,0.1777934
caixa,pesos,1.0,-0.599805,0.031641,0.500000,0.000000,0.000000,1.000000,0.3500488,0.5079102,0.1777934
caixa,cor,0.0,-0.599805,0.031641,0.500000,0.000000,0.000000,1.000000,0.1056768,0.03691968,0.2195982
caixa,cor,0.3,-0.599805,0.031641,0.500000,0.000000,0.000000,1.000000,0.1056768,0.03691968,0.2195982
caixa,cor,1.0,-0.599805,0.031641,0.500000,0.000000,0.000000,1.000000,0.1056768,0.03691968,0.2195982
caixa,normal,0.0,-0.599805,0.031641,0.500000,0.000000,0.000000,1.000000,0.7675798,-0.1517044,0.6227417
caixa,pesos,0.2,-0.524551,-0.032132,0.500000,0.000000,0.000000,1.000000,0.3688622,0.4919669,0.181468
caixa,pesos,0.5,-0.524551,-0.032132,0.500000,0.000000,0.000000,1.000000,0.3688622,0.4919669,0.181468
caixa,pesos,1.0,-0.524551,-0.032132,0.500000,0.000000,0.000000,1.000000,0.3688622,0.491967,0.181468
caixa,cor,0.0,-0.524551,-0.032132,0.500000,0.000000,0.000000,1.000000,0.222393,0.001273512,0.9943163
caixa,cor,0.3,-0.524551,-0.032132,0.500000,0.000000,0.000000,1.000000,0.222393,0.001273512,0.9943163
caixa,cor,1.0,-0.524551,-0.032132,0.500000,0.000000,0.000000,1.000000,0.222393,0.001273542,0.9943163
caixa,normal,0.0,-0.524551,-0.032132,0.500000,0.000000,0.000000,1.000000,0.2900066,0.7947242,0.5332069
caixa,pesos,0.2,-0.449299,-0.095906,0.500000,0.000000,0.000000,1.000000,0.3876753,0.4760236,0.1845426
caixa,pesos,0.5,-0.449299,-0.095906,0.500000,0.000000,0.000000,1.000000,0.3876753,0.4760236,0.1845426
caixa,pesos,1.0,-0.449299,-0.095906,0.500000,0.000000,0.000000,1.000000,0.3876753,0.4760236,0.1845426
caixa,cor,0.0,-0.449299,-0.095906,0.500000,0.000000,0.000000,1.000000,0.1489059,0.009636053,0.5191942
caixa,cor,0.3,-0.449299,-0.095906,0.500000,0.000000,0.000000,1.000000,0.1489059,0.009636053,0.5191942
caixa,cor,1.0,-0.449299,-0.095906,0.500000,0.000000,0.000000,1.000000,0.1489059,0.009636055,0.5191942
caixa,normal,0.0,-0.449299,-0.095906,0.500000,0.000000,0.000000,1.000000,0.8028247,0.07869434,0.5909989
caixa,pesos,0.2,-0.374046,-0.159679,0.500000,0.000000,0.000000,1.000000,0.4064885,0.4600803,0.1870174
caixa,pesos,0.5,-0.374046,-0.159679,0.500000,0.000000,0.000000,1.000000,0.4064885,0.4600803,0.1870174
caixa,pesos,1.0,-0.374046,-0.159679,0.500000,0.000000,0.000000,1.000000,0.4064886,0.4600803,0.1870174
caixa,cor,0.0,-0.374046,-0.159679,0.500000,0.000000,0.000000,1.000000,0.07736257,0.2123998,0.01326241
caixa,cor,0.3,-0.374046,-0.159679,0.500000,0.000000,0.000000,1.000000,0.07736257,0.2123998,0.01326241
caixa,cor,1.0,-0.374046,-0.159679,0.500000,0.000000,0.000000,1.000000,0.07736258,0.2123998,0.01326241
caixa,normal,0.0,-0.374046,-0.159679,0.500000,0.000000,0.000000,1.000000,0.2303441,0.5751677,0.7849357
caixa,pesos,0.2,-0.298793,-0.223452,0.500000,0.000000,0.000000,1.000000,0.4253018,0.444137,0.1888923
caixa,pesos,0.5,-0.298793,-0.223452,0.500000,0.000000,0.000000,1.000000,0.4253018,0.444137,0.1888923
caixa,pesos,1.0,-0.298793,-0.223452,0.500000,0.000000,0.000000,1.000000,0.4253018,0.4441371,0.1888923
caixa,cor,0.0,-0.298793,-0.223452,0.500000,0.000000,0.000000,1.000000,0.09931959,0.9768629,0.5205022
caixa,cor,0.3,-0.298793,-0.223452,0.500000,0.000000,0.000000,1.000000,0.09931959,0.9768629,0.5205022
caixa,cor,1.0,-0.298793,-0.223452,0.500000,0.000000,0.000000,1.000000,0.09931961,0.976863,0.5205022
caixa,normal,0.0,-0.298793,-0.223452,0.500000,0.000000,0.000000,1.000000,0.2409461,-0.1549942,0.9580823
caixa,pesos,0.2,-0.223540,-0.287225,0.500000,0.000000,0.000000,1.000000,0.4441151,0.4281937,0.1901673
caixa,pesos,0.5,-0.223540,-0.287225,0.500000,0.000000,0.000000,1.000000,0.4441151,0.4281937,0.1901673
caixa,pesos,1.0,-0.223540,-0.287225,0.500000,0.000000,0.000000,1.000000,0.4441151,0.4281937,0.1901673
caixa,cor,0.0,-0.223540,-0.287225,0.500000,0.000000,0.000000,1.000000,0.3921532,0.05514482,0.2545932
caixa,cor,0.3,-0.223540,-0.287225,0.500000,0.000000,0.000000,1.000000,0.3921532,0.05514482,0.2545932
caixa,cor,1.0,-0.223540,-0.287225,0.500000,0.000000,0.000000,1.000000,0.3921532,0.05514483,0.2545933
caixa,normal,0.0,-0.223540,-0.287225,0.500000,0.000000,0.000000,1.000000,-0.2434132,-0.429678,0.8695555
caixa,pesos,0.2,-0.775155,0.300000,0.459435,0.000000,1.000000,-0.000000,0.6148586,0.3062111,0.1882766
caixa,pesos,0.5,-0.775155,0.300000,0.459435,0.000000,1.000000,-0.000000,0.6148586,0.3062111,0.1882766
caixa,pesos,1.0,-0.775155,0.300000,0.459435,0.000000,1.000000,-0.000000,0.6148586,0.3062111,0.1882766
caixa,cor,0.0,-0.775155,0.300000,0.459435,0.000000,1.000000,-0.000000,0.01969171,0.04163525,0.006924417
caixa,cor,0.3,-0.775155,0.300000,0.459435,0.000000,1.000000,-0.000000,0.01969171,0.04163525,0.006924417
caixa,cor,1.0,-0.775155,0.300000,0.459435,0.000000,1.000000,-0.000000,0.01969171,0.04163525,0.00692442
caixa,normal,0.0,-0.775155,0.300000,0.459435,0.000000,1.000000,-0.000000,-0.005714417,0.7642651,-0.6448772
caixa,pesos,0.2,-0.688490,0.278353,0.500000,0.000000,0.000000,1.000000,0.3278775,0.5695884,0.1867552
caixa,pesos,0.5,-0.688490,0.278353,0.500000,0.000000,0.000000,1.000000,0.3278775,0.5695884,0.1867552
caixa,pesos,1.0,-0.688490,0.278353,0.500000,0.000000,0.000000,1.000000,0.3278775,0.5695884,0.1867552
caixa,cor,0.0,-0.688490,0.278353,0.500000,0.000000,0.000000,1.000000,0.0697725,0.1406739,0.5450417
caixa,cor,0.3,-0.688490,0.278353,0.500000,0.000000,0.000000,1.000000,0.0697725,0.1406739,0.5450417
caixa,cor,1.0,-0.688490,0.278353,0.500000,0.000000,0.000000,1.000000,0.0697725,0.1406739,0.5450417
caixa,normal,0.0,-0.688490,0.278353,0.500000,0.000000,0.000000,1.000000,0.735594,0.4631798,0.494334
caixa,pesos,0.2,-0.613238,0.214581,0.500000,0.000000,0.000000,1.000000,0.3466904,0.5536451,0.1919435
caixa,pesos,0.5,-0.613238,0.214581,0.500000,0.000000,0.000000,1.000000,0.3466904,0.5536451,0.1919435
caixa,pesos,1.0,-0.613238,0.214581,0.500000,0.000000,0.000000,1.000000,0.3466904,0.5536451,0.1919435
caixa,cor,0.0,-0.613238,0.214581,0.500000,0.000000,0.000000,1.000000,0.2929839,0.02679637,0.04363211
caixa,cor,0.3,-0.613238,0.214581,0.500000,0.000000,0.000000,1.000000,0.2929839,0.02679637,0.04363211
caixa,cor,1.0,-0.613238,0.214581,0.500000,0.000000,0.000000,1.000000,0.2929839,0.02679639,0.04363213
caixa,normal,0.0,-0.613238,0.214581,0.500000,0.000000,0.000000,1.000000,0.625226,0.6587307,0.4185288
caixa,pesos,0.2,-0.537986,0.150807,0.500000,0.000000,0.000000,1.000000,0.3655036,0.5377018,0.196532
caixa,pesos,0.5,-0.537986,0.150807,0.500000,0.000000,0.000000,1.000000,0.3655036,0.5377018,0.196532
caixa,pesos,1.0,-0.537986,0.150807,0.500000,0.000000,0.000000,1.000000,0.3655036,0.5377018,0.196532
caixa,cor,0.0,-0.537986,0.150807,0.500000,0.000000,0.000000,1.000000,0.0594657,0.173279,0.03164612
caixa,cor,0.3,-0.537986,0.150807,0.500000,0.000000,0.000000,1.000000,0.0594657,0.173279,0.03164612
caixa,cor,1.0,-0.537986,0.150807,0.500000,0.000000,0.000000,1.000000,0.0594657,0.173279,0.03164613
caixa,normal,0.0,-0.537986,0.150807,0.500000,0.000000,0.000000,1.000000,0.5368934,0.7332084,0.4173139
caixa,pesos,0.2,-0.462732,0.087034,0.500000,0.000000,0.000000,1.000000,0.384317,0.5217586,0.2005207
caixa,pesos,0.5,-0.462732,0.087034,0.500000,0.000000,0.000000,1.000000,0.384317,0.5217586,0.2005207
caixa,pesos,1.0,-0.462732,0.087034,0.500000,0.000000,0.000000,1.000000,0.384317,0.5217586,0.2005207
caixa,cor,0.0,-0.462732,0.087034,0.500000,0.000000,0.000000,1.000000,0.02300642,0.08806782,0.6400094
caixa,cor,0.3,-0.462732,0.087034,0.500000,0.000000,0.000000,1.000000,0.02300642,0.08806782,0.6400094
caixa,cor,1.0,-0.462732,0.087034,0.500000,0.000000,0.000000,1.000000,0.02300642,0.08806782,0.6400094
caixa,normal,0.0,-0.462732,0.087034,0.500000,0.000000,0.000000,1.000000,0.7386775,0.4484754,0.5032153
caixa,pesos,0.2,-0.387479,0.023261,0.500000,0.000000,0.000000,1.000000,0.4031301,0.5058152,0.2039094
caixa,pesos,0.5,-0.387479,0.023261,0.500000,0.000000,0.000000,1.000000,0.4031301,0.5058152,0.2039094
caixa,pesos,1.0,-0.387479,0.023261,0.500000,0.000000,0.000000,1.000000,0.4031302,0.5058152,0.2039094
caixa,cor,0.0,-0.387479,0.023261,0.500000,0.000000,0.000000,1.000000,0.2848103,0.1878566,0.02681985
caixa,cor,0.3,-0.387479,0.023261,0.500000,0.000000,0.000000,1.000000,0.2848103,0.1878566,0.02681985
caixa,cor,1.0,-0.387479,0.023261,0.500000,0.000000,0.000000,1.000000,0.2848103,0.1878566,0.02681985
caixa,normal,0.0,-0.387479,0.023261,0.500000,0.000000,0.000000,1.000000,0.06216979,0.8056929,0.5890619
caixa,pesos,0.2,-0.312226,-0.040512,0.500000,0.000000,0.000000,1.000000,0.4219434,0.4898719,0.2066982
caixa,pesos,0.5,-0.312226,-0.040512,0.500000,0.000000,0.000000,1.000000,0.4219434,0.4898719,0.2066982
caixa,pesos,1.0,-0.312226,-0.040512,0.500000,0.000000,0.000000,1.000000,0.4219434,0.4898719,0.2066982
caixa,cor,0.0,-0.312226,-0.040512,0.500000,0.000000,0.000000,1.000000,0.1309676,0.2436761,0.04640662
caixa,cor,0.3,-0.312226,-0.040512,0.500000,0.000000,0.000000,1.000000,0.1309676,0.2436761,0.04640662
caixa,cor,1.0,-0.312226,-0.040512,0.500000,0.000000,0.000000,1.000000,0.1309676,0.2436761,0.04640662
caixa,normal,0.0,-0.312226,-0.040512,0.500000,0.000000,0.000000,1.000000,0.3794484,-0.4118367,0.8284982
caixa,pesos,0.2,-0.236974,-0.104286,0.500000,0.000000,0.000000,1.000000,0.4407566,0.4739286,0.2088871
caixa,pesos,0.5,-0.236974,-0.104286,0.500000,0.000000,0.000000,1.000000,0.4407566,0.4739286,0.2088871
caixa,pesos,1.0,-0.236974,-0.104286,0.500000,0.000000,0.000000,1.000000,0.4407566,0.4739286,0.2088872
caixa,cor,0.0,-0.236974,-0.104286,0.500000,0.000000,0.000000,1.000000,0.6269299,0.3352121,0.001324203
caixa,cor,0.3,-0.236974,-0.104286,0.500000,0.000000,0.000000,1.000000,0.6269299,0.3352121,0.001324203
caixa,cor,1.0,-0.236974,-0.104286,0.500000,0.000000,0.000000,1.000000,0.6269299,0.3352121,0.001324204
caixa,normal,0.0,-0.236974,-0.104286,0.500000,0.000000,0.000000,1.000000,-0.7230842,0.2406051,0.6475017
caixa,pesos,0.2,-0.161720,-0.168059,0.500000,0.000000,0.000000,1.000000,0.45957,0.4579853,0.2104763
caixa,pesos,0.5,-0.161720,-0.168059,0.500000,0.000000,0.000000,1.000000,0.45957,0.4579853,0.2104763
caixa,pesos,1.0,-0.161720,-0.168059,0.500000,0.000000,0.000000,1.000000,0.45957,0.4579853,0.2104763
caixa,cor,0.0,-0.161720,-0.168059,0.500000,0.000000,0.000000,1.000000,0.006746827,0.03197779,0.2767705
caixa,cor,0.3,-0.161720,-0.168059,0.500000,0.000000,0.000000,1.000000,0.006746827,0.03197779,0.2767705
caixa,cor,1.0,-0.161720,-0.168059,0.500000,0.000000,0.000000,1.000000,0.006746832,0.0319778,0.2767705
caixa,normal,0.0,-0.161720,-0.168059,0.500000,0.000000,0.000000,1.000000,-0.3107964,-0.7883985,0.5308799
caixa,pesos,0.2,-0.086468,-0.231832,0.500000,0.000000,0.000000,1.000000,0.4783829,0.4420421,0.2114654
caixa,pesos,0.5,-0.086468,-0.231832,0.500000,0.000000,0.000000,1.000000,0.4783829,0.4420421,0.2114654
caixa,pesos,1.0,-0.086468,-0.231832,0.500000,0.000000,0.000000,1.000000,0.478383,0.4420421,0.2114654
caixa,cor,0.0,-0.086468,-0.231832,0.500000,0.000000,0.000000,1.000000,0.03006096,0.2156683,0.07664882
caixa,cor,0.3,-0.086468,-0.231832,0.500000,0.000000,0.000000,1.000000,0.03006096,0.2156683,0.07664882
caixa,cor,1.0,-0.086468,-0.231832,0.500000,0.000000,0.000000,1.000000,0.03006096,0.2156683,0.07664882
caixa,normal,0.0,-0.086468,-0.231832,0.500000,0.000000,0.000000,1.000000,-0.7976296,-0.2518564,0.5480471
caixa,pesos,0.2,-0.011215,-0.295605,0.500000,0.000000,0.000000,1.000000,0.4971963,0.4260988,0.2118547
caixa,pesos,0.5,-0.011215,-0.295605,0.500000,0.000000,0.000000,1.000000,0.4971963,0.4260988,0.2118547
caixa,pesos,1.0,-0.011215,-0.295605,0.500000,0.000000,0.000000,1.000000,0.4971963,0.4260988,0.2118547
caixa,cor,0.0,-0.011215,-0.295605,0.500000,0.000000,0.000000,1.000000,0.1799655,0.02967735,0.2141245
caixa,cor,0.3,-0.011215,-0.295605,0.500000,0.000000,0.000000,1.000000,0.1799655,0.02967735,0.2141245
caixa,cor,1.0,-0.011215,-0.295605,0.500000,0.000000,0.000000,1.000000,0.1799655,0.02967736,0.2141245
caixa,normal,0.0,-0.011215,-0.295605,0.500000,0.000000,0.000000,1.000000,-0.4395148,-0.6701272,0.5981276
caixa,pesos,0.2,-0.745618,0.300000,0.344685,0.000000,1.000000,-0.000000,0.5861713,0.3135956,0.1838207
caixa,pesos,0.5,-0.745618,0.300000,0.344685,0.000000,1.000000,-0.000000,0.5861713,0.3135956,0.1838207
caixa,pesos,1.0,-0.745618,0.300000,0.344685,0.000000,1.000000,-0.000000,0.5861713,0.3135956,0.1838207
caixa,cor,0.0,-0.745618,0.300000,0.344685,0.000000,1.000000,-0.000000,0.3143241,0.1216267,0.0529638
caixa,cor,0.3,-0.745618,0.300000,0.344685,0.000000,1.000000,-0.000000,0.3143241,0.1216267,0.0529638
caixa,cor,1.0,-0.745618,0.300000,0.344685,0.000000,1.000000,-0.000000,0.3143241,0.1216267,0.0529638
caixa,normal,0.0,-0.745618,0.300000,0.344685,0.000000,1.000000,-0.000000,-0.2951121,0.8864741,0.3564725
caixa,pesos,0.2,-0.653089,0.300000,0.406094,0.000000,1.000000,-0.000000,0.6015236,0.3367278,0.2025497
caixa,pesos,0.5,-0.653089,0.300000,0.406094,0.000000,1.000000,-0.000000,0.6015236,0.3367278,0.2025497
caixa,pesos,1.0,-0.653089,0.300000,0.406094,0.000000,1.000000,-0.000000,0.6015236,0.3367278,0.2025497
caixa,cor,0.0,-0.653089,0.300000,0.406094,0.000000,1.000000,-0.000000,0.0958171,0.005178136,0.346755
caixa,cor,0.3,-0.653089,0.300000,0.406094,0.000000,1.000000,-0.000000,0.0958171,0.005178136,0.346755
caixa,cor,1.0,-0.653089,0.300000,0.406094,0.000000,1.000000,-0.000000,0.0958171,0.005178137,0.346755
caixa,normal,0.0,-0.653089,0.300000,0.406094,0.000000,1.000000,-0.000000,0.1894584,0.5864797,0.7874942
caixa,pesos,0.2,-0.560561,0.300000,0.467504,0.000000,1.000000,-0.000000,0.6168759,0.3598598,0.2219888
caixa,pesos,0.5,-0.560561,0.300000,0.467504,0.000000,1.000000,-0.000000,0.6168759,0.3598598,0.2219888
caixa,pesos,1.0,-0.560561,0.300000,0.467504,0.000000,1.000000,-0.000000,0.6168759,0.3598598,0.2219888
caixa,cor,0.0,-0.560561,0.300000,0.467504,0.000000,1.000000,-0.000000,0.02904178,0.07470554,0.3823843
caixa,cor,0.3,-0.560561,0.300000,0.467504,0.000000,1.000000,-0.000000,0.02904178,0.07470554,0.3823843
caixa,cor,1.0,-0.560561,0.300000,0.467504,0.000000,1.000000,-0.000000,0.0290418,0.07470555,0.3823843
caixa,normal,0.0,-0.560561,0.300000,0.467504,0.000000,1.000000,-0.000000,-0.224057,0.9652135,0.1347643
caixa,pesos,0.2,-0.476166,0.269974,0.500000,0.000000,0.000000,1.000000,0.3809584,0.5674935,0.2161914
caixa,pesos,0.5,-0.476166,0.269974,0.500000,0.000000,0.000000,1.000000,0.3809584,0.5674935,0.2161914
caixa,pesos,1.0,-0.476166,0.269974,0.500000,0.000000,0.000000,1.000000,0.3809585,0.5674935,0.2161915
caixa,cor,0.0,-0.476166,0.269974,0.500000,0.000000,0.000000,1.000000,0.7142115,0.04392134,0.04392134
caixa,cor,0.3,-0.476166,0.269974,0.500000,0.000000,0.000000,1.000000,0.7142115,0.04392134,0.04392134
caixa,cor,1.0,-0.476166,0.269974,0.500000,0.000000,0.000000,1.000000,0.7142115,0.04392137,0.04392134
caixa,normal,0.0,-0.476166,0.269974,0.500000,0.000000,0.000000,1.000000,-0.2708369,0.5748358,0.7721472
caixa,pesos,0.2,-0.400913,0.206201,0.500000,0.000000,0.000000,1.000000,0.3997717,0.5515502,0.2204942
caixa,pesos,0.5,-0.400913,0.206201,0.500000,0.000000,0.000000,1.000000,0.3997717,0.5515502,0.2204942
caixa,pesos,1.0,-0.400913,0.206201,0.500000,0.000000,0.000000,1.000000,0.3997717,0.5515502,0.2204942
caixa,cor,0.0,-0.400913,0.206201,0.500000,0.000000,0.000000,1.000000,0.04978365,0.3685325,0.3685325
caixa,cor,0.3,-0.400913,0.206201,0.500000,0.000000,0.000000,1.000000,0.04978365,0.3685325,0.3685325
caixa,cor,1.0,-0.400913,0.206201,0.500000,0.000000,0.000000,1.000000,0.04978365,0.3685325,0.3685325
caixa,normal,0.0,-0.400913,0.206201,0.500000,0.000000,0.000000,1.000000,-0.2948004,-0.7282141,0.6187059
caixa,pesos,0.2,-0.325659,0.142427,0.500000,0.000000,0.000000,1.000000,0.4185852,0.5356069,0.2241971
caixa,pesos,0.5,-0.325659,0.142427,0.500000,0.000000,0.000000,1.000000,0.4185852,0.5356069,0.2241971
caixa,pesos,1.0,-0.325659,0.142427,0.500000,0.000000,0.000000,1.000000,0.4185852,0.5356069,0.2241971
caixa,cor,0.0,-0.325659,0.142427,0.500000,0.000000,0.000000,1.000000,0.1045502,0.003959631,0.08900544
caixa,cor,0.3,-0.325659,0.142427,0.500000,0.000000,0.000000,1.000000,0.1045502,0.003959631,0.08900544
caixa,cor,1.0,-0.325659,0.142427,0.500000,0.000000,0.000000,1.000000,0.1045502,0.003959632,0.08900545
caixa,normal,0.0,-0.325659,0.142427,0.500000,0.000000,0.000000,1.000000,-0.6785359,-0.5790209,0.4520218
caixa,pesos,0.2,-0.250407,0.078654,0.500000,0.000000,0.000000,1.000000,0.4373982,0.5196636,0.2272999
caixa,pesos,0.5,-0.250407,0.078654,0.500000,0.000000,0.000000,1.000000,0.4373982,0.5196636,0.2272999
caixa,pesos,1.0,-0.250407,0.078654,0.500000,0.000000,0.000000,1.000000,0.4373982,0.5196636,0.2272999
caixa,cor,0.0,-0.250407,0.078654,0.500000,0.000000,0.000000,1.000000,0.7558739,0.007607083,0.007607083
caixa,cor,0.3,-0.250407,0.078654,0.500000,0.000000,0.000000,1.000000,0.7558739,0.007607083,0.007607083
caixa,cor,1.0,-0.250407,0.078654,0.500000,0.000000,0.000000,1.000000,0.7558739,0.007607086,0.007607107
caixa,normal,0.0,-0.250407,0.078654,0.500000,0.000000,0.000000,1.000000,-0.6593888,-0.6613959,0.3574381
caixa,pesos,0.2,-0.175154,0.014881,0.500000,0.000000,0.000000,1.000000,0.4562115,0.5037203,0.229803
caixa,pesos,0.5,-0.175154,0.014881,0.500000,0.000000,0.000000,1.000000,0.4562115,0.5037203,0.229803
caixa,pesos,1.0,-0.175154,0.014881,0.500000,0.000000,0.000000,1.000000,0.4562115,0.5037203,0.229803
caixa,cor,0.0,-0.175154,0.014881,0.500000,0.000000,0.000000,1.000000,0.01536383,0.358777,0.358777
caixa,cor,0.3,-0.175154,0.014881,0.500000,0.000000,0.000000,1.000000,0.01536383,0.358777,0.358777
caixa,cor,1.0,-0.175154,0.014881,0.500000,0.000000,0.000000,1.000000,0.01536384,0.358777,0.358777
caixa,normal,0.0,-0.175154,0.014881,0.500000,0.000000,0.000000,1.000000,-0.5309944,-0.7825284,0.3251064
caixa,pesos,0.2,-0.099901,-0.048892,0.500000,0.000000,0.000000,1.000000,0.4750247,0.4877769,0.2317061
caixa,pesos,0.5,-0.099901,-0.048892,0.500000,0.000000,0.000000,1.000000,0.4750247,0.4877769,0.2317061
caixa,pesos,1.0,-0.099901,-0.048892,0.500000,0.000000,0.000000,1.000000,0.4750247,0.487777,0.2317061
caixa,cor,0.0,-0.099901,-0.048892,0.500000,0.000000,0.000000,1.000000,0.1216896,0.01380496,0.01380496
caixa,cor,0.3,-0.099901,-0.048892,0.500000,0.000000,0.000000,1.000000,0.1216896,0.01380496,0.01380496
caixa,cor,1.0,-0.099901,-0.048892,0.500000,0.000000,0.000000,1.000000,0.1216896,0.01380496,0.01380496
caixa,normal,0.0,-0.099901,-0.048892,0.500000,0.000000,0.000000,1.000000,-0.7669079,-0.4817399,0.4240035
caixa,pesos,0.2,-0.024648,-0.112665,0.500000,0.000000,0.000000,1.000000,0.493838,0.4718336,0.2330094
caixa,pesos,0.5,-0.024648,-0.112665,0.500000,0.000000,0.000000,1.000000,0.493838,0.4718336,0.2330094
caixa,pesos,1.0,-0.024648,-0.112665,0.500000,0.000000,0.000000,1.000000,0.493838,0.4718337,0.2330094
caixa,cor,0.0,-0.024648,-0.112665,0.500000,0.000000,0.000000,1.000000,0.6273098,0.7416264,0.1161741
caixa,cor,0.3,-0.024648,-0.112665,0.500000,0.000000,0.000000,1.000000,0.6273098,0.7416264,0.1161741
caixa,cor,1.0,-0.024648,-0.112665,0.500000,0.000000,0.000000,1.000000,0.6273098,0.7416264,0.1161741
caixa,normal,0.0,-0.024648,-0.112665,0.500000,0.000000,0.000000,1.000000,-0.1643102,-0.8511655,0.4985173
caixa,pesos,0.2,0.050605,-0.176439,0.500000,0.000000,0.000000,1.000000,0.5126512,0.4558903,0.2337127
caixa,pesos,0.5,0.050605,-0.176439,0.500000,0.000000,0.000000,1.000000,0.5126512,0.4558903,0.2337127
caixa,pesos,1.0,0.050605,-0.176439,0.500000,0.000000,0.000000,1.000000,0.5126512,0.4558904,0.2337127
caixa,cor,0.0,0.050605,-0.176439,0.500000,0.000000,0.000000,1.000000,0.001240951,0.349273,0.349273
caixa,cor,0.3,0.050605,-0.176439,0.500000,0.000000,0.000000,1.000000,0.001240951,0.349273,0.349273
caixa,cor,1.0,0.050605,-0.176439,0.500000,0.000000,0.000000,1.000000,0.001240958,0.349273,0.349273
caixa,normal,0.0,0.050605,-0.176439,0.500000,0.000000,0.000000,1.000000,-0.4990232,0.3176267,0.8062811
caixa,pesos,0.2,0.125858,-0.240212,0.500000,0.000000,0.000000,1.000000,0.5314645,0.4399471,0.2338163
caixa,pesos,0.5,0.125858,-0.240212,0.500000,0.000000,0.000000,1.000000,0.5314645,0.4399471,0.2338163
caixa,pesos,1.0,0.125858,-0.240212,0.500000,0.000000,0.000000,1.000000,0.5314645,0.4399471,0.2338163
caixa,cor,0.0,0.125858,-0.240212,0.500000,0.000000,0.000000,1.000000,0.1166,0.004052118,0.004052118
caixa,cor,0.3,0.125858,-0.240212,0.500000,0.000000,0.000000,1.000000,0.1166,0.004052118,0.004052118
caixa,cor,1.0,0.125858,-0.240212,0.500000,0.000000,0.000000,1.000000,0.1166,0.004052121,0.004052123
caixa,normal,0.0,0.125858,-0.240212,0.500000,0.000000,0.000000,1.000000,0.7016861,-0.2240152,0.6763532
caixa,pesos,0.2,-0.716079,0.300000,0.229934,0.000000,1.000000,-0.000000,0.5574836,0.3209802,0.1789412
caixa,pesos,0.5,-0.716079,0.300000,0.229934,0.000000,1.000000,-0.000000,0.5574836,0.3209802,0.1789412
caixa,pesos,1.0,-0.716079,0.300000,0.229934,0.000000,1.000000,-0.000000,0.5574836,0.3209802,0.1789412
caixa,cor,0.0,-0.716079,0.300000,0.229934,0.000000,1.000000,-0.000000,0.08514364,0.1113039,0.0003940374
caixa,cor,0.3,-0.716079,0.300000,0.229934,0.000000,1.000000,-0.000000,0.08514364,0.1113039,0.0003940374
caixa,cor,1.0,-0.716079,0.300000,0.229934,0.000000,1.000000,-0.000000,0.08514364,0.1113039,0.0003940396
caixa,normal,0.0,-0.716079,0.300000,0.229934,0.000000,1.000000,-0.000000,-0.5087373,0.6970165,-0.5053263
caixa,pesos,0.2,-0.623551,0.300000,0.291344,0.000000,1.000000,-0.000000,0.5728359,0.3441123,0.1971199
caixa,pesos,0.5,-0.623551,0.300000,0.291344,0.000000,1.000000,-0.000000,0.5728359,0.3441123,0.1971199
caixa,pesos,1.0,-0.623551,0.300000,0.291344,0.000000,1.000000,-0.000000,0.5728359,0.3441123,0.1971199
caixa,cor,0.0,-0.623551,0.300000,0.291344,0.000000,1.000000,-0.000000,0.007068817,0.06246123,0.1300992
caixa,cor,0.3,-0.623551,0.300000,0.291344,0.000000,1.000000,-0.000000,0.007068817,0.06246123,0.1300992
caixa,cor,1.0,-0.623551,0.300000,0.291344,0.000000,1.000000,-0.000000,0.007068817,0.06246123,0.1300992
caixa,normal,0.0,-0.623551,0.300000,0.291344,0.000000,1.000000,-0.000000,-0.1798128,0.5631571,-0.8065493
caixa,pesos,0.2,-0.531023,0.300000,0.352753,0.000000,1.000000,-0.000000,0.5881884,0.3672444,0.2160089
caixa,pesos,0.5,-0.531023,0.300000,0.352753,0.000000,1.000000,-0.000000,0.5881884,0.3672444,0.2160089
caixa,pesos,1.0,-0.531023,0.300000,0.352753,0.000000,1.000000,-0.000000,0.5881884,0.3672444,0.2160088
caixa,cor,0.0,-0.531023,0.300000,0.352753,0.000000,1.000000,-0.000000,0.02309734,0.1506262,0.08734544
caixa,cor,0.3,-0.531023,0.300000,0.352753,0.000000,1.000000,-0.000000,0.02309734,0.1506262,0.08734544
caixa,cor,1.0,-0.531023,0.300000,0.352753,0.000000,1.000000,-0.000000,0.02309735,0.1506262,0.08734543
caixa,normal,0.0,-0.531023,0.300000,0.352753,0.000000,1.000000,-0.000000,-0.2587602,0.6168075,-0.7433653
caixa,pesos,0.2,-0.438493,0.300000,0.414163,0.000000,1.000000,-0.000000,0.6035407,0.3903766,0.2356082
caixa,pesos,0.5,-0.438493,0.300000,0.414163,0.000000,1.000000,-0.000000,0.6035407,0.3903766,0.2356082
caixa,pesos,1.0,-0.438493,0.300000,0.414163,0.000000,1.000000,-0.000000,0.6035407,0.3903766,0.2356082
caixa,cor,0.0,-0.438493,0.300000,0.414163,0.000000,1.000000,-0.000000,0.1729233,0.09896776,0.001928161
caixa,cor,0.3,-0.438493,0.300000,0.414163,0.000000,1.000000,-0.000000,0.1729233,0.09896776,0.001928161
caixa,cor,1.0,-0.438493,0.300000,0.414163,0.000000,1.000000,-0.000000,0.1729233,0.09896776,0.001928175
caixa,normal,0.0,-0.438493,0.300000,0.414163,0.000000,1.000000,-0.000000,-0.7356937,0.5791225,-0.3512433
caixa,pesos,0.2,-0.345966,0.300000,0.475573,0.000000,1.000000,-0.000000,0.6188931,0.4135086,0.2559176
caixa,pesos,0.5,-0.345966,0.300000,0.475573,0.000000,1.000000,-0.000000,0.6188931,0.4135086,0.2559176
caixa,pesos,1.0,-0.345966,0.300000,0.475573,0.000000,1.000000,-0.000000,0.6188931,0.4135086,0.2559176
caixa,cor,0.0,-0.345966,0.300000,0.475573,0.000000,1.000000,-0.000000,0.1970455,0.01273567,0.01273567
caixa,cor,0.3,-0.345966,0.300000,0.475573,0.000000,1.000000,-0.000000,0.1970455,0.01273567,0.01273567
caixa,cor,1.0,-0.345966,0.300000,0.475573,0.000000,1.000000,-0.000000,0.1970455,0.01273569,0.01273568
caixa,normal,0.0,-0.345966,0.300000,0.475573,0.000000,1.000000,-0.000000,-0.8395644,0.4860272,-0.2427125
caixa,pesos,0.2,-0.263841,0.261594,0.500000,0.000000,0.000000,1.000000,0.4340399,0.5653986,0.2454055
caixa,pesos,0.5,-0.263841,0.261594,0.500000,0.000000,0.000000,1.000000,0.4340399,0.5653986,0.2454055
caixa,pesos,1.0,-0.263841,0.261594,0.500000,0.000000,0.000000,1.000000,0.4340399,0.5653986,0.2454055
caixa,cor,0.0,-0.263841,0.261594,0.500000,0.000000,0.000000,1.000000,0.02167918,0.903386,0.1050514
caixa,cor,0.3,-0.263841,0.261594,0.500000,0.000000,0.000000,1.000000,0.02167918,0.903386,0.1050514
caixa,cor,1.0,-0.263841,0.261594,0.500000,0.000000,0.000000,1.000000,0.02167921,0.9033861,0.1050514
caixa,normal,0.0,-0.263841,0.261594,0.500000,0.000000,0.000000,1.000000,-0.3629931,-0.8561394,0.3677793
caixa,pesos,0.2,-0.188589,0.197821,0.500000,0.000000,0.000000,1.000000,0.4528528,0.5494553,0.2488224
caixa,pesos,0.5,-0.188589,0.197821,0.500000,0.000000,0.000000,1.000000,0.4528528,0.5494553,0.2488224
caixa,pesos,1.0,-0.188589,0.197821,0.500000,0.000000,0.000000,1.000000,0.4528528,0.5494553,0.2488224
caixa,cor,0.0,-0.188589,0.197821,0.500000,0.000000,0.000000,1.000000,0.4574885,0.03156864,0.2955543
caixa,cor,0.3,-0.188589,0.197821,0.500000,0.000000,0.000000,1.000000,0.4574885,0.03156864,0.2955543
caixa,cor,1.0,-0.188589,0.197821,0.500000,0.000000,0.000000,1.000000,0.4574885,0.03156865,0.2955543
caixa,normal,0.0,-0.188589,0.197821,0.500000,0.000000,0.000000,1.000000,-0.7817824,-0.1208807,0.6117222
caixa,pesos,0.2,-0.113335,0.134048,0.500000,0.000000,0.000000,1.000000,0.4716663,0.533512,0.2516396
caixa,pesos,0.5,-0.113335,0.134048,0.500000,0.000000,0.000000,1.000000,0.4716663,0.533512,0.2516396
caixa,pesos,1.0,-0.113335,0.134048,0.500000,0.000000,0.000000,1.000000,0.4716663,0.533512,0.2516396
caixa,cor,0.0,-0.113335,0.134048,0.500000,0.000000,0.000000,1.000000,0.1763702,0.02697083,0.124774
caixa,cor,0.3,-0.113335,0.134048,0.500000,0.000000,0.000000,1.000000,0.1763702,0.02697083,0.124774
caixa,cor,1.0,-0.113335,0.134048,0.500000,0.000000,0.000000,1.000000,0.1763702,0.02697083,0.1247741
caixa,normal,0.0,-0.113335,0.134048,0.500000,0.000000,0.000000,1.000000,0.2768669,-0.4246578,0.8619806
caixa,pesos,0.2,-0.038082,0.070275,0.500000,0.000000,0.000000,1.000000,0.4904795,0.5175686,0.2538568
caixa,pesos,0.5,-0.038082,0.070275,0.500000,0.000000,0.000000,1.000000,0.4904795,0.5175686,0.2538568
caixa,pesos,1.0,-0.038082,0.070275,0.500000,0.000000,0.000000,1.000000,0.4904796,0.5175686,0.2538568
caixa,cor,0.0,-0.038082,0.070275,0.500000,0.000000,0.000000,1.000000,0.8868881,0.01567854,0.3807454
caixa,cor,0.3,-0.038082,0.070275,0.500000,0.000000,0.000000,1.000000,0.8868881,0.01567854,0.3807454
caixa,cor,1.0,-0.038082,0.070275,0.500000,0.000000,0.000000,1.000000,0.8868881,0.01567855,0.3807454
caixa,normal,0.0,-0.038082,0.070275,0.500000,0.000000,0.000000,1.000000,0.3174796,0.7209158,0.6160251
caixa,pesos,0.2,0.037171,0.006501,0.500000,0.000000,0.000000,1.000000,0.5092927,0.5016254,0.2554742
caixa,pesos,0.5,0.037171,0.006501,0.500000,0.000000,0.000000,1.000000,0.5092927,0.5016254,0.2554742
caixa,pesos,1.0,0.037171,0.006501,0.500000,0.000000,0.000000,1.000000,0.5092927,0.5016254,0.2554742
caixa,cor,0.0,0.037171,0.006501,0.500000,0.000000,0.000000,1.000000,0.005922586,0.446414,0.04221698
caixa,cor,0.3,0.037171,0.006501,0.500000,0.000000,0.000000,1.000000,0.005922586,0.446414,0.04221698
caixa,cor,1.0,0.037171,0.006501,0.500000,0.000000,0.000000,1.000000,0.005922606,0.446414,0.04221698
caixa,normal,0.0,0.037171,0.006501,0.500000,0.000000,0.000000,1.000000,0.6202865,0.6650825,0.4158247
caixa,pesos,0.2,0.112424,-0.057272,0.500000,0.000000,0.000000,1.000000,0.5281061,0.4856821,0.2564917
caixa,pesos,0.5,0.112424,-0.057272,0.500000,0.000000,0.000000,1.000000,0.5281061,0.4856821,0.2564917
caixa,pesos,1.0,0.112424,-0.057272,0.500000,0.000000,0.000000,1.000000,0.5281061,0.4856821,0.2564917
caixa,cor,0.0,0.112424,-0.057272,0.500000,0.000000,0.000000,1.000000,0.00922579,0.1700415,0.02835206
caixa,cor,0.3,0.112424,-0.057272,0.500000,0.000000,0.000000,1.000000,0.00922579,0.1700415,0.02835206
caixa,cor,1.0,0.112424,-0.057272,0.500000,0.000000,0.000000,1.000000,0.009225798,0.1700415,0.02835206
caixa,normal,0.0,0.112424,-0.057272,0.500000,0.000000,0.000000,1.000000,0.6874311,0.6462789,0.3313036
caixa,pesos,0.2,0.187677,-0.121045,0.500000,0.000000,0.000000,1.000000,0.5469192,0.4697388,0.2569092
caixa,pesos,0.5,0.187677,-0.121045,0.500000,0.000000,0.000000,1.000000,0.5469192,0.4697388,0.2569092
caixa,pesos,1.0,0.187677,-0.121045,0.500000,0.000000,0.000000,1.000000,0.5469192,0.4697388,0.2569092
caixa,cor,0.0,0.187677,-0.121045,0.500000,0.000000,0.000000,1.000000,0.0743086,0.4491534,0.870564
caixa,cor,0.3,0.187677,-0.121045,0.500000,0.000000,0.000000,1.000000,0.0743086,0.4491534,0.870564
caixa,cor,1.0,0.187677,-0.121045,0.500000,0.000000,0.000000,1.000000,0.07430864,0.4491534,0.870564
caixa,normal,0.0,0.187677,-0.121045,0.500000,0.000000,0.000000,1.000000,0.5108361,0.8058853,0.2993246
caixa,pesos,0.2,0.262930,-0.184818,0.500000,0.000000,0.000000,1.000000,0.5657325,0.4537956,0.2567269
caixa,pesos,0.5,0.262930,-0.184818,0.500000,0.000000,0.000000,1.000000,0.5657325,0.4537956,0.2567269
caixa,pesos,1.0,0.262930,-0.184818,0.500000,0.000000,0.000000,1.000000,0.5657325,0.4537956,0.2567269
caixa,cor,0.0,0.262930,-0.184818,0.500000,0.000000,0.000000,1.000000,0.4354937,0.1681073,0.07331918
caixa,cor,0.3,0.262930,-0.184818,0.500000,0.000000,0.000000,1.000000,0.4354937,0.1681073,0.07331918
caixa,cor,1.0,0.262930,-0.184818,0.500000,0.000000,0.000000,1.000000,0.4354937,0.1681073,0.07331918
caixa,normal,0.0,0.262930,-0.184818,0.500000,0.000000,0.000000,1.000000,0.7868025,0.4752305,0.3938251
caixa,pesos,0.2,0.338182,-0.248591,0.500000,0.000000,0.000000,1.000000,0.5845456,0.4378522,0.2559446
caixa,pesos,0.5,0.338182,-0.248591,0.500000,0.000000,0.000000,1.000000,0.5845456,0.4378522,0.2559446
caixa,pesos,1.0,0.338182,-0.248591,0.500000,0.000000,0.000000,1.000000,0.5845456,0.4378523,0.2559446
caixa,cor,0.0,0.338182,-0.248591,0.500000,0.000000,0.000000,1.000000,0.001024155,0.1638451,0.01354746
caixa,cor,0.3,0.338182,-0.248591,0.500000,0.000000,0.000000,1.000000,0.001024155,0.1638451,0.01354746
caixa,cor,1.0,0.338182,-0.248591,0.500000,0.000000,0.000000,1.000000,0.001024156,0.1638451,0.01354747
caixa,normal,0.0,0.338182,-0.248591,0.500000,0.000000,0.000000,1.000000,0.2239623,0.8622019,0.4543664
caixa,pesos,0.2,-0.779070,0.300000,0.053775,0.000000,1.000000,-0.000000,0.5134438,0.3052325,0.1567197
caixa,pesos,0.5,-0.779070,0.300000,0.053775,0.000000,1.000000,-0.000000,0.5134438,0.3052325,0.1567197
caixa,pesos,1.0,-0.779070,0.300000,0.053775,0.000000,1.000000,-0.000000,0.5134438,0.3052325,0.1567197
caixa,cor,0.0,-0.779070,0.300000,0.053775,0.000000,1.000000,-0.000000,0.7017434,0.1168786,0.1168786
caixa,cor,0.3,-0.779070,0.300000,0.053775,0.000000,1.000000,-0.000000,0.7017434,0.1168786,0.1168786
caixa,cor,1.0,-0.779070,0.300000,0.053775,0.000000,1.000000,-0.000000,0.7017434,0.1168786,0.1168786
caixa,normal,0.0,-0.779070,0.300000,0.053775,0.000000,1.000000,-0.000000,0.763025,0.6206203,0.1806192
caixa,pesos,0.2,-0.686541,0.300000,0.115184,0.000000,1.000000,-0.000000,0.5287961,0.3283647,0.173638
caixa,pesos,0.5,-0.686541,0.300000,0.115184,0.000000,1.000000,-0.000000,0.5287961,0.3283647,0.173638
caixa,pesos,1.0,-0.686541,0.300000,0.115184,0.000000,1.000000,-0.000000,0.5287961,0.3283647,0.173638
caixa,cor,0.0,-0.686541,0.300000,0.115184,0.000000,1.000000,-0.000000,0.03238161,0.01010439,0.7531347
caixa,cor,0.3,-0.686541,0.300000,0.115184,0.000000,1.000000,-0.000000,0.03238161,0.01010439,0.7531347
caixa,cor,1.0,-0.686541,0.300000,0.115184,0.000000,1.000000,-0.000000,0.03238161,0.0101044,0.7531347
caixa,normal,0.0,-0.686541,0.300000,0.115184,0.000000,1.000000,-0.000000,0.8060265,0.3376698,0.4861076
caixa,pesos,0.2,-0.594013,0.300000,0.176594,0.000000,1.000000,-0.000000,0.5441485,0.3514968,0.1912664
caixa,pesos,0.5,-0.594013,0.300000,0.176594,0.000000,1.000000,-0.000000,0.5441485,0.3514968,0.1912664
caixa,pesos,1.0,-0.594013,0.300000,0.176594,0.000000,1.000000,-0.000000,0.5441485,0.3514968,0.1912664
caixa,cor,0.0,-0.594013,0.300000,0.176594,0.000000,1.000000,-0.000000,0.0595644,0.4071122,0.8069903
caixa,cor,0.3,-0.594013,0.300000,0.176594,0.000000,1.000000,-0.000000,0.0595644,0.4071122,0.8069903
caixa,cor,1.0,-0.594013,0.300000,0.176594,0.000000,1.000000,-0.000000,0.0595644,0.4071122,0.8069903
caixa,normal,0.0,-0.594013,0.300000,0.176594,0.000000,1.000000,-0.000000,0.06107426,0.6755557,0.7347751
caixa,pesos,0.2,-0.501484,0.300000,0.238004,0.000000,1.000000,-0.000000,0.5595009,0.3746289,0.2096052
caixa,pesos,0.5,-0.501484,0.300000,0.238004,0.000000,1.000000,-0.000000,0.5595009,0.3746289,0.2096052
caixa,pesos,1.0,-0.501484,0.300000,0.238004,0.000000,1.000000,-0.000000,0.5595009,0.3746289,0.2096052
caixa,cor,0.0,-0.501484,0.300000,0.238004,0.000000,1.000000,-0.000000,0.4294862,0.4480904,0.0658768
caixa,cor,0.3,-0.501484,0.300000,0.238004,0.000000,1.000000,-0.000000,0.4294862,0.4480904,0.0658768
caixa,cor,1.0,-0.501484,0.300000,0.238004,0.000000,1.000000,-0.000000,0.4294862,0.4480904,0.0658768
caixa,normal,0.0,-0.501484,0.300000,0.238004,0.000000,1.000000,-0.000000,0.4560287,0.3761172,0.8065815
caixa,pesos,0.2,-0.408956,0.300000,0.299413,0.000000,1.000000,-0.000000,0.5748533,0.3977611,0.2286543
caixa,pesos,0.5,-0.408956,0.300000,0.299413,0.000000,1.000000,-0.000000,0.5748533,0.3977611,0.2286543
caixa,pesos,1.0,-0.408956,0.300000,0.299413,0.000000,1.000000,-0.000000,0.5748533,0.3977611,0.2286543
caixa,cor,0.0,-0.408956,0.300000,0.299413,0.000000,1.000000,-0.000000,0.0199634,0.1032618,0.9256928
caixa,cor,0.3,-0.408956,0.300000,0.299413,0.000000,1.000000,-0.000000,0.0199634,0.1032618,0.9256928
caixa,cor,1.0,-0.408956,0.300000,0.299413,0.000000,1.000000,-0.000000,0.0199634,0.1032618,0.9256927
caixa,normal,0.0,-0.408956,0.300000,0.299413,0.000000,1.000000,-0.000000,0.4272602,0.7206726,0.545967
caixa,pesos,0.2,-0.316427,0.300000,0.360823,0.000000,1.000000,-0.000000,0.5902057,0.4208932,0.2484136
caixa,pesos,0.5,-0.316427,0.300000,0.360823,0.000000,1.000000,-0.000000,0.5902057,0.4208932,0.2484136
caixa,pesos,1.0,-0.316427,0.300000,0.360823,0.000000,1.000000,-0.000000,0.5902057,0.4208932,0.2484135
caixa,cor,0.0,-0.316427,0.300000,0.360823,0.000000,1.000000,-0.000000,0.09456097,0.9886336,0.9886336
caixa,cor,0.3,-0.316427,0.300000,0.360823,0.000000,1.000000,-0.000000,0.09456097,0.9886336,0.9886336
caixa,cor,1.0,-0.316427,0.300000,0.360823,0.000000,1.000000,-0.000000,0.09456095,0.9886335,0.9886335
caixa,normal,0.0,-0.316427,0.300000,0.360823,0.000000,1.000000,-0.000000,0.8578873,0.3290408,0.394667
caixa,pesos,0.2,-0.223899,0.300000,0.422233,0.000000,1.000000,-0.000000,0.6055582,0.4440252,0.268883
caixa,pesos,0.5,-0.223899,0.300000,0.422233,0.000000,1.000000,-0.000000,0.6055582,0.4440252,0.268883
caixa,pesos,1.0,-0.223899,0.300000,0.422233,0.000000,1.000000,-0.000000,0.6055581,0.4440251,0.268883
caixa,cor,0.0,-0.223899,0.300000,0.422233,0.000000,1.000000,-0.000000,0.3927727,0.6707644,0.009505922
caixa,cor,0.3,-0.223899,0.300000,0.422233,0.000000,1.000000,-0.000000,0.3927727,0.6707644,0.009505922
caixa,cor,1.0,-0.223899,0.300000,0.422233,0.000000,1.000000,-0.000000,0.3927726,0.6707644,0.009505925
caixa,normal,0.0,-0.223899,0.300000,0.422233,0.000000,1.000000,-0.000000,0.6831601,0.6227303,0.3814435
caixa,pesos,0.2,-0.131370,0.300000,0.483642,0.000000,1.000000,-0.000000,0.6209105,0.4671574,0.290063
caixa,pesos,0.5,-0.131370,0.300000,0.483642,0.000000,1.000000,-0.000000,0.6209105,0.4671574,0.290063
caixa,pesos,1.0,-0.131370,0.300000,0.483642,0.000000,1.000000,-0.000000,0.6209105,0.4671574,0.290063
caixa,cor,0.0,-0.131370,0.300000,0.483642,0.000000,1.000000,-0.000000,0.01482746,0.2207149,0.2394681
caixa,cor,0.3,-0.131370,0.300000,0.483642,0.000000,1.000000,-0.000000,0.01482746,0.2207149,0.2394681
caixa,cor,1.0,-0.131370,0.300000,0.483642,0.000000,1.000000,-0.000000,0.01482747,0.2207149,0.2394681
caixa,normal,0.0,-0.131370,0.300000,0.483642,0.000000,1.000000,-0.000000,0.4998779,0.4077873,0.7640887
caixa,pesos,0.2,-0.051516,0.253214,0.500000,0.000000,0.000000,1.000000,0.4871209,0.5633036,0.274397
caixa,pesos,0.5,-0.051516,0.253214,0.500000,0.000000,0.000000,1.000000,0.4871209,0.5633036,0.274397
caixa,pesos,1.0,-0.051516,0.253214,0.500000,0.000000,0.000000,1.000000,0.4871209,0.5633036,0.274397
caixa,cor,0.0,-0.051516,0.253214,0.500000,0.000000,0.000000,1.000000,0.1414333,0.6385677,0.01431219
caixa,cor,0.3,-0.051516,0.253214,0.500000,0.000000,0.000000,1.000000,0.1414333,0.6385677,0.01431219
caixa,cor,1.0,-0.051516,0.253214,0.500000,0.000000,0.000000,1.000000,0.1414334,0.6385678,0.01431219
caixa,normal,0.0,-0.051516,0.253214,0.500000,0.000000,0.000000,1.000000,0.38906,0.8468699,0.3625519
caixa,pesos,0.2,0.023737,0.189441,0.500000,0.000000,0.000000,1.000000,0.5059344,0.5473602,0.2769283
caixa,pesos,0.5,0.023737,0.189441,0.500000,0.000000,0.000000,1.000000,0.5059344,0.5473602,0.2769283
caixa,pesos,1.0,0.023737,0.189441,0.500000,0.000000,0.000000,1.000000,0.5059344,0.5473602,0.2769283
caixa,cor,0.0,0.023737,0.189441,0.500000,0.000000,0.000000,1.000000,0.1721378,0.01552529,0.5578592
caixa,cor,0.3,0.023737,0.189441,0.500000,0.000000,0.000000,1.000000,0.1721378,0.01552529,0.5578592
caixa,cor,1.0,0.023737,0.189441,0.500000,0.000000,0.000000,1.000000,0.1721378,0.0155253,0.5578592
caixa,normal,0.0,0.023737,0.189441,0.500000,0.000000,0.000000,1.000000,0.8388426,0.3675807,0.4015317
caixa,pesos,0.2,0.098990,0.125668,0.500000,0.000000,0.000000,1.000000,0.5247475,0.531417,0.2788597
caixa,pesos,0.5,0.098990,0.125668,0.500000,0.000000,0.000000,1.000000,0.5247475,0.531417,0.2788597
caixa,pesos,1.0,0.098990,0.125668,0.500000,0.000000,0.000000,1.000000,0.5247475,0.531417,0.2788597
caixa,cor,0.0,0.098990,0.125668,0.500000,0.000000,0.000000,1.000000,0.09128898,0.235573,0.01885333
caixa,cor,0.3,0.098990,0.125668,0.500000,0.000000,0.000000,1.000000,0.09128898,0.235573,0.01885333
caixa,cor,1.0,0.098990,0.125668,0.500000,0.000000,0.000000,1.000000,0.09128898,0.235573,0.01885335
caixa,normal,0.0,0.098990,0.125668,0.500000,0.000000,0.000000,1.000000,0.3572083,0.8395116,0.409417
caixa,pesos,0.2,0.174243,0.061895,0.500000,0.000000,0.000000,1.000000,0.5435607,0.5154737,0.2801912
caixa,pesos,0.5,0.174243,0.061895,0.500000,0.000000,0.000000,1.000000,0.5435607,0.5154737,0.2801912
caixa,pesos,1.0,0.174243,0.061895,0.500000,0.000000,0.000000,1.000000,0.5435607,0.5154737,0.2801912
caixa,cor,0.0,0.174243,0.061895,0.500000,0.000000,0.000000,1.000000,0.1129773,0.7295847,0.4594586
caixa,cor,0.3,0.174243,0.061895,0.500000,0.000000,0.000000,1.000000,0.1129773,0.7295847,0.4594586
caixa,cor,1.0,0.174243,0.061895,0.500000,0.000000,0.000000,1.000000,0.1129774,0.7295847,0.4594586
caixa,normal,0.0,0.174243,0.061895,0.500000,0.000000,0.000000,1.000000,0.7656071,0.05681682,0.6407945
caixa,pesos,0.2,0.249496,-0.001878,0.500000,0.000000,0.000000,1.000000,0.5623739,0.4995304,0.2809229
caixa,pesos,0.5,0.249496,-0.001878,0.500000,0.000000,0.000000,1.000000,0.5623739,0.4995304,0.2809229
caixa,pesos,1.0,0.249496,-0.001878,0.500000,0.000000,0.000000,1.000000,0.5623739,0.4995304,0.2809229
caixa,cor,0.0,0.249496,-0.001878,0.500000,0.000000,0.000000,1.000000,0.1587536,0.003706439,0.4891787
caixa,cor,0.3,0.249496,-0.001878,0.500000,0.000000,0.000000,1.000000,0.1587536,0.003706439,0.4891787
caixa,cor,1.0,0.249496,-0.001878,0.500000,0.000000,0.000000,1.000000,0.1587536,0.003706446,0.4891787
caixa,normal,0.0,0.249496,-0.001878,0.500000,0.000000,0.000000,1.000000,-0.2236226,0.2676592,0.9372041
caixa,pesos,0.2,0.324748,-0.065652,0.500000,0.000000,0.000000,1.000000,0.581187,0.4835871,0.2810546
caixa,pesos,0.5,0.324748,-0.065652,0.500000,0.000000,0.000000,1.000000,0.581187,0.4835871,0.2810546
caixa,pesos,1.0,0.324748,-0.065652,0.500000,0.000000,0.000000,1.000000,0.581187,0.4835872,0.2810546
caixa,cor,0.0,0.324748,-0.065652,0.500000,0.000000,0.000000,1.000000,0.06536975,0.004312892,0.2280682
caixa,cor,0.3,0.324748,-0.065652,0.500000,0.000000,0.000000,1.000000,0.06536975,0.004312892,0.2280682
caixa,cor,1.0,0.324748,-0.065652,0.500000,0.000000,0.000000,1.000000,0.06536976,0.004312893,0.2280682
caixa,normal,0.0,0.324748,-0.065652,0.500000,0.000000,0.000000,1.000000,-0.337412,-0.6827651,0.6480625
caixa,pesos,0.2,0.400002,-0.129425,0.500000,0.000000,0.000000,1.000000,0.6000005,0.4676438,0.2805865
caixa,pesos,0.5,0.400002,-0.129425,0.500000,0.000000,0.000000,1.000000,0.6000005,0.4676438,0.2805865
caixa,pesos,1.0,0.400002,-0.129425,0.500000,0.000000,0.000000,1.000000,0.6000005,0.4676439,0.2805865
caixa,cor,0.0,0.400002,-0.129425,0.500000,0.000000,0.000000,1.000000,0.8821538,0.04106669,0.1952902
caixa,cor,0.3,0.400002,-0.129425,0.500000,0.000000,0.000000,1.000000,0.8821538,0.04106669,0.1952902
caixa,cor,1.0,0.400002,-0.129425,0.500000,0.000000,0.000000,1.000000,0.8821539,0.0410667,0.1952902
caixa,normal,0.0,0.400002,-0.129425,0.500000,0.000000,0.000000,1.000000,-0.559757,-0.7152822,0.4183818
caixa,pesos,0.2,0.475254,-0.193198,0.500000,0.000000,0.000000,1.000000,0.6188135,0.4517006,0.2795184
caixa,pesos,0.5,0.475254,-0.193198,0.500000,0.000000,0.000000,1.000000,0.6188135,0.4517006,0.2795184
caixa,pesos,1.0,0.475254,-0.193198,0.500000,0.000000,0.000000,1.000000,0.6188135,0.4517006,0.2795184
caixa,cor,0.0,0.475254,-0.193198,0.500000,0.000000,0.000000,1.000000,0.02242686,0.2078772,0.1123445
caixa,cor,0.3,0.475254,-0.193198,0.500000,0.000000,0.000000,1.000000,0.02242686,0.2078772,0.1123445
caixa,cor,1.0,0.475254,-0.193198,0.500000,0.000000,0.000000,1.000000,0.02242687,0.2078772,0.1123445
caixa,normal,0.0,0.475254,-0.193198,0.500000,0.000000,0.000000,1.000000,-0.710063,-0.6136014,0.3454039
caixa,pesos,0.2,0.550508,-0.256971,0.500000,0.000000,0.000000,1.000000,0.6376269,0.4357572,0.2778505
caixa,pesos,0.5,0.550508,-0.256971,0.500000,0.000000,0.000000,1.000000,0.6376269,0.4357572,0.2778505
caixa,pesos,1.0,0.550508,-0.256971,0.500000,0.000000,0.000000,1.000000,0.6376269,0.4357573,0.2778505
caixa,cor,0.0,0.550508,-0.256971,0.500000,0.000000,0.000000,1.000000,0.2207059,0.04009101,0.08844531
caixa,cor,0.3,0.550508,-0.256971,0.500000,0.000000,0.000000,1.000000,0.2207059,0.04009101,0.08844531
caixa,cor,1.0,0.550508,-0.256971,0.500000,0.000000,0.000000,1.000000,0.2207059,0.04009101,0.08844531
caixa,normal,0.0,0.550508,-0.256971,0.500000,0.000000,0.000000,1.000000,-0.4809244,-0.820704,0.308475
caixa,pesos,0.2,-0.749532,0.300000,-0.060975,0.000000,1.000000,-0.000000,0.4847562,0.3126171,0.1515431
caixa,pesos,0.5,-0.749532,0.300000,-0.060975,0.000000,1.000000,-0.000000,0.4847562,0.3126171,0.1515431
caixa,pesos,1.0,-0.749532,0.300000,-0.060975,0.000000,1.000000,-0.000000,0.4847562,0.3126171,0.1515431
caixa,cor,0.0,-0.749532,0.300000,-0.060975,0.000000,1.000000,-0.000000,0.001251612,0.02434462,0.3494221
caixa,cor,0.3,-0.749532,0.300000,-0.060975,0.000000,1.000000,-0.000000,0.001251612,0.02434462,0.3494221
caixa,cor,1.0,-0.749532,0.300000,-0.060975,0.000000,1.000000,-0.000000,0.001251612,0.02434463,0.3494221
caixa,normal,0.0,-0.749532,0.300000,-0.060975,0.000000,1.000000,-0.000000,-0.8033872,0.3539617,-0.4788325
caixa,pesos,0.2,-0.657003,0.300000,0.000434,0.000000,1.000000,-0.000000,0.5001085,0.3357492,0.1679111
caixa,pesos,0.5,-0.657003,0.300000,0.000434,0.000000,1.000000,-0.000000,0.5001085,0.3357492,0.1679111
caixa,pesos,1.0,-0.657003,0.300000,0.000434,0.000000,1.000000,-0.000000,0.5001085,0.3357492,0.1679111
caixa,cor,0.0,-0.657003,0.300000,0.000434,0.000000,1.000000,-0.000000,0.01708947,0.3853218,0.3853218
caixa,cor,0.3,-0.657003,0.300000,0.000434,0.000000,1.000000,-0.000000,0.01708947,0.3853218,0.3853218
caixa,cor,1.0,-0.657003,0.300000,0.000434,0.000000,1.000000,-0.000000,0.01708947,0.3853218,0.3853218
caixa,normal,0.0,-0.657003,0.300000,0.000434,0.000000,1.000000,-0.000000,-0.8150501,0.4603839,-0.3517666
caixa,pesos,0.2,-0.564475,0.300000,0.061844,0.000000,1.000000,-0.000000,0.5154608,0.3588813,0.1849893
caixa,pesos,0.5,-0.564475,0.300000,0.061844,0.000000,1.000000,-0.000000,0.5154608,0.3588813,0.1849893
caixa,pesos,1.0,-0.564475,0.300000,0.061844,0.000000,1.000000,-0.000000,0.5154608,0.3588813,0.1849893
caixa,cor,0.0,-0.564475,0.300000,0.061844,0.000000,1.000000,-0.000000,0.06025773,0.4233943,0.1151083
caixa,cor,0.3,-0.564475,0.300000,0.061844,0.000000,1.000000,-0.000000,0.06025773,0.4233943,0.1151083
caixa,cor,1.0,-0.564475,0.300000,0.061844,0.000000,1.000000,-0.000000,0.06025774,0.4233943,0.1151083
caixa,normal,0.0,-0.564475,0.300000,0.061844,0.000000,1.000000,-0.000000,-0.6582625,0.3625431,-0.6597371
caixa,pesos,0.2,-0.471946,0.300000,0.123253,0.000000,1.000000,-0.000000,0.5308133,0.3820134,0.2027778
caixa,pesos,0.5,-0.471946,0.300000,0.123253,0.000000,1.000000,-0.000000,0.5308133,0.3820134,0.2027778
caixa,pesos,1.0,-0.471946,0.300000,0.123253,0.000000,1.000000,-0.000000,0.5308133,0.3820134,0.2027778
caixa,cor,0.0,-0.471946,0.300000,0.123253,0.000000,1.000000,-0.000000,0.4635712,0.07157341,0.003948613
caixa,cor,0.3,-0.471946,0.300000,0.123253,0.000000,1.000000,-0.000000,0.4635712,0.07157341,0.003948613
caixa,cor,1.0,-0.471946,0.300000,0.123253,0.000000,1.000000,-0.000000,0.4635712,0.07157341,0.003948613
caixa,normal,0.0,-0.471946,0.300000,0.123253,0.000000,1.000000,-0.000000,-0.1270899,0.5171251,-0.8464217
caixa,pesos,0.2,-0.379418,0.300000,0.184663,0.000000,1.000000,-0.000000,0.5461657,0.4051455,0.2212766
caixa,pesos,0.5,-0.379418,0.300000,0.184663,0.000000,1.000000,-0.000000,0.5461657,0.4051455,0.2212766
caixa,pesos,1.0,-0.379418,0.300000,0.184663,0.000000,1.000000,-0.000000,0.5461657,0.4051455,0.2212766
caixa,cor,0.0,-0.379418,0.300000,0.184663,0.000000,1.000000,-0.000000,0.5058899,0.02936677,0.1302975
caixa,cor,0.3,-0.379418,0.300000,0.184663,0.000000,1.000000,-0.000000,0.5058899,0.02936677,0.1302975
caixa,cor,1.0,-0.379418,0.300000,0.184663,0.000000,1.000000,-0.000000,0.5058899,0.02936677,0.1302975
caixa,normal,0.0,-0.379418,0.300000,0.184663,0.000000,1.000000,-0.000000,-0.5916944,0.3451772,-0.7285264
caixa,pesos,0.2,-0.286889,0.300000,0.246073,0.000000,1.000000,-0.000000,0.5615183,0.4282777,0.2404857
caixa,pesos,0.5,-0.286889,0.300000,0.246073,0.000000,1.000000,-0.000000,0.5615183,0.4282777,0.2404857
caixa,pesos,1.0,-0.286889,0.300000,0.246073,0.000000,1.000000,-0.000000,0.5615183,0.4282776,0.2404857
caixa,cor,0.0,-0.286889,0.300000,0.246073,0.000000,1.000000,-0.000000,0.1271595,0.5503757,0.09356736
caixa,cor,0.3,-0.286889,0.300000,0.246073,0.000000,1.000000,-0.000000,0.1271595,0.5503757,0.09356736
caixa,cor,1.0,-0.286889,0.300000,0.246073,0.000000,1.000000,-0.000000,0.1271595,0.5503756,0.09356736
caixa,normal,0.0,-0.286889,0.300000,0.246073,0.000000,1.000000,-0.000000,-0.740171,0.5556276,-0.378715
caixa,pesos,0.2,-0.194361,0.300000,0.307482,0.000000,1.000000,-0.000000,0.5768706,0.4514098,0.260405
caixa,pesos,0.5,-0.194361,0.300000,0.307482,0.000000,1.000000,-0.000000,0.5768706,0.4514098,0.260405
caixa,pesos,1.0,-0.194361,0.300000,0.307482,0.000000,1.000000,-0.000000,0.5768706,0.4514097,0.260405
caixa,cor,0.0,-0.194361,0.300000,0.307482,0.000000,1.000000,-0.000000,0.5970703,0.008611749,0.008611749
caixa,cor,0.3,-0.194361,0.300000,0.307482,0.000000,1.000000,-0.000000,0.5970703,0.008611749,0.008611749
caixa,cor,1.0,-0.194361,0.300000,0.307482,0.000000,1.000000,-0.000000,0.5970703,0.008611766,0.00861176
caixa,normal,0.0,-0.194361,0.300000,0.307482,0.000000,1.000000,-0.000000,-0.844219,0.3023992,-0.4425488
caixa,pesos,0.2,-0.101832,0.300000,0.368892,0.000000,1.000000,-0.000000,0.592223,0.4745419,0.2810346
caixa,pesos,0.5,-0.101832,0.300000,0.368892,0.000000,1.000000,-0.000000,0.592223,0.4745419,0.2810346
caixa,pesos,1.0,-0.101832,0.300000,0.368892,0.000000,1.000000,-0.000000,0.5922229,0.4745418,0.2810346
caixa,cor,0.0,-0.101832,0.300000,0.368892,0.000000,1.000000,-0.000000,0.0101015,0.1154863,0.02421201
caixa,cor,0.3,-0.101832,0.300000,0.368892,0.000000,1.000000,-0.000000,0.0101015,0.1154863,0.02421201
caixa,cor,1.0,-0.101832,0.300000,0.368892,0.000000,1.000000,-0.000000,0.0101015,0.1154863,0.02421202
caixa,normal,0.0,-0.101832,0.300000,0.368892,0.000000,1.000000,-0.000000,-0.4051096,0.6276495,-0.6647875
caixa,pesos,0.2,-0.009304,0.300000,0.430302,0.000000,1.000000,-0.000000,0.6075754,0.497674,0.3023745
caixa,pesos,0.5,-0.009304,0.300000,0.430302,0.000000,1.000000,-0.000000,0.6075754,0.497674,0.3023745
caixa,pesos,1.0,-0.009304,0.300000,0.430302,0.000000,1.000000,-0.000000,0.6075754,0.497674,0.3023745
caixa,cor,0.0,-0.009304,0.300000,0.430302,0.000000,1.000000,-0.000000,0.5130531,0.2790323,0.02611362
caixa,cor,0.3,-0.009304,0.300000,0.430302,0.000000,1.000000,-0.000000,0.5130531,0.2790323,0.02611362
caixa,cor,1.0,-0.009304,0.300000,0.430302,0.000000,1.000000,-0.000000,0.513053,0.2790323,0.02611362
caixa,normal,0.0,-0.009304,0.300000,0.430302,0.000000,1.000000,-0.000000,-0.4822935,0.3344333,-0.8096588
caixa,pesos,0.2,0.083225,0.300000,0.491711,0.000000,1.000000,-0.000000,0.6229278,0.5208062,0.3244247
caixa,pesos,0.5,0.083225,0.300000,0.491711,0.000000,1.000000,-0.000000,0.6229278,0.5208062,0.3244247
caixa,pesos,1.0,0.083225,0.300000,0.491711,0.000000,1.000000,-0.000000,0.6229278,0.5208062,0.3244247
caixa,cor,0.0,0.083225,0.300000,0.491711,0.000000,1.000000,-0.000000,0.7454085,0.01703024,0.1441039
caixa,cor,0.3,0.083225,0.300000,0.491711,0.000000,1.000000,-0.000000,0.7454085,0.01703024,0.1441039
caixa,cor,1.0,0.083225,0.300000,0.491711,0.000000,1.000000,-0.000000,0.7454085,0.01703027,0.1441039
caixa,normal,0.0,0.083225,0.300000,0.491711,0.000000,1.000000,-0.000000,-0.2296546,0.6380312,-0.734966
caixa,pesos,0.2,0.160809,0.244835,0.500000,0.000000,0.000000,1.000000,0.5402023,0.5612087,0.3031662
caixa,pesos,0.5,0.160809,0.244835,0.500000,0.000000,0.000000,1.000000,0.5402023,0.5612087,0.3031662
caixa,pesos,1.0,0.160809,0.244835,0.500000,0.000000,0.000000,1.000000,0.5402023,0.5612087,0.3031662
caixa,cor,0.0,0.160809,0.244835,0.500000,0.000000,0.000000,1.000000,0.1154165,0.04752808,0.03628672
caixa,cor,0.3,0.160809,0.244835,0.500000,0.000000,0.000000,1.000000,0.1154165,0.04752808,0.03628672
caixa,cor,1.0,0.160809,0.244835,0.500000,0.000000,0.000000,1.000000,0.1154165,0.04752808,0.03628672
caixa,normal,0.0,0.160809,0.244835,0.500000,0.000000,0.000000,1.000000,0.08953834,-0.6022531,0.7932681
caixa,pesos,0.2,0.236062,0.181062,0.500000,0.000000,0.000000,1.000000,0.5590156,0.5452654,0.3048118
caixa,pesos,0.5,0.236062,0.181062,0.500000,0.000000,0.000000,1.000000,0.5590156,0.5452654,0.3048118
caixa,pesos,1.0,0.236062,0.181062,0.500000,0.000000,0.000000,1.000000,0.5590156,0.5452654,0.3048118
caixa,cor,0.0,0.236062,0.181062,0.500000,0.000000,0.000000,1.000000,0.6683502,0.3671285,0.004095376
caixa,cor,0.3,0.236062,0.181062,0.500000,0.000000,0.000000,1.000000,0.6683502,0.3671285,0.004095376
caixa,cor,1.0,0.236062,0.181062,0.500000,0.000000,0.000000,1.000000,0.6683502,0.3671285,0.004095382
caixa,normal,0.0,0.236062,0.181062,0.500000,0.000000,0.000000,1.000000,-0.7300341,-0.1161301,0.6734716
caixa,pesos,0.2,0.311316,0.117288,0.500000,0.000000,0.000000,1.000000,0.5778289,0.529322,0.3058576
caixa,pesos,0.5,0.311316,0.117288,0.500000,0.000000,0.000000,1.000000,0.5778289,0.529322,0.3058576
caixa,pesos,1.0,0.311316,0.117288,0.500000,0.000000,0.000000,1.000000,0.5778289,0.529322,0.3058576
caixa,cor,0.0,0.311316,0.117288,0.500000,0.000000,0.000000,1.000000,0.010424,0.04078321,0.302571
caixa,cor,0.3,0.311316,0.117288,0.500000,0.000000,0.000000,1.000000,0.010424,0.04078321,0.302571
caixa,cor,1.0,0.311316,0.117288,0.500000,0.000000,0.000000,1.000000,0.01042401,0.04078321,0.302571
caixa,normal,0.0,0.311316,0.117288,0.500000,0.000000,0.000000,1.000000,-0.2703183,-0.8377194,0.4745041
caixa,pesos,0.2,0.386568,0.053515,0.500000,0.000000,0.000000,1.000000,0.596642,0.5133788,0.3063034
caixa,pesos,0.5,0.386568,0.053515,0.500000,0.000000,0.000000,1.000000,0.596642,0.5133788,0.3063034
caixa,pesos,1.0,0.386568,0.053515,0.500000,0.000000,0.000000,1.000000,0.596642,0.5133788,0.3063034
caixa,cor,0.0,0.386568,0.053515,0.500000,0.000000,0.000000,1.000000,0.1583181,0.06743105,0.0462153
caixa,cor,0.3,0.386568,0.053515,0.500000,0.000000,0.000000,1.000000,0.1583181,0.06743105,0.0462153
caixa,cor,1.0,0.386568,0.053515,0.500000,0.000000,0.000000,1.000000,0.1583181,0.06743105,0.04621531
caixa,normal,0.0,0.386568,0.053515,0.500000,0.000000,0.000000,1.000000,-0.8489234,-0.2291019,0.4762788
caixa,pesos,0.2,0.461821,-0.010258,0.500000,0.000000,0.000000,1.000000,0.6154553,0.4974356,0.3061493
caixa,pesos,0.5,0.461821,-0.010258,0.500000,0.000000,0.000000,1.000000,0.6154553,0.4974356,0.3061493
caixa,pesos,1.0,0.461821,-0.010258,0.500000,0.000000,0.000000,1.000000,0.6154553,0.4974356,0.3061493
caixa,cor,0.0,0.461821,-0.010258,0.500000,0.000000,0.000000,1.000000,0.1276417,0.6550876,0.08864646
caixa,cor,0.3,0.461821,-0.010258,0.500000,0.000000,0.000000,1.000000,0.1276417,0.6550876,0.08864646
caixa,cor,1.0,0.461821,-0.010258,0.500000,0.000000,0.000000,1.000000,0.1276417,0.6550876,0.08864646
caixa,normal,0.0,0.461821,-0.010258,0.500000,0.000000,0.000000,1.000000,-0.3449147,-0.8108222,0.4728651
caixa,pesos,0.2,0.537074,-0.074031,0.500000,0.000000,0.000000,1.000000,0.6342685,0.4814922,0.3053953
caixa,pesos,0.5,0.537074,-0.074031,0.500000,0.000000,0.000000,1.000000,0.6342685,0.4814922,0.3053953
caixa,pesos,1.0,0.537074,-0.074031,0.500000,0.000000,0.000000,1.000000,0.6342685,0.4814923,0.3053953
caixa,cor,0.0,0.537074,-0.074031,0.500000,0.000000,0.000000,1.000000,0.2745927,0.1641241,0.001294053
caixa,cor,0.3,0.537074,-0.074031,0.500000,0.000000,0.000000,1.000000,0.2745927,0.1641241,0.001294053
caixa,cor,1.0,0.537074,-0.074031,0.500000,0.000000,0.000000,1.000000,0.2745927,0.1641241,0.001294057
caixa,normal,0.0,0.537074,-0.074031,0.500000,0.000000,0.000000,1.000000,-0.7356058,-0.0114243,0.6773136
caixa,pesos,0.2,0.612327,-0.137804,0.500000,0.000000,0.000000,1.000000,0.6530817,0.4655489,0.3040415
caixa,pesos,0.5,0.612327,-0.137804,0.500000,0.000000,0.000000,1.000000,0.6530817,0.4655489,0.3040415
caixa,pesos,1.0,0.612327,-0.137804,0.500000,0.000000,0.000000,1.000000,0.6530817,0.465549,0.3040415
caixa,cor,0.0,0.612327,-0.137804,0.500000,0.000000,0.000000,1.000000,0.007165475,0.08558948,0.06952576
caixa,cor,0.3,0.612327,-0.137804,0.500000,0.000000,0.000000,1.000000,0.007165475,0.08558948,0.06952576
caixa,cor,1.0,0.612327,-0.137804,0.500000,0.000000,0.000000,1.000000,0.007165481,0.08558949,0.06952576
caixa,normal,0.0,0.612327,-0.137804,0.500000,0.000000,0.000000,1.000000,0.07015395,-0.2084948,0.9755042
caixa,pesos,0.2,0.687580,-0.201577,0.500000,0.000000,0.000000,1.000000,0.6718949,0.4496057,0.3020878
caixa,pesos,0.5,0.687580,-0.201577,0.500000,0.000000,0.000000,1.000000,0.6718949,0.4496057,0.3020878
caixa,pesos,1.0,0.687580,-0.201577,0.500000,0.000000,0.000000,1.000000,0.6718949,0.4496057,0.3020878
caixa,cor,0.0,0.687580,-0.201577,0.500000,0.000000,0.000000,1.000000,0.05528233,0.6419861,0.02705914
caixa,cor,0.3,0.687580,-0.201577,0.500000,0.000000,0.000000,1.000000,0.05528233,0.6419861,0.02705914
caixa,cor,1.0,0.687580,-0.201577,0.500000,0.000000,0.000000,1.000000,0.05528233,0.6419861,0.02705914
caixa,normal,0.0,0.687580,-0.201577,0.500000,0.000000,0.000000,1.000000,0.3361421,0.581203,0.7410882
caixa,pesos,0.2,0.762833,-0.265350,0.500000,0.000000,0.000000,1.000000,0.6907082,0.4336624,0.2995342
caixa,pesos,0.5,0.762833,-0.265350,0.500000,0.000000,0.000000,1.000000,0.6907082,0.4336624,0.2995342
caixa,pesos,1.0,0.762833,-0.265350,0.500000,0.000000,0.000000,1.000000,0.6907082,0.4336624,0.2995342
caixa,cor,0.0,0.762833,-0.265350,0.500000,0.000000,0.000000,1.000000,0.2362756,0.03006894,0.2860393
caixa,cor,0.3,0.762833,-0.265350,0.500000,0.000000,0.000000,1.000000,0.2362756,0.03006894,0.2860393
caixa,cor,1.0,0.762833,-0.265350,0.500000,0.000000,0.000000,1.000000,0.2362756,0.03006894,0.2860393
caixa,normal,0.0,0.762833,-0.265350,0.500000,0.000000,0.000000,1.000000,0.4743004,0.7317724,0.4894369
caixa,pesos,0.2,-0.719993,0.300000,-0.175725,0.000000,1.000000,-0.000000,0.4560686,0.3200016,0.1459427
caixa,pesos,0.5,-0.719993,0.300000,-0.175725,0.000000,1.000000,-0.000000,0.4560686,0.3200016,0.1459427
caixa,pesos,1.0,-0.719993,0.300000,-0.175725,0.000000,1.000000,-0.000000,0.4560686,0.3200016,0.1459427
caixa,cor,0.0,-0.719993,0.300000,-0.175725,0.000000,1.000000,-0.000000,0.0039654,0.1316701,0.05827199
caixa,cor,0.3,-0.719993,0.300000,-0.175725,0.000000,1.000000,-0.000000,0.0039654,0.1316701,0.05827199
caixa,cor,1.0,-0.719993,0.300000,-0.175725,0.000000,1.000000,-0.000000,0.0039654,0.1316701,0.05827199
caixa,normal,0.0,-0.719993,0.300000,-0.175725,0.000000,1.000000,-0.000000,0.7311711,0.3392155,0.5918798
caixa,pesos,0.2,-0.627465,0.300000,-0.114316,0.000000,1.000000,-0.000000,0.4714211,0.3431337,0.1617605
caixa,pesos,0.5,-0.627465,0.300000,-0.114316,0.000000,1.000000,-0.000000,0.4714211,0.3431337,0.1617605
caixa,pesos,1.0,-0.627465,0.300000,-0.114316,0.000000,1.000000,-0.000000,0.4714211,0.3431337,0.1617605
caixa,cor,0.0,-0.627465,0.300000,-0.114316,0.000000,1.000000,-0.000000,0.02454916,0.1523368,0.01580437
caixa,cor,0.3,-0.627465,0.300000,-0.114316,0.000000,1.000000,-0.000000,0.02454916,0.1523368,0.01580437
caixa,cor,1.0,-0.627465,0.300000,-0.114316,0.000000,1.000000,-0.000000,0.02454916,0.1523368,0.01580437
caixa,normal,0.0,-0.627465,0.300000,-0.114316,0.000000,1.000000,-0.000000,0.8234253,0.4640498,0.3265405
caixa,pesos,0.2,-0.534937,0.300000,-0.052906,0.000000,1.000000,-0.000000,0.4867734,0.3662658,0.1782885
caixa,pesos,0.5,-0.534937,0.300000,-0.052906,0.000000,1.000000,-0.000000,0.4867734,0.3662658,0.1782885
caixa,pesos,1.0,-0.534937,0.300000,-0.052906,0.000000,1.000000,-0.000000,0.4867734,0.3662658,0.1782885
caixa,cor,0.0,-0.534937,0.300000,-0.052906,0.000000,1.000000,-0.000000,0.1679867,0.01295621,0.004204093
caixa,cor,0.3,-0.534937,0.300000,-0.052906,0.000000,1.000000,-0.000000,0.1679867,0.01295621,0.004204093
caixa,cor,1.0,-0.534937,0.300000,-0.052906,0.000000,1.000000,-0.000000,0.1679867,0.01295621,0.0042041
caixa,normal,0.0,-0.534937,0.300000,-0.052906,0.000000,1.000000,-0.000000,0.7657709,0.3491867,0.5400592
caixa,pesos,0.2,-0.442408,0.300000,0.008503,0.000000,1.000000,-0.000000,0.5021258,0.3893979,0.1955268
caixa,pesos,0.5,-0.442408,0.300000,0.008503,0.000000,1.000000,-0.000000,0.5021258,0.3893979,0.1955268
caixa,pesos,1.0,-0.442408,0.300000,0.008503,0.000000,1.000000,-0.000000,0.5021258,0.3893979,0.1955268
caixa,cor,0.0,-0.442408,0.300000,0.008503,0.000000,1.000000,-0.000000,0.1990441,0.007490674,0.1205846
caixa,cor,0.3,-0.442408,0.300000,0.008503,0.000000,1.000000,-0.000000,0.1990441,0.007490674,0.1205846
caixa,cor,1.0,-0.442408,0.300000,0.008503,0.000000,1.000000,-0.000000,0.1990441,0.007490674,0.1205846
caixa,normal,0.0,-0.442408,0.300000,0.008503,0.000000,1.000000,-0.000000,0.3079784,0.4982352,0.8105006
caixa,pesos,0.2,-0.349880,0.300000,0.069913,0.000000,1.000000,-0.000000,0.5174783,0.4125301,0.2134754
caixa,pesos,0.5,-0.349880,0.300000,0.069913,0.000000,1.000000,-0.000000,0.5174783,0.4125301,0.2134754
caixa,pesos,1.0,-0.349880,0.300000,0.069913,0.000000,1.000000,-0.000000,0.5174783,0.4125301,0.2134754
caixa,cor,0.0,-0.349880,0.300000,0.069913,0.000000,1.000000,-0.000000,0.09823903,0.02776824,0.2251658
caixa,cor,0.3,-0.349880,0.300000,0.069913,0.000000,1.000000,-0.000000,0.09823903,0.02776824,0.2251658
caixa,cor,1.0,-0.349880,0.300000,0.069913,0.000000,1.000000,-0.000000,0.09823903,0.02776825,0.2251658
caixa,normal,0.0,-0.349880,0.300000,0.069913,0.000000,1.000000,-0.000000,0.4138105,0.3998179,0.817867
caixa,pesos,0.2,-0.257351,0.300000,0.131322,0.000000,1.000000,-0.000000,0.5328306,0.4356622,0.2321341
caixa,pesos,0.5,-0.257351,0.300000,0.131322,0.000000,1.000000,-0.000000,0.5328306,0.4356622,0.2321341
caixa,pesos,1.0,-0.257351,0.300000,0.131322,0.000000,1.000000,-0.000000,0.5328306,0.4356622,0.2321341
caixa,cor,0.0,-0.257351,0.300000,0.131322,0.000000,1.000000,-0.000000,0.001134877,0.2530589,0.09560256
caixa,cor,0.3,-0.257351,0.300000,0.131322,0.000000,1.000000,-0.000000,0.001134877,0.2530589,0.09560256
caixa,cor,1.0,-0.257351,0.300000,0.131322,0.000000,1.000000,-0.000000,0.001134877,0.2530589,0.09560256
caixa,normal,0.0,-0.257351,0.300000,0.131322,0.000000,1.000000,-0.000000,0.6843398,0.4404836,0.5810795
caixa,pesos,0.2,-0.164822,0.300000,0.192732,0.000000,1.000000,-0.000000,0.5481831,0.4587944,0.2515033
caixa,pesos,0.5,-0.164822,0.300000,0.192732,0.000000,1.000000,-0.000000,0.5481831,0.4587944,0.2515033
caixa,pesos,1.0,-0.164822,0.300000,0.192732,0.000000,1.000000,-0.000000,0.548183,0.4587944,0.2515033
caixa,cor,0.0,-0.164822,0.300000,0.192732,0.000000,1.000000,-0.000000,0.02610419,0.2817149,0.01334665
caixa,cor,0.3,-0.164822,0.300000,0.192732,0.000000,1.000000,-0.000000,0.02610419,0.2817149,0.01334665
caixa,cor,1.0,-0.164822,0.300000,0.192732,0.000000,1.000000,-0.000000,0.0261042,0.2817149,0.01334665
caixa,normal,0.0,-0.164822,0.300000,0.192732,0.000000,1.000000,-0.000000,0.8452518,0.3814251,0.3742516
caixa,pesos,0.2,-0.072294,0.300000,0.254142,0.000000,1.000000,-0.000000,0.5635355,0.4819265,0.2715827
caixa,pesos,0.5,-0.072294,0.300000,0.254142,0.000000,1.000000,-0.000000,0.5635355,0.4819265,0.2715827
caixa,pesos,1.0,-0.072294,0.300000,0.254142,0.000000,1.000000,-0.000000,0.5635354,0.4819265,0.2715827
caixa,cor,0.0,-0.072294,0.300000,0.254142,0.000000,1.000000,-0.000000,0.2629141,0.3121838,0.04595932
caixa,cor,0.3,-0.072294,0.300000,0.254142,0.000000,1.000000,-0.000000,0.2629141,0.3121838,0.04595932
caixa,cor,1.0,-0.072294,0.300000,0.254142,0.000000,1.000000,-0.000000,0.262914,0.3121837,0.04595934
caixa,normal,0.0,-0.072294,0.300000,0.254142,0.000000,1.000000,-0.000000,0.7398901,0.4009347,0.5401983
caixa,pesos,0.2,0.020234,0.300000,0.315552,0.000000,1.000000,-0.000000,0.5788879,0.5050586,0.2923723
caixa,pesos,0.5,0.020234,0.300000,0.315552,0.000000,1.000000,-0.000000,0.5788879,0.5050586,0.2923723
caixa,pesos,1.0,0.020234,0.300000,0.315552,0.000000,1.000000,-0.000000,0.5788879,0.5050586,0.2923723
caixa,cor,0.0,0.020234,0.300000,0.315552,0.000000,1.000000,-0.000000,0.3444935,0.003305832,0.1947181
caixa,cor,0.3,0.020234,0.300000,0.315552,0.000000,1.000000,-0.000000,0.3444935,0.003305832,0.1947181
caixa,cor,1.0,0.020234,0.300000,0.315552,0.000000,1.000000,-0.000000,0.3444935,0.00330585,0.194718
caixa,normal,0.0,0.020234,0.300000,0.315552,0.000000,1.000000,-0.000000,0.3560119,0.4569829,0.8151209
caixa,pesos,0.2,0.112763,0.300000,0.376961,0.000000,1.000000,-0.000000,0.5942402,0.5281908,0.3138722
caixa,pesos,0.5,0.112763,0.300000,0.376961,0.000000,1.000000,-0.000000,0.5942402,0.5281908,0.3138722
caixa,pesos,1.0,0.112763,0.300000,0.376961,0.000000,1.000000,-0.000000,0.5942402,0.5281908,0.3138722
caixa,cor,0.0,0.112763,0.300000,0.376961,0.000000,1.000000,-0.000000,0.1397028,0.02333837,0.3798769
caixa,cor,0.3,0.112763,0.300000,0.376961,0.000000,1.000000,-0.000000,0.1397028,0.02333837,0.3798769
caixa,cor,1.0,0.112763,0.300000,0.376961,0.000000,1.000000,-0.000000,0.1397028,0.02333839,0.3798769
caixa,normal,0.0,0.112763,0.300000,0.376961,0.000000,1.000000,-0.000000,0.442457,0.3814805,0.8116062
caixa,pesos,0.2,0.205291,0.300000,0.438371,0.000000,1.000000,-0.000000,0.6095927,0.5513228,0.3360823
caixa,pesos,0.5,0.205291,0.300000,0.438371,0.000000,1.000000,-0.000000,0.6095927,0.5513228,0.3360823
caixa,pesos,1.0,0.205291,0.300000,0.438371,0.000000,1.000000,-0.000000,0.6095926,0.5513228,0.3360823
caixa,cor,0.0,0.205291,0.300000,0.438371,0.000000,1.000000,-0.000000,0.07318061,0.1285823,0.4176399
caixa,cor,0.3,0.205291,0.300000,0.438371,0.000000,1.000000,-0.000000,0.07318061,0.1285823,0.4176399
caixa,cor,1.0,0.205291,0.300000,0.438371,0.000000,1.000000,-0.000000,0.07318062,0.1285823,0.4176399
caixa,normal,0.0,0.205291,0.300000,0.438371,0.000000,1.000000,-0.000000,0.6577284,0.500772,0.5626907
caixa,pesos,0.2,0.297820,0.300000,0.499780,0.000000,1.000000,-0.000000,0.6249451,0.574455,0.3590028
caixa,pesos,0.5,0.297820,0.300000,0.499780,0.000000,1.000000,-0.000000,0.6249451,0.574455,0.3590028
caixa,pesos,1.0,0.297820,0.300000,0.499780,0.000000,1.000000,-0.000000,0.624945,0.574455,0.3590028
caixa,cor,0.0,0.297820,0.300000,0.499780,0.000000,1.000000,-0.000000,0.02166083,0.4575008,0.007326367
caixa,cor,0.3,0.297820,0.300000,0.499780,0.000000,1.000000,-0.000000,0.02166083,0.4575008,0.007326367
caixa,cor,1.0,0.297820,0.300000,0.499780,0.000000,1.000000,-0.000000,0.02166084,0.4575008,0.007326379
caixa,normal,0.0,0.297820,0.300000,0.499780,0.000000,1.000000,-0.000000,0.8532619,0.3204012,0.4114451
caixa,pesos,0.2,0.373135,0.236455,0.500000,0.000000,0.000000,1.000000,0.5932837,0.5591137,0.331713
caixa,pesos,0.5,0.373135,0.236455,0.500000,0.000000,0.000000,1.000000,0.5932837,0.5591137,0.331713
caixa,pesos,1.0,0.373135,0.236455,0.500000,0.000000,0.000000,1.000000,0.5932837,0.5591137,0.331713
caixa,cor,0.0,0.373135,0.236455,0.500000,0.000000,0.000000,1.000000,0.01880316,0.138564,0.138564
caixa,cor,0.3,0.373135,0.236455,0.500000,0.000000,0.000000,1.000000,0.01880316,0.138564,0.138564
caixa,cor,1.0,0.373135,0.236455,0.500000,0.000000,0.000000,1.000000,0.01880316,0.138564,0.138564
caixa,normal,0.0,0.373135,0.236455,0.500000,0.000000,0.000000,1.000000,-0.631116,-0.4431492,0.6366407
caixa,pesos,0.2,0.448388,0.172682,0.500000,0.000000,0.000000,1.000000,0.6120969,0.5431705,0.332473
caixa,pesos,0.5,0.448388,0.172682,0.500000,0.000000,0.000000,1.000000,0.6120969,0.5431705,0.332473
caixa,pesos,1.0,0.448388,0.172682,0.500000,0.000000,0.000000,1.000000,0.6120969,0.5431705,0.332473
caixa,cor,0.0,0.448388,0.172682,0.500000,0.000000,0.000000,1.000000,0.0838465,0.2742858,0.7870699
caixa,cor,0.3,0.448388,0.172682,0.500000,0.000000,0.000000,1.000000,0.0838465,0.2742858,0.7870699
caixa,cor,1.0,0.448388,0.172682,0.500000,0.000000,0.000000,1.000000,0.0838465,0.2742858,0.78707
caixa,normal,0.0,0.448388,0.172682,0.500000,0.000000,0.000000,1.000000,-0.3444043,-0.6148357,0.7094808
caixa,pesos,0.2,0.523640,0.108909,0.500000,0.000000,0.000000,1.000000,0.63091,0.5272272,0.3326329
caixa,pesos,0.5,0.523640,0.108909,0.500000,0.000000,0.000000,1.000000,0.63091,0.5272272,0.3326329
caixa,pesos,1.0,0.523640,0.108909,0.500000,0.000000,0.000000,1.000000,0.63091,0.5272272,0.3326329
caixa,cor,0.0,0.523640,0.108909,0.500000,0.000000,0.000000,1.000000,0.3799603,0.003370567,0.003370567
caixa,cor,0.3,0.523640,0.108909,0.500000,0.000000,0.000000,1.000000,0.3799603,0.003370567,0.003370567
caixa,cor,1.0,0.523640,0.108909,0.500000,0.000000,0.000000,1.000000,0.3799603,0.003370569,0.003370584
caixa,normal,0.0,0.523640,0.108909,0.500000,0.000000,0.000000,1.000000,-0.4810179,0.2893641,0.827581
caixa,pesos,0.2,0.598894,0.045135,0.500000,0.000000,0.000000,1.000000,0.6497234,0.5112839,0.3321931
caixa,pesos,0.5,0.598894,0.045135,0.500000,0.000000,0.000000,1.000000,0.6497234,0.5112839,0.3321931
caixa,pesos,1.0,0.598894,0.045135,0.500000,0.000000,0.000000,1.000000,0.6497234,0.5112839,0.3321931
caixa,cor,0.0,0.598894,0.045135,0.500000,0.000000,0.000000,1.000000,0.006214581,0.1330707,0.1330707
caixa,cor,0.3,0.598894,0.045135,0.500000,0.000000,0.000000,1.000000,0.006214581,0.1330707,0.1330707
caixa,cor,1.0,0.598894,0.045135,0.500000,0.000000,0.000000,1.000000,0.006214587,0.1330707,0.1330707
caixa,normal,0.0,0.598894,0.045135,0.500000,0.000000,0.000000,1.000000,0.5143433,-0.3802204,0.7686895
caixa,pesos,0.2,0.674146,-0.018638,0.500000,0.000000,0.000000,1.000000,0.6685365,0.4953405,0.3311532
caixa,pesos,0.5,0.674146,-0.018638,0.500000,0.000000,0.000000,1.000000,0.6685365,0.4953405,0.3311532
caixa,pesos,1.0,0.674146,-0.018638,0.500000,0.000000,0.000000,1.000000,0.6685365,0.4953406,0.3311532
caixa,cor,0.0,0.674146,-0.018638,0.500000,0.000000,0.000000,1.000000,0.5373783,0.6590919,0.04665699
caixa,cor,0.3,0.674146,-0.018638,0.500000,0.000000,0.000000,1.000000,0.5373783,0.6590919,0.04665699
caixa,cor,1.0,0.674146,-0.018638,0.500000,0.000000,0.000000,1.000000,0.5373783,0.6590919,0.046657
caixa,normal,0.0,0.674146,-0.018638,0.500000,0.000000,0.000000,1.000000,0.08999896,0.7785408,0.6211075
caixa,pesos,0.2,0.749399,-0.082411,0.500000,0.000000,0.000000,1.000000,0.6873498,0.4793972,0.3295136
caixa,pesos,0.5,0.749399,-0.082411,0.500000,0.000000,0.000000,1.000000,0.6873498,0.4793972,0.3295136
caixa,pesos,1.0,0.749399,-0.082411,0.500000,0.000000,0.000000,1.000000,0.6873498,0.4793973,0.3295136
caixa,cor,0.0,0.749399,-0.082411,0.500000,0.000000,0.000000,1.000000,0.3126972,0.3700292,0.0547975
caixa,cor,0.3,0.749399,-0.082411,0.500000,0.000000,0.000000,1.000000,0.3126972,0.3700292,0.0547975
caixa,cor,1.0,0.749399,-0.082411,0.500000,0.000000,0.000000,1.000000,0.3126972,0.3700292,0.0547975
caixa,normal,0.0,0.749399,-0.082411,0.500000,0.000000,0.000000,1.000000,0.825943,0.04761744,0.5617392
caixa,pesos,0.2,0.800000,-0.237187,0.412370,1.000000,-0.000000,-0.000000,0.3969076,0.4407033,0.1749185
caixa,pesos,0.5,0.800000,-0.237187,0.412370,1.000000,-0.000000,-0.000000,0.3969076,0.4407033,0.1749185
caixa,pesos,1.0,0.800000,-0.237187,0.412370,1.000000,-0.000000,-0.000000,0.3969076,0.4407034,0.1749185
caixa,cor,0.0,0.800000,-0.237187,0.412370,1.000000,-0.000000,-0.000000,0.0488597,0.01614216,0.1018047
caixa,cor,0.3,0.800000,-0.237187,0.412370,1.000000,-0.000000,-0.000000,0.0488597,0.01614216,0.1018047
caixa,cor,1.0,0.800000,-0.237187,0.412370,1.000000,-0.000000,-0.000000,0.04885972,0.01614216,0.1018047
caixa,normal,0.0,0.800000,-0.237187,0.412370,1.000000,-0.000000,-0.000000,0.4890411,0.451674,-0.7462101
caixa,pesos,0.2,-0.782984,0.300000,-0.351885,0.000000,1.000000,-0.000000,0.4120287,0.3042539,0.1253614
caixa,pesos,0.5,-0.782984,0.300000,-0.351885,0.000000,1.000000,-0.000000,0.4120287,0.3042539,0.1253614
caixa,pesos,1.0,-0.782984,0.300000,-0.351885,0.000000,1.000000,-0.000000,0.4120287,0.3042539,0.1253614
caixa,cor,0.0,-0.782984,0.300000,-0.351885,0.000000,1.000000,-0.000000,0.7573254,0.1029148,0.002720137
caixa,cor,0.3,-0.782984,0.300000,-0.351885,0.000000,1.000000,-0.000000,0.7573254,0.1029148,0.002720137
caixa,cor,1.0,-0.782984,0.300000,-0.351885,0.000000,1.000000,-0.000000,0.7573254,0.1029148,0.00272014
caixa,normal,0.0,-0.782984,0.300000,-0.351885,0.000000,1.000000,-0.000000,-0.4428686,0.3672049,-0.8179412
caixa,pesos,0.2,-0.690455,0.300000,-0.290475,0.000000,1.000000,-0.000000,0.4273812,0.3273861,0.1399187
caixa,pesos,0.5,-0.690455,0.300000,-0.290475,0.000000,1.000000,-0.000000,0.4273812,0.3273861,0.1399187
caixa,pesos,1.0,-0.690455,0.300000,-0.290475,0.000000,1.000000,-0.000000,0.4273812,0.3273861,0.1399187
caixa,cor,0.0,-0.690455,0.300000,-0.290475,0.000000,1.000000,-0.000000,0.8115376,0.03492872,0.1890324
caixa,cor,0.3,-0.690455,0.300000,-0.290475,0.000000,1.000000,-0.000000,0.8115376,0.03492872,0.1890324
caixa,cor,1.0,-0.690455,0.300000,-0.290475,0.000000,1.000000,-0.000000,0.8115376,0.03492872,0.1890324
caixa,normal,0.0,-0.690455,0.300000,-0.290475,0.000000,1.000000,-0.000000,-0.2472814,0.6752677,-0.6948853
caixa,pesos,0.2,-0.597927,0.300000,-0.229066,0.000000,1.000000,-0.000000,0.4427336,0.3505182,0.1551862
caixa,pesos,0.5,-0.597927,0.300000,-0.229066,0.000000,1.000000,-0.000000,0.4427336,0.3505182,0.1551862
caixa,pesos,1.0,-0.597927,0.300000,-0.229066,0.000000,1.000000,-0.000000,0.4427336,0.3505182,0.1551862
caixa,cor,0.0,-0.597927,0.300000,-0.229066,0.000000,1.000000,-0.000000,0.7324132,0.123647,0.8698908
caixa,cor,0.3,-0.597927,0.300000,-0.229066,0.000000,1.000000,-0.000000,0.7324132,0.123647,0.8698908
caixa,cor,1.0,-0.597927,0.300000,-0.229066,0.000000,1.000000,-0.000000,0.7324132,0.123647,0.8698908
caixa,normal,0.0,-0.597927,0.300000,-0.229066,0.000000,1.000000,-0.000000,-0.8360624,0.3223171,-0.4439721
caixa,pesos,0.2,-0.505399,0.300000,-0.167656,0.000000,1.000000,-0.000000,0.4580859,0.3736503,0.171164
caixa,pesos,0.5,-0.505399,0.300000,-0.167656,0.000000,1.000000,-0.000000,0.4580859,0.3736503,0.171164
caixa,pesos,1.0,-0.505399,0.300000,-0.167656,0.000000,1.000000,-0.000000,0.4580859,0.3736503,0.171164
caixa,cor,0.0,-0.505399,0.300000,-0.167656,0.000000,1.000000,-0.000000,0.007189967,0.9306219,0.9306219
caixa,cor,0.3,-0.505399,0.300000,-0.167656,0.000000,1.000000,-0.000000,0.007189967,0.9306219,0.9306219
caixa,cor,1.0,-0.505399,0.300000,-0.167656,0.000000,1.000000,-0.000000,0.007189973,0.9306219,0.9306219
caixa,normal,0.0,-0.505399,0.300000,-0.167656,0.000000,1.000000,-0.000000,-0.7367647,0.6289537,-0.248184
caixa,pesos,0.2,-0.412870,0.300000,-0.106247,0.000000,1.000000,-0.000000,0.4734383,0.3967825,0.187852
caixa,pesos,0.5,-0.412870,0.300000,-0.106247,0.000000,1.000000,-0.000000,0.4734383,0.3967825,0.187852
caixa,pesos,1.0,-0.412870,0.300000,-0.106247,0.000000,1.000000,-0.000000,0.4734383,0.3967825,0.187852
caixa,cor,0.0,-0.412870,0.300000,-0.106247,0.000000,1.000000,-0.000000,0.05893816,0.9937583,0.1709168
caixa,cor,0.3,-0.412870,0.300000,-0.106247,0.000000,1.000000,-0.000000,0.05893816,0.9937583,0.1709168
caixa,cor,1.0,-0.412870,0.300000,-0.106247,0.000000,1.000000,-0.000000,0.05893816,0.9937583,0.1709168
caixa,normal,0.0,-0.412870,0.300000,-0.106247,0.000000,1.000000,-0.000000,-0.6461427,0.3399336,-0.6833336
caixa,pesos,0.2,-0.320342,0.300000,-0.044837,0.000000,1.000000,-0.000000,0.4887908,0.4199146,0.2052504
caixa,pesos,0.5,-0.320342,0.300000,-0.044837,0.000000,1.000000,-0.000000,0.4887908,0.4199146,0.2052504
caixa,pesos,1.0,-0.320342,0.300000,-0.044837,0.000000,1.000000,-0.000000,0.4887908,0.4199146,0.2052504
caixa,cor,0.0,-0.320342,0.300000,-0.044837,0.000000,1.000000,-0.000000,0.2975428,0.5587995,0.1294258
caixa,cor,0.3,-0.320342,0.300000,-0.044837,0.000000,1.000000,-0.000000,0.2975428,0.5587995,0.1294258
caixa,cor,1.0,-0.320342,0.300000,-0.044837,0.000000,1.000000,-0.000000,0.2975428,0.5587995,0.1294258
caixa,normal,0.0,-0.320342,0.300000,-0.044837,0.000000,1.000000,-0.000000,0.08138657,0.5941422,-0.8002322
caixa,pesos,0.2,-0.227813,0.300000,0.016573,0.000000,1.000000,-0.000000,0.5041431,0.4430467,0.223359
caixa,pesos,0.5,-0.227813,0.300000,0.016573,0.000000,1.000000,-0.000000,0.5041431,0.4430467,0.223359
caixa,pesos,1.0,-0.227813,0.300000,0.016573,0.000000,1.000000,-0.000000,0.5041431,0.4430467,0.223359
caixa,cor,0.0,-0.227813,0.300000,0.016573,0.000000,1.000000,-0.000000,0.2511632,0.05264527,0.03880173
caixa,cor,0.3,-0.227813,0.300000,0.016573,0.000000,1.000000,-0.000000,0.2511632,0.05264527,0.03880173
caixa,cor,1.0,-0.227813,0.300000,0.016573,0.000000,1.000000,-0.000000,0.2511632,0.05264527,0.03880173
caixa,normal,0.0,-0.227813,0.300000,0.016573,0.000000,1.000000,-0.000000,-0.6334369,0.3448765,-0.6926889
caixa,pesos,0.2,-0.135284,0.300000,0.077982,0.000000,1.000000,-0.000000,0.5194956,0.466179,0.2421779
caixa,pesos,0.5,-0.135284,0.300000,0.077982,0.000000,1.000000,-0.000000,0.5194956,0.466179,0.2421779
caixa,pesos,1.0,-0.135284,0.300000,0.077982,0.000000,1.000000,-0.000000,0.5194956,0.466179,0.2421779
caixa,cor,0.0,-0.135284,0.300000,0.077982,0.000000,1.000000,-0.000000,0.1036367,0.1179394,0.01641343
caixa,cor,0.3,-0.135284,0.300000,0.077982,0.000000,1.000000,-0.000000,0.1036367,0.1179394,0.01641343
caixa,cor,1.0,-0.135284,0.300000,0.077982,0.000000,1.000000,-0.000000,0.1036367,0.1179394,0.01641344
caixa,normal,0.0,-0.135284,0.300000,0.077982,0.000000,1.000000,-0.000000,-0.752885,0.5897088,-0.2922461
caixa,pesos,0.2,-0.042756,0.300000,0.139392,0.000000,1.000000,-0.000000,0.534848,0.4893109,0.2617069
caixa,pesos,0.5,-0.042756,0.300000,0.139392,0.000000,1.000000,-0.000000,0.534848,0.4893109,0.2617069
caixa,pesos,1.0,-0.042756,0.300000,0.139392,0.000000,1.000000,-0.000000,0.5348479,0.4893109,0.2617069
caixa,cor,0.0,-0.042756,0.300000,0.139392,0.000000,1.000000,-0.000000,0.006684645,0.1100905,0.009136613
caixa,cor,0.3,-0.042756,0.300000,0.139392,0.000000,1.000000,-0.000000,0.006684645,0.1100905,0.009136613
caixa,cor,1.0,-0.042756,0.300000,0.139392,0.000000,1.000000,-0.000000,0.006684648,0.1100905,0.009136628
caixa,normal,0.0,-0.042756,0.300000,0.139392,0.000000,1.000000,-0.000000,-0.8367033,0.3230126,-0.4422562
caixa,pesos,0.2,0.049772,0.300000,0.200802,0.000000,1.000000,-0.000000,0.5502004,0.5124431,0.2819464
caixa,pesos,0.5,0.049772,0.300000,0.200802,0.000000,1.000000,-0.000000,0.5502004,0.5124431,0.2819464
caixa,pesos,1.0,0.049772,0.300000,0.200802,0.000000,1.000000,-0.000000,0.5502003,0.5124431,0.2819464
caixa,cor,0.0,0.049772,0.300000,0.200802,0.000000,1.000000,-0.000000,0.1030957,0.1287686,0.005613602
caixa,cor,0.3,0.049772,0.300000,0.200802,0.000000,1.000000,-0.000000,0.1030957,0.1287686,0.005613602
caixa,cor,1.0,0.049772,0.300000,0.200802,0.000000,1.000000,-0.000000,0.1030957,0.1287686,0.005613606
caixa,normal,0.0,0.049772,0.300000,0.200802,0.000000,1.000000,-0.000000,-0.3027868,0.6595964,-0.6879339
caixa,pesos,0.2,0.142301,0.300000,0.262211,0.000000,1.000000,-0.000000,0.5655528,0.5355752,0.3028961
caixa,pesos,0.5,0.142301,0.300000,0.262211,0.000000,1.000000,-0.000000,0.5655528,0.5355752,0.3028961
caixa,pesos,1.0,0.142301,0.300000,0.262211,0.000000,1.000000,-0.000000,0.5655528,0.5355752,0.3028961
caixa,cor,0.0,0.142301,0.300000,0.262211,0.000000,1.000000,-0.000000,0.01966185,0.08380161,0.1491764
caixa,cor,0.3,0.142301,0.300000,0.262211,0.000000,1.000000,-0.000000,0.01966185,0.08380161,0.1491764
caixa,cor,1.0,0.142301,0.300000,0.262211,0.000000,1.000000,-0.000000,0.01966186,0.08380162,0.1491764
caixa,normal,0.0,0.142301,0.300000,0.262211,0.000000,1.000000,-0.000000,-0.4207052,0.3781281,-0.8246372
caixa,pesos,0.2,0.234829,0.300000,0.323621,0.000000,1.000000,-0.000000,0.5809053,0.5587074,0.3245561
caixa,pesos,0.5,0.234829,0.300000,0.323621,0.000000,1.000000,-0.000000,0.5809053,0.5587074,0.3245561
caixa,pesos,1.0,0.234829,0.300000,0.323621,0.000000,1.000000,-0.000000,0.5809052,0.5587074,0.324556
caixa,cor,0.0,0.234829,0.300000,0.323621,0.000000,1.000000,-0.000000,0.04327559,0.1713541,0.0009018744
caixa,cor,0.3,0.234829,0.300000,0.323621,0.000000,1.000000,-0.000000,0.04327559,0.1713541,0.0009018744
caixa,cor,1.0,0.234829,0.300000,0.323621,0.000000,1.000000,-0.000000,0.04327561,0.1713541,0.0009018875
caixa,normal,0.0,0.234829,0.300000,0.323621,0.000000,1.000000,-0.000000,-0.3967655,0.5980225,-0.6963809
caixa,pesos,0.2,0.327358,0.300000,0.385031,0.000000,1.000000,-0.000000,0.5962577,0.5818395,0.3469262
caixa,pesos,0.5,0.327358,0.300000,0.385031,0.000000,1.000000,-0.000000,0.5962577,0.5818395,0.3469262
caixa,pesos,1.0,0.327358,0.300000,0.385031,0.000000,1.000000,-0.000000,0.5962576,0.5818395,0.3469262
caixa,cor,0.0,0.327358,0.300000,0.385031,0.000000,1.000000,-0.000000,0.1953452,0.1218862,0.01027294
caixa,cor,0.3,0.327358,0.300000,0.385031,0.000000,1.000000,-0.000000,0.1953452,0.1218862,0.01027294
caixa,cor,1.0,0.327358,0.300000,0.385031,0.000000,1.000000,-0.000000,0.1953452,0.1218862,0.01027295
caixa,normal,0.0,0.327358,0.300000,0.385031,0.000000,1.000000,-0.000000,-0.8324608,0.3600776,-0.4211335
caixa,pesos,0.2,0.419887,0.300000,0.446441,0.000000,1.000000,-0.000000,0.6116102,0.6049716,0.3700068
caixa,pesos,0.5,0.419887,0.300000,0.446441,0.000000,1.000000,-0.000000,0.6116102,0.6049716,0.3700068
caixa,pesos,1.0,0.419887,0.300000,0.446441,0.000000,1.000000,-0.000000,0.6116101,0.6049716,0.3700068
caixa,cor,0.0,0.419887,0.300000,0.446441,0.000000,1.000000,-0.000000,0.2211889,0.03393719,0.03393719
caixa,cor,0.3,0.419887,0.300000,0.446441,0.000000,1.000000,-0.000000,0.2211889,0.03393719,0.03393719
caixa,cor,1.0,0.419887,0.300000,0.446441,0.000000,1.000000,-0.000000,0.2211889,0.0339372,0.0339372
caixa,normal,0.0,0.419887,0.300000,0.446441,0.000000,1.000000,-0.000000,-0.7915157,0.4929221,-0.3612905
caixa,pesos,0.2,0.510207,0.291848,0.500000,0.000000,0.000000,1.000000,0.6275517,0.572962,0.3595633
caixa,pesos,0.5,0.510207,0.291848,0.500000,0.000000,0.000000,1.000000,0.6275517,0.572962,0.3595633
caixa,pesos,1.0,0.510207,0.291848,0.500000,0.000000,0.000000,1.000000,0.6275517,0.572962,0.3595633
caixa,cor,0.0,0.510207,0.291848,0.500000,0.000000,0.000000,1.000000,0.01029244,0.4818641,0.0539686
caixa,cor,0.3,0.510207,0.291848,0.500000,0.000000,0.000000,1.000000,0.01029244,0.4818641,0.0539686
caixa,cor,1.0,0.510207,0.291848,0.500000,0.000000,0.000000,1.000000,0.01029246,0.4818642,0.05396861
caixa,normal,0.0,0.510207,0.291848,0.500000,0.000000,0.000000,1.000000,0.3888311,-0.5007653,0.7733334
caixa,pesos,0.2,0.585459,0.228075,0.500000,0.000000,0.000000,1.000000,0.6463649,0.5570188,0.3600374
caixa,pesos,0.5,0.585459,0.228075,0.500000,0.000000,0.000000,1.000000,0.6463649,0.5570188,0.3600374
caixa,pesos,1.0,0.585459,0.228075,0.500000,0.000000,0.000000,1.000000,0.6463649,0.5570188,0.3600374
caixa,cor,0.0,0.585459,0.228075,0.500000,0.000000,0.000000,1.000000,0.1904544,0.01316412,0.1220827
caixa,cor,0.3,0.585459,0.228075,0.500000,0.000000,0.000000,1.000000,0.1904544,0.01316412,0.1220827
caixa,cor,1.0,0.585459,0.228075,0.500000,0.000000,0.000000,1.000000,0.1904544,0.01316413,0.1220827
caixa,normal,0.0,0.585459,0.228075,0.500000,0.000000,0.000000,1.000000,0.3506064,0.6107907,0.7099366
caixa,pesos,0.2,0.660712,0.164302,0.500000,0.000000,0.000000,1.000000,0.6651781,0.5410755,0.3599116
caixa,pesos,0.5,0.660712,0.164302,0.500000,0.000000,0.000000,1.000000,0.6651781,0.5410755,0.3599116
caixa,pesos,1.0,0.660712,0.164302,0.500000,0.000000,0.000000,1.000000,0.6651781,0.5410755,0.3599116
caixa,cor,0.0,0.660712,0.164302,0.500000,0.000000,0.000000,1.000000,0.1003186,0.4983201,0.9226168
caixa,cor,0.3,0.660712,0.164302,0.500000,0.000000,0.000000,1.000000,0.1003186,0.4983201,0.9226168
caixa,cor,1.0,0.660712,0.164302,0.500000,0.000000,0.000000,1.000000,0.1003186,0.4983201,0.9226169
caixa,normal,0.0,0.660712,0.164302,0.500000,0.000000,0.000000,1.000000,0.6609397,0.5107303,0.5498304
caixa,pesos,0.2,0.735965,0.100529,0.500000,0.000000,0.000000,1.000000,0.6839913,0.5251322,0.3591858
caixa,pesos,0.5,0.735965,0.100529,0.500000,0.000000,0.000000,1.000000,0.6839913,0.5251322,0.3591858
caixa,pesos,1.0,0.735965,0.100529,0.500000,0.000000,0.000000,1.000000,0.6839913,0.5251322,0.3591858
caixa,cor,0.0,0.735965,0.100529,0.500000,0.000000,0.000000,1.000000,0.470446,0.06747776,0.1368762
caixa,cor,0.3,0.735965,0.100529,0.500000,0.000000,0.000000,1.000000,0.470446,0.06747776,0.1368762
caixa,cor,1.0,0.735965,0.100529,0.500000,0.000000,0.000000,1.000000,0.4704461,0.06747776,0.1368762
caixa,normal,0.0,0.735965,0.100529,0.500000,0.000000,0.000000,1.000000,0.7006578,0.5217452,0.4866831
caixa,pesos,0.2,0.800000,-0.004657,0.460122,1.000000,-0.000000,-0.000000,0.3849695,0.4988358,0.1920366
caixa,pesos,0.5,0.800000,-0.004657,0.460122,1.000000,-0.000000,-0.000000,0.3849695,0.4988358,0.1920366
caixa,pesos,1.0,0.800000,-0.004657,0.460122,1.000000,-0.000000,-0.000000,0.3849695,0.4988358,0.1920366
caixa,cor,0.0,0.800000,-0.004657,0.460122,1.000000,-0.000000,-0.000000,0.5808176,0.333394,0.00989458
caixa,cor,0.3,0.800000,-0.004657,0.460122,1.000000,-0.000000,-0.000000,0.5808176,0.333394,0.00989458
caixa,cor,1.0,0.800000,-0.004657,0.460122,1.000000,-0.000000,-0.000000,0.5808175,0.3333939,0.009894603
caixa,normal,0.0,0.800000,-0.004657,0.460122,1.000000,-0.000000,-0.000000,0.9397542,0.2028239,-0.2751811
caixa,pesos,0.2,-0.753446,0.300000,-0.466635,0.000000,1.000000,-0.000000,0.3833412,0.3116385,0.1194639
caixa,pesos,0.5,-0.753446,0.300000,-0.466635,0.000000,1.000000,-0.000000,0.3833412,0.3116385,0.1194639
caixa,pesos,1.0,-0.753446,0.300000,-0.466635,0.000000,1.000000,-0.000000,0.3833412,0.3116385,0.1194639
caixa,cor,0.0,-0.753446,0.300000,-0.466635,0.000000,1.000000,-0.000000,0.3882826,0.008911368,0.2281688
caixa,cor,0.3,-0.753446,0.300000,-0.466635,0.000000,1.000000,-0.000000,0.3882826,0.008911368,0.2281688
caixa,cor,1.0,-0.753446,0.300000,-0.466635,0.000000,1.000000,-0.000000,0.3882826,0.008911373,0.2281688
caixa,normal,0.0,-0.753446,0.300000,-0.466635,0.000000,1.000000,-0.000000,0.2421463,0.5554564,0.7955083
caixa,pesos,0.2,-0.660917,0.300000,-0.405226,0.000000,1.000000,-0.000000,0.3986936,0.3347706,0.1334709
caixa,pesos,0.5,-0.660917,0.300000,-0.405226,0.000000,1.000000,-0.000000,0.3986936,0.3347706,0.1334709
caixa,pesos,1.0,-0.660917,0.300000,-0.405226,0.000000,1.000000,-0.000000,0.3986936,0.3347706,0.1334709
caixa,cor,0.0,-0.660917,0.300000,-0.405226,0.000000,1.000000,-0.000000,0.1746702,0.04073934,0.4265156
caixa,cor,0.3,-0.660917,0.300000,-0.405226,0.000000,1.000000,-0.000000,0.1746702,0.04073934,0.4265156
caixa,cor,1.0,-0.660917,0.300000,-0.405226,0.000000,1.000000,-0.000000,0.1746702,0.04073934,0.4265156
caixa,normal,0.0,-0.660917,0.300000,-0.405226,0.000000,1.000000,-0.000000,0.2305107,0.5657978,0.7916677
caixa,pesos,0.2,-0.568389,0.300000,-0.343816,0.000000,1.000000,-0.000000,0.414046,0.3579028,0.1481882
caixa,pesos,0.5,-0.568389,0.300000,-0.343816,0.000000,1.000000,-0.000000,0.414046,0.3579028,0.1481882
caixa,pesos,1.0,-0.568389,0.300000,-0.343816,0.000000,1.000000,-0.000000,0.414046,0.3579028,0.1481882
caixa,cor,0.0,-0.568389,0.300000,-0.343816,0.000000,1.000000,-0.000000,0.001357201,0.4437779,0.1790869
caixa,cor,0.3,-0.568389,0.300000,-0.343816,0.000000,1.000000,-0.000000,0.001357201,0.4437779,0.1790869
caixa,cor,1.0,-0.568389,0.300000,-0.343816,0.000000,1.000000,-0.000000,0.001357206,0.4437779,0.1790869
caixa,normal,0.0,-0.568389,0.300000,-0.343816,0.000000,1.000000,-0.000000,0.6782961,0.5787544,0.4527225
caixa,pesos,0.2,-0.475860,0.300000,-0.282407,0.000000,1.000000,-0.000000,0.4293984,0.3810349,0.1636158
caixa,pesos,0.5,-0.475860,0.300000,-0.282407,0.000000,1.000000,-0.000000,0.4293984,0.3810349,0.1636158
caixa,pesos,1.0,-0.475860,0.300000,-0.282407,0.000000,1.000000,-0.000000,0.4293984,0.3810349,0.1636158
caixa,cor,0.0,-0.475860,0.300000,-0.282407,0.000000,1.000000,-0.000000,0.03659598,0.5093483,0.01614626
caixa,cor,0.3,-0.475860,0.300000,-0.282407,0.000000,1.000000,-0.000000,0.03659598,0.5093483,0.01614626
caixa,cor,1.0,-0.475860,0.300000,-0.282407,0.000000,1.000000,-0.000000,0.03659599,0.5093483,0.01614626
caixa,normal,0.0,-0.475860,0.300000,-0.282407,0.000000,1.000000,-0.000000,0.8549371,0.4403849,0.2741237
caixa,pesos,0.2,-0.383332,0.300000,-0.220997,0.000000,1.000000,-0.000000,0.4447507,0.404167,0.1797536
caixa,pesos,0.5,-0.383332,0.300000,-0.220997,0.000000,1.000000,-0.000000,0.4447507,0.404167,0.1797536
caixa,pesos,1.0,-0.383332,0.300000,-0.220997,0.000000,1.000000,-0.000000,0.4447507,0.404167,0.1797536
caixa,cor,0.0,-0.383332,0.300000,-0.220997,0.000000,1.000000,-0.000000,0.3315227,0.3967147,0.05028819
caixa,cor,0.3,-0.383332,0.300000,-0.220997,0.000000,1.000000,-0.000000,0.3315227,0.3967147,0.05028819
caixa,cor,1.0,-0.383332,0.300000,-0.220997,0.000000,1.000000,-0.000000,0.3315227,0.3967147,0.05028819
caixa,normal,0.0,-0.383332,0.300000,-0.220997,0.000000,1.000000,-0.000000,0.5881259,0.6796248,0.4384266
caixa,pesos,0.2,-0.290803,0.300000,-0.159587,0.000000,1.000000,-0.000000,0.4601032,0.4272991,0.1966017
caixa,pesos,0.5,-0.290803,0.300000,-0.159587,0.000000,1.000000,-0.000000,0.4601032,0.4272991,0.1966017
caixa,pesos,1.0,-0.290803,0.300000,-0.159587,0.000000,1.000000,-0.000000,0.4601032,0.4272991,0.1966017
caixa,cor,0.0,-0.290803,0.300000,-0.159587,0.000000,1.000000,-0.000000,0.6008802,0.002402511,0.3255486
caixa,cor,0.3,-0.290803,0.300000,-0.159587,0.000000,1.000000,-0.000000,0.6008802,0.002402511,0.3255486
caixa,cor,1.0,-0.290803,0.300000,-0.159587,0.000000,1.000000,-0.000000,0.6008802,0.002402517,0.3255486
caixa,normal,0.0,-0.290803,0.300000,-0.159587,0.000000,1.000000,-0.000000,0.354486,0.4824376,0.8009953
caixa,pesos,0.2,-0.198275,0.300000,-0.098178,0.000000,1.000000,-0.000000,0.4754555,0.4504312,0.21416
caixa,pesos,0.5,-0.198275,0.300000,-0.098178,0.000000,1.000000,-0.000000,0.4754555,0.4504312,0.21416
caixa,pesos,1.0,-0.198275,0.300000,-0.098178,0.000000,1.000000,-0.000000,0.4754555,0.4504312,0.21416
caixa,cor,0.0,-0.198275,0.300000,-0.098178,0.000000,1.000000,-0.000000,0.2202248,0.02870715,0.6491783
caixa,cor,0.3,-0.198275,0.300000,-0.098178,0.000000,1.000000,-0.000000,0.2202248,0.02870715,0.6491783
caixa,cor,1.0,-0.198275,0.300000,-0.098178,0.000000,1.000000,-0.000000,0.2202248,0.02870715,0.6491783
caixa,normal,0.0,-0.198275,0.300000,-0.098178,0.000000,1.000000,-0.000000,-0.01297212,0.6803813,0.7327435
caixa,pesos,0.2,-0.105746,0.300000,-0.036768,0.000000,1.000000,-0.000000,0.4908081,0.4735634,0.2324287
caixa,pesos,0.5,-0.105746,0.300000,-0.036768,0.000000,1.000000,-0.000000,0.4908081,0.4735634,0.2324287
caixa,pesos,1.0,-0.105746,0.300000,-0.036768,0.000000,1.000000,-0.000000,0.4908081,0.4735634,0.2324287
caixa,cor,0.0,-0.105746,0.300000,-0.036768,0.000000,1.000000,-0.000000,0.6983205,0.4894074,0.1005624
caixa,cor,0.3,-0.105746,0.300000,-0.036768,0.000000,1.000000,-0.000000,0.6983205,0.4894074,0.1005624
caixa,cor,1.0,-0.105746,0.300000,-0.036768,0.000000,1.000000,-0.000000,0.6983205,0.4894074,0.1005624
caixa,normal,0.0,-0.105746,0.300000,-0.036768,0.000000,1.000000,-0.000000,0.7596579,0.4392529,0.4795592
caixa,pesos,0.2,-0.013218,0.300000,0.024641,0.000000,1.000000,-0.000000,0.5061604,0.4966955,0.2514076
caixa,pesos,0.5,-0.013218,0.300000,0.024641,0.000000,1.000000,-0.000000,0.5061604,0.4966955,0.2514076
caixa,pesos,1.0,-0.013218,0.300000,0.024641,0.000000,1.000000,-0.000000,0.5061603,0.4966954,0.2514076
caixa,cor,0.0,-0.013218,0.300000,0.024641,0.000000,1.000000,-0.000000,0.5691616,0.006373723,0.749578
caixa,cor,0.3,-0.013218,0.300000,0.024641,0.000000,1.000000,-0.000000,0.5691616,0.006373723,0.749578
caixa,cor,1.0,-0.013218,0.300000,0.024641,0.000000,1.000000,-0.000000,0.5691615,0.006373736,0.7495779
caixa,normal,0.0,-0.013218,0.300000,0.024641,0.000000,1.000000,-0.000000,0.7536435,0.6529236,0.07557976
caixa,pesos,0.2,0.079311,0.300000,0.086051,0.000000,1.000000,-0.000000,0.5215129,0.5198277,0.2710968
caixa,pesos,0.5,0.079311,0.300000,0.086051,0.000000,1.000000,-0.000000,0.5215129,0.5198277,0.2710968
caixa,pesos,1.0,0.079311,0.300000,0.086051,0.000000,1.000000,-0.000000,0.5215128,0.5198277,0.2710968
caixa,cor,0.0,0.079311,0.300000,0.086051,0.000000,1.000000,-0.000000,0.08762857,0.04796084,0.803119
caixa,cor,0.3,0.079311,0.300000,0.086051,0.000000,1.000000,-0.000000,0.08762857,0.04796084,0.803119
caixa,cor,1.0,0.079311,0.300000,0.086051,0.000000,1.000000,-0.000000,0.08762857,0.04796086,0.8031189
caixa,normal,0.0,0.079311,0.300000,0.086051,0.000000,1.000000,-0.000000,0.7384517,0.3960977,0.5457067
caixa,pesos,0.2,0.171839,0.300000,0.147461,0.000000,1.000000,-0.000000,0.5368652,0.5429598,0.2914962
caixa,pesos,0.5,0.171839,0.300000,0.147461,0.000000,1.000000,-0.000000,0.5368652,0.5429598,0.2914962
caixa,pesos,1.0,0.171839,0.300000,0.147461,0.000000,1.000000,-0.000000,0.5368652,0.5429598,0.2914962
caixa,cor,0.0,0.171839,0.300000,0.147461,0.000000,1.000000,-0.000000,0.1271418,0.5351369,0.7606081
caixa,cor,0.3,0.171839,0.300000,0.147461,0.000000,1.000000,-0.000000,0.1271418,0.5351369,0.7606081
caixa,cor,1.0,0.171839,0.300000,0.147461,0.000000,1.000000,-0.000000,0.1271418,0.5351368,0.760608
caixa,normal,0.0,0.171839,0.300000,0.147461,0.000000,1.000000,-0.000000,-0.194657,0.6864901,0.7005999
caixa,pesos,0.2,0.264368,0.300000,0.208871,0.000000,1.000000,-0.000000,0.5522177,0.5660919,0.3126059
caixa,pesos,0.5,0.264368,0.300000,0.208871,0.000000,1.000000,-0.000000,0.5522177,0.5660919,0.3126059
caixa,pesos,1.0,0.264368,0.300000,0.208871,0.000000,1.000000,-0.000000,0.5522176,0.5660919,0.3126059
caixa,cor,0.0,0.264368,0.300000,0.208871,0.000000,1.000000,-0.000000,0.2574376,0.9215042,0.0138897
caixa,cor,0.3,0.264368,0.300000,0.208871,0.000000,1.000000,-0.000000,0.2574376,0.9215042,0.0138897
caixa,cor,1.0,0.264368,0.300000,0.208871,0.000000,1.000000,-0.000000,0.2574375,0.9215041,0.01388971
caixa,normal,0.0,0.264368,0.300000,0.208871,0.000000,1.000000,-0.000000,0.4922187,0.4043858,0.7708391
caixa,pesos,0.2,0.356896,0.300000,0.270280,0.000000,1.000000,-0.000000,0.5675701,0.5892239,0.3344259
caixa,pesos,0.5,0.356896,0.300000,0.270280,0.000000,1.000000,-0.000000,0.5675701,0.5892239,0.3344259
caixa,pesos,1.0,0.356896,0.300000,0.270280,0.000000,1.000000,-0.000000,0.56757,0.5892239,0.3344258
caixa,cor,0.0,0.356896,0.300000,0.270280,0.000000,1.000000,-0.000000,0.07831611,0.1960668,0.9842873
caixa,cor,0.3,0.356896,0.300000,0.270280,0.000000,1.000000,-0.000000,0.07831611,0.1960668,0.9842873
caixa,cor,1.0,0.356896,0.300000,0.270280,0.000000,1.000000,-0.000000,0.07831611,0.1960668,0.9842872
caixa,normal,0.0,0.356896,0.300000,0.270280,0.000000,1.000000,-0.000000,0.5158405,0.8052692,0.2923188
caixa,pesos,0.2,0.449425,0.300000,0.331690,0.000000,1.000000,-0.000000,0.5829226,0.6123562,0.3569562
caixa,pesos,0.5,0.449425,0.300000,0.331690,0.000000,1.000000,-0.000000,0.5829226,0.6123562,0.3569562
caixa,pesos,1.0,0.449425,0.300000,0.331690,0.000000,1.000000,-0.000000,0.5829225,0.6123562,0.3569562
caixa,cor,0.0,0.449425,0.300000,0.331690,0.000000,1.000000,-0.000000,0.02732871,0.5969287,0.06266576
caixa,cor,0.3,0.449425,0.300000,0.331690,0.000000,1.000000,-0.000000,0.02732871,0.5969287,0.06266576
caixa,cor,1.0,0.449425,0.300000,0.331690,0.000000,1.000000,-0.000000,0.0273287,0.5969287,0.06266577
caixa,normal,0.0,0.449425,0.300000,0.331690,0.000000,1.000000,-0.000000,0.8688469,0.3448935,0.355181
caixa,pesos,0.2,0.541953,0.300000,0.393099,0.000000,1.000000,-0.000000,0.5982748,0.6354882,0.3801966
caixa,pesos,0.5,0.541953,0.300000,0.393099,0.000000,1.000000,-0.000000,0.5982748,0.6354882,0.3801966
caixa,pesos,1.0,0.541953,0.300000,0.393099,0.000000,1.000000,-0.000000,0.5982747,0.6354882,0.3801965
caixa,cor,0.0,0.541953,0.300000,0.393099,0.000000,1.000000,-0.000000,0.1721906,0.3869388,0.05684071
caixa,cor,0.3,0.541953,0.300000,0.393099,0.000000,1.000000,-0.000000,0.1721906,0.3869388,0.05684071
caixa,cor,1.0,0.541953,0.300000,0.393099,0.000000,1.000000,-0.000000,0.1721906,0.3869387,0.05684071
caixa,normal,0.0,0.541953,0.300000,0.393099,0.000000,1.000000,-0.000000,0.3418975,0.8677588,0.3606951
caixa,pesos,0.2,0.634481,0.300000,0.454509,0.000000,1.000000,-0.000000,0.6136272,0.6586204,0.4041474
caixa,pesos,0.5,0.634481,0.300000,0.454509,0.000000,1.000000,-0.000000,0.6136272,0.6586204,0.4041474
caixa,pesos,1.0,0.634481,0.300000,0.454509,0.000000,1.000000,-0.000000,0.6136271,0.6586204,0.4041473
caixa,cor,0.0,0.634481,0.300000,0.454509,0.000000,1.000000,-0.000000,0.02270777,0.1458219,0.08305851
caixa,cor,0.3,0.634481,0.300000,0.454509,0.000000,1.000000,-0.000000,0.02270777,0.1458219,0.08305851
caixa,cor,1.0,0.634481,0.300000,0.454509,0.000000,1.000000,-0.000000,0.02270778,0.1458219,0.0830585
caixa,normal,0.0,0.634481,0.300000,0.454509,0.000000,1.000000,-0.000000,0.4460988,0.4085627,0.7962867
caixa,pesos,0.2,0.722532,0.283469,0.500000,0.000000,0.000000,1.000000,0.6806329,0.5708672,0.3885511
caixa,pesos,0.5,0.722532,0.283469,0.500000,0.000000,0.000000,1.000000,0.6806329,0.5708672,0.3885511
caixa,pesos,1.0,0.722532,0.283469,0.500000,0.000000,0.000000,1.000000,0.6806329,0.5708672,0.3885511
caixa,cor,0.0,0.722532,0.283469,0.500000,0.000000,0.000000,1.000000,0.1373553,0.5851829,0.001950373
caixa,cor,0.3,0.722532,0.283469,0.500000,0.000000,0.000000,1.000000,0.1373553,0.5851829,0.001950373
caixa,cor,1.0,0.722532,0.283469,0.500000,0.000000,0.000000,1.000000,0.1373553,0.5851829,0.001950374
caixa,normal,0.0,0.722532,0.283469,0.500000,0.000000,0.000000,1.000000,0.3305798,0.8686097,0.3690996
caixa,pesos,0.2,0.797784,0.219696,0.500000,0.000000,0.000000,1.000000,0.6994461,0.5549239,0.3881393
caixa,pesos,0.5,0.797784,0.219696,0.500000,0.000000,0.000000,1.000000,0.6994461,0.5549239,0.3881393
caixa,pesos,1.0,0.797784,0.219696,0.500000,0.000000,0.000000,1.000000,0.6994461,0.5549239,0.3881393
caixa,cor,0.0,0.797784,0.219696,0.500000,0.000000,0.000000,1.000000,0.0767134,0.007009835,0.2521137
caixa,cor,0.3,0.797784,0.219696,0.500000,0.000000,0.000000,1.000000,0.0767134,0.007009835,0.2521137
caixa,cor,1.0,0.797784,0.219696,0.500000,0.000000,0.000000,1.000000,0.0767134,0.007009846,0.2521137
caixa,normal,0.0,0.797784,0.219696,0.500000,0.000000,0.000000,1.000000,0.7423463,0.2082126,0.6368434
caixa,pesos,0.2,0.800000,-0.113697,0.240373,1.000000,-0.000000,-0.000000,0.4399068,0.4715757,0.2074494
caixa,pesos,0.5,0.800000,-0.113697,0.240373,1.000000,-0.000000,-0.000000,0.4399068,0.4715757,0.2074494
caixa,pesos,1.0,0.800000,-0.113697,0.240373,1.000000,-0.000000,-0.000000,0.4399068,0.4715758,0.2074494
caixa,cor,0.0,0.800000,-0.113697,0.240373,1.000000,-0.000000,-0.000000,0.1157498,0.4743873,0.01644894
caixa,cor,0.3,0.800000,-0.113697,0.240373,1.000000,-0.000000,-0.000000,0.1157498,0.4743873,0.01644894
caixa,cor,1.0,0.800000,-0.113697,0.240373,1.000000,-0.000000,-0.000000,0.1157499,0.4743873,0.01644894
caixa,normal,0.0,0.800000,-0.113697,0.240373,1.000000,-0.000000,-0.000000,0.3946488,0.6040661,-0.6923556
caixa,pesos,0.2,-0.538851,0.300000,-0.458566,0.000000,1.000000,-0.000000,0.3853585,0.3652873,0.1407665
caixa,pesos,0.5,-0.538851,0.300000,-0.458566,0.000000,1.000000,-0.000000,0.3853585,0.3652873,0.1407665
caixa,pesos,1.0,-0.538851,0.300000,-0.458566,0.000000,1.000000,-0.000000,0.3853585,0.3652873,0.1407665
caixa,cor,0.0,-0.538851,0.300000,-0.458566,0.000000,1.000000,-0.000000,0.05755492,0.2010557,0.003700014
caixa,cor,0.3,-0.538851,0.300000,-0.458566,0.000000,1.000000,-0.000000,0.05755492,0.2010557,0.003700014
caixa,cor,1.0,-0.538851,0.300000,-0.458566,0.000000,1.000000,-0.000000,0.05755493,0.2010557,0.00370002
caixa,normal,0.0,-0.538851,0.300000,-0.458566,0.000000,1.000000,-0.000000,0.129189,0.9539044,-0.2708814
caixa,pesos,0.2,-0.446322,0.300000,-0.397156,0.000000,1.000000,-0.000000,0.4007109,0.3884194,0.1556439
caixa,pesos,0.5,-0.446322,0.300000,-0.397156,0.000000,1.000000,-0.000000,0.4007109,0.3884194,0.1556439
caixa,pesos,1.0,-0.446322,0.300000,-0.397156,0.000000,1.000000,-0.000000,0.4007109,0.3884194,0.1556439
caixa,cor,0.0,-0.446322,0.300000,-0.397156,0.000000,1.000000,-0.000000,0.2273293,0.1472997,0.01831477
caixa,cor,0.3,-0.446322,0.300000,-0.397156,0.000000,1.000000,-0.000000,0.2273293,0.1472997,0.01831477
caixa,cor,1.0,-0.446322,0.300000,-0.397156,0.000000,1.000000,-0.000000,0.2273293,0.1472997,0.01831477
caixa,normal,0.0,-0.446322,0.300000,-0.397156,0.000000,1.000000,-0.000000,-0.8461285,0.482177,-0.2270954
caixa,pesos,0.2,-0.353794,0.300000,-0.335747,0.000000,1.000000,-0.000000,0.4160633,0.4115515,0.1712315
caixa,pesos,0.5,-0.353794,0.300000,-0.335747,0.000000,1.000000,-0.000000,0.4160633,0.4115515,0.1712315
caixa,pesos,1.0,-0.353794,0.300000,-0.335747,0.000000,1.000000,-0.000000,0.4160633,0.4115515,0.1712315
caixa,cor,0.0,-0.353794,0.300000,-0.335747,0.000000,1.000000,-0.000000,0.2367561,0.02594655,0.08570859
caixa,cor,0.3,-0.353794,0.300000,-0.335747,0.000000,1.000000,-0.000000,0.2367561,0.02594655,0.08570859
caixa,cor,1.0,-0.353794,0.300000,-0.335747,0.000000,1.000000,-0.000000,0.2367561,0.02594656,0.08570859
caixa,normal,0.0,-0.353794,0.300000,-0.335747,0.000000,1.000000,-0.000000,-0.5413296,0.8386765,0.05986798
caixa,pesos,0.2,-0.261266,0.300000,-0.274337,0.000000,1.000000,-0.000000,0.4314158,0.4346836,0.1875294
caixa,pesos,0.5,-0.261266,0.300000,-0.274337,0.000000,1.000000,-0.000000,0.4314158,0.4346836,0.1875294
caixa,pesos,1.0,-0.261266,0.300000,-0.274337,0.000000,1.000000,-0.000000,0.4314158,0.4346836,0.1875294
caixa,cor,0.0,-0.261266,0.300000,-0.274337,0.000000,1.000000,-0.000000,0.01723962,0.007248935,0.2840803
caixa,cor,0.3,-0.261266,0.300000,-0.274337,0.000000,1.000000,-0.000000,0.01723962,0.007248935,0.2840803
caixa,cor,1.0,-0.261266,0.300000,-0.274337,0.000000,1.000000,-0.000000,0.01723962,0.007248941,0.2840803
caixa,normal,0.0,-0.261266,0.300000,-0.274337,0.000000,1.000000,-0.000000,-0.40482,0.6335449,-0.6593494
caixa,pesos,0.2,-0.168736,0.300000,-0.212928,0.000000,1.000000,-0.000000,0.4467681,0.4578159,0.2045375
caixa,pesos,0.5,-0.168736,0.300000,-0.212928,0.000000,1.000000,-0.000000,0.4467681,0.4578159,0.2045375
caixa,pesos,1.0,-0.168736,0.300000,-0.212928,0.000000,1.000000,-0.000000,0.4467681,0.4578159,0.2045375
caixa,cor,0.0,-0.168736,0.300000,-0.212928,0.000000,1.000000,-0.000000,0.03166663,0.1663962,0.3146891
caixa,cor,0.3,-0.168736,0.300000,-0.212928,0.000000,1.000000,-0.000000,0.03166663,0.1663962,0.3146891
caixa,cor,1.0,-0.168736,0.300000,-0.212928,0.000000,1.000000,-0.000000,0.03166663,0.1663962,0.3146891
caixa,normal,0.0,-0.168736,0.300000,-0.212928,0.000000,1.000000,-0.000000,0.3262208,0.7104957,-0.6235189
caixa,pesos,0.2,-0.076208,0.300000,-0.151518,0.000000,1.000000,-0.000000,0.4621205,0.4809479,0.2222559
caixa,pesos,0.5,-0.076208,0.300000,-0.151518,0.000000,1.000000,-0.000000,0.4621205,0.4809479,0.2222559
caixa,pesos,1.0,-0.076208,0.300000,-0.151518,0.000000,1.000000,-0.000000,0.4621205,0.4809479,0.2222559
caixa,cor,0.0,-0.076208,0.300000,-0.151518,0.000000,1.000000,-0.000000,0.08822082,0.001166553,0.3331823
caixa,cor,0.3,-0.076208,0.300000,-0.151518,0.000000,1.000000,-0.000000,0.08822082,0.001166553,0.3331823
caixa,cor,1.0,-0.076208,0.300000,-0.151518,0.000000,1.000000,-0.000000,0.08822082,0.001166559,0.3331823
caixa,normal,0.0,-0.076208,0.300000,-0.151518,0.000000,1.000000,-0.000000,-0.5064266,0.6475201,-0.5694294
caixa,pesos,0.2,0.016321,0.300000,-0.090108,0.000000,1.000000,-0.000000,0.477473,0.5040802,0.2406847
caixa,pesos,0.5,0.016321,0.300000,-0.090108,0.000000,1.000000,-0.000000,0.477473,0.5040802,0.2406847
caixa,pesos,1.0,0.016321,0.300000,-0.090108,0.000000,1.000000,-0.000000,0.477473,0.5040802,0.2406847
caixa,cor,0.0,0.016321,0.300000,-0.090108,0.000000,1.000000,-0.000000,0.01325059,0.05189413,0.3828055
caixa,cor,0.3,0.016321,0.300000,-0.090108,0.000000,1.000000,-0.000000,0.01325059,0.05189413,0.3828055
caixa,cor,1.0,0.016321,0.300000,-0.090108,0.000000,1.000000,-0.000000,0.01325059,0.05189414,0.3828055
caixa,normal,0.0,0.016321,0.300000,-0.090108,0.000000,1.000000,-0.000000,-0.7317646,0.6814609,-0.01147962
caixa,pesos,0.2,0.108849,0.300000,-0.028698,0.000000,1.000000,-0.000000,0.4928254,0.5272121,0.2598235
caixa,pesos,0.5,0.108849,0.300000,-0.028698,0.000000,1.000000,-0.000000,0.4928254,0.5272121,0.2598235
caixa,pesos,1.0,0.108849,0.300000,-0.028698,0.000000,1.000000,-0.000000,0.4928254,0.5272121,0.2598235
caixa,cor,0.0,0.108849,0.300000,-0.028698,0.000000,1.000000,-0.000000,0.0513395,0.4207405,0.4207405
caixa,cor,0.3,0.108849,0.300000,-0.028698,0.000000,1.000000,-0.000000,0.0513395,0.4207405,0.4207405
caixa,cor,1.0,0.108849,0.300000,-0.028698,0.000000,1.000000,-0.000000,0.05133951,0.4207404,0.4207404
caixa,normal,0.0,0.108849,0.300000,-0.028698,0.000000,1.000000,-0.000000,-0.7431159,0.646101,-0.1741621
caixa,pesos,0.2,0.201377,0.300000,0.032711,0.000000,1.000000,-0.000000,0.5081778,0.5503443,0.2796727
caixa,pesos,0.5,0.201377,0.300000,0.032711,0.000000,1.000000,-0.000000,0.5081778,0.5503443,0.2796727
caixa,pesos,1.0,0.201377,0.300000,0.032711,0.000000,1.000000,-0.000000,0.5081777,0.5503443,0.2796727
caixa,cor,0.0,0.201377,0.300000,0.032711,0.000000,1.000000,-0.000000,0.3461047,0.4607694,0.002202026
caixa,cor,0.3,0.201377,0.300000,0.032711,0.000000,1.000000,-0.000000,0.3461047,0.4607694,0.002202026
caixa,cor,1.0,0.201377,0.300000,0.032711,0.000000,1.000000,-0.000000,0.3461047,0.4607694,0.002202037
caixa,normal,0.0,0.201377,0.300000,0.032711,0.000000,1.000000,-0.000000,-0.1639044,0.7630939,-0.6251583
caixa,pesos,0.2,0.293906,0.300000,0.094121,0.000000,1.000000,-0.000000,0.5235301,0.5734764,0.3002322
caixa,pesos,0.5,0.293906,0.300000,0.094121,0.000000,1.000000,-0.000000,0.5235301,0.5734764,0.3002322
caixa,pesos,1.0,0.293906,0.300000,0.094121,0.000000,1.000000,-0.000000,0.5235301,0.5734764,0.3002322
caixa,cor,0.0,0.293906,0.300000,0.094121,0.000000,1.000000,-0.000000,0.5029398,0.1197398,0.02318347
caixa,cor,0.3,0.293906,0.300000,0.094121,0.000000,1.000000,-0.000000,0.5029398,0.1197398,0.02318347
caixa,cor,1.0,0.293906,0.300000,0.094121,0.000000,1.000000,-0.000000,0.5029398,0.1197398,0.02318348
caixa,normal,0.0,0.293906,0.300000,0.094121,0.000000,1.000000,-0.000000,0.1716831,0.6923306,-0.7008588
caixa,pesos,0.2,0.386434,0.300000,0.155531,0.000000,1.000000,-0.000000,0.5388826,0.5966085,0.321502
caixa,pesos,0.5,0.386434,0.300000,0.155531,0.000000,1.000000,-0.000000,0.5388826,0.5966085,0.321502
caixa,pesos,1.0,0.386434,0.300000,0.155531,0.000000,1.000000,-0.000000,0.5388826,0.5966085,0.3215019
caixa,cor,0.0,0.386434,0.300000,0.155531,0.000000,1.000000,-0.000000,0.5472809,0.08063763,0.1988647
caixa,cor,0.3,0.386434,0.300000,0.155531,0.000000,1.000000,-0.000000,0.5472809,0.08063763,0.1988647
caixa,cor,1.0,0.386434,0.300000,0.155531,0.000000,1.000000,-0.000000,0.5472808,0.08063763,0.1988647
caixa,normal,0.0,0.386434,0.300000,0.155531,0.000000,1.000000,-0.000000,-0.4512517,0.7272224,-0.5172229
caixa,pesos,0.2,0.478963,0.300000,0.216940,0.000000,1.000000,-0.000000,0.554235,0.6197407,0.343482
caixa,pesos,0.5,0.478963,0.300000,0.216940,0.000000,1.000000,-0.000000,0.554235,0.6197407,0.343482
caixa,pesos,1.0,0.478963,0.300000,0.216940,0.000000,1.000000,-0.000000,0.5542349,0.6197407,0.3434819
caixa,cor,0.0,0.478963,0.300000,0.216940,0.000000,1.000000,-0.000000,0.00547837,0.05006558,0.5938216
caixa,cor,0.3,0.478963,0.300000,0.216940,0.000000,1.000000,-0.000000,0.00547837,0.05006558,0.5938216
caixa,cor,1.0,0.478963,0.300000,0.216940,0.000000,1.000000,-0.000000,0.005478375,0.0500656,0.5938216
caixa,normal,0.0,0.478963,0.300000,0.216940,0.000000,1.000000,-0.000000,-0.7013756,0.7122202,0.02854085
caixa,pesos,0.2,0.571491,0.300000,0.278349,0.000000,1.000000,-0.000000,0.5695874,0.6428728,0.3661722
caixa,pesos,0.5,0.571491,0.300000,0.278349,0.000000,1.000000,-0.000000,0.5695874,0.6428728,0.3661722
caixa,pesos,1.0,0.571491,0.300000,0.278349,0.000000,1.000000,-0.000000,0.5695873,0.6428728,0.3661722
caixa,cor,0.0,0.571491,0.300000,0.278349,0.000000,1.000000,-0.000000,0.4387649,0.02664979,0.02664979
caixa,cor,0.3,0.571491,0.300000,0.278349,0.000000,1.000000,-0.000000,0.4387649,0.02664979,0.02664979
caixa,cor,1.0,0.571491,0.300000,0.278349,0.000000,1.000000,-0.000000,0.4387648,0.02664981,0.0266498
caixa,normal,0.0,0.571491,0.300000,0.278349,0.000000,1.000000,-0.000000,-0.7952743,0.5307763,-0.2929425
caixa,pesos,0.2,0.664020,0.300000,0.339759,0.000000,1.000000,-0.000000,0.5849398,0.6660048,0.3895727
caixa,pesos,0.5,0.664020,0.300000,0.339759,0.000000,1.000000,-0.000000,0.5849398,0.6660048,0.3895727
caixa,pesos,1.0,0.664020,0.300000,0.339759,0.000000,1.000000,-0.000000,0.5849397,0.6660048,0.3895727
caixa,cor,0.0,0.664020,0.300000,0.339759,0.000000,1.000000,-0.000000,0.1377687,0.6909359,0.1813714
caixa,cor,0.3,0.664020,0.300000,0.339759,0.000000,1.000000,-0.000000,0.1377687,0.6909359,0.1813714
caixa,cor,1.0,0.664020,0.300000,0.339759,0.000000,1.000000,-0.000000,0.1377687,0.6909359,0.1813714
caixa,normal,0.0,0.664020,0.300000,0.339759,0.000000,1.000000,-0.000000,0.1677821,0.8501,-0.4991784
caixa,pesos,0.2,0.756548,0.300000,0.401169,0.000000,1.000000,-0.000000,0.6002921,0.6891371,0.4136836
caixa,pesos,0.5,0.756548,0.300000,0.401169,0.000000,1.000000,-0.000000,0.6002921,0.6891371,0.4136836
caixa,pesos,1.0,0.756548,0.300000,0.401169,0.000000,1.000000,-0.000000,0.6002921,0.6891371,0.4136835
caixa,cor,0.0,0.756548,0.300000,0.401169,0.000000,1.000000,-0.000000,0.7418725,0.1312716,0.01193273
caixa,cor,0.3,0.756548,0.300000,0.401169,0.000000,1.000000,-0.000000,0.7418725,0.1312716,0.01193273
caixa,cor,1.0,0.756548,0.300000,0.401169,0.000000,1.000000,-0.000000,0.7418725,0.1312717,0.01193273
caixa,normal,0.0,0.756548,0.300000,0.401169,0.000000,1.000000,-0.000000,-0.2402756,0.5451417,-0.803174
caixa,pesos,0.2,0.800000,0.118834,0.288126,1.000000,-0.000000,-0.000000,0.4279685,0.5297084,0.2266985
caixa,pesos,0.5,0.800000,0.118834,0.288126,1.000000,-0.000000,-0.000000,0.4279685,0.5297084,0.2266985
caixa,pesos,1.0,0.800000,0.118834,0.288126,1.000000,-0.000000,-0.000000,0.4279685,0.5297084,0.2266985
caixa,cor,0.0,0.800000,0.118834,0.288126,1.000000,-0.000000,-0.000000,0.2319025,0.2896015,0.01600829
caixa,cor,0.3,0.800000,0.118834,0.288126,1.000000,-0.000000,-0.000000,0.2319025,0.2896015,0.01600829
caixa,cor,1.0,0.800000,0.118834,0.288126,1.000000,-0.000000,-0.000000,0.2319025,0.2896015,0.01600829
caixa,normal,0.0,0.800000,0.118834,0.288126,1.000000,-0.000000,-0.000000,0.6043017,0.6189709,-0.5016918
caixa,pesos,0.2,0.800000,-0.222737,0.020625,1.000000,-0.000000,-0.000000,0.4948438,0.4443157,0.2198669
caixa,pesos,0.5,0.800000,-0.222737,0.020625,1.000000,-0.000000,-0.000000,0.4948438,0.4443157,0.2198669
caixa,pesos,1.0,0.800000,-0.222737,0.020625,1.000000,-0.000000,-0.000000,0.4948438,0.4443157,0.2198669
caixa,cor,0.0,0.800000,-0.222737,0.020625,1.000000,-0.000000,-0.000000,0.148542,0.09441891,0.9643509
caixa,cor,0.3,0.800000,-0.222737,0.020625,1.000000,-0.000000,-0.000000,0.148542,0.09441891,0.9643509
caixa,cor,1.0,0.800000,-0.222737,0.020625,1.000000,-0.000000,-0.000000,0.148542,0.09441898,0.9643508
caixa,normal,0.0,0.800000,-0.222737,0.020625,1.000000,-0.000000,-0.000000,0.7375345,-0.608851,0.2921356
caixa,pesos,0.2,-0.324256,0.300000,-0.450497,0.000000,1.000000,-0.000000,0.3873758,0.418936,0.1622857
caixa,pesos,0.5,-0.324256,0.300000,-0.450497,0.000000,1.000000,-0.000000,0.3873758,0.418936,0.1622857
caixa,pesos,1.0,-0.324256,0.300000,-0.450497,0.000000,1.000000,-0.000000,0.3873758,0.418936,0.1622857
caixa,cor,0.0,-0.324256,0.300000,-0.450497,0.000000,1.000000,-0.000000,0.007209478,0.1814997,0.04303607
caixa,cor,0.3,-0.324256,0.300000,-0.450497,0.000000,1.000000,-0.000000,0.007209478,0.1814997,0.04303607
caixa,cor,1.0,-0.324256,0.300000,-0.450497,0.000000,1.000000,-0.000000,0.007209481,0.1814997,0.04303607
caixa,normal,0.0,-0.324256,0.300000,-0.450497,0.000000,1.000000,-0.000000,0.8266106,0.5625675,0.0152725
caixa,pesos,0.2,-0.231727,0.300000,-0.389087,0.000000,1.000000,-0.000000,0.4027282,0.4420682,0.1780333
caixa,pesos,0.5,-0.231727,0.300000,-0.389087,0.000000,1.000000,-0.000000,0.4027282,0.4420682,0.1780333
caixa,pesos,1.0,-0.231727,0.300000,-0.389087,0.000000,1.000000,-0.000000,0.4027282,0.4420682,0.1780333
caixa,cor,0.0,-0.231727,0.300000,-0.389087,0.000000,1.000000,-0.000000,0.02339819,0.1431117,0.09351224
caixa,cor,0.3,-0.231727,0.300000,-0.389087,0.000000,1.000000,-0.000000,0.02339819,0.1431117,0.09351224
caixa,cor,1.0,-0.231727,0.300000,-0.389087,0.000000,1.000000,-0.000000,0.02339819,0.1431117,0.09351224
caixa,normal,0.0,-0.231727,0.300000,-0.389087,0.000000,1.000000,-0.000000,-0.4135805,0.8630466,-0.2900033
caixa,pesos,0.2,-0.139199,0.300000,-0.327678,0.000000,1.000000,-0.000000,0.4180806,0.4652003,0.1944912
caixa,pesos,0.5,-0.139199,0.300000,-0.327678,0.000000,1.000000,-0.000000,0.4180806,0.4652003,0.1944912
caixa,pesos,1.0,-0.139199,0.300000,-0.327678,0.000000,1.000000,-0.000000,0.4180806,0.4652003,0.1944912
caixa,cor,0.0,-0.139199,0.300000,-0.327678,0.000000,1.000000,-0.000000,0.02098542,0.1115151,0.03579262
caixa,cor,0.3,-0.139199,0.300000,-0.327678,0.000000,1.000000,-0.000000,0.02098542,0.1115151,0.03579262
caixa,cor,1.0,-0.139199,0.300000,-0.327678,0.000000,1.000000,-0.000000,0.02098542,0.1115151,0.03579263
caixa,normal,0.0,-0.139199,0.300000,-0.327678,0.000000,1.000000,-0.000000,0.07555318,0.7011592,0.7089905
caixa,pesos,0.2,-0.046670,0.300000,-0.266268,0.000000,1.000000,-0.000000,0.433433,0.4883325,0.2116594
caixa,pesos,0.5,-0.046670,0.300000,-0.266268,0.000000,1.000000,-0.000000,0.433433,0.4883325,0.2116594
caixa,pesos,1.0,-0.046670,0.300000,-0.266268,0.000000,1.000000,-0.000000,0.433433,0.4883325,0.2116594
caixa,cor,0.0,-0.046670,0.300000,-0.266268,0.000000,1.000000,-0.000000,0.002948789,0.05576269,0.1303291
caixa,cor,0.3,-0.046670,0.300000,-0.266268,0.000000,1.000000,-0.000000,0.002948789,0.05576269,0.1303291
caixa,cor,1.0,-0.046670,0.300000,-0.266268,0.000000,1.000000,-0.000000,0.00294879,0.05576269,0.1303291
caixa,normal,0.0,-0.046670,0.300000,-0.266268,0.000000,1.000000,-0.000000,-0.6906102,0.7217758,0.04579508
caixa,pesos,0.2,0.045858,0.300000,-0.204858,0.000000,1.000000,-0.000000,0.4487854,0.5114645,0.2295378
caixa,pesos,0.5,0.045858,0.300000,-0.204858,0.000000,1.000000,-0.000000,0.4487854,0.5114645,0.2295378
caixa,pesos,1.0,0.045858,0.300000,-0.204858,0.000000,1.000000,-0.000000,0.4487854,0.5114645,0.2295378
caixa,cor,0.0,0.045858,0.300000,-0.204858,0.000000,1.000000,-0.000000,0.01329803,0.1508765,0.07784642
caixa,cor,0.3,0.045858,0.300000,-0.204858,0.000000,1.000000,-0.000000,0.01329803,0.1508765,0.07784642
caixa,cor,1.0,0.045858,0.300000,-0.204858,0.000000,1.000000,-0.000000,0.01329803,0.1508765,0.07784642
caixa,normal,0.0,0.045858,0.300000,-0.204858,0.000000,1.000000,-0.000000,0.7545478,0.633353,0.1718194
caixa,pesos,0.2,0.138386,0.300000,-0.143449,0.000000,1.000000,-0.000000,0.4641378,0.5345966,0.2481265
caixa,pesos,0.5,0.138386,0.300000,-0.143449,0.000000,1.000000,-0.000000,0.4641378,0.5345966,0.2481265
caixa,pesos,1.0,0.138386,0.300000,-0.143449,0.000000,1.000000,-0.000000,0.4641378,0.5345966,0.2481265
caixa,cor,0.0,0.138386,0.300000,-0.143449,0.000000,1.000000,-0.000000,0.0712593,0.1489211,0.01915815
caixa,cor,0.3,0.138386,0.300000,-0.143449,0.000000,1.000000,-0.000000,0.0712593,0.1489211,0.01915815
caixa,cor,1.0,0.138386,0.300000,-0.143449,0.000000,1.000000,-0.000000,0.0712593,0.1489211,0.01915816
caixa,normal,0.0,0.138386,0.300000,-0.143449,0.000000,1.000000,-0.000000,0.2029119,0.7964306,-0.5696709
caixa,pesos,0.2,0.230916,0.300000,-0.082039,0.000000,1.000000,-0.000000,0.4794902,0.5577289,0.2674255
caixa,pesos,0.5,0.230916,0.300000,-0.082039,0.000000,1.000000,-0.000000,0.4794902,0.5577289,0.2674255
caixa,pesos,1.0,0.230916,0.300000,-0.082039,0.000000,1.000000,-0.000000,0.4794902,0.5577289,0.2674255
caixa,cor,0.0,0.230916,0.300000,-0.082039,0.000000,1.000000,-0.000000,0.1973347,0.005802796,0.005802796
caixa,cor,0.3,0.230916,0.300000,-0.082039,0.000000,1.000000,-0.000000,0.1973347,0.005802796,0.005802796
caixa,cor,1.0,0.230916,0.300000,-0.082039,0.000000,1.000000,-0.000000,0.1973346,0.005802798,0.005802809
caixa,normal,0.0,0.230916,0.300000,-0.082039,0.000000,1.000000,-0.000000,0.5741506,0.7346904,0.3613601
caixa,pesos,0.2,0.323444,0.300000,-0.020630,0.000000,1.000000,-0.000000,0.4948426,0.5808609,0.2874347
caixa,pesos,0.5,0.323444,0.300000,-0.020630,0.000000,1.000000,-0.000000,0.4948426,0.5808609,0.2874347
caixa,pesos,1.0,0.323444,0.300000,-0.020630,0.000000,1.000000,-0.000000,0.4948426,0.5808609,0.2874347
caixa,cor,0.0,0.323444,0.300000,-0.020630,0.000000,1.000000,-0.000000,0.2233318,0.02331938,0.1488802
caixa,cor,0.3,0.323444,0.300000,-0.020630,0.000000,1.000000,-0.000000,0.2233318,0.02331938,0.1488802
caixa,cor,1.0,0.323444,0.300000,-0.020630,0.000000,1.000000,-0.000000,0.2233318,0.02331938,0.1488802
caixa,normal,0.0,0.323444,0.300000,-0.020630,0.000000,1.000000,-0.000000,-0.7274889,0.6619709,0.1804287
caixa,pesos,0.2,0.415972,0.300000,0.040780,0.000000,1.000000,-0.000000,0.5101951,0.6039931,0.3081543
caixa,pesos,0.5,0.415972,0.300000,0.040780,0.000000,1.000000,-0.000000,0.5101951,0.6039931,0.3081543
caixa,pesos,1.0,0.415972,0.300000,0.040780,0.000000,1.000000,-0.000000,0.510195,0.6039931,0.3081543
caixa,cor,0.0,0.415972,0.300000,0.040780,0.000000,1.000000,-0.000000,0.001593388,0.08842571,0.2511749
caixa,cor,0.3,0.415972,0.300000,0.040780,0.000000,1.000000,-0.000000,0.001593388,0.08842571,0.2511749
caixa,cor,1.0,0.415972,0.300000,0.040780,0.000000,1.000000,-0.000000,0.001593391,0.08842571,0.2511749
caixa,normal,0.0,0.415972,0.300000,0.040780,0.000000,1.000000,-0.000000,0.2036123,0.7489228,0.6306005
caixa,pesos,0.2,0.508501,0.300000,0.102190,0.000000,1.000000,-0.000000,0.5255474,0.6271253,0.3295841
caixa,pesos,0.5,0.508501,0.300000,0.102190,0.000000,1.000000,-0.000000,0.5255474,0.6271253,0.3295841
caixa,pesos,1.0,0.508501,0.300000,0.102190,0.000000,1.000000,-0.000000,0.5255474,0.6271253,0.3295841
caixa,cor,0.0,0.508501,0.300000,0.102190,0.000000,1.000000,-0.000000,0.01043212,0.2797107,0.1268457
caixa,cor,0.3,0.508501,0.300000,0.102190,0.000000,1.000000,-0.000000,0.01043212,0.2797107,0.1268457
caixa,cor,1.0,0.508501,0.300000,0.102190,0.000000,1.000000,-0.000000,0.01043212,0.2797107,0.1268457
caixa,normal,0.0,0.508501,0.300000,0.102190,0.000000,1.000000,-0.000000,0.1665413,0.9189792,-0.3574095
caixa,pesos,0.2,0.601029,0.300000,0.163599,0.000000,1.000000,-0.000000,0.5408998,0.6502572,0.351724
caixa,pesos,0.5,0.601029,0.300000,0.163599,0.000000,1.000000,-0.000000,0.5408998,0.6502572,0.351724
caixa,pesos,1.0,0.601029,0.300000,0.163599,0.000000,1.000000,-0.000000,0.5408997,0.6502572,0.351724
caixa,cor,0.0,0.601029,0.300000,0.163599,0.000000,1.000000,-0.000000,0.05682866,0.3100566,0.03943712
caixa,cor,0.3,0.601029,0.300000,0.163599,0.000000,1.000000,-0.000000,0.05682866,0.3100566,0.03943712
caixa,cor,1.0,0.601029,0.300000,0.163599,0.000000,1.000000,-0.000000,0.05682866,0.3100566,0.03943711
caixa,normal,0.0,0.601029,0.300000,0.163599,0.000000,1.000000,-0.000000,0.7773354,0.626811,-0.05345798
caixa,pesos,0.2,0.693558,0.300000,0.225009,0.000000,1.000000,-0.000000,0.5562522,0.6733894,0.3745743
caixa,pesos,0.5,0.693558,0.300000,0.225009,0.000000,1.000000,-0.000000,0.5562522,0.6733894,0.3745743
caixa,pesos,1.0,0.693558,0.300000,0.225009,0.000000,1.000000,-0.000000,0.5562521,0.6733894,0.3745743
caixa,cor,0.0,0.693558,0.300000,0.225009,0.000000,1.000000,-0.000000,0.001863866,0.3422407,0.3422407
caixa,cor,0.3,0.693558,0.300000,0.225009,0.000000,1.000000,-0.000000,0.001863866,0.3422407,0.3422407
caixa,cor,1.0,0.693558,0.300000,0.225009,0.000000,1.000000,-0.000000,0.001863872,0.3422407,0.3422407
caixa,normal,0.0,0.693558,0.300000,0.225009,0.000000,1.000000,-0.000000,-0.127395,0.9914596,-0.02789807
caixa,pesos,0.2,0.786086,0.300000,0.286418,0.000000,1.000000,-0.000000,0.5716046,0.6965215,0.3981349
caixa,pesos,0.5,0.786086,0.300000,0.286418,0.000000,1.000000,-0.000000,0.5716046,0.6965215,0.3981349
caixa,pesos,1.0,0.786086,0.300000,0.286418,0.000000,1.000000,-0.000000,0.5716045,0.6965215,0.3981349
caixa,cor,0.0,0.786086,0.300000,0.286418,0.000000,1.000000,-0.000000,0.3773884,0.01866799,0.2371043
caixa,cor,0.3,0.786086,0.300000,0.286418,0.000000,1.000000,-0.000000,0.3773884,0.01866799,0.2371043
caixa,cor,1.0,0.786086,0.300000,0.286418,0.000000,1.000000,-0.000000,0.3773884,0.018668,0.2371043
caixa,normal,0.0,0.786086,0.300000,0.286418,0.000000,1.000000,-0.000000,-0.2349522,0.7611413,0.6045338
caixa,pesos,0.2,0.800000,0.009793,0.068377,1.000000,-0.000000,-0.000000,0.4829057,0.5024483,0.2426351
caixa,pesos,0.5,0.800000,0.009793,0.068377,1.000000,-0.000000,-0.000000,0.4829057,0.5024483,0.2426351
caixa,pesos,1.0,0.800000,0.009793,0.068377,1.000000,-0.000000,-0.000000,0.4829057,0.5024484,0.2426352
caixa,cor,0.0,0.800000,0.009793,0.068377,1.000000,-0.000000,-0.000000,0.004768546,0.4106546,0.03735672
caixa,cor,0.3,0.800000,0.009793,0.068377,1.000000,-0.000000,-0.000000,0.004768546,0.4106546,0.03735672
caixa,cor,1.0,0.800000,0.009793,0.068377,1.000000,-0.000000,-0.000000,0.004768572,0.4106545,0.03735672
caixa,normal,0.0,0.800000,0.009793,0.068377,1.000000,-0.000000,-0.000000,0.3844676,0.6782486,-0.6262295
caixa,pesos,0.2,-0.109661,0.300000,-0.442428,0.000000,1.000000,-0.000000,0.389393,0.4725849,0.1840213
caixa,pesos,0.5,-0.109661,0.300000,-0.442428,0.000000,1.000000,-0.000000,0.389393,0.4725849,0.1840213
caixa,pesos,1.0,-0.109661,0.300000,-0.442428,0.000000,1.000000,-0.000000,0.389393,0.4725849,0.1840213
caixa,cor,0.0,-0.109661,0.300000,-0.442428,0.000000,1.000000,-0.000000,0.5592079,0.753746,0.0006595585
caixa,cor,0.3,-0.109661,0.300000,-0.442428,0.000000,1.000000,-0.000000,0.5592079,0.753746,0.0006595585
caixa,cor,1.0,-0.109661,0.300000,-0.442428,0.000000,1.000000,-0.000000,0.5592079,0.753746,0.0006595592
caixa,normal,0.0,-0.109661,0.300000,-0.442428,0.000000,1.000000,-0.000000,0.7181721,0.6814721,0.1408002
caixa,pesos,0.2,-0.017132,0.300000,-0.381018,0.000000,1.000000,-0.000000,0.4047455,0.495717,0.2006392
caixa,pesos,0.5,-0.017132,0.300000,-0.381018,0.000000,1.000000,-0.000000,0.4047455,0.495717,0.2006392
caixa,pesos,1.0,-0.017132,0.300000,-0.381018,0.000000,1.000000,-0.000000,0.4047455,0.495717,0.2006392
caixa,cor,0.0,-0.017132,0.300000,-0.381018,0.000000,1.000000,-0.000000,0.8076544,0.1742257,0.02705586
caixa,cor,0.3,-0.017132,0.300000,-0.381018,0.000000,1.000000,-0.000000,0.8076544,0.1742257,0.02705586
caixa,cor,1.0,-0.017132,0.300000,-0.381018,0.000000,1.000000,-0.000000,0.8076544,0.1742257,0.02705587
caixa,normal,0.0,-0.017132,0.300000,-0.381018,0.000000,1.000000,-0.000000,0.5345476,0.7900548,-0.3001208
caixa,pesos,0.2,0.075397,0.300000,-0.319609,0.000000,1.000000,-0.000000,0.4200978,0.5188492,0.2179674
caixa,pesos,0.5,0.075397,0.300000,-0.319609,0.000000,1.000000,-0.000000,0.4200978,0.5188492,0.2179674
caixa,pesos,1.0,0.075397,0.300000,-0.319609,0.000000,1.000000,-0.000000,0.4200978,0.5188492,0.2179674
caixa,cor,0.0,0.075397,0.300000,-0.319609,0.000000,1.000000,-0.000000,0.8658441,0.1047858,0.2925209
caixa,cor,0.3,0.075397,0.300000,-0.319609,0.000000,1.000000,-0.000000,0.8658441,0.1047858,0.2925209
caixa,cor,1.0,0.075397,0.300000,-0.319609,0.000000,1.000000,-0.000000,0.8658441,0.1047858,0.2925209
caixa,normal,0.0,0.075397,0.300000,-0.319609,0.000000,1.000000,-0.000000,0.5173054,0.729574,0.4473445
caixa,pesos,0.2,0.167925,0.300000,-0.258199,0.000000,1.000000,-0.000000,0.4354503,0.5419813,0.2360059
caixa,pesos,0.5,0.167925,0.300000,-0.258199,0.000000,1.000000,-0.000000,0.4354503,0.5419813,0.2360059
caixa,pesos,1.0,0.167925,0.300000,-0.258199,0.000000,1.000000,-0.000000,0.4354503,0.5419813,0.2360059
caixa,cor,0.0,0.167925,0.300000,-0.258199,0.000000,1.000000,-0.000000,0.003976743,0.06384663,0.9264143
caixa,cor,0.3,0.167925,0.300000,-0.258199,0.000000,1.000000,-0.000000,0.003976743,0.06384663,0.9264143
caixa,cor,1.0,0.167925,0.300000,-0.258199,0.000000,1.000000,-0.000000,0.003976748,0.06384663,0.9264143
caixa,normal,0.0,0.167925,0.300000,-0.258199,0.000000,1.000000,-0.000000,-0.587937,0.7116408,0.3845747
caixa,pesos,0.2,0.260454,0.300000,-0.196789,0.000000,1.000000,-0.000000,0.4508027,0.5651134,0.2547547
caixa,pesos,0.5,0.260454,0.300000,-0.196789,0.000000,1.000000,-0.000000,0.4508027,0.5651134,0.2547547
caixa,pesos,1.0,0.260454,0.300000,-0.196789,0.000000,1.000000,-0.000000,0.4508027,0.5651134,0.2547547
caixa,cor,0.0,0.260454,0.300000,-0.196789,0.000000,1.000000,-0.000000,0.04638673,0.9893829,0.9893829
caixa,cor,0.3,0.260454,0.300000,-0.196789,0.000000,1.000000,-0.000000,0.04638673,0.9893829,0.9893829
caixa,cor,1.0,0.260454,0.300000,-0.196789,0.000000,1.000000,-0.000000,0.04638674,0.9893829,0.9893829
caixa,normal,0.0,0.260454,0.300000,-0.196789,0.000000,1.000000,-0.000000,0.3089027,0.6891847,0.6554415
caixa,pesos,0.2,0.352982,0.300000,-0.135379,0.000000,1.000000,-0.000000,0.4661552,0.5882455,0.2742137
caixa,pesos,0.5,0.352982,0.300000,-0.135379,0.000000,1.000000,-0.000000,0.4661552,0.5882455,0.2742137
caixa,pesos,1.0,0.352982,0.300000,-0.135379,0.000000,1.000000,-0.000000,0.4661552,0.5882455,0.2742137
caixa,cor,0.0,0.352982,0.300000,-0.135379,0.000000,1.000000,-0.000000,0.1072136,0.5791729,0.2272513
caixa,cor,0.3,0.352982,0.300000,-0.135379,0.000000,1.000000,-0.000000,0.1072136,0.5791729,0.2272513
caixa,cor,1.0,0.352982,0.300000,-0.135379,0.000000,1.000000,-0.000000,0.1072136,0.5791728,0.2272513
caixa,normal,0.0,0.352982,0.300000,-0.135379,0.000000,1.000000,-0.000000,0.1774325,0.9188147,-0.3525584
caixa,pesos,0.2,0.445510,0.300000,-0.073970,0.000000,1.000000,-0.000000,0.4815075,0.6113776,0.2943829
caixa,pesos,0.5,0.445510,0.300000,-0.073970,0.000000,1.000000,-0.000000,0.4815075,0.6113776,0.2943829
caixa,pesos,1.0,0.445510,0.300000,-0.073970,0.000000,1.000000,-0.000000,0.4815075,0.6113776,0.2943829
caixa,cor,0.0,0.445510,0.300000,-0.073970,0.000000,1.000000,-0.000000,0.1829464,0.1242345,0.01091847
caixa,cor,0.3,0.445510,0.300000,-0.073970,0.000000,1.000000,-0.000000,0.1829464,0.1242345,0.01091847
caixa,cor,1.0,0.445510,0.300000,-0.073970,0.000000,1.000000,-0.000000,0.1829464,0.1242345,0.01091849
caixa,normal,0.0,0.445510,0.300000,-0.073970,0.000000,1.000000,-0.000000,0.8412485,0.5285878,0.1135596
caixa,pesos,0.2,0.538039,0.300000,-0.012560,0.000000,1.000000,-0.000000,0.49686,0.6345098,0.3152625
caixa,pesos,0.5,0.538039,0.300000,-0.012560,0.000000,1.000000,-0.000000,0.49686,0.6345098,0.3152625
caixa,pesos,1.0,0.538039,0.300000,-0.012560,0.000000,1.000000,-0.000000,0.4968599,0.6345098,0.3152625
caixa,cor,0.0,0.538039,0.300000,-0.012560,0.000000,1.000000,-0.000000,0.0926424,0.09431586,0.0231992
caixa,cor,0.3,0.538039,0.300000,-0.012560,0.000000,1.000000,-0.000000,0.0926424,0.09431586,0.0231992
caixa,cor,1.0,0.538039,0.300000,-0.012560,0.000000,1.000000,-0.000000,0.09264239,0.09431586,0.02319921
caixa,normal,0.0,0.538039,0.300000,-0.012560,0.000000,1.000000,-0.000000,-0.3592489,0.9306927,-0.06893229
caixa,pesos,0.2,0.630568,0.300000,0.048849,0.000000,1.000000,-0.000000,0.5122123,0.6576419,0.3368523
caixa,pesos,0.5,0.630568,0.300000,0.048849,0.000000,1.000000,-0.000000,0.5122123,0.6576419,0.3368523
caixa,pesos,1.0,0.630568,0.300000,0.048849,0.000000,1.000000,-0.000000,0.5122122,0.6576419,0.3368522
caixa,cor,0.0,0.630568,0.300000,0.048849,0.000000,1.000000,-0.000000,0.1088809,0.04236564,0.0209448
caixa,cor,0.3,0.630568,0.300000,0.048849,0.000000,1.000000,-0.000000,0.1088809,0.04236564,0.0209448
caixa,cor,1.0,0.630568,0.300000,0.048849,0.000000,1.000000,-0.000000,0.1088809,0.04236566,0.02094481
caixa,normal,0.0,0.630568,0.300000,0.048849,0.000000,1.000000,-0.000000,0.1542931,0.6300821,0.7610456
caixa,pesos,0.2,0.723096,0.300000,0.110259,0.000000,1.000000,-0.000000,0.5275646,0.680774,0.3591523
caixa,pesos,0.5,0.723096,0.300000,0.110259,0.000000,1.000000,-0.000000,0.5275646,0.680774,0.3591523
caixa,pesos,1.0,0.723096,0.300000,0.110259,0.000000,1.000000,-0.000000,0.5275646,0.680774,0.3591522
caixa,cor,0.0,0.723096,0.300000,0.110259,0.000000,1.000000,-0.000000,0.009518772,0.1274443,0.00435726
caixa,cor,0.3,0.723096,0.300000,0.110259,0.000000,1.000000,-0.000000,0.009518772,0.1274443,0.00435726
caixa,cor,1.0,0.723096,0.300000,0.110259,0.000000,1.000000,-0.000000,0.009518774,0.1274443,0.004357277
caixa,normal,0.0,0.723096,0.300000,0.110259,0.000000,1.000000,-0.000000,-0.6121746,0.7848907,0.0958575
caixa,pesos,0.2,0.800000,0.242322,0.116128,1.000000,-0.000000,-0.000000,0.4709679,0.5605806,0.2640154
caixa,pesos,0.5,0.800000,0.242322,0.116128,1.000000,-0.000000,-0.000000,0.4709679,0.5605806,0.2640154
caixa,pesos,1.0,0.800000,0.242322,0.116128,1.000000,-0.000000,-0.000000,0.4709679,0.5605807,0.2640154
caixa,cor,0.0,0.800000,0.242322,0.116128,1.000000,-0.000000,-0.000000,0.0484557,0.01423013,0.1078268
caixa,cor,0.3,0.800000,0.242322,0.116128,1.000000,-0.000000,-0.000000,0.0484557,0.01423013,0.1078268
caixa,cor,1.0,0.800000,0.242322,0.116128,1.000000,-0.000000,-0.000000,0.04845572,0.01423013,0.1078268
caixa,normal,0.0,0.800000,0.242322,0.116128,1.000000,-0.000000,-0.000000,0.3977091,0.7249918,-0.5623293
caixa,pesos,0.2,0.800000,-0.099248,-0.151373,1.000000,-0.000000,-0.000000,0.5378432,0.475188,0.2555766
caixa,pesos,0.5,0.800000,-0.099248,-0.151373,1.000000,-0.000000,-0.000000,0.5378432,0.475188,0.2555766
caixa,pesos,1.0,0.800000,-0.099248,-0.151373,1.000000,-0.000000,-0.000000,0.5378432,0.4751881,0.2555766
caixa,cor,0.0,0.800000,-0.099248,-0.151373,1.000000,-0.000000,-0.000000,0.2369431,0.104289,0.5607439
caixa,cor,0.3,0.800000,-0.099248,-0.151373,1.000000,-0.000000,-0.000000,0.2369431,0.104289,0.5607439
caixa,cor,1.0,0.800000,-0.099248,-0.151373,1.000000,-0.000000,-0.000000,0.2369431,0.104289,0.5607438
caixa,normal,0.0,0.800000,-0.099248,-0.151373,1.000000,-0.000000,-0.000000,0.5631137,-0.5925208,0.5760399
caixa,pesos,0.2,0.012406,0.300000,-0.495768,0.000000,1.000000,-0.000000,0.3760579,0.5031015,0.1891953
caixa,pesos,0.5,0.012406,0.300000,-0.495768,0.000000,1.000000,-0.000000,0.3760579,0.5031015,0.1891953
caixa,pesos,1.0,0.012406,0.300000,-0.495768,0.000000,1.000000,-0.000000,0.3760579,0.5031015,0.1891953
caixa,cor,0.0,0.012406,0.300000,-0.495768,0.000000,1.000000,-0.000000,0.4238477,0.03352106,0.2775817
caixa,cor,0.3,0.012406,0.300000,-0.495768,0.000000,1.000000,-0.000000,0.4238477,0.03352106,0.2775817
caixa,cor,1.0,0.012406,0.300000,-0.495768,0.000000,1.000000,-0.000000,0.4238477,0.03352106,0.2775817
caixa,normal,0.0,0.012406,0.300000,-0.495768,0.000000,1.000000,-0.000000,-0.7248158,0.688858,0.01080978
caixa,pesos,0.2,0.104934,0.300000,-0.434359,0.000000,1.000000,-0.000000,0.3914104,0.5262336,0.2059733
caixa,pesos,0.5,0.104934,0.300000,-0.434359,0.000000,1.000000,-0.000000,0.3914104,0.5262336,0.2059733
caixa,pesos,1.0,0.104934,0.300000,-0.434359,0.000000,1.000000,-0.000000,0.3914104,0.5262336,0.2059733
caixa,cor,0.0,0.104934,0.300000,-0.434359,0.000000,1.000000,-0.000000,0.0584207,0.1192515,0.4640561
caixa,cor,0.3,0.104934,0.300000,-0.434359,0.000000,1.000000,-0.000000,0.0584207,0.1192515,0.4640561
caixa,cor,1.0,0.104934,0.300000,-0.434359,0.000000,1.000000,-0.000000,0.0584207,0.1192515,0.4640561
caixa,normal,0.0,0.104934,0.300000,-0.434359,0.000000,1.000000,-0.000000,-0.7584901,0.5329094,-0.3751009
caixa,pesos,0.2,0.197463,0.300000,-0.372949,0.000000,1.000000,-0.000000,0.4067628,0.5493658,0.2234615
caixa,pesos,0.5,0.197463,0.300000,-0.372949,0.000000,1.000000,-0.000000,0.4067628,0.5493658,0.2234615
caixa,pesos,1.0,0.197463,0.300000,-0.372949,0.000000,1.000000,-0.000000,0.4067628,0.5493658,0.2234615
caixa,cor,0.0,0.197463,0.300000,-0.372949,0.000000,1.000000,-0.000000,0.01213423,0.5063971,0.2180758
caixa,cor,0.3,0.197463,0.300000,-0.372949,0.000000,1.000000,-0.000000,0.01213423,0.5063971,0.2180758
caixa,cor,1.0,0.197463,0.300000,-0.372949,0.000000,1.000000,-0.000000,0.01213423,0.5063971,0.2180758
caixa,normal,0.0,0.197463,0.300000,-0.372949,0.000000,1.000000,-0.000000,0.0120163,0.7372296,-0.6755354
caixa,pesos,0.2,0.289991,0.300000,-0.311539,0.000000,1.000000,-0.000000,0.4221152,0.5724978,0.24166
caixa,pesos,0.5,0.289991,0.300000,-0.311539,0.000000,1.000000,-0.000000,0.4221152,0.5724978,0.24166
caixa,pesos,1.0,0.289991,0.300000,-0.311539,0.000000,1.000000,-0.000000,0.4221152,0.5724978,0.24166
caixa,cor,0.0,0.289991,0.300000,-0.311539,0.000000,1.000000,-0.000000,0.03622789,0.2041262,0.02438366
caixa,cor,0.3,0.289991,0.300000,-0.311539,0.000000,1.000000,-0.000000,0.03622789,0.2041262,0.02438366
caixa,cor,1.0,0.289991,0.300000,-0.311539,0.000000,1.000000,-0.000000,0.0362279,0.2041262,0.02438366
caixa,normal,0.0,0.289991,0.300000,-0.311539,0.000000,1.000000,-0.000000,-0.1136808,0.6230698,-0.7738609
caixa,pesos,0.2,0.382520,0.300000,-0.250129,0.000000,1.000000,-0.000000,0.4374676,0.5956299,0.2605688
caixa,pesos,0.5,0.382520,0.300000,-0.250129,0.000000,1.000000,-0.000000,0.4374676,0.5956299,0.2605688
caixa,pesos,1.0,0.382520,0.300000,-0.250129,0.000000,1.000000,-0.000000,0.4374676,0.5956299,0.2605688
caixa,cor,0.0,0.382520,0.300000,-0.250129,0.000000,1.000000,-0.000000,0.5976291,0.0005854839,0.0005854839
caixa,cor,0.3,0.382520,0.300000,-0.250129,0.000000,1.000000,-0.000000,0.5976291,0.0005854839,0.0005854839
caixa,cor,1.0,0.382520,0.300000,-0.250129,0.000000,1.000000,-0.000000,0.5976291,0.0005854897,0.0005854844
caixa,normal,0.0,0.382520,0.300000,-0.250129,0.000000,1.000000,-0.000000,-0.5570648,0.7027321,-0.4425454
caixa,pesos,0.2,0.475048,0.300000,-0.188720,0.000000,1.000000,-0.000000,0.45282,0.6187621,0.2801878
caixa,pesos,0.5,0.475048,0.300000,-0.188720,0.000000,1.000000,-0.000000,0.45282,0.6187621,0.2801878
caixa,pesos,1.0,0.475048,0.300000,-0.188720,0.000000,1.000000,-0.000000,0.45282,0.6187621,0.2801878
caixa,cor,0.0,0.475048,0.300000,-0.188720,0.000000,1.000000,-0.000000,0.6459128,0.02219653,0.3913043
caixa,cor,0.3,0.475048,0.300000,-0.188720,0.000000,1.000000,-0.000000,0.6459128,0.02219653,0.3913043
caixa,cor,1.0,0.475048,0.300000,-0.188720,0.000000,1.000000,-0.000000,0.6459127,0.02219654,0.3913043
caixa,normal,0.0,0.475048,0.300000,-0.188720,0.000000,1.000000,-0.000000,-0.8269546,0.5403283,-0.1555364
caixa,pesos,0.2,0.567577,0.300000,-0.127310,0.000000,1.000000,-0.000000,0.4681725,0.6418942,0.3005172
caixa,pesos,0.5,0.567577,0.300000,-0.127310,0.000000,1.000000,-0.000000,0.4681725,0.6418942,0.3005172
caixa,pesos,1.0,0.567577,0.300000,-0.127310,0.000000,1.000000,-0.000000,0.4681725,0.6418942,0.3005172
caixa,cor,0.0,0.567577,0.300000,-0.127310,0.000000,1.000000,-0.000000,0.2815219,0.08036365,0.6388396
caixa,cor,0.3,0.567577,0.300000,-0.127310,0.000000,1.000000,-0.000000,0.2815219,0.08036365,0.6388396
caixa,cor,1.0,0.567577,0.300000,-0.127310,0.000000,1.000000,-0.000000,0.2815219,0.08036365,0.6388395
caixa,normal,0.0,0.567577,0.300000,-0.127310,0.000000,1.000000,-0.000000,-0.7145783,0.600049,-0.3596096
caixa,pesos,0.2,0.660105,0.300000,-0.065901,0.000000,1.000000,-0.000000,0.4835248,0.6650264,0.3215567
caixa,pesos,0.5,0.660105,0.300000,-0.065901,0.000000,1.000000,-0.000000,0.4835248,0.6650264,0.3215567
caixa,pesos,1.0,0.660105,0.300000,-0.065901,0.000000,1.000000,-0.000000,0.4835248,0.6650264,0.3215567
caixa,cor,0.0,0.660105,0.300000,-0.065901,0.000000,1.000000,-0.000000,0.7460223,0.003625564,0.1057004
caixa,cor,0.3,0.660105,0.300000,-0.065901,0.000000,1.000000,-0.000000,0.7460223,0.003625564,0.1057004
caixa,cor,1.0,0.660105,0.300000,-0.065901,0.000000,1.000000,-0.000000,0.7460223,0.00362557,0.1057004
caixa,normal,0.0,0.660105,0.300000,-0.065901,0.000000,1.000000,-0.000000,-0.00246048,0.7224045,-0.6914663
caixa,pesos,0.2,0.752634,0.300000,-0.004491,0.000000,1.000000,-0.000000,0.4988773,0.6881585,0.3433066
caixa,pesos,0.5,0.752634,0.300000,-0.004491,0.000000,1.000000,-0.000000,0.4988773,0.6881585,0.3433066
caixa,pesos,1.0,0.752634,0.300000,-0.004491,0.000000,1.000000,-0.000000,0.4988772,0.6881585,0.3433066
caixa,cor,0.0,0.752634,0.300000,-0.004491,0.000000,1.000000,-0.000000,0.6406598,0.03819985,0.7992679
caixa,cor,0.3,0.752634,0.300000,-0.004491,0.000000,1.000000,-0.000000,0.6406598,0.03819985,0.7992679
caixa,cor,1.0,0.752634,0.300000,-0.004491,0.000000,1.000000,-0.000000,0.6406597,0.03819986,0.7992678
caixa,normal,0.0,0.752634,0.300000,-0.004491,0.000000,1.000000,-0.000000,-0.2159536,0.5695872,-0.7930541
caixa,pesos,0.2,0.800000,0.133283,-0.103619,1.000000,-0.000000,-0.000000,0.5259048,0.5333208,0.280476
caixa,pesos,0.5,0.800000,0.133283,-0.103619,1.000000,-0.000000,-0.000000,0.5259048,0.5333208,0.280476
caixa,pesos,1.0,0.800000,0.133283,-0.103619,1.000000,-0.000000,-0.000000,0.5259048,0.5333208,0.280476
caixa,cor,0.0,0.800000,0.133283,-0.103619,1.000000,-0.000000,-0.000000,0.008641613,0.1813633,0.08536603
caixa,cor,0.3,0.800000,0.133283,-0.103619,1.000000,-0.000000,-0.000000,0.008641613,0.1813633,0.08536603
caixa,cor,1.0,0.800000,0.133283,-0.103619,1.000000,-0.000000,-0.000000,0.008641624,0.1813633,0.08536603
caixa,normal,0.0,0.800000,0.133283,-0.103619,1.000000,-0.000000,-0.000000,0.4570992,0.7237842,-0.5169106
caixa,pesos,0.2,0.800000,-0.208288,-0.371122,1.000000,-0.000000,-0.000000,0.5927805,0.447928,0.265523
caixa,pesos,0.5,0.800000,-0.208288,-0.371122,1.000000,-0.000000,-0.000000,0.5927805,0.447928,0.265523
caixa,pesos,1.0,0.800000,-0.208288,-0.371122,1.000000,-0.000000,-0.000000,0.5927805,0.447928,0.265523
caixa,cor,0.0,0.800000,-0.208288,-0.371122,1.000000,-0.000000,-0.000000,0.03185098,0.3810441,0.1966044
caixa,cor,0.3,0.800000,-0.208288,-0.371122,1.000000,-0.000000,-0.000000,0.03185098,0.3810441,0.1966044
caixa,cor,1.0,0.800000,-0.208288,-0.371122,1.000000,-0.000000,-0.000000,0.031851,0.3810441,0.1966044
caixa,normal,0.0,0.800000,-0.208288,-0.371122,1.000000,-0.000000,-0.000000,0.4493923,-0.6775013,0.5822701
caixa,pesos,0.2,0.227001,0.300000,-0.487699,0.000000,1.000000,-0.000000,0.3780753,0.5567503,0.2104935
caixa,pesos,0.5,0.227001,0.300000,-0.487699,0.000000,1.000000,-0.000000,0.3780753,0.5567503,0.2104935
caixa,pesos,1.0,0.227001,0.300000,-0.487699,0.000000,1.000000,-0.000000,0.3780753,0.5567503,0.2104935
caixa,cor,0.0,0.227001,0.300000,-0.487699,0.000000,1.000000,-0.000000,0.08355071,0.2254808,0.01497244
caixa,cor,0.3,0.227001,0.300000,-0.487699,0.000000,1.000000,-0.000000,0.08355071,0.2254808,0.01497244
caixa,cor,1.0,0.227001,0.300000,-0.487699,0.000000,1.000000,-0.000000,0.08355072,0.2254808,0.01497244
caixa,normal,0.0,0.227001,0.300000,-0.487699,0.000000,1.000000,-0.000000,0.6512082,0.3761182,0.659138
caixa,pesos,0.2,0.319530,0.300000,-0.426289,0.000000,1.000000,-0.000000,0.3934277,0.5798825,0.2281419
caixa,pesos,0.5,0.319530,0.300000,-0.426289,0.000000,1.000000,-0.000000,0.3934277,0.5798825,0.2281419
caixa,pesos,1.0,0.319530,0.300000,-0.426289,0.000000,1.000000,-0.000000,0.3934277,0.5798825,0.2281419
caixa,cor,0.0,0.319530,0.300000,-0.426289,0.000000,1.000000,-0.000000,0.2533807,0.1822091,0.04493863
caixa,cor,0.3,0.319530,0.300000,-0.426289,0.000000,1.000000,-0.000000,0.2533807,0.1822091,0.04493863
caixa,cor,1.0,0.319530,0.300000,-0.426289,0.000000,1.000000,-0.000000,0.2533807,0.1822091,0.04493863
caixa,normal,0.0,0.319530,0.300000,-0.426289,0.000000,1.000000,-0.000000,-0.182056,0.6285141,0.7561916
caixa,pesos,0.2,0.412058,0.300000,-0.364880,0.000000,1.000000,-0.000000,0.4087801,0.6030145,0.2465003
caixa,pesos,0.5,0.412058,0.300000,-0.364880,0.000000,1.000000,-0.000000,0.4087801,0.6030145,0.2465003
caixa,pesos,1.0,0.412058,0.300000,-0.364880,0.000000,1.000000,-0.000000,0.4087801,0.6030145,0.2465003
caixa,cor,0.0,0.412058,0.300000,-0.364880,0.000000,1.000000,-0.000000,0.218682,0.005218394,0.2820652
caixa,cor,0.3,0.412058,0.300000,-0.364880,0.000000,1.000000,-0.000000,0.218682,0.005218394,0.2820652
caixa,cor,1.0,0.412058,0.300000,-0.364880,0.000000,1.000000,-0.000000,0.218682,0.0052184,0.2820652
caixa,normal,0.0,0.412058,0.300000,-0.364880,0.000000,1.000000,-0.000000,0.5981493,0.3950789,0.6972302
caixa,pesos,0.2,0.504587,0.300000,-0.303470,0.000000,1.000000,-0.000000,0.4241325,0.6261467,0.2655692
caixa,pesos,0.5,0.504587,0.300000,-0.303470,0.000000,1.000000,-0.000000,0.4241325,0.6261467,0.2655692
caixa,pesos,1.0,0.504587,0.300000,-0.303470,0.000000,1.000000,-0.000000,0.4241325,0.6261467,0.2655692
caixa,cor,0.0,0.504587,0.300000,-0.303470,0.000000,1.000000,-0.000000,0.04228245,0.02611345,0.3125505
caixa,cor,0.3,0.504587,0.300000,-0.303470,0.000000,1.000000,-0.000000,0.04228245,0.02611345,0.3125505
caixa,cor,1.0,0.504587,0.300000,-0.303470,0.000000,1.000000,-0.000000,0.04228246,0.02611347,0.3125505
caixa,normal,0.0,0.504587,0.300000,-0.303470,0.000000,1.000000,-0.000000,0.6964505,0.6894226,0.1991316
caixa,pesos,0.2,0.597115,0.300000,-0.242061,0.000000,1.000000,-0.000000,0.4394848,0.6492788,0.2853482
caixa,pesos,0.5,0.597115,0.300000,-0.242061,0.000000,1.000000,-0.000000,0.4394848,0.6492788,0.2853482
caixa,pesos,1.0,0.597115,0.300000,-0.242061,0.000000,1.000000,-0.000000,0.4394848,0.6492788,0.2853482
caixa,cor,0.0,0.597115,0.300000,-0.242061,0.000000,1.000000,-0.000000,0.01861955,0.2686977,0.1317073
caixa,cor,0.3,0.597115,0.300000,-0.242061,0.000000,1.000000,-0.000000,0.01861955,0.2686977,0.1317073
caixa,cor,1.0,0.597115,0.300000,-0.242061,0.000000,1.000000,-0.000000,0.01861956,0.2686977,0.1317073
caixa,normal,0.0,0.597115,0.300000,-0.242061,0.000000,1.000000,-0.000000,0.8473701,0.3499546,0.3993688
caixa,pesos,0.2,0.689644,0.300000,-0.180651,0.000000,1.000000,-0.000000,0.4548372,0.6724109,0.3058375
caixa,pesos,0.5,0.689644,0.300000,-0.180651,0.000000,1.000000,-0.000000,0.4548372,0.6724109,0.3058375
caixa,pesos,1.0,0.689644,0.300000,-0.180651,0.000000,1.000000,-0.000000,0.4548372,0.6724109,0.3058375
caixa,cor,0.0,0.689644,0.300000,-0.180651,0.000000,1.000000,-0.000000,0.1159631,0.01003267,0.3803077
caixa,cor,0.3,0.689644,0.300000,-0.180651,0.000000,1.000000,-0.000000,0.1159631,0.01003267,0.3803077
caixa,cor,1.0,0.689644,0.300000,-0.180651,0.000000,1.000000,-0.000000,0.1159631,0.01003268,0.3803076
caixa,normal,0.0,0.689644,0.300000,-0.180651,0.000000,1.000000,-0.000000,0.2692842,0.7298808,0.6282994
caixa,pesos,0.2,0.782172,0.300000,-0.119241,0.000000,1.000000,-0.000000,0.4701897,0.695543,0.3270372
caixa,pesos,0.5,0.782172,0.300000,-0.119241,0.000000,1.000000,-0.000000,0.4701897,0.695543,0.3270372
caixa,pesos,1.0,0.782172,0.300000,-0.119241,0.000000,1.000000,-0.000000,0.4701897,0.695543,0.3270371
caixa,cor,0.0,0.782172,0.300000,-0.119241,0.000000,1.000000,-0.000000,0.04329809,0.09550158,0.418094
caixa,cor,0.3,0.782172,0.300000,-0.119241,0.000000,1.000000,-0.000000,0.04329809,0.09550158,0.418094
caixa,cor,1.0,0.782172,0.300000,-0.119241,0.000000,1.000000,-0.000000,0.0432981,0.09550158,0.4180939
caixa,normal,0.0,0.782172,0.300000,-0.119241,0.000000,1.000000,-0.000000,0.3602788,0.433809,0.8258384
caixa,pesos,0.2,0.800000,0.024241,-0.323370,1.000000,-0.000000,-0.000000,0.5808427,0.5060603,0.2939414
caixa,pesos,0.5,0.800000,0.024241,-0.323370,1.000000,-0.000000,-0.000000,0.5808427,0.5060603,0.2939414
caixa,pesos,1.0,0.800000,0.024241,-0.323370,1.000000,-0.000000,-0.000000,0.5808427,0.5060604,0.2939414
caixa,cor,0.0,0.800000,0.024241,-0.323370,1.000000,-0.000000,-0.000000,0.2768314,0.1540115,0.002128996
caixa,cor,0.3,0.800000,0.024241,-0.323370,1.000000,-0.000000,-0.000000,0.2768314,0.1540115,0.002128996
caixa,cor,1.0,0.800000,0.024241,-0.323370,1.000000,-0.000000,-0.000000,0.2768314,0.1540115,0.00212902
caixa,normal,0.0,0.800000,0.024241,-0.323370,1.000000,-0.000000,-0.000000,0.5077441,-0.5209374,0.6861634
caixa,pesos,0.2,0.441596,0.300000,-0.479630,0.000000,1.000000,-0.000000,0.3800926,0.6103989,0.2320081
caixa,pesos,0.5,0.441596,0.300000,-0.479630,0.000000,1.000000,-0.000000,0.3800926,0.6103989,0.2320081
caixa,pesos,1.0,0.441596,0.300000,-0.479630,0.000000,1.000000,-0.000000,0.3800926,0.6103989,0.2320081
caixa,cor,0.0,0.441596,0.300000,-0.479630,0.000000,1.000000,-0.000000,0.01015254,0.04916048,0.09012287
caixa,cor,0.3,0.441596,0.300000,-0.479630,0.000000,1.000000,-0.000000,0.01015254,0.04916048,0.09012287
caixa,cor,1.0,0.441596,0.300000,-0.479630,0.000000,1.000000,-0.000000,0.01015254,0.04916049,0.09012287
caixa,normal,0.0,0.441596,0.300000,-0.479630,0.000000,1.000000,-0.000000,-0.1715093,0.5512836,-0.8164992
caixa,pesos,0.2,0.534124,0.300000,-0.418220,0.000000,1.000000,-0.000000,0.395445,0.6335311,0.2505267
caixa,pesos,0.5,0.534124,0.300000,-0.418220,0.000000,1.000000,-0.000000,0.395445,0.6335311,0.2505267
caixa,pesos,1.0,0.534124,0.300000,-0.418220,0.000000,1.000000,-0.000000,0.395445,0.6335311,0.2505267
caixa,cor,0.0,0.534124,0.300000,-0.418220,0.000000,1.000000,-0.000000,0.01819577,0.110299,0.110299
caixa,cor,0.3,0.534124,0.300000,-0.418220,0.000000,1.000000,-0.000000,0.01819577,0.110299,0.110299
caixa,cor,1.0,0.534124,0.300000,-0.418220,0.000000,1.000000,-0.000000,0.01819577,0.110299,0.110299
caixa,normal,0.0,0.534124,0.300000,-0.418220,0.000000,1.000000,-0.000000,-0.7547803,0.3389163,-0.5616426
caixa,pesos,0.2,0.626653,0.300000,-0.356810,0.000000,1.000000,-0.000000,0.4107974,0.6566633,0.2697556
caixa,pesos,0.5,0.626653,0.300000,-0.356810,0.000000,1.000000,-0.000000,0.4107974,0.6566633,0.2697556
caixa,pesos,1.0,0.626653,0.300000,-0.356810,0.000000,1.000000,-0.000000,0.4107974,0.6566633,0.2697556
caixa,cor,0.0,0.626653,0.300000,-0.356810,0.000000,1.000000,-0.000000,0.1002677,0.1289966,0.002019695
caixa,cor,0.3,0.626653,0.300000,-0.356810,0.000000,1.000000,-0.000000,0.1002677,0.1289966,0.002019695
caixa,cor,1.0,0.626653,0.300000,-0.356810,0.000000,1.000000,-0.000000,0.1002676,0.1289967,0.0020197
caixa,normal,0.0,0.626653,0.300000,-0.356810,0.000000,1.000000,-0.000000,-0.8079643,0.5250058,-0.2675118
caixa,pesos,0.2,0.719182,0.300000,-0.295401,0.000000,1.000000,-0.000000,0.4261497,0.6797955,0.2896947
caixa,pesos,0.5,0.719182,0.300000,-0.295401,0.000000,1.000000,-0.000000,0.4261497,0.6797955,0.2896947
caixa,pesos,1.0,0.719182,0.300000,-0.295401,0.000000,1.000000,-0.000000,0.4261497,0.6797955,0.2896947
caixa,cor,0.0,0.719182,0.300000,-0.295401,0.000000,1.000000,-0.000000,0.01105258,0.07453507,0.1494234
caixa,cor,0.3,0.719182,0.300000,-0.295401,0.000000,1.000000,-0.000000,0.01105258,0.07453507,0.1494234
caixa,cor,1.0,0.719182,0.300000,-0.295401,0.000000,1.000000,-0.000000,0.01105259,0.07453508,0.1494234
caixa,normal,0.0,0.719182,0.300000,-0.295401,0.000000,1.000000,-0.000000,-0.7582958,0.3259706,-0.5645626
caixa,pesos,0.2,0.800000,0.256773,-0.275617,1.000000,-0.000000,-0.000000,0.5689043,0.5641931,0.3209719
caixa,pesos,0.5,0.800000,0.256773,-0.275617,1.000000,-0.000000,-0.000000,0.5689043,0.5641931,0.3209719
caixa,pesos,1.0,0.800000,0.256773,-0.275617,1.000000,-0.000000,-0.000000,0.5689043,0.5641932,0.3209719
caixa,cor,0.0,0.800000,0.256773,-0.275617,1.000000,-0.000000,-0.000000,0.8000786,0.986466,0.07454292
caixa,cor,0.3,0.800000,0.256773,-0.275617,1.000000,-0.000000,-0.000000,0.8000786,0.986466,0.07454292
caixa,cor,1.0,0.800000,0.256773,-0.275617,1.000000,-0.000000,-0.000000,0.8000785,0.9864659,0.07454295
caixa,normal,0.0,0.800000,0.256773,-0.275617,1.000000,-0.000000,-0.000000,0.6650565,0.7146401,-0.2167702
caixa,pesos,0.2,0.656191,0.300000,-0.471560,0.000000,1.000000,-0.000000,0.3821099,0.6640478,0.2537393
caixa,pesos,0.5,0.656191,0.300000,-0.471560,0.000000,1.000000,-0.000000,0.3821099,0.6640478,0.2537393
caixa,pesos,1.0,0.656191,0.300000,-0.471560,0.000000,1.000000,-0.000000,0.3821099,0.6640478,0.2537393
caixa,cor,0.0,0.656191,0.300000,-0.471560,0.000000,1.000000,-0.000000,0.6285135,0.8037888,0.02001077
caixa,cor,0.3,0.656191,0.300000,-0.471560,0.000000,1.000000,-0.000000,0.6285135,0.8037888,0.02001077
caixa,cor,1.0,0.656191,0.300000,-0.471560,0.000000,1.000000,-0.000000,0.6285135,0.8037888,0.02001077
caixa,normal,0.0,0.656191,0.300000,-0.471560,0.000000,1.000000,-0.000000,0.8224938,0.4031405,0.4012256
caixa,pesos,0.2,0.748720,0.300000,-0.410151,0.000000,1.000000,-0.000000,0.3974624,0.6871799,0.2731282
caixa,pesos,0.5,0.748720,0.300000,-0.410151,0.000000,1.000000,-0.000000,0.3974624,0.6871799,0.2731282
caixa,pesos,1.0,0.748720,0.300000,-0.410151,0.000000,1.000000,-0.000000,0.3974623,0.6871799,0.2731282
caixa,cor,0.0,0.748720,0.300000,-0.410151,0.000000,1.000000,-0.000000,0.8618198,0.2713999,0.08807449
caixa,cor,0.3,0.748720,0.300000,-0.410151,0.000000,1.000000,-0.000000,0.8618198,0.2713999,0.08807449
caixa,cor,1.0,0.748720,0.300000,-0.410151,0.000000,1.000000,-0.000000,0.8618197,0.2713999,0.08807448
caixa,normal,0.0,0.748720,0.300000,-0.410151,0.000000,1.000000,-0.000000,0.8064275,0.3908148,0.4437778
caixa,pesos,0.2,0.800000,0.147731,-0.495366,1.000000,-0.000000,-0.000000,0.6238416,0.5369328,0.334961
caixa,pesos,0.5,0.800000,0.147731,-0.495366,1.000000,-0.000000,-0.000000,0.6238416,0.5369328,0.334961
caixa,pesos,1.0,0.800000,0.147731,-0.495366,1.000000,-0.000000,-0.000000,0.6238416,0.5369329,0.334961
caixa,cor,0.0,0.800000,0.147731,-0.495366,1.000000,-0.000000,-0.000000,0.08060502,0.1003887,0.004283932
caixa,cor,0.3,0.800000,0.147731,-0.495366,1.000000,-0.000000,-0.000000,0.08060502,0.1003887,0.004283932
caixa,cor,1.0,0.800000,0.147731,-0.495366,1.000000,-0.000000,-0.000000,0.08060504,0.1003887,0.004283933
caixa,normal,0.0,0.800000,0.147731,-0.495366,1.000000,-0.000000,-0.000000,0.545697,-0.3745368,0.7496246
caixa,pesos,0.2,-0.656191,-0.300000,0.471560,0.000000,-1.000000,-0.000000,0.38211,0.3359522,0.1283707
caixa,pesos,0.5,-0.656191,-0.300000,0.471560,0.000000,-1.000000,-0.000000,0.38211,0.3359522,0.1283707
caixa,pesos,1.0,-0.656191,-0.300000,0.471560,0.000000,-1.000000,-0.000000,0.38211,0.3359522,0.1283707
caixa,cor,0.0,-0.656191,-0.300000,0.471560,0.000000,-1.000000,-0.000000,0.0135387,0.3770822,0.3770822
caixa,cor,0.3,-0.656191,-0.300000,0.471560,0.000000,-1.000000,-0.000000,0.0135387,0.3770822,0.3770822
caixa,cor,1.0,-0.656191,-0.300000,0.471560,0.000000,-1.000000,-0.000000,0.0135387,0.3770822,0.3770822
caixa,normal,0.0,-0.656191,-0.300000,0.471560,0.000000,-1.000000,-0.000000,-0.8110785,-0.5001469,0.3033226
caixa,pesos,0.2,-0.748720,-0.300000,0.410151,0.000000,-1.000000,-0.000000,0.3974623,0.31282,0.1243342
caixa,pesos,0.5,-0.748720,-0.300000,0.410151,0.000000,-1.000000,-0.000000,0.3974623,0.31282,0.1243342
caixa,pesos,1.0,-0.748720,-0.300000,0.410151,0.000000,-1.000000,-0.000000,0.3974623,0.31282,0.1243342
caixa,cor,0.0,-0.748720,-0.300000,0.410151,0.000000,-1.000000,-0.000000,0.3419629,0.0438579,0.0438579
caixa,cor,0.3,-0.748720,-0.300000,0.410151,0.000000,-1.000000,-0.000000,0.3419629,0.0438579,0.0438579
caixa,cor,1.0,-0.748720,-0.300000,0.410151,0.000000,-1.000000,-0.000000,0.3419629,0.0438579,0.0438579
caixa,normal,0.0,-0.748720,-0.300000,0.410151,0.000000,-1.000000,-0.000000,-0.3369153,-0.456601,0.8234098
caixa,pesos,0.2,-0.800000,-0.147732,0.495366,-1.000000,0.000000,-0.000000,0.6238415,0.4630669,0.2888804
caixa,pesos,0.5,-0.800000,-0.147732,0.495366,-1.000000,0.000000,-0.000000,0.6238415,0.4630669,0.2888804
caixa,pesos,1.0,-0.800000,-0.147732,0.495366,-1.000000,0.000000,-0.000000,0.6238415,0.4630669,0.2888804
caixa,cor,0.0,-0.800000,-0.147732,0.495366,-1.000000,0.000000,-0.000000,0.009871287,0.004464286,0.1361679
caixa,cor,0.3,-0.800000,-0.147732,0.495366,-1.000000,0.000000,-0.000000,0.009871287,0.004464286,0.1361679
caixa,cor,1.0,-0.800000,-0.147732,0.495366,-1.000000,0.000000,-0.000000,0.009871288,0.00446429,0.1361679
caixa,normal,0.0,-0.800000,-0.147732,0.495366,-1.000000,0.000000,-0.000000,-0.4324069,-0.3796092,-0.8178759
caixa,pesos,0.2,-0.441596,-0.300000,0.479630,0.000000,-1.000000,-0.000000,0.3800926,0.389601,0.1480845
caixa,pesos,0.5,-0.441596,-0.300000,0.479630,0.000000,-1.000000,-0.000000,0.3800926,0.389601,0.1480845
caixa,pesos,1.0,-0.441596,-0.300000,0.479630,0.000000,-1.000000,-0.000000,0.3800926,0.389601,0.1480845
caixa,cor,0.0,-0.441596,-0.300000,0.479630,0.000000,-1.000000,-0.000000,0.1934492,0.01148481,0.1221007
caixa,cor,0.3,-0.441596,-0.300000,0.479630,0.000000,-1.000000,-0.000000,0.1934492,0.01148481,0.1221007
caixa,cor,1.0,-0.441596,-0.300000,0.479630,0.000000,-1.000000,-0.000000,0.1934492,0.01148481,0.1221007
caixa,normal,0.0,-0.441596,-0.300000,0.479630,0.000000,-1.000000,-0.000000,0.09634852,-0.5902969,-0.8014154
caixa,pesos,0.2,-0.534124,-0.300000,0.418220,0.000000,-1.000000,-0.000000,0.395445,0.3664689,0.1449183
caixa,pesos,0.5,-0.534124,-0.300000,0.418220,0.000000,-1.000000,-0.000000,0.395445,0.3664689,0.1449183
caixa,pesos,1.0,-0.534124,-0.300000,0.418220,0.000000,-1.000000,-0.000000,0.395445,0.3664689,0.1449183
caixa,cor,0.0,-0.534124,-0.300000,0.418220,0.000000,-1.000000,-0.000000,0.02927247,0.1695964,0.05138856
caixa,cor,0.3,-0.534124,-0.300000,0.418220,0.000000,-1.000000,-0.000000,0.02927247,0.1695964,0.05138856
caixa,cor,1.0,-0.534124,-0.300000,0.418220,0.000000,-1.000000,-0.000000,0.02927247,0.1695964,0.05138856
caixa,normal,0.0,-0.534124,-0.300000,0.418220,0.000000,-1.000000,-0.000000,-0.2727731,-0.6291552,0.7278452
caixa,pesos,0.2,-0.626653,-0.300000,0.356810,0.000000,-1.000000,-0.000000,0.4107974,0.3433368,0.1410419
caixa,pesos,0.5,-0.626653,-0.300000,0.356810,0.000000,-1.000000,-0.000000,0.4107974,0.3433368,0.1410419
caixa,pesos,1.0,-0.626653,-0.300000,0.356810,0.000000,-1.000000,-0.000000,0.4107974,0.3433368,0.1410419
caixa,cor,0.0,-0.626653,-0.300000,0.356810,0.000000,-1.000000,-0.000000,0.007648022,0.002816205,0.1475545
caixa,cor,0.3,-0.626653,-0.300000,0.356810,0.000000,-1.000000,-0.000000,0.007648022,0.002816205,0.1475545
caixa,cor,1.0,-0.626653,-0.300000,0.356810,0.000000,-1.000000,-0.000000,0.007648022,0.002816205,0.1475545
caixa,normal,0.0,-0.626653,-0.300000,0.356810,0.000000,-1.000000,-0.000000,-0.8001304,-0.389437,0.456213
caixa,pesos,0.2,-0.719182,-0.300000,0.295401,0.000000,-1.000000,-0.000000,0.4261498,0.3202046,0.1364551
caixa,pesos,0.5,-0.719182,-0.300000,0.295401,0.000000,-1.000000,-0.000000,0.4261498,0.3202046,0.1364551
caixa,pesos,1.0,-0.719182,-0.300000,0.295401,0.000000,-1.000000,-0.000000,0.4261498,0.3202046,0.1364551
caixa,cor,0.0,-0.719182,-0.300000,0.295401,0.000000,-1.000000,-0.000000,0.1041669,0.1272825,0.01113265
caixa,cor,0.3,-0.719182,-0.300000,0.295401,0.000000,-1.000000,-0.000000,0.1041669,0.1272825,0.01113265
caixa,cor,1.0,-0.719182,-0.300000,0.295401,0.000000,-1.000000,-0.000000,0.1041669,0.1272825,0.01113265
caixa,normal,0.0,-0.719182,-0.300000,0.295401,0.000000,-1.000000,-0.000000,0.4888332,-0.8177011,0.3039852
caixa,pesos,0.2,-0.800000,-0.256773,0.275615,-1.000000,0.000000,-0.000000,0.5689037,0.4358069,0.2479322
caixa,pesos,0.5,-0.800000,-0.256773,0.275615,-1.000000,0.000000,-0.000000,0.5689037,0.4358069,0.2479322
caixa,pesos,1.0,-0.800000,-0.256773,0.275615,-1.000000,0.000000,-0.000000,0.5689037,0.4358068,0.2479322
caixa,cor,0.0,-0.800000,-0.256773,0.275615,-1.000000,0.000000,-0.000000,0.01796968,0.04405387,0.2192439
caixa,cor,0.3,-0.800000,-0.256773,0.275615,-1.000000,0.000000,-0.000000,0.01796968,0.04405387,0.2192439
caixa,cor,1.0,-0.800000,-0.256773,0.275615,-1.000000,0.000000,-0.000000,0.01796974,0.04405387,0.2192439
caixa,normal,0.0,-0.800000,-0.256773,0.275615,-1.000000,0.000000,-0.000000,-0.6779907,0.05268216,-0.7331803
caixa,pesos,0.2,-0.227001,-0.300000,0.487699,0.000000,-1.000000,-0.000000,0.3780753,0.4432498,0.1675818
caixa,pesos,0.5,-0.227001,-0.300000,0.487699,0.000000,-1.000000,-0.000000,0.3780753,0.4432498,0.1675818
caixa,pesos,1.0,-0.227001,-0.300000,0.487699,0.000000,-1.000000,-0.000000,0.3780753,0.4432498,0.1675818
caixa,cor,0.0,-0.227001,-0.300000,0.487699,0.000000,-1.000000,-0.000000,0.3257761,0.0792341,0.08258847
caixa,cor,0.3,-0.227001,-0.300000,0.487699,0.000000,-1.000000,-0.000000,0.3257761,0.0792341,0.08258847
caixa,cor,1.0,-0.227001,-0.300000,0.487699,0.000000,-1.000000,-0.000000,0.3257761,0.0792341,0.08258847
caixa,normal,0.0,-0.227001,-0.300000,0.487699,0.000000,-1.000000,-0.000000,-0.5757725,-0.7683434,0.2795253
caixa,pesos,0.2,-0.319529,-0.300000,0.426289,0.000000,-1.000000,-0.000000,0.3934277,0.4201177,0.1652859
caixa,pesos,0.5,-0.319529,-0.300000,0.426289,0.000000,-1.000000,-0.000000,0.3934277,0.4201177,0.1652859
caixa,pesos,1.0,-0.319529,-0.300000,0.426289,0.000000,-1.000000,-0.000000,0.3934277,0.4201177,0.1652859
caixa,cor,0.0,-0.319529,-0.300000,0.426289,0.000000,-1.000000,-0.000000,0.1395016,0.6540275,0.3438927
caixa,cor,0.3,-0.319529,-0.300000,0.426289,0.000000,-1.000000,-0.000000,0.1395016,0.6540275,0.3438927
caixa,cor,1.0,-0.319529,-0.300000,0.426289,0.000000,-1.000000,-0.000000,0.1395016,0.6540275,0.3438927
caixa,normal,0.0,-0.319529,-0.300000,0.426289,0.000000,-1.000000,-0.000000,0.6189911,-0.4715145,-0.6281116
caixa,pesos,0.2,-0.412058,-0.300000,0.364879,0.000000,-1.000000,-0.000000,0.4087801,0.3969855,0.1622798
caixa,pesos,0.5,-0.412058,-0.300000,0.364879,0.000000,-1.000000,-0.000000,0.4087801,0.3969855,0.1622798
caixa,pesos,1.0,-0.412058,-0.300000,0.364879,0.000000,-1.000000,-0.000000,0.4087801,0.3969855,0.1622798
caixa,cor,0.0,-0.412058,-0.300000,0.364879,0.000000,-1.000000,-0.000000,0.2741897,0.01520499,0.9794019
caixa,cor,0.3,-0.412058,-0.300000,0.364879,0.000000,-1.000000,-0.000000,0.2741897,0.01520499,0.9794019
caixa,cor,1.0,-0.412058,-0.300000,0.364879,0.000000,-1.000000,-0.000000,0.2741897,0.01520499,0.9794019
caixa,normal,0.0,-0.412058,-0.300000,0.364879,0.000000,-1.000000,-0.000000,0.7104549,-0.4321704,-0.5554121
caixa,pesos,0.2,-0.504586,-0.300000,0.303470,0.000000,-1.000000,-0.000000,0.4241326,0.3738534,0.1585634
caixa,pesos,0.5,-0.504586,-0.300000,0.303470,0.000000,-1.000000,-0.000000,0.4241326,0.3738534,0.1585634
caixa,pesos,1.0,-0.504586,-0.300000,0.303470,0.000000,-1.000000,-0.000000,0.4241326,0.3738534,0.1585634
caixa,cor,0.0,-0.504586,-0.300000,0.303470,0.000000,-1.000000,-0.000000,0.3578352,0.9168099,0.07497501
caixa,cor,0.3,-0.504586,-0.300000,0.303470,0.000000,-1.000000,-0.000000,0.3578352,0.9168099,0.07497501
caixa,cor,1.0,-0.504586,-0.300000,0.303470,0.000000,-1.000000,-0.000000,0.3578352,0.9168099,0.07497501
caixa,normal,0.0,-0.504586,-0.300000,0.303470,0.000000,-1.000000,-0.000000,-0.4010363,-0.8557417,0.3269196
caixa,pesos,0.2,-0.597115,-0.300000,0.242060,0.000000,-1.000000,-0.000000,0.439485,0.3507212,0.1541367
caixa,pesos,0.5,-0.597115,-0.300000,0.242060,0.000000,-1.000000,-0.000000,0.439485,0.3507212,0.1541367
caixa,pesos,1.0,-0.597115,-0.300000,0.242060,0.000000,-1.000000,-0.000000,0.439485,0.3507212,0.1541367
caixa,cor,0.0,-0.597115,-0.300000,0.242060,0.000000,-1.000000,-0.000000,0.01658067,0.3866996,0.657963
caixa,cor,0.3,-0.597115,-0.300000,0.242060,0.000000,-1.000000,-0.000000,0.01658067,0.3866996,0.657963
caixa,cor,1.0,-0.597115,-0.300000,0.242060,0.000000,-1.000000,-0.000000,0.01658067,0.3866996,0.657963
caixa,normal,0.0,-0.597115,-0.300000,0.242060,0.000000,-1.000000,-0.000000,-0.580857,-0.3895578,0.7147377
caixa,pesos,0.2,-0.689644,-0.300000,0.180651,0.000000,-1.000000,-0.000000,0.4548374,0.327589,0.1489997
caixa,pesos,0.5,-0.689644,-0.300000,0.180651,0.000000,-1.000000,-0.000000,0.4548374,0.327589,0.1489997
caixa,pesos,1.0,-0.689644,-0.300000,0.180651,0.000000,-1.000000,-0.000000,0.4548374,0.327589,0.1489997
caixa,cor,0.0,-0.689644,-0.300000,0.180651,0.000000,-1.000000,-0.000000,0.02154548,0.3487487,0.7988079
caixa,cor,0.3,-0.689644,-0.300000,0.180651,0.000000,-1.000000,-0.000000,0.02154548,0.3487487,0.7988079
caixa,cor,1.0,-0.689644,-0.300000,0.180651,0.000000,-1.000000,-0.000000,0.02154548,0.3487487,0.7988079
caixa,normal,0.0,-0.689644,-0.300000,0.180651,0.000000,-1.000000,-0.000000,-0.683404,-0.7251015,0.08477688
caixa,pesos,0.2,-0.782172,-0.300000,0.119241,0.000000,-1.000000,-0.000000,0.4701897,0.3044571,0.1431526
caixa,pesos,0.5,-0.782172,-0.300000,0.119241,0.000000,-1.000000,-0.000000,0.4701897,0.3044571,0.1431526
caixa,pesos,1.0,-0.782172,-0.300000,0.119241,0.000000,-1.000000,-0.000000,0.4701897,0.3044571,0.1431526
caixa,cor,0.0,-0.782172,-0.300000,0.119241,0.000000,-1.000000,-0.000000,0.5726231,0.1883156,0.06521598
caixa,cor,0.3,-0.782172,-0.300000,0.119241,0.000000,-1.000000,-0.000000,0.5726231,0.1883156,0.06521598
caixa,cor,1.0,-0.782172,-0.300000,0.119241,0.000000,-1.000000,-0.000000,0.5726231,0.1883156,0.06521598
caixa,normal,0.0,-0.782172,-0.300000,0.119241,0.000000,-1.000000,-0.000000,0.7664745,-0.4438394,-0.4642453
caixa,pesos,0.2,-0.800000,-0.024242,0.323370,-1.000000,0.000000,-0.000000,0.5808426,0.4939395,0.2869011
caixa,pesos,0.5,-0.800000,-0.024242,0.323370,-1.000000,0.000000,-0.000000,0.5808426,0.4939395,0.2869011
caixa,pesos,1.0,-0.800000,-0.024242,0.323370,-1.000000,0.000000,-0.000000,0.5808426,0.4939395,0.2869011
caixa,cor,0.0,-0.800000,-0.024242,0.323370,-1.000000,0.000000,-0.000000,0.6412195,0.8599414,0.002025117
caixa,cor,0.3,-0.800000,-0.024242,0.323370,-1.000000,0.000000,-0.000000,0.6412195,0.8599414,0.002025117
caixa,cor,1.0,-0.800000,-0.024242,0.323370,-1.000000,0.000000,-0.000000,0.6412195,0.8599414,0.002025122
caixa,normal,0.0,-0.800000,-0.024242,0.323370,-1.000000,0.000000,-0.000000,-0.54689,0.7470775,0.3778712
caixa,pesos,0.2,-0.012406,-0.300000,0.495768,0.000000,-1.000000,-0.000000,0.376058,0.4968986,0.1868627
caixa,pesos,0.5,-0.012406,-0.300000,0.495768,0.000000,-1.000000,-0.000000,0.376058,0.4968986,0.1868627
caixa,pesos,1.0,-0.012406,-0.300000,0.495768,0.000000,-1.000000,-0.000000,0.376058,0.4968986,0.1868627
caixa,cor,0.0,-0.012406,-0.300000,0.495768,0.000000,-1.000000,-0.000000,0.2959127,0.03227926,0.358437
caixa,cor,0.3,-0.012406,-0.300000,0.495768,0.000000,-1.000000,-0.000000,0.2959127,0.03227926,0.358437
caixa,cor,1.0,-0.012406,-0.300000,0.495768,0.000000,-1.000000,-0.000000,0.2959127,0.03227926,0.358437
caixa,normal,0.0,-0.012406,-0.300000,0.495768,0.000000,-1.000000,-0.000000,-0.4252262,-0.4601564,0.7793837
caixa,pesos,0.2,-0.104934,-0.300000,0.434358,0.000000,-1.000000,-0.000000,0.3914104,0.4737664,0.1854371
caixa,pesos,0.5,-0.104934,-0.300000,0.434358,0.000000,-1.000000,-0.000000,0.3914104,0.4737664,0.1854371
caixa,pesos,1.0,-0.104934,-0.300000,0.434358,0.000000,-1.000000,-0.000000,0.3914104,0.4737664,0.1854371
caixa,cor,0.0,-0.104934,-0.300000,0.434358,0.000000,-1.000000,-0.000000,0.546642,0.417108,0.006754176
caixa,cor,0.3,-0.104934,-0.300000,0.434358,0.000000,-1.000000,-0.000000,0.546642,0.417108,0.006754176
caixa,cor,1.0,-0.104934,-0.300000,0.434358,0.000000,-1.000000,-0.000000,0.546642,0.417108,0.006754176
caixa,normal,0.0,-0.104934,-0.300000,0.434358,0.000000,-1.000000,-0.000000,-0.7145022,-0.6664195,0.2130063
caixa,pesos,0.2,-0.197463,-0.300000,0.372949,0.000000,-1.000000,-0.000000,0.4067629,0.4506342,0.1833013
caixa,pesos,0.5,-0.197463,-0.300000,0.372949,0.000000,-1.000000,-0.000000,0.4067629,0.4506342,0.1833013
caixa,pesos,1.0,-0.197463,-0.300000,0.372949,0.000000,-1.000000,-0.000000,0.4067629,0.4506342,0.1833013
caixa,cor,0.0,-0.197463,-0.300000,0.372949,0.000000,-1.000000,-0.000000,0.6384602,0.3797379,0.01779078
caixa,cor,0.3,-0.197463,-0.300000,0.372949,0.000000,-1.000000,-0.000000,0.6384602,0.3797379,0.01779078
caixa,cor,1.0,-0.197463,-0.300000,0.372949,0.000000,-1.000000,-0.000000,0.6384602,0.3797379,0.01779078
caixa,normal,0.0,-0.197463,-0.300000,0.372949,0.000000,-1.000000,-0.000000,0.84163,-0.4933591,-0.2196724
caixa,pesos,0.2,-0.289991,-0.300000,0.311539,0.000000,-1.000000,-0.000000,0.4221153,0.4275022,0.1804552
caixa,pesos,0.5,-0.289991,-0.300000,0.311539,0.000000,-1.000000,-0.000000,0.4221153,0.4275022,0.1804552
caixa,pesos,1.0,-0.289991,-0.300000,0.311539,0.000000,-1.000000,-0.000000,0.4221153,0.4275022,0.1804552
caixa,cor,0.0,-0.289991,-0.300000,0.311539,0.000000,-1.000000,-0.000000,0.03509485,0.06940366,0.2652781
caixa,cor,0.3,-0.289991,-0.300000,0.311539,0.000000,-1.000000,-0.000000,0.03509485,0.06940366,0.2652781
caixa,cor,1.0,-0.289991,-0.300000,0.311539,0.000000,-1.000000,-0.000000,0.03509485,0.06940366,0.2652781
caixa,normal,0.0,-0.289991,-0.300000,0.311539,0.000000,-1.000000,-0.000000,0.2535391,-0.4802535,-0.8396873
caixa,pesos,0.2,-0.382520,-0.300000,0.250129,0.000000,-1.000000,-0.000000,0.4374677,0.40437,0.1768988
caixa,pesos,0.5,-0.382520,-0.300000,0.250129,0.000000,-1.000000,-0.000000,0.4374677,0.40437,0.1768988
caixa,pesos,1.0,-0.382520,-0.300000,0.250129,0.000000,-1.000000,-0.000000,0.4374677,0.40437,0.1768988
caixa,cor,0.0,-0.382520,-0.300000,0.250129,0.000000,-1.000000,-0.000000,0.5438225,0.001778278,0.07327012
caixa,cor,0.3,-0.382520,-0.300000,0.250129,0.000000,-1.000000,-0.000000,0.5438225,0.001778278,0.07327012
caixa,cor,1.0,-0.382520,-0.300000,0.250129,0.000000,-1.000000,-0.000000,0.5438225,0.001778278,0.07327012
caixa,normal,0.0,-0.382520,-0.300000,0.250129,0.000000,-1.000000,-0.000000,0.2882597,-0.827282,0.4821937
caixa,pesos,0.2,-0.475049,-0.300000,0.188720,0.000000,-1.000000,-0.000000,0.4528201,0.3812379,0.1726322
caixa,pesos,0.5,-0.475049,-0.300000,0.188720,0.000000,-1.000000,-0.000000,0.4528201,0.3812379,0.1726322
caixa,pesos,1.0,-0.475049,-0.300000,0.188720,0.000000,-1.000000,-0.000000,0.4528201,0.3812379,0.1726322
caixa,cor,0.0,-0.475049,-0.300000,0.188720,0.000000,-1.000000,-0.000000,0.4996478,0.0213226,0.1160037
caixa,cor,0.3,-0.475049,-0.300000,0.188720,0.000000,-1.000000,-0.000000,0.4996478,0.0213226,0.1160037
caixa,cor,1.0,-0.475049,-0.300000,0.188720,0.000000,-1.000000,-0.000000,0.4996478,0.0213226,0.1160037
caixa,normal,0.0,-0.475049,-0.300000,0.188720,0.000000,-1.000000,-0.000000,-0.8521787,-0.3882995,0.3507351
caixa,pesos,0.2,-0.567577,-0.300000,0.127310,0.000000,-1.000000,-0.000000,0.4681725,0.3581058,0.1676552
caixa,pesos,0.5,-0.567577,-0.300000,0.127310,0.000000,-1.000000,-0.000000,0.4681725,0.3581058,0.1676552
caixa,pesos,1.0,-0.567577,-0.300000,0.127310,0.000000,-1.000000,-0.000000,0.4681725,0.3581058,0.1676552
caixa,cor,0.0,-0.567577,-0.300000,0.127310,0.000000,-1.000000,-0.000000,0.06576309,0.457641,0.26231
caixa,cor,0.3,-0.567577,-0.300000,0.127310,0.000000,-1.000000,-0.000000,0.06576309,0.457641,0.26231
caixa,cor,1.0,-0.567577,-0.300000,0.127310,0.000000,-1.000000,-0.000000,0.06576309,0.457641,0.26231
caixa,normal,0.0,-0.567577,-0.300000,0.127310,0.000000,-1.000000,-0.000000,0.1874075,-0.6398859,0.7452682
caixa,pesos,0.2,-0.660106,-0.300000,0.065901,0.000000,-1.000000,-0.000000,0.4835249,0.3349735,0.161968
caixa,pesos,0.5,-0.660106,-0.300000,0.065901,0.000000,-1.000000,-0.000000,0.4835249,0.3349735,0.161968
caixa,pesos,1.0,-0.660106,-0.300000,0.065901,0.000000,-1.000000,-0.000000,0.4835249,0.3349735,0.161968
caixa,cor,0.0,-0.660106,-0.300000,0.065901,0.000000,-1.000000,-0.000000,0.1090256,0.00392924,0.4177718
caixa,cor,0.3,-0.660106,-0.300000,0.065901,0.000000,-1.000000,-0.000000,0.1090256,0.00392924,0.4177718
caixa,cor,1.0,-0.660106,-0.300000,0.065901,0.000000,-1.000000,-0.000000,0.1090256,0.00392924,0.4177718
caixa,normal,0.0,-0.660106,-0.300000,0.065901,0.000000,-1.000000,-0.000000,0.2134552,-0.5608809,-0.799906
caixa,pesos,0.2,-0.752634,-0.300000,0.004491,0.000000,-1.000000,-0.000000,0.4988772,0.3118416,0.1555707
caixa,pesos,0.5,-0.752634,-0.300000,0.004491,0.000000,-1.000000,-0.000000,0.4988772,0.3118416,0.1555707
caixa,pesos,1.0,-0.752634,-0.300000,0.004491,0.000000,-1.000000,-0.000000,0.4988772,0.3118416,0.1555707
caixa,cor,0.0,-0.752634,-0.300000,0.004491,0.000000,-1.000000,-0.000000,0.1405895,0.38,0.02396783
caixa,cor,0.3,-0.752634,-0.300000,0.004491,0.000000,-1.000000,-0.000000,0.1405895,0.38,0.02396783
caixa,cor,1.0,-0.752634,-0.300000,0.004491,0.000000,-1.000000,-0.000000,0.1405895,0.38,0.02396783
caixa,normal,0.0,-0.752634,-0.300000,0.004491,0.000000,-1.000000,-0.000000,0.8309035,-0.4318609,-0.3508501
caixa,pesos,0.2,-0.800000,-0.133282,0.103622,-1.000000,0.000000,-0.000000,0.5259055,0.4666795,0.2454293
caixa,pesos,0.5,-0.800000,-0.133282,0.103622,-1.000000,0.000000,-0.000000,0.5259055,0.4666795,0.2454293
caixa,pesos,1.0,-0.800000,-0.133282,0.103622,-1.000000,0.000000,-0.000000,0.5259055,0.4666794,0.2454293
caixa,cor,0.0,-0.800000,-0.133282,0.103622,-1.000000,0.000000,-0.000000,0.3600371,0.3438081,0.03321384
caixa,cor,0.3,-0.800000,-0.133282,0.103622,-1.000000,0.000000,-0.000000,0.3600371,0.3438081,0.03321384
caixa,cor,1.0,-0.800000,-0.133282,0.103622,-1.000000,0.000000,-0.000000,0.3600371,0.3438081,0.03321384
caixa,normal,0.0,-0.800000,-0.133282,0.103622,-1.000000,0.000000,-0.000000,-0.3603392,0.8470035,0.3908212
caixa,pesos,0.2,-0.800000,0.208288,0.371122,-1.000000,0.000000,-0.000000,0.5927806,0.5520719,0.3272575
caixa,pesos,0.5,-0.800000,0.208288,0.371122,-1.000000,0.000000,-0.000000,0.5927806,0.5520719,0.3272575
caixa,pesos,1.0,-0.800000,0.208288,0.371122,-1.000000,0.000000,-0.000000,0.5927806,0.5520719,0.3272575
caixa,cor,0.0,-0.800000,0.208288,0.371122,-1.000000,0.000000,-0.000000,0.1352341,0.02719474,0.3482476
caixa,cor,0.3,-0.800000,0.208288,0.371122,-1.000000,0.000000,-0.000000,0.1352341,0.02719474,0.3482476
caixa,cor,1.0,-0.800000,0.208288,0.371122,-1.000000,0.000000,-0.000000,0.1352341,0.02719474,0.3482476
caixa,normal,0.0,-0.800000,0.208288,0.371122,-1.000000,0.000000,-0.000000,-0.3920999,0.4654996,0.793453
caixa,pesos,0.2,0.109661,-0.300000,0.442428,0.000000,-1.000000,-0.000000,0.3893931,0.5274152,0.2053718
caixa,pesos,0.5,0.109661,-0.300000,0.442428,0.000000,-1.000000,-0.000000,0.3893931,0.5274152,0.2053718
caixa,pesos,1.0,0.109661,-0.300000,0.442428,0.000000,-1.000000,-0.000000,0.3893931,0.5274152,0.2053718
caixa,cor,0.0,0.109661,-0.300000,0.442428,0.000000,-1.000000,-0.000000,0.001568052,0.4120629,0.4120629
caixa,cor,0.3,0.109661,-0.300000,0.442428,0.000000,-1.000000,-0.000000,0.001568052,0.4120629,0.4120629
caixa,cor,1.0,0.109661,-0.300000,0.442428,0.000000,-1.000000,-0.000000,0.001568052,0.4120629,0.4120629
caixa,normal,0.0,0.109661,-0.300000,0.442428,0.000000,-1.000000,-0.000000,-0.2184907,-0.7904329,-0.5722568
caixa,pesos,0.2,0.017133,-0.300000,0.381018,0.000000,-1.000000,-0.000000,0.4047455,0.5042831,0.2041063
caixa,pesos,0.5,0.017133,-0.300000,0.381018,0.000000,-1.000000,-0.000000,0.4047455,0.5042831,0.2041063
caixa,pesos,1.0,0.017133,-0.300000,0.381018,0.000000,-1.000000,-0.000000,0.4047455,0.5042831,0.2041063
caixa,cor,0.0,0.017133,-0.300000,0.381018,0.000000,-1.000000,-0.000000,0.3745981,0.01724302,0.01724302
caixa,cor,0.3,0.017133,-0.300000,0.381018,0.000000,-1.000000,-0.000000,0.3745981,0.01724302,0.01724302
caixa,cor,1.0,0.017133,-0.300000,0.381018,0.000000,-1.000000,-0.000000,0.3745981,0.01724302,0.01724302
caixa,normal,0.0,0.017133,-0.300000,0.381018,0.000000,-1.000000,-0.000000,-0.3828988,-0.4047538,0.8303993
caixa,pesos,0.2,-0.075396,-0.300000,0.319608,0.000000,-1.000000,-0.000000,0.4200979,0.4811509,0.2021305
caixa,pesos,0.5,-0.075396,-0.300000,0.319608,0.000000,-1.000000,-0.000000,0.4200979,0.4811509,0.2021305
caixa,pesos,1.0,-0.075396,-0.300000,0.319608,0.000000,-1.000000,-0.000000,0.4200979,0.4811509,0.2021305
caixa,cor,0.0,-0.075396,-0.300000,0.319608,0.000000,-1.000000,-0.000000,0.05047982,0.339716,0.339716
caixa,cor,0.3,-0.075396,-0.300000,0.319608,0.000000,-1.000000,-0.000000,0.05047982,0.339716,0.339716
caixa,cor,1.0,-0.075396,-0.300000,0.319608,0.000000,-1.000000,-0.000000,0.05047982,0.339716,0.339716
caixa,normal,0.0,-0.075396,-0.300000,0.319608,0.000000,-1.000000,-0.000000,-0.8612633,-0.4080043,0.3029159
caixa,pesos,0.2,-0.167925,-0.300000,0.258198,0.000000,-1.000000,-0.000000,0.4354504,0.4580188,0.1994445
caixa,pesos,0.5,-0.167925,-0.300000,0.258198,0.000000,-1.000000,-0.000000,0.4354504,0.4580188,0.1994445
caixa,pesos,1.0,-0.167925,-0.300000,0.258198,0.000000,-1.000000,-0.000000,0.4354504,0.4580188,0.1994445
caixa,cor,0.0,-0.167925,-0.300000,0.258198,0.000000,-1.000000,-0.000000,0.01196557,0.3076758,0.003358841
caixa,cor,0.3,-0.167925,-0.300000,0.258198,0.000000,-1.000000,-0.000000,0.01196557,0.3076758,0.003358841
caixa,cor,1.0,-0.167925,-0.300000,0.258198,0.000000,-1.000000,-0.000000,0.01196557,0.3076758,0.003358841
caixa,normal,0.0,-0.167925,-0.300000,0.258198,0.000000,-1.000000,-0.000000,0.7767913,-0.5935535,-0.2104509
caixa,pesos,0.2,-0.260453,-0.300000,0.196789,0.000000,-1.000000,-0.000000,0.4508028,0.4348867,0.1960481
caixa,pesos,0.5,-0.260453,-0.300000,0.196789,0.000000,-1.000000,-0.000000,0.4508028,0.4348867,0.1960481
caixa,pesos,1.0,-0.260453,-0.300000,0.196789,0.000000,-1.000000,-0.000000,0.4508028,0.4348867,0.1960481
caixa,cor,0.0,-0.260453,-0.300000,0.196789,0.000000,-1.000000,-0.000000,0.03257772,0.2774708,0.01854627
caixa,cor,0.3,-0.260453,-0.300000,0.196789,0.000000,-1.000000,-0.000000,0.03257772,0.2774708,0.01854627
caixa,cor,1.0,-0.260453,-0.300000,0.196789,0.000000,-1.000000,-0.000000,0.03257772,0.2774708,0.01854627
caixa,normal,0.0,-0.260453,-0.300000,0.196789,0.000000,-1.000000,-0.000000,0.5126438,-0.3663157,-0.7765369
caixa,pesos,0.2,-0.352982,-0.300000,0.135379,0.000000,-1.000000,-0.000000,0.4661552,0.4117546,0.1919416
caixa,pesos,0.5,-0.352982,-0.300000,0.135379,0.000000,-1.000000,-0.000000,0.4661552,0.4117546,0.1919416
caixa,pesos,1.0,-0.352982,-0.300000,0.135379,0.000000,-1.000000,-0.000000,0.4661552,0.4117546,0.1919416
caixa,cor,0.0,-0.352982,-0.300000,0.135379,0.000000,-1.000000,-0.000000,0.2110089,0.04558284,0.2490218
caixa,cor,0.3,-0.352982,-0.300000,0.135379,0.000000,-1.000000,-0.000000,0.2110089,0.04558284,0.2490218
caixa,cor,1.0,-0.352982,-0.300000,0.135379,0.000000,-1.000000,-0.000000,0.2110089,0.04558284,0.2490218
caixa,normal,0.0,-0.352982,-0.300000,0.135379,0.000000,-1.000000,-0.000000,0.6414948,-0.7538158,0.1422899
caixa,pesos,0.2,-0.445510,-0.300000,0.073969,0.000000,-1.000000,-0.000000,0.4815076,0.3886224,0.1871246
caixa,pesos,0.5,-0.445510,-0.300000,0.073969,0.000000,-1.000000,-0.000000,0.4815076,0.3886224,0.1871246
caixa,pesos,1.0,-0.445510,-0.300000,0.073969,0.000000,-1.000000,-0.000000,0.4815076,0.3886224,0.1871246
caixa,cor,0.0,-0.445510,-0.300000,0.073969,0.000000,-1.000000,-0.000000,0.2212801,0.1294031,0.004954997
caixa,cor,0.3,-0.445510,-0.300000,0.073969,0.000000,-1.000000,-0.000000,0.2212801,0.1294031,0.004954997
caixa,cor,1.0,-0.445510,-0.300000,0.073969,0.000000,-1.000000,-0.000000,0.2212801,0.1294031,0.004954997
caixa,normal,0.0,-0.445510,-0.300000,0.073969,0.000000,-1.000000,-0.000000,-0.7844405,-0.3697436,0.4979385
caixa,pesos,0.2,-0.538039,-0.300000,0.012560,0.000000,-1.000000,-0.000000,0.49686,0.3654903,0.1815975
caixa,pesos,0.5,-0.538039,-0.300000,0.012560,0.000000,-1.000000,-0.000000,0.49686,0.3654903,0.1815975
caixa,pesos,1.0,-0.538039,-0.300000,0.012560,0.000000,-1.000000,-0.000000,0.49686,0.3654903,0.1815975
caixa,cor,0.0,-0.538039,-0.300000,0.012560,0.000000,-1.000000,-0.000000,0.01831494,0.04219272,0.1954281
caixa,cor,0.3,-0.538039,-0.300000,0.012560,0.000000,-1.000000,-0.000000,0.01831494,0.04219272,0.1954281
caixa,cor,1.0,-0.538039,-0.300000,0.012560,0.000000,-1.000000,-0.000000,0.01831494,0.04219272,0.1954281
caixa,normal,0.0,-0.538039,-0.300000,0.012560,0.000000,-1.000000,-0.000000,-0.5067546,-0.544086,0.6687078
caixa,pesos,0.2,-0.630567,-0.300000,-0.048850,0.000000,-1.000000,-0.000000,0.5122124,0.3423581,0.1753601
caixa,pesos,0.5,-0.630567,-0.300000,-0.048850,0.000000,-1.000000,-0.000000,0.5122124,0.3423581,0.1753601
caixa,pesos,1.0,-0.630567,-0.300000,-0.048850,0.000000,-1.000000,-0.000000,0.5122124,0.3423581,0.1753601
caixa,cor,0.0,-0.630567,-0.300000,-0.048850,0.000000,-1.000000,-0.000000,0.1714311,0.02114546,0.02778307
caixa,cor,0.3,-0.630567,-0.300000,-0.048850,0.000000,-1.000000,-0.000000,0.1714311,0.02114546,0.02778307
caixa,cor,1.0,-0.630567,-0.300000,-0.048850,0.000000,-1.000000,-0.000000,0.1714311,0.02114546,0.02778307
caixa,normal,0.0,-0.630567,-0.300000,-0.048850,0.000000,-1.000000,-0.000000,0.3597224,-0.645324,-0.6739116
caixa,pesos,0.2,-0.723096,-0.300000,-0.110259,0.000000,-1.000000,-0.000000,0.5275648,0.319226,0.1684124
caixa,pesos,0.5,-0.723096,-0.300000,-0.110259,0.000000,-1.000000,-0.000000,0.5275648,0.319226,0.1684124
caixa,pesos,1.0,-0.723096,-0.300000,-0.110259,0.000000,-1.000000,-0.000000,0.5275648,0.319226,0.1684124
caixa,cor,0.0,-0.723096,-0.300000,-0.110259,0.000000,-1.000000,-0.000000,0.005791523,0.1492469,0.06821407
caixa,cor,0.3,-0.723096,-0.300000,-0.110259,0.000000,-1.000000,-0.000000,0.005791523,0.1492469,0.06821407
caixa,cor,1.0,-0.723096,-0.300000,-0.110259,0.000000,-1.000000,-0.000000,0.005791523,0.1492469,0.06821407
caixa,normal,0.0,-0.723096,-0.300000,-0.110259,0.000000,-1.000000,-0.000000,0.7393017,-0.3637991,-0.5666423
caixa,pesos,0.2,-0.800000,-0.242324,-0.116128,-1.000000,0.000000,-0.000000,0.470968,0.439419,0.2069523
caixa,pesos,0.5,-0.800000,-0.242324,-0.116128,-1.000000,0.000000,-0.000000,0.470968,0.439419,0.2069523
caixa,pesos,1.0,-0.800000,-0.242324,-0.116128,-1.000000,0.000000,-0.000000,0.470968,0.439419,0.2069523
caixa,cor,0.0,-0.800000,-0.242324,-0.116128,-1.000000,0.000000,-0.000000,0.01462617,0.1276311,0.03081158
caixa,cor,0.3,-0.800000,-0.242324,-0.116128,-1.000000,0.000000,-0.000000,0.01462617,0.1276311,0.03081158
caixa,cor,1.0,-0.800000,-0.242324,-0.116128,-1.000000,0.000000,-0.000000,0.01462618,0.1276311,0.03081164
caixa,normal,0.0,-0.800000,-0.242324,-0.116128,-1.000000,0.000000,-0.000000,-0.4838057,0.8023155,0.3496028
caixa,pesos,0.2,-0.800000,0.099247,0.151373,-1.000000,0.000000,-0.000000,0.5378432,0.5248118,0.2822665
caixa,pesos,0.5,-0.800000,0.099247,0.151373,-1.000000,0.000000,-0.000000,0.5378432,0.5248118,0.2822665
caixa,pesos,1.0,-0.800000,0.099247,0.151373,-1.000000,0.000000,-0.000000,0.5378432,0.5248118,0.2822665
caixa,cor,0.0,-0.800000,0.099247,0.151373,-1.000000,0.000000,-0.000000,0.4108612,0.4852857,0.08096895
caixa,cor,0.3,-0.800000,0.099247,0.151373,-1.000000,0.000000,-0.000000,0.4108612,0.4852857,0.08096895
caixa,cor,1.0,-0.800000,0.099247,0.151373,-1.000000,0.000000,-0.000000,0.4108612,0.4852857,0.08096895
caixa,normal,0.0,-0.800000,0.099247,0.151373,-1.000000,0.000000,-0.000000,-0.6128182,0.6172769,0.4933791
caixa,pesos,0.2,0.324256,-0.300000,0.450497,0.000000,-1.000000,-0.000000,0.3873759,0.581064,0.2250902
caixa,pesos,0.5,0.324256,-0.300000,0.450497,0.000000,-1.000000,-0.000000,0.3873759,0.581064,0.2250902
caixa,pesos,1.0,0.324256,-0.300000,0.450497,0.000000,-1.000000,-0.000000,0.3873759,0.581064,0.2250902
caixa,cor,0.0,0.324256,-0.300000,0.450497,0.000000,-1.000000,-0.000000,0.2173426,0.002885011,0.124206
caixa,cor,0.3,0.324256,-0.300000,0.450497,0.000000,-1.000000,-0.000000,0.2173426,0.002885011,0.124206
caixa,cor,1.0,0.324256,-0.300000,0.450497,0.000000,-1.000000,-0.000000,0.2173426,0.002885011,0.124206
caixa,normal,0.0,0.324256,-0.300000,0.450497,0.000000,-1.000000,-0.000000,0.4304433,-0.5099988,-0.7447281
caixa,pesos,0.2,0.231727,-0.300000,0.389087,0.000000,-1.000000,-0.000000,0.4027283,0.5579318,0.224695
caixa,pesos,0.5,0.231727,-0.300000,0.389087,0.000000,-1.000000,-0.000000,0.4027283,0.5579318,0.224695
caixa,pesos,1.0,0.231727,-0.300000,0.389087,0.000000,-1.000000,-0.000000,0.4027283,0.5579318,0.224695
caixa,cor,0.0,0.231727,-0.300000,0.389087,0.000000,-1.000000,-0.000000,0.013913,0.1917687,0.03635114
caixa,cor,0.3,0.231727,-0.300000,0.389087,0.000000,-1.000000,-0.000000,0.013913,0.1917687,0.03635114
caixa,cor,1.0,0.231727,-0.300000,0.389087,0.000000,-1.000000,-0.000000,0.013913,0.1917687,0.03635114
caixa,normal,0.0,0.231727,-0.300000,0.389087,0.000000,-1.000000,-0.000000,0.4496329,-0.8311383,-0.3271689
caixa,pesos,0.2,0.139199,-0.300000,0.327677,0.000000,-1.000000,-0.000000,0.4180807,0.5347996,0.2235894
caixa,pesos,0.5,0.139199,-0.300000,0.327677,0.000000,-1.000000,-0.000000,0.4180807,0.5347996,0.2235894
caixa,pesos,1.0,0.139199,-0.300000,0.327677,0.000000,-1.000000,-0.000000,0.4180807,0.5347996,0.2235894
caixa,cor,0.0,0.139199,-0.300000,0.327677,0.000000,-1.000000,-0.000000,0.1680432,0.03291328,0.1214387
caixa,cor,0.3,0.139199,-0.300000,0.327677,0.000000,-1.000000,-0.000000,0.1680432,0.03291328,0.1214387
caixa,cor,1.0,0.139199,-0.300000,0.327677,0.000000,-1.000000,-0.000000,0.1680432,0.03291328,0.1214387
caixa,normal,0.0,0.139199,-0.300000,0.327677,0.000000,-1.000000,-0.000000,-0.6775786,-0.5788093,0.4537258
caixa,pesos,0.2,0.046670,-0.300000,0.266267,0.000000,-1.000000,-0.000000,0.4334331,0.5116676,0.2217737
caixa,pesos,0.5,0.046670,-0.300000,0.266267,0.000000,-1.000000,-0.000000,0.4334331,0.5116676,0.2217737
caixa,pesos,1.0,0.046670,-0.300000,0.266267,0.000000,-1.000000,-0.000000,0.4334331,0.5116676,0.2217737
caixa,cor,0.0,0.046670,-0.300000,0.266267,0.000000,-1.000000,-0.000000,0.1151704,0.1461219,0.003884244
caixa,cor,0.3,0.046670,-0.300000,0.266267,0.000000,-1.000000,-0.000000,0.1151704,0.1461219,0.003884244
caixa,cor,1.0,0.046670,-0.300000,0.266267,0.000000,-1.000000,-0.000000,0.1151704,0.1461219,0.003884244
caixa,normal,0.0,0.046670,-0.300000,0.266267,0.000000,-1.000000,-0.000000,-0.4931643,-0.570583,0.6566765
caixa,pesos,0.2,-0.045858,-0.300000,0.204858,0.000000,-1.000000,-0.000000,0.4487856,0.4885354,0.2192476
caixa,pesos,0.5,-0.045858,-0.300000,0.204858,0.000000,-1.000000,-0.000000,0.4487856,0.4885354,0.2192476
caixa,pesos,1.0,-0.045858,-0.300000,0.204858,0.000000,-1.000000,-0.000000,0.4487856,0.4885354,0.2192476
caixa,cor,0.0,-0.045858,-0.300000,0.204858,0.000000,-1.000000,-0.000000,0.1042532,0.1259674,0.01308522
caixa,cor,0.3,-0.045858,-0.300000,0.204858,0.000000,-1.000000,-0.000000,0.1042532,0.1259674,0.01308522
caixa,cor,1.0,-0.045858,-0.300000,0.204858,0.000000,-1.000000,-0.000000,0.1042532,0.1259674,0.01308522
caixa,normal,0.0,-0.045858,-0.300000,0.204858,0.000000,-1.000000,-0.000000,0.3779194,-0.9124516,-0.1568727
caixa,pesos,0.2,-0.138387,-0.300000,0.143448,0.000000,-1.000000,-0.000000,0.464138,0.4654033,0.2160114
caixa,pesos,0.5,-0.138387,-0.300000,0.143448,0.000000,-1.000000,-0.000000,0.464138,0.4654033,0.2160114
caixa,pesos,1.0,-0.138387,-0.300000,0.143448,0.000000,-1.000000,-0.000000,0.464138,0.4654033,0.2160114
caixa,cor,0.0,-0.138387,-0.300000,0.143448,0.000000,-1.000000,-0.000000,0.1014681,0.01881127,0.005519342
caixa,cor,0.3,-0.138387,-0.300000,0.143448,0.000000,-1.000000,-0.000000,0.1014681,0.01881127,0.005519342
caixa,cor,1.0,-0.138387,-0.300000,0.143448,0.000000,-1.000000,-0.000000,0.1014681,0.01881127,0.005519342
caixa,normal,0.0,-0.138387,-0.300000,0.143448,0.000000,-1.000000,-0.000000,0.5411088,-0.5020958,-0.6746118
caixa,pesos,0.2,-0.230916,-0.300000,0.082038,0.000000,-1.000000,-0.000000,0.4794904,0.4422711,0.2120647
caixa,pesos,0.5,-0.230916,-0.300000,0.082038,0.000000,-1.000000,-0.000000,0.4794904,0.4422711,0.2120647
caixa,pesos,1.0,-0.230916,-0.300000,0.082038,0.000000,-1.000000,-0.000000,0.4794904,0.4422711,0.2120647
caixa,cor,0.0,-0.230916,-0.300000,0.082038,0.000000,-1.000000,-0.000000,0.03170435,0.1774332,0.08208621
caixa,cor,0.3,-0.230916,-0.300000,0.082038,0.000000,-1.000000,-0.000000,0.03170435,0.1774332,0.08208621
caixa,cor,1.0,-0.230916,-0.300000,0.082038,0.000000,-1.000000,-0.000000,0.03170435,0.1774332,0.08208621
caixa,normal,0.0,-0.230916,-0.300000,0.082038,0.000000,-1.000000,-0.000000,0.3594882,-0.8949906,-0.2641215
caixa,pesos,0.2,-0.323444,-0.300000,0.020629,0.000000,-1.000000,-0.000000,0.4948428,0.4191391,0.207408
caixa,pesos,0.5,-0.323444,-0.300000,0.020629,0.000000,-1.000000,-0.000000,0.4948428,0.4191391,0.207408
caixa,pesos,1.0,-0.323444,-0.300000,0.020629,0.000000,-1.000000,-0.000000,0.4948428,0.4191391,0.207408
caixa,cor,0.0,-0.323444,-0.300000,0.020629,0.000000,-1.000000,-0.000000,0.1234937,0.04190178,0.246614
caixa,cor,0.3,-0.323444,-0.300000,0.020629,0.000000,-1.000000,-0.000000,0.1234937,0.04190178,0.246614
caixa,cor,1.0,-0.323444,-0.300000,0.020629,0.000000,-1.000000,-0.000000,0.1234937,0.04190178,0.246614
caixa,normal,0.0,-0.323444,-0.300000,0.020629,0.000000,-1.000000,-0.000000,-0.7299165,-0.5644826,0.3854628
caixa,pesos,0.2,-0.415972,-0.300000,-0.040781,0.000000,-1.000000,-0.000000,0.5101952,0.3960069,0.2020408
caixa,pesos,0.5,-0.415972,-0.300000,-0.040781,0.000000,-1.000000,-0.000000,0.5101952,0.3960069,0.2020408
caixa,pesos,1.0,-0.415972,-0.300000,-0.040781,0.000000,-1.000000,-0.000000,0.5101952,0.3960069,0.2020408
caixa,cor,0.0,-0.415972,-0.300000,-0.040781,0.000000,-1.000000,-0.000000,0.5740673,0.008942614,0.001111347
caixa,cor,0.3,-0.415972,-0.300000,-0.040781,0.000000,-1.000000,-0.000000,0.5740673,0.008942614,0.001111347
caixa,cor,1.0,-0.415972,-0.300000,-0.040781,0.000000,-1.000000,-0.000000,0.5740673,0.008942614,0.001111347
caixa,normal,0.0,-0.415972,-0.300000,-0.040781,0.000000,-1.000000,-0.000000,-0.272068,-0.5813909,0.766788
caixa,pesos,0.2,-0.508501,-0.300000,-0.102190,0.000000,-1.000000,-0.000000,0.5255475,0.3728749,0.1959635
caixa,pesos,0.5,-0.508501,-0.300000,-0.102190,0.000000,-1.000000,-0.000000,0.5255475,0.3728749,0.1959635
caixa,pesos,1.0,-0.508501,-0.300000,-0.102190,0.000000,-1.000000,-0.000000,0.5255475,0.3728749,0.1959635
caixa,cor,0.0,-0.508501,-0.300000,-0.102190,0.000000,-1.000000,-0.000000,0.0335421,0.9844938,0.9844938
caixa,cor,0.3,-0.508501,-0.300000,-0.102190,0.000000,-1.000000,-0.000000,0.0335421,0.9844938,0.9844938
caixa,cor,1.0,-0.508501,-0.300000,-0.102190,0.000000,-1.000000,-0.000000,0.0335421,0.9844938,0.9844938
caixa,normal,0.0,-0.508501,-0.300000,-0.102190,0.000000,-1.000000,-0.000000,0.03367686,-0.8489726,-0.5273628
caixa,pesos,0.2,-0.601029,-0.300000,-0.163600,0.000000,-1.000000,-0.000000,0.5409,0.3497427,0.1891758
caixa,pesos,0.5,-0.601029,-0.300000,-0.163600,0.000000,-1.000000,-0.000000,0.5409,0.3497427,0.1891758
caixa,pesos,1.0,-0.601029,-0.300000,-0.163600,0.000000,-1.000000,-0.000000,0.5409,0.3497427,0.1891758
caixa,cor,0.0,-0.601029,-0.300000,-0.163600,0.000000,-1.000000,-0.000000,0.9217083,0.1154926,0.1154926
caixa,cor,0.3,-0.601029,-0.300000,-0.163600,0.000000,-1.000000,-0.000000,0.9217083,0.1154926,0.1154926
caixa,cor,1.0,-0.601029,-0.300000,-0.163600,0.000000,-1.000000,-0.000000,0.9217083,0.1154926,0.1154926
caixa,normal,0.0,-0.601029,-0.300000,-0.163600,0.000000,-1.000000,-0.000000,0.7913949,-0.4464169,-0.4176197
caixa,pesos,0.2,-0.693558,-0.300000,-0.225009,0.000000,-1.000000,-0.000000,0.5562524,0.3266106,0.1816779
caixa,pesos,0.5,-0.693558,-0.300000,-0.225009,0.000000,-1.000000,-0.000000,0.5562524,0.3266106,0.1816779
caixa,pesos,1.0,-0.693558,-0.300000,-0.225009,0.000000,-1.000000,-0.000000,0.5562524,0.3266106,0.1816779
caixa,cor,0.0,-0.693558,-0.300000,-0.225009,0.000000,-1.000000,-0.000000,0.02363848,0.8613257,0.004540525
caixa,cor,0.3,-0.693558,-0.300000,-0.225009,0.000000,-1.000000,-0.000000,0.02363848,0.8613257,0.004540525
caixa,cor,1.0,-0.693558,-0.300000,-0.225009,0.000000,-1.000000,-0.000000,0.02363848,0.8613257,0.004540525
caixa,normal,0.0,-0.693558,-0.300000,-0.225009,0.000000,-1.000000,-0.000000,-0.3096025,-0.7303491,-0.6088815
caixa,pesos,0.2,-0.786086,-0.300000,-0.286419,0.000000,-1.000000,-0.000000,0.5716047,0.3034785,0.1734697
caixa,pesos,0.5,-0.786086,-0.300000,-0.286419,0.000000,-1.000000,-0.000000,0.5716047,0.3034785,0.1734697
caixa,pesos,1.0,-0.786086,-0.300000,-0.286419,0.000000,-1.000000,-0.000000,0.5716047,0.3034785,0.1734697
caixa,cor,0.0,-0.786086,-0.300000,-0.286419,0.000000,-1.000000,-0.000000,0.6453748,0.04059013,0.8033108
caixa,cor,0.3,-0.786086,-0.300000,-0.286419,0.000000,-1.000000,-0.000000,0.6453748,0.04059013,0.8033108
caixa,cor,1.0,-0.786086,-0.300000,-0.286419,0.000000,-1.000000,-0.000000,0.6453748,0.04059013,0.8033108
caixa,normal,0.0,-0.786086,-0.300000,-0.286419,0.000000,-1.000000,-0.000000,-0.253196,-0.5427973,0.800789
caixa,pesos,0.2,-0.800000,-0.009792,-0.068377,-1.000000,0.000000,-0.000000,0.4829057,0.4975519,0.2402706
caixa,pesos,0.5,-0.800000,-0.009792,-0.068377,-1.000000,0.000000,-0.000000,0.4829057,0.4975519,0.2402706
caixa,pesos,1.0,-0.800000,-0.009792,-0.068377,-1.000000,0.000000,-0.000000,0.4829057,0.4975518,0.2402706
caixa,cor,0.0,-0.800000,-0.009792,-0.068377,-1.000000,0.000000,-0.000000,0.6488988,0.004256699,0.09623405
caixa,cor,0.3,-0.800000,-0.009792,-0.068377,-1.000000,0.000000,-0.000000,0.6488988,0.004256699,0.09623405
caixa,cor,1.0,-0.800000,-0.009792,-0.068377,-1.000000,0.000000,-0.000000,0.6488987,0.004256703,0.09623409
caixa,normal,0.0,-0.800000,-0.009792,-0.068377,-1.000000,0.000000,-0.000000,-0.7610793,0.3082442,-0.5707397
caixa,pesos,0.2,0.538851,-0.300000,0.458566,0.000000,-1.000000,-0.000000,0.3853585,0.6347127,0.2445919
caixa,pesos,0.5,0.538851,-0.300000,0.458566,0.000000,-1.000000,-0.000000,0.3853585,0.6347127,0.2445919
caixa,pesos,1.0,0.538851,-0.300000,0.458566,0.000000,-1.000000,-0.000000,0.3853585,0.6347127,0.2445919
caixa,cor,0.0,0.538851,-0.300000,0.458566,0.000000,-1.000000,-0.000000,0.109711,0.07310061,0.0145704
caixa,cor,0.3,0.538851,-0.300000,0.458566,0.000000,-1.000000,-0.000000,0.109711,0.07310061,0.0145704
caixa,cor,1.0,0.538851,-0.300000,0.458566,0.000000,-1.000000,-0.000000,0.109711,0.07310061,0.0145704
caixa,normal,0.0,0.538851,-0.300000,0.458566,0.000000,-1.000000,-0.000000,-0.6130168,-0.3503503,0.708142
caixa,pesos,0.2,0.446323,-0.300000,0.397156,0.000000,-1.000000,-0.000000,0.4007109,0.6115807,0.245067
caixa,pesos,0.5,0.446323,-0.300000,0.397156,0.000000,-1.000000,-0.000000,0.4007109,0.6115807,0.245067
caixa,pesos,1.0,0.446323,-0.300000,0.397156,0.000000,-1.000000,-0.000000,0.4007109,0.6115807,0.245067
caixa,cor,0.0,0.446323,-0.300000,0.397156,0.000000,-1.000000,-0.000000,0.05772293,0.2802,0.2622634
caixa,cor,0.3,0.446323,-0.300000,0.397156,0.000000,-1.000000,-0.000000,0.05772293,0.2802,0.2622634
caixa,cor,1.0,0.446323,-0.300000,0.397156,0.000000,-1.000000,-0.000000,0.05772293,0.2802,0.2622634
caixa,normal,0.0,0.446323,-0.300000,0.397156,0.000000,-1.000000,-0.000000,-0.4008609,-0.8780378,-0.2614577
caixa,pesos,0.2,0.353795,-0.300000,0.335747,0.000000,-1.000000,-0.000000,0.4160633,0.5884486,0.2448319
caixa,pesos,0.5,0.353795,-0.300000,0.335747,0.000000,-1.000000,-0.000000,0.4160633,0.5884486,0.2448319
caixa,pesos,1.0,0.353795,-0.300000,0.335747,0.000000,-1.000000,-0.000000,0.4160633,0.5884486,0.2448319
caixa,cor,0.0,0.353795,-0.300000,0.335747,0.000000,-1.000000,-0.000000,0.3567053,0.02995147,0.4669875
caixa,cor,0.3,0.353795,-0.300000,0.335747,0.000000,-1.000000,-0.000000,0.3567053,0.02995147,0.4669875
caixa,cor,1.0,0.353795,-0.300000,0.335747,0.000000,-1.000000,-0.000000,0.3567053,0.02995147,0.4669875
caixa,normal,0.0,0.353795,-0.300000,0.335747,0.000000,-1.000000,-0.000000,0.8036997,-0.3293995,-0.495543
caixa,pesos,0.2,0.261266,-0.300000,0.274337,0.000000,-1.000000,-0.000000,0.4314158,0.5653164,0.2438864
caixa,pesos,0.5,0.261266,-0.300000,0.274337,0.000000,-1.000000,-0.000000,0.4314158,0.5653164,0.2438864
caixa,pesos,1.0,0.261266,-0.300000,0.274337,0.000000,-1.000000,-0.000000,0.4314158,0.5653164,0.2438864
caixa,cor,0.0,0.261266,-0.300000,0.274337,0.000000,-1.000000,-0.000000,0.2887232,0.9750702,0.02154926
caixa,cor,0.3,0.261266,-0.300000,0.274337,0.000000,-1.000000,-0.000000,0.2887232,0.9750702,0.02154926
caixa,cor,1.0,0.261266,-0.300000,0.274337,0.000000,-1.000000,-0.000000,0.2887232,0.9750702,0.02154926
caixa,normal,0.0,0.261266,-0.300000,0.274337,0.000000,-1.000000,-0.000000,0.3622756,-0.5673203,-0.7395296
caixa,pesos,0.2,0.168737,-0.300000,0.212927,0.000000,-1.000000,-0.000000,0.4467681,0.5421844,0.2422307
caixa,pesos,0.5,0.168737,-0.300000,0.212927,0.000000,-1.000000,-0.000000,0.4467681,0.5421844,0.2422307
caixa,pesos,1.0,0.168737,-0.300000,0.212927,0.000000,-1.000000,-0.000000,0.4467681,0.5421844,0.2422307
caixa,cor,0.0,0.168737,-0.300000,0.212927,0.000000,-1.000000,-0.000000,0.3751584,0.9126329,0.08974479
caixa,cor,0.3,0.168737,-0.300000,0.212927,0.000000,-1.000000,-0.000000,0.3751584,0.9126329,0.08974479
caixa,cor,1.0,0.168737,-0.300000,0.212927,0.000000,-1.000000,-0.000000,0.3751584,0.9126329,0.08974479
caixa,normal,0.0,0.168737,-0.300000,0.212927,0.000000,-1.000000,-0.000000,-0.2663121,-0.5440342,0.7956789
caixa,pesos,0.2,0.076208,-0.300000,0.151518,0.000000,-1.000000,-0.000000,0.4621206,0.519052,0.2398646
caixa,pesos,0.5,0.076208,-0.300000,0.151518,0.000000,-1.000000,-0.000000,0.4621206,0.519052,0.2398646
caixa,pesos,1.0,0.076208,-0.300000,0.151518,0.000000,-1.000000,-0.000000,0.4621206,0.519052,0.2398646
caixa,cor,0.0,0.076208,-0.300000,0.151518,0.000000,-1.000000,-0.000000,0.001234928,0.3067438,0.8526129
caixa,cor,0.3,0.076208,-0.300000,0.151518,0.000000,-1.000000,-0.000000,0.001234928,0.3067438,0.8526129
caixa,cor,1.0,0.076208,-0.300000,0.151518,0.000000,-1.000000,-0.000000,0.001234928,0.3067438,0.8526129
caixa,normal,0.0,0.076208,-0.300000,0.151518,0.000000,-1.000000,-0.000000,-0.8495429,-0.3256855,0.4149771
caixa,pesos,0.2,-0.016320,-0.300000,0.090108,0.000000,-1.000000,-0.000000,0.4774729,0.49592,0.2367884
caixa,pesos,0.5,-0.016320,-0.300000,0.090108,0.000000,-1.000000,-0.000000,0.4774729,0.49592,0.2367884
caixa,pesos,1.0,-0.016320,-0.300000,0.090108,0.000000,-1.000000,-0.000000,0.4774729,0.49592,0.2367884
caixa,cor,0.0,-0.016320,-0.300000,0.090108,0.000000,-1.000000,-0.000000,0.7951143,0.1751099,0.02851968
caixa,cor,0.3,-0.016320,-0.300000,0.090108,0.000000,-1.000000,-0.000000,0.7951143,0.1751099,0.02851968
caixa,cor,1.0,-0.016320,-0.300000,0.090108,0.000000,-1.000000,-0.000000,0.7951143,0.1751099,0.02851968
caixa,normal,0.0,-0.016320,-0.300000,0.090108,0.000000,-1.000000,-0.000000,0.549931,-0.789402,0.2728012
caixa,pesos,0.2,-0.108848,-0.300000,0.028698,0.000000,-1.000000,-0.000000,0.4928254,0.4727879,0.2330019
caixa,pesos,0.5,-0.108848,-0.300000,0.028698,0.000000,-1.000000,-0.000000,0.4928254,0.4727879,0.2330019
caixa,pesos,1.0,-0.108848,-0.300000,0.028698,0.000000,-1.000000,-0.000000,0.4928254,0.4727879,0.2330019
caixa,cor,0.0,-0.108848,-0.300000,0.028698,0.000000,-1.000000,-0.000000,0.09478845,0.4148991,0.7420421
caixa,cor,0.3,-0.108848,-0.300000,0.028698,0.000000,-1.000000,-0.000000,0.09478845,0.4148991,0.7420421
caixa,cor,1.0,-0.108848,-0.300000,0.028698,0.000000,-1.000000,-0.000000,0.09478845,0.4148991,0.7420421
caixa,normal,0.0,-0.108848,-0.300000,0.028698,0.000000,-1.000000,-0.000000,0.4569573,-0.348683,-0.8182971
caixa,pesos,0.2,-0.201377,-0.300000,-0.032711,0.000000,-1.000000,-0.000000,0.5081778,0.4496557,0.2285051
caixa,pesos,0.5,-0.201377,-0.300000,-0.032711,0.000000,-1.000000,-0.000000,0.5081778,0.4496557,0.2285051
caixa,pesos,1.0,-0.201377,-0.300000,-0.032711,0.000000,-1.000000,-0.000000,0.5081778,0.4496557,0.2285051
caixa,cor,0.0,-0.201377,-0.300000,-0.032711,0.000000,-1.000000,-0.000000,0.003989941,0.6911006,0.05124284
caixa,cor,0.3,-0.201377,-0.300000,-0.032711,0.000000,-1.000000,-0.000000,0.003989941,0.6911006,0.05124284
caixa,cor,1.0,-0.201377,-0.300000,-0.032711,0.000000,-1.000000,-0.000000,0.003989941,0.6911006,0.05124284
caixa,normal,0.0,-0.201377,-0.300000,-0.032711,0.000000,-1.000000,-0.000000,0.864095,-0.4725125,-0.1734128
caixa,pesos,0.2,-0.293905,-0.300000,-0.094121,0.000000,-1.000000,-0.000000,0.5235302,0.4265236,0.223298
caixa,pesos,0.5,-0.293905,-0.300000,-0.094121,0.000000,-1.000000,-0.000000,0.5235302,0.4265236,0.223298
caixa,pesos,1.0,-0.293905,-0.300000,-0.094121,0.000000,-1.000000,-0.000000,0.5235302,0.4265236,0.223298
caixa,cor,0.0,-0.293905,-0.300000,-0.094121,0.000000,-1.000000,-0.000000,0.6422557,0.03335461,0.4013135
caixa,cor,0.3,-0.293905,-0.300000,-0.094121,0.000000,-1.000000,-0.000000,0.6422557,0.03335461,0.4013135
caixa,cor,1.0,-0.293905,-0.300000,-0.094121,0.000000,-1.000000,-0.000000,0.6422557,0.03335461,0.4013135
caixa,normal,0.0,-0.293905,-0.300000,-0.094121,0.000000,-1.000000,-0.000000,-0.8513644,-0.4204926,0.3136315
caixa,pesos,0.2,-0.386434,-0.300000,-0.155530,0.000000,-1.000000,-0.000000,0.5388826,0.4033915,0.2173807
caixa,pesos,0.5,-0.386434,-0.300000,-0.155530,0.000000,-1.000000,-0.000000,0.5388826,0.4033915,0.2173807
caixa,pesos,1.0,-0.386434,-0.300000,-0.155530,0.000000,-1.000000,-0.000000,0.5388826,0.4033915,0.2173807
caixa,cor,0.0,-0.386434,-0.300000,-0.155530,0.000000,-1.000000,-0.000000,0.09561414,0.5939785,0.1748438
caixa,cor,0.3,-0.386434,-0.300000,-0.155530,0.000000,-1.000000,-0.000000,0.09561414,0.5939785,0.1748438
caixa,cor,1.0,-0.386434,-0.300000,-0.155530,0.000000,-1.000000,-0.000000,0.09561414,0.5939785,0.1748438
caixa,normal,0.0,-0.386434,-0.300000,-0.155530,0.000000,-1.000000,-0.000000,-0.4441745,-0.3773247,0.81261
caixa,pesos,0.2,-0.478963,-0.300000,-0.216940,0.000000,-1.000000,-0.000000,0.554235,0.3802593,0.210753
caixa,pesos,0.5,-0.478963,-0.300000,-0.216940,0.000000,-1.000000,-0.000000,0.554235,0.3802593,0.210753
caixa,pesos,1.0,-0.478963,-0.300000,-0.216940,0.000000,-1.000000,-0.000000,0.554235,0.3802593,0.210753
caixa,cor,0.0,-0.478963,-0.300000,-0.216940,0.000000,-1.000000,-0.000000,0.02321788,0.00717955,0.5474362
caixa,cor,0.3,-0.478963,-0.300000,-0.216940,0.000000,-1.000000,-0.000000,0.02321788,0.00717955,0.5474362
caixa,cor,1.0,-0.478963,-0.300000,-0.216940,0.000000,-1.000000,-0.000000,0.02321788,0.00717955,0.5474362
caixa,normal,0.0,-0.478963,-0.300000,-0.216940,0.000000,-1.000000,-0.000000,-0.4170778,-0.7330177,-0.5373373
caixa,pesos,0.2,-0.571491,-0.300000,-0.278350,0.000000,-1.000000,-0.000000,0.5695874,0.3571273,0.2034152
caixa,pesos,0.5,-0.571491,-0.300000,-0.278350,0.000000,-1.000000,-0.000000,0.5695874,0.3571273,0.2034152
caixa,pesos,1.0,-0.571491,-0.300000,-0.278350,0.000000,-1.000000,-0.000000,0.5695874,0.3571273,0.2034152
caixa,cor,0.0,-0.571491,-0.300000,-0.278350,0.000000,-1.000000,-0.000000,0.3330129,0.4104488,0.03057958
caixa,cor,0.3,-0.571491,-0.300000,-0.278350,0.000000,-1.000000,-0.000000,0.3330129,0.4104488,0.03057958
caixa,cor,1.0,-0.571491,-0.300000,-0.278350,0.000000,-1.000000,-0.000000,0.3330129,0.4104488,0.03057958
caixa,normal,0.0,-0.571491,-0.300000,-0.278350,0.000000,-1.000000,-0.000000,0.8455713,-0.3110442,-0.4338901
caixa,pesos,0.2,-0.664020,-0.300000,-0.339759,0.000000,-1.000000,-0.000000,0.5849398,0.3339951,0.195367
caixa,pesos,0.5,-0.664020,-0.300000,-0.339759,0.000000,-1.000000,-0.000000,0.5849398,0.3339951,0.195367
caixa,pesos,1.0,-0.664020,-0.300000,-0.339759,0.000000,-1.000000,-0.000000,0.5849398,0.3339951,0.195367
caixa,cor,0.0,-0.664020,-0.300000,-0.339759,0.000000,-1.000000,-0.000000,0.04061643,0.1893176,0.4609071
caixa,cor,0.3,-0.664020,-0.300000,-0.339759,0.000000,-1.000000,-0.000000,0.04061643,0.1893176,0.4609071
caixa,cor,1.0,-0.664020,-0.300000,-0.339759,0.000000,-1.000000,-0.000000,0.04061643,0.1893176,0.4609071
caixa,normal,0.0,-0.664020,-0.300000,-0.339759,0.000000,-1.000000,-0.000000,0.1873407,-0.6408938,-0.7444181
caixa,pesos,0.2,-0.756548,-0.300000,-0.401169,0.000000,-1.000000,-0.000000,0.6002923,0.310863,0.1866086
caixa,pesos,0.5,-0.756548,-0.300000,-0.401169,0.000000,-1.000000,-0.000000,0.6002923,0.310863,0.1866086
caixa,pesos,1.0,-0.756548,-0.300000,-0.401169,0.000000,-1.000000,-0.000000,0.6002923,0.310863,0.1866086
caixa,cor,0.0,-0.756548,-0.300000,-0.401169,0.000000,-1.000000,-0.000000,0.4208686,0.0101336,0.0101336
caixa,cor,0.3,-0.756548,-0.300000,-0.401169,0.000000,-1.000000,-0.000000,0.4208686,0.0101336,0.0101336
caixa,cor,1.0,-0.756548,-0.300000,-0.401169,0.000000,-1.000000,-0.000000,0.4208686,0.0101336,0.0101336
caixa,normal,0.0,-0.756548,-0.300000,-0.401169,0.000000,-1.000000,-0.000000,-0.3413219,-0.4822956,0.8067777
caixa,pesos,0.2,-0.800000,-0.118833,-0.288126,-1.000000,0.000000,-0.000000,0.4279684,0.4702917,0.20127
caixa,pesos,0.5,-0.800000,-0.118833,-0.288126,-1.000000,0.000000,-0.000000,0.4279684,0.4702917,0.20127
caixa,pesos,1.0,-0.800000,-0.118833,-0.288126,-1.000000,0.000000,-0.000000,0.4279684,0.4702916,0.20127
caixa,cor,0.0,-0.800000,-0.118833,-0.288126,-1.000000,0.000000,-0.000000,0.03224651,0.8346693,0.1178933
caixa,cor,0.3,-0.800000,-0.118833,-0.288126,-1.000000,0.000000,-0.000000,0.03224651,0.8346693,0.1178933
caixa,cor,1.0,-0.800000,-0.118833,-0.288126,-1.000000,0.000000,-0.000000,0.03224653,0.8346692,0.1178933
caixa,normal,0.0,-0.800000,-0.118833,-0.288126,-1.000000,0.000000,-0.000000,-0.5076629,-0.1950051,-0.8391969
caixa,pesos,0.2,-0.800000,0.222737,-0.020622,-1.000000,0.000000,-0.000000,0.4948445,0.5556843,0.2749773
caixa,pesos,0.5,-0.800000,0.222737,-0.020622,-1.000000,0.000000,-0.000000,0.4948445,0.5556843,0.2749773
caixa,pesos,1.0,-0.800000,0.222737,-0.020622,-1.000000,0.000000,-0.000000,0.4948445,0.5556843,0.2749773
caixa,cor,0.0,-0.800000,0.222737,-0.020622,-1.000000,0.000000,-0.000000,0.02378801,0.2286147,0.2286147
caixa,cor,0.3,-0.800000,0.222737,-0.020622,-1.000000,0.000000,-0.000000,0.02378801,0.2286147,0.2286147
caixa,cor,1.0,-0.800000,0.222737,-0.020622,-1.000000,0.000000,-0.000000,0.02378802,0.2286147,0.2286147
caixa,normal,0.0,-0.800000,0.222737,-0.020622,-1.000000,0.000000,-0.000000,-0.5054597,-0.6754766,-0.5368819
caixa,pesos,0.2,0.753446,-0.300000,0.466635,0.000000,-1.000000,-0.000000,0.3833412,0.6883615,0.2638774
caixa,pesos,0.5,0.753446,-0.300000,0.466635,0.000000,-1.000000,-0.000000,0.3833412,0.6883615,0.2638774
caixa,pesos,1.0,0.753446,-0.300000,0.466635,0.000000,-1.000000,-0.000000,0.3833412,0.6883615,0.2638774
caixa,cor,0.0,0.753446,-0.300000,0.466635,0.000000,-1.000000,-0.000000,0.6142966,0.01849658,0.787146
caixa,cor,0.3,0.753446,-0.300000,0.466635,0.000000,-1.000000,-0.000000,0.6142966,0.01849658,0.787146
caixa,cor,1.0,0.753446,-0.300000,0.466635,0.000000,-1.000000,-0.000000,0.6142966,0.01849658,0.7871459
caixa,normal,0.0,0.753446,-0.300000,0.466635,0.000000,-1.000000,-0.000000,0.3313477,-0.7963356,0.5060221
caixa,pesos,0.2,0.660918,-0.300000,0.405225,0.000000,-1.000000,-0.000000,0.3986937,0.6652294,0.2652228
caixa,pesos,0.5,0.660918,-0.300000,0.405225,0.000000,-1.000000,-0.000000,0.3986937,0.6652294,0.2652228
caixa,pesos,1.0,0.660918,-0.300000,0.405225,0.000000,-1.000000,-0.000000,0.3986937,0.6652293,0.2652228
caixa,cor,0.0,0.660918,-0.300000,0.405225,0.000000,-1.000000,-0.000000,0.07393281,0.4430858,0.04856455
caixa,cor,0.3,0.660918,-0.300000,0.405225,0.000000,-1.000000,-0.000000,0.07393281,0.4430858,0.04856455
caixa,cor,1.0,0.660918,-0.300000,0.405225,0.000000,-1.000000,-0.000000,0.07393282,0.4430857,0.04856458
caixa,normal,0.0,0.660918,-0.300000,0.405225,0.000000,-1.000000,-0.000000,-0.8217375,-0.4907811,0.289623
caixa,pesos,0.2,0.568389,-0.300000,0.343816,0.000000,-1.000000,-0.000000,0.4140461,0.6420972,0.2658578
caixa,pesos,0.5,0.568389,-0.300000,0.343816,0.000000,-1.000000,-0.000000,0.4140461,0.6420972,0.2658578
caixa,pesos,1.0,0.568389,-0.300000,0.343816,0.000000,-1.000000,-0.000000,0.4140461,0.6420971,0.2658578
caixa,cor,0.0,0.568389,-0.300000,0.343816,0.000000,-1.000000,-0.000000,0.6837606,0.3637496,0.001100618
caixa,cor,0.3,0.568389,-0.300000,0.343816,0.000000,-1.000000,-0.000000,0.6837606,0.3637496,0.001100618
caixa,cor,1.0,0.568389,-0.300000,0.343816,0.000000,-1.000000,-0.000000,0.6837605,0.3637496,0.00110064
caixa,normal,0.0,0.568389,-0.300000,0.343816,0.000000,-1.000000,-0.000000,0.34466,-0.675966,0.6513672
caixa,pesos,0.2,0.475860,-0.300000,0.282406,0.000000,-1.000000,-0.000000,0.4293984,0.6189651,0.2657827
caixa,pesos,0.5,0.475860,-0.300000,0.282406,0.000000,-1.000000,-0.000000,0.4293984,0.6189651,0.2657827
caixa,pesos,1.0,0.475860,-0.300000,0.282406,0.000000,-1.000000,-0.000000,0.4293984,0.618965,0.2657827
caixa,cor,0.0,0.475860,-0.300000,0.282406,0.000000,-1.000000,-0.000000,0.02332947,0.08827031,0.6352244
caixa,cor,0.3,0.475860,-0.300000,0.282406,0.000000,-1.000000,-0.000000,0.02332947,0.08827031,0.6352244
caixa,cor,1.0,0.475860,-0.300000,0.282406,0.000000,-1.000000,-0.000000,0.02332947,0.08827031,0.6352243
caixa,normal,0.0,0.475860,-0.300000,0.282406,0.000000,-1.000000,-0.000000,0.05552769,-0.6030037,-0.7958035
caixa,pesos,0.2,0.383332,-0.300000,0.220996,0.000000,-1.000000,-0.000000,0.4447509,0.595833,0.2649973
caixa,pesos,0.5,0.383332,-0.300000,0.220996,0.000000,-1.000000,-0.000000,0.4447509,0.595833,0.2649973
caixa,pesos,1.0,0.383332,-0.300000,0.220996,0.000000,-1.000000,-0.000000,0.4447508,0.5958329,0.2649972
caixa,cor,0.0,0.383332,-0.300000,0.220996,0.000000,-1.000000,-0.000000,0.07645954,0.1526407,0.5869684
caixa,cor,0.3,0.383332,-0.300000,0.220996,0.000000,-1.000000,-0.000000,0.07645954,0.1526407,0.5869684
caixa,cor,1.0,0.383332,-0.300000,0.220996,0.000000,-1.000000,-0.000000,0.07645956,0.1526406,0.5869684
caixa,normal,0.0,0.383332,-0.300000,0.220996,0.000000,-1.000000,-0.000000,0.7948499,-0.542556,-0.2717476
caixa,pesos,0.2,0.290803,-0.300000,0.159587,0.000000,-1.000000,-0.000000,0.4601033,0.5727008,0.2635015
caixa,pesos,0.5,0.290803,-0.300000,0.159587,0.000000,-1.000000,-0.000000,0.4601033,0.5727008,0.2635015
caixa,pesos,1.0,0.290803,-0.300000,0.159587,0.000000,-1.000000,-0.000000,0.4601032,0.5727007,0.2635015
caixa,cor,0.0,0.290803,-0.300000,0.159587,0.000000,-1.000000,-0.000000,0.5407508,0.003559012,0.07978759
caixa,cor,0.3,0.290803,-0.300000,0.159587,0.000000,-1.000000,-0.000000,0.5407508,0.003559012,0.07978759
caixa,cor,1.0,0.290803,-0.300000,0.159587,0.000000,-1.000000,-0.000000,0.5407507,0.003559023,0.07978759
caixa,normal,0.0,0.290803,-0.300000,0.159587,0.000000,-1.000000,-0.000000,-0.7230928,-0.6729014,-0.1560147
caixa,pesos,0.2,0.198275,-0.300000,0.098177,0.000000,-1.000000,-0.000000,0.4754558,0.5495686,0.2612956
caixa,pesos,0.5,0.198275,-0.300000,0.098177,0.000000,-1.000000,-0.000000,0.4754558,0.5495686,0.2612956
caixa,pesos,1.0,0.198275,-0.300000,0.098177,0.000000,-1.000000,-0.000000,0.4754557,0.5495685,0.2612956
caixa,cor,0.0,0.198275,-0.300000,0.098177,0.000000,-1.000000,-0.000000,0.02695085,0.4967263,0.2393336
caixa,cor,0.3,0.198275,-0.300000,0.098177,0.000000,-1.000000,-0.000000,0.02695085,0.4967263,0.2393336
caixa,cor,1.0,0.198275,-0.300000,0.098177,0.000000,-1.000000,-0.000000,0.02695086,0.4967263,0.2393336
caixa,normal,0.0,0.198275,-0.300000,0.098177,0.000000,-1.000000,-0.000000,-0.1832836,-0.5249944,0.8311365
caixa,pesos,0.2,0.105746,-0.300000,0.036768,0.000000,-1.000000,-0.000000,0.4908081,0.5264366,0.2583793
caixa,pesos,0.5,0.105746,-0.300000,0.036768,0.000000,-1.000000,-0.000000,0.4908081,0.5264366,0.2583793
caixa,pesos,1.0,0.105746,-0.300000,0.036768,0.000000,-1.000000,-0.000000,0.4908081,0.5264365,0.2583793
caixa,cor,0.0,0.105746,-0.300000,0.036768,0.000000,-1.000000,-0.000000,0.4548632,0.07572865,0.1746569
caixa,cor,0.3,0.105746,-0.300000,0.036768,0.000000,-1.000000,-0.000000,0.4548632,0.07572865,0.1746569
caixa,cor,1.0,0.105746,-0.300000,0.036768,0.000000,-1.000000,-0.000000,0.4548632,0.07572865,0.1746569
caixa,normal,0.0,0.105746,-0.300000,0.036768,0.000000,-1.000000,-0.000000,-0.5822498,-0.812165,-0.03705835
caixa,pesos,0.2,0.013218,-0.300000,-0.024642,0.000000,-1.000000,-0.000000,0.5061605,0.5033044,0.2547528
caixa,pesos,0.5,0.013218,-0.300000,-0.024642,0.000000,-1.000000,-0.000000,0.5061605,0.5033044,0.2547528
caixa,pesos,1.0,0.013218,-0.300000,-0.024642,0.000000,-1.000000,-0.000000,0.5061604,0.5033044,0.2547528
caixa,cor,0.0,0.013218,-0.300000,-0.024642,0.000000,-1.000000,-0.000000,0.1147627,0.4151379,0.006078557
caixa,cor,0.3,0.013218,-0.300000,-0.024642,0.000000,-1.000000,-0.000000,0.1147627,0.4151379,0.006078557
caixa,cor,1.0,0.013218,-0.300000,-0.024642,0.000000,-1.000000,-0.000000,0.1147627,0.4151378,0.006078582
caixa,normal,0.0,0.013218,-0.300000,-0.024642,0.000000,-1.000000,-0.000000,0.775919,-0.5697492,-0.2708056
caixa,pesos,0.2,-0.079311,-0.300000,-0.086052,0.000000,-1.000000,-0.000000,0.521513,0.4801723,0.2504161
caixa,pesos,0.5,-0.079311,-0.300000,-0.086052,0.000000,-1.000000,-0.000000,0.521513,0.4801723,0.2504161
caixa,pesos,1.0,-0.079311,-0.300000,-0.086052,0.000000,-1.000000,-0.000000,0.5215129,0.4801723,0.250416
caixa,cor,0.0,-0.079311,-0.300000,-0.086052,0.000000,-1.000000,-0.000000,0.1467118,0.02947321,0.3775127
caixa,cor,0.3,-0.079311,-0.300000,-0.086052,0.000000,-1.000000,-0.000000,0.1467118,0.02947321,0.3775127
caixa,cor,1.0,-0.079311,-0.300000,-0.086052,0.000000,-1.000000,-0.000000,0.1467118,0.02947323,0.3775127
caixa,normal,0.0,-0.079311,-0.300000,-0.086052,0.000000,-1.000000,-0.000000,0.1250367,-0.6338863,-0.7632523
caixa,pesos,0.2,-0.171839,-0.300000,-0.147461,0.000000,-1.000000,-0.000000,0.5368654,0.4570402,0.245369
caixa,pesos,0.5,-0.171839,-0.300000,-0.147461,0.000000,-1.000000,-0.000000,0.5368654,0.4570402,0.245369
caixa,pesos,1.0,-0.171839,-0.300000,-0.147461,0.000000,-1.000000,-0.000000,0.5368653,0.4570402,0.245369
caixa,cor,0.0,-0.171839,-0.300000,-0.147461,0.000000,-1.000000,-0.000000,0.06082804,0.08418935,0.342351
caixa,cor,0.3,-0.171839,-0.300000,-0.147461,0.000000,-1.000000,-0.000000,0.06082804,0.08418935,0.342351
caixa,cor,1.0,-0.171839,-0.300000,-0.147461,0.000000,-1.000000,-0.000000,0.06082806,0.08418936,0.342351
caixa,normal,0.0,-0.171839,-0.300000,-0.147461,0.000000,-1.000000,-0.000000,-0.05884647,-0.872411,0.4852178
caixa,pesos,0.2,-0.264368,-0.300000,-0.208871,0.000000,-1.000000,-0.000000,0.5522178,0.433908,0.2396117
caixa,pesos,0.5,-0.264368,-0.300000,-0.208871,0.000000,-1.000000,-0.000000,0.5522178,0.433908,0.2396117
caixa,pesos,1.0,-0.264368,-0.300000,-0.208871,0.000000,-1.000000,-0.000000,0.5522177,0.433908,0.2396117
caixa,cor,0.0,-0.264368,-0.300000,-0.208871,0.000000,-1.000000,-0.000000,0.3101636,0.06205557,0.008265068
caixa,cor,0.3,-0.264368,-0.300000,-0.208871,0.000000,-1.000000,-0.000000,0.3101636,0.06205557,0.008265068
caixa,cor,1.0,-0.264368,-0.300000,-0.208871,0.000000,-1.000000,-0.000000,0.3101636,0.06205557,0.008265087
caixa,normal,0.0,-0.264368,-0.300000,-0.208871,0.000000,-1.000000,-0.000000,-0.6829233,-0.5340195,0.4984365
caixa,pesos,0.2,-0.356896,-0.300000,-0.270281,0.000000,-1.000000,-0.000000,0.5675702,0.410776,0.2331442
caixa,pesos,0.5,-0.356896,-0.300000,-0.270281,0.000000,-1.000000,-0.000000,0.5675702,0.410776,0.2331442
caixa,pesos,1.0,-0.356896,-0.300000,-0.270281,0.000000,-1.000000,-0.000000,0.5675701,0.4107759,0.2331442
caixa,cor,0.0,-0.356896,-0.300000,-0.270281,0.000000,-1.000000,-0.000000,0.02969204,0.149683,0.2798125
caixa,cor,0.3,-0.356896,-0.300000,-0.270281,0.000000,-1.000000,-0.000000,0.02969204,0.149683,0.2798125
caixa,cor,1.0,-0.356896,-0.300000,-0.270281,0.000000,-1.000000,-0.000000,0.02969205,0.149683,0.2798125
caixa,normal,0.0,-0.356896,-0.300000,-0.270281,0.000000,-1.000000,-0.000000,0.1093435,-0.9083825,0.4035903
caixa,pesos,0.2,-0.449425,-0.300000,-0.331690,0.000000,-1.000000,-0.000000,0.5829226,0.3876438,0.2259663
caixa,pesos,0.5,-0.449425,-0.300000,-0.331690,0.000000,-1.000000,-0.000000,0.5829226,0.3876438,0.2259663
caixa,pesos,1.0,-0.449425,-0.300000,-0.331690,0.000000,-1.000000,-0.000000,0.5829225,0.3876437,0.2259663
caixa,cor,0.0,-0.449425,-0.300000,-0.331690,0.000000,-1.000000,-0.000000,0.2512703,0.0001733539,0.1339946
caixa,cor,0.3,-0.449425,-0.300000,-0.331690,0.000000,-1.000000,-0.000000,0.2512703,0.0001733539,0.1339946
caixa,cor,1.0,-0.449425,-0.300000,-0.331690,0.000000,-1.000000,-0.000000,0.2512703,0.0001733774,0.1339945
caixa,normal,0.0,-0.449425,-0.300000,-0.331690,0.000000,-1.000000,-0.000000,0.5058253,-0.5905607,-0.6287916
caixa,pesos,0.2,-0.541953,-0.300000,-0.393100,0.000000,-1.000000,-0.000000,0.5982749,0.3645117,0.2180782
caixa,pesos,0.5,-0.541953,-0.300000,-0.393100,0.000000,-1.000000,-0.000000,0.5982749,0.3645117,0.2180782
caixa,pesos,1.0,-0.541953,-0.300000,-0.393100,0.000000,-1.000000,-0.000000,0.5982749,0.3645117,0.2180782
caixa,cor,0.0,-0.541953,-0.300000,-0.393100,0.000000,-1.000000,-0.000000,0.009417995,0.2234218,0.03321059
caixa,cor,0.3,-0.541953,-0.300000,-0.393100,0.000000,-1.000000,-0.000000,0.009417995,0.2234218,0.03321059
caixa,cor,1.0,-0.541953,-0.300000,-0.393100,0.000000,-1.000000,-0.000000,0.009418025,0.2234218,0.03321061
caixa,normal,0.0,-0.541953,-0.300000,-0.393100,0.000000,-1.000000,-0.000000,0.444423,-0.6713992,-0.5930524
caixa,pesos,0.2,-0.634482,-0.300000,-0.454509,0.000000,-1.000000,-0.000000,0.6136274,0.3413796,0.2094799
caixa,pesos,0.5,-0.634482,-0.300000,-0.454509,0.000000,-1.000000,-0.000000,0.6136274,0.3413796,0.2094799
caixa,pesos,1.0,-0.634482,-0.300000,-0.454509,0.000000,-1.000000,-0.000000,0.6136273,0.3413796,0.2094799
caixa,cor,0.0,-0.634482,-0.300000,-0.454509,0.000000,-1.000000,-0.000000,0.1974209,0.02773215,0.1378794
caixa,cor,0.3,-0.634482,-0.300000,-0.454509,0.000000,-1.000000,-0.000000,0.1974209,0.02773215,0.1378794
caixa,cor,1.0,-0.634482,-0.300000,-0.454509,0.000000,-1.000000,-0.000000,0.1974209,0.02773215,0.1378794
caixa,normal,0.0,-0.634482,-0.300000,-0.454509,0.000000,-1.000000,-0.000000,-0.388552,-0.8472669,0.3621688
caixa,pesos,0.2,-0.722532,-0.283468,-0.500000,0.000000,0.000000,-1.000000,0.6806331,0.4291329,0.292082
caixa,pesos,0.5,-0.722532,-0.283468,-0.500000,0.000000,0.000000,-1.000000,0.6806331,0.4291329,0.292082
caixa,pesos,1.0,-0.722532,-0.283468,-0.500000,0.000000,0.000000,-1.000000,0.6806331,0.4291329,0.292082
caixa,cor,0.0,-0.722532,-0.283468,-0.500000,0.000000,0.000000,-1.000000,0.2112005,0.06677956,0.4633843
caixa,cor,0.3,-0.722532,-0.283468,-0.500000,0.000000,0.000000,-1.000000,0.2112005,0.06677956,0.4633843
caixa,cor,1.0,-0.722532,-0.283468,-0.500000,0.000000,0.000000,-1.000000,0.2112005,0.06677956,0.4633843
caixa,normal,0.0,-0.722532,-0.283468,-0.500000,0.000000,0.000000,-1.000000,-0.6753349,-0.0740099,-0.7337885
caixa,pesos,0.2,-0.797785,-0.219695,-0.500000,0.000000,0.000000,-1.000000,0.6994461,0.4450762,0.3113068
caixa,pesos,0.5,-0.797785,-0.219695,-0.500000,0.000000,0.000000,-1.000000,0.6994461,0.4450762,0.3113068
caixa,pesos,1.0,-0.797785,-0.219695,-0.500000,0.000000,0.000000,-1.000000,0.6994461,0.4450762,0.3113068
caixa,cor,0.0,-0.797785,-0.219695,-0.500000,0.000000,0.000000,-1.000000,2.04911e-05,0.9121467,0.3191316
caixa,cor,0.3,-0.797785,-0.219695,-0.500000,0.000000,0.000000,-1.000000,2.04911e-05,0.9121467,0.3191316
caixa,cor,1.0,-0.797785,-0.219695,-0.500000,0.000000,0.000000,-1.000000,2.053762e-05,0.9121467,0.3191316
caixa,normal,0.0,-0.797785,-0.219695,-0.500000,0.000000,0.000000,-1.000000,0.3152795,-0.8645842,-0.3912711
caixa,pesos,0.2,-0.800000,0.113698,-0.240373,-1.000000,0.000000,-0.000000,0.4399067,0.5284246,0.2324575
caixa,pesos,0.5,-0.800000,0.113698,-0.240373,-1.000000,0.000000,-0.000000,0.4399067,0.5284246,0.2324575
caixa,pesos,1.0,-0.800000,0.113698,-0.240373,-1.000000,0.000000,-0.000000,0.4399066,0.5284245,0.2324575
caixa,cor,0.0,-0.800000,0.113698,-0.240373,-1.000000,0.000000,-0.000000,0.0664456,0.3339887,0.08423566
caixa,cor,0.3,-0.800000,0.113698,-0.240373,-1.000000,0.000000,-0.000000,0.0664456,0.3339887,0.08423566
caixa,cor,1.0,-0.800000,0.113698,-0.240373,-1.000000,0.000000,-0.000000,0.06644561,0.3339887,0.08423567
caixa,normal,0.0,-0.800000,0.113698,-0.240373,-1.000000,0.000000,-0.000000,-0.6960889,-0.1470889,-0.7027268
caixa,pesos,0.2,0.782984,-0.300000,0.351885,0.000000,-1.000000,-0.000000,0.4120288,0.6957461,0.2866674
caixa,pesos,0.5,0.782984,-0.300000,0.351885,0.000000,-1.000000,-0.000000,0.4120288,0.6957461,0.2866674
caixa,pesos,1.0,0.782984,-0.300000,0.351885,0.000000,-1.000000,-0.000000,0.4120288,0.695746,0.2866674
caixa,cor,0.0,0.782984,-0.300000,0.351885,0.000000,-1.000000,-0.000000,0.4094465,0.003113996,0.003113996
caixa,cor,0.3,0.782984,-0.300000,0.351885,0.000000,-1.000000,-0.000000,0.4094465,0.003113996,0.003113996
caixa,cor,1.0,0.782984,-0.300000,0.351885,0.000000,-1.000000,-0.000000,0.4094465,0.003113999,0.003114036
caixa,normal,0.0,0.782984,-0.300000,0.351885,0.000000,-1.000000,-0.000000,0.1414654,-0.8253067,0.5466776
caixa,pesos,0.2,0.690456,-0.300000,0.290475,0.000000,-1.000000,-0.000000,0.4273812,0.6726139,0.2874626
caixa,pesos,0.5,0.690456,-0.300000,0.290475,0.000000,-1.000000,-0.000000,0.4273812,0.6726139,0.2874626
caixa,pesos,1.0,0.690456,-0.300000,0.290475,0.000000,-1.000000,-0.000000,0.4273812,0.6726139,0.2874626
caixa,cor,0.0,0.690456,-0.300000,0.290475,0.000000,-1.000000,-0.000000,0.02146477,0.3721307,0.3721307
caixa,cor,0.3,0.690456,-0.300000,0.290475,0.000000,-1.000000,-0.000000,0.02146477,0.3721307,0.3721307
caixa,cor,1.0,0.690456,-0.300000,0.290475,0.000000,-1.000000,-0.000000,0.02146477,0.3721306,0.3721307
caixa,normal,0.0,0.690456,-0.300000,0.290475,0.000000,-1.000000,-0.000000,-0.7946472,-0.3049695,0.524909
caixa,pesos,0.2,0.597927,-0.300000,0.229066,0.000000,-1.000000,-0.000000,0.4427336,0.6494818,0.2875474
caixa,pesos,0.5,0.597927,-0.300000,0.229066,0.000000,-1.000000,-0.000000,0.4427336,0.6494818,0.2875474
caixa,pesos,1.0,0.597927,-0.300000,0.229066,0.000000,-1.000000,-0.000000,0.4427336,0.6494818,0.2875474
caixa,cor,0.0,0.597927,-0.300000,0.229066,0.000000,-1.000000,-0.000000,0.337478,0.05755441,0.05755441
caixa,cor,0.3,0.597927,-0.300000,0.229066,0.000000,-1.000000,-0.000000,0.337478,0.05755441,0.05755441
caixa,cor,1.0,0.597927,-0.300000,0.229066,0.000000,-1.000000,-0.000000,0.337478,0.0575544,0.05755441
caixa,normal,0.0,0.597927,-0.300000,0.229066,0.000000,-1.000000,-0.000000,-0.3606598,-0.7040408,0.6117606
caixa,pesos,0.2,0.505399,-0.300000,0.167656,0.000000,-1.000000,-0.000000,0.458086,0.6263497,0.286922
caixa,pesos,0.5,0.505399,-0.300000,0.167656,0.000000,-1.000000,-0.000000,0.458086,0.6263497,0.286922
caixa,pesos,1.0,0.505399,-0.300000,0.167656,0.000000,-1.000000,-0.000000,0.458086,0.6263496,0.286922
caixa,cor,0.0,0.505399,-0.300000,0.167656,0.000000,-1.000000,-0.000000,0.01462621,0.3055628,0.005077226
caixa,cor,0.3,0.505399,-0.300000,0.167656,0.000000,-1.000000,-0.000000,0.01462621,0.3055628,0.005077226
caixa,cor,1.0,0.505399,-0.300000,0.167656,0.000000,-1.000000,-0.000000,0.01462622,0.3055627,0.005077248
caixa,normal,0.0,0.505399,-0.300000,0.167656,0.000000,-1.000000,-0.000000,0.5701466,-0.4511676,-0.6865718
caixa,pesos,0.2,0.412870,-0.300000,0.106246,0.000000,-1.000000,-0.000000,0.4734384,0.6032175,0.2855864
caixa,pesos,0.5,0.412870,-0.300000,0.106246,0.000000,-1.000000,-0.000000,0.4734384,0.6032175,0.2855864
caixa,pesos,1.0,0.412870,-0.300000,0.106246,0.000000,-1.000000,-0.000000,0.4734384,0.6032175,0.2855863
caixa,cor,0.0,0.412870,-0.300000,0.106246,0.000000,-1.000000,-0.000000,0.2242983,0.0225446,0.2754821
caixa,cor,0.3,0.412870,-0.300000,0.106246,0.000000,-1.000000,-0.000000,0.2242983,0.0225446,0.2754821
caixa,cor,1.0,0.412870,-0.300000,0.106246,0.000000,-1.000000,-0.000000,0.2242983,0.02254461,0.2754821
caixa,normal,0.0,0.412870,-0.300000,0.106246,0.000000,-1.000000,-0.000000,0.732049,-0.3785894,-0.5663695
caixa,pesos,0.2,0.320342,-0.300000,0.044837,0.000000,-1.000000,-0.000000,0.4887908,0.5800854,0.2835405
caixa,pesos,0.5,0.320342,-0.300000,0.044837,0.000000,-1.000000,-0.000000,0.4887908,0.5800854,0.2835405
caixa,pesos,1.0,0.320342,-0.300000,0.044837,0.000000,-1.000000,-0.000000,0.4887908,0.5800853,0.2835405
caixa,cor,0.0,0.320342,-0.300000,0.044837,0.000000,-1.000000,-0.000000,0.1175472,0.1968436,0.0184894
caixa,cor,0.3,0.320342,-0.300000,0.044837,0.000000,-1.000000,-0.000000,0.1175472,0.1968436,0.0184894
caixa,cor,1.0,0.320342,-0.300000,0.044837,0.000000,-1.000000,-0.000000,0.1175472,0.1968436,0.01848942
caixa,normal,0.0,0.320342,-0.300000,0.044837,0.000000,-1.000000,-0.000000,-0.3529345,-0.8639741,0.3591464
caixa,pesos,0.2,0.227813,-0.300000,-0.016573,0.000000,-1.000000,-0.000000,0.5041432,0.5569533,0.2807842
caixa,pesos,0.5,0.227813,-0.300000,-0.016573,0.000000,-1.000000,-0.000000,0.5041432,0.5569533,0.2807842
caixa,pesos,1.0,0.227813,-0.300000,-0.016573,0.000000,-1.000000,-0.000000,0.5041432,0.5569533,0.2807842
caixa,cor,0.0,0.227813,-0.300000,-0.016573,0.000000,-1.000000,-0.000000,0.006584746,0.02754167,0.2194626
caixa,cor,0.3,0.227813,-0.300000,-0.016573,0.000000,-1.000000,-0.000000,0.006584746,0.02754167,0.2194626
caixa,cor,1.0,0.227813,-0.300000,-0.016573,0.000000,-1.000000,-0.000000,0.006584761,0.02754168,0.2194626
caixa,normal,0.0,0.227813,-0.300000,-0.016573,0.000000,-1.000000,-0.000000,-0.721503,-0.321201,0.6134031
caixa,pesos,0.2,0.135285,-0.300000,-0.077983,0.000000,-1.000000,-0.000000,0.5194957,0.5338212,0.2773178
caixa,pesos,0.5,0.135285,-0.300000,-0.077983,0.000000,-1.000000,-0.000000,0.5194957,0.5338212,0.2773178
caixa,pesos,1.0,0.135285,-0.300000,-0.077983,0.000000,-1.000000,-0.000000,0.5194957,0.5338211,0.2773178
caixa,cor,0.0,0.135285,-0.300000,-0.077983,0.000000,-1.000000,-0.000000,0.1937388,0.1310299,0.02155229
caixa,cor,0.3,0.135285,-0.300000,-0.077983,0.000000,-1.000000,-0.000000,0.1937388,0.1310299,0.02155229
caixa,cor,1.0,0.135285,-0.300000,-0.077983,0.000000,-1.000000,-0.000000,0.1937388,0.1310299,0.02155229
caixa,normal,0.0,0.135285,-0.300000,-0.077983,0.000000,-1.000000,-0.000000,-0.392638,-0.7680662,0.5058752
caixa,pesos,0.2,0.042756,-0.300000,-0.139392,0.000000,-1.000000,-0.000000,0.5348481,0.5106891,0.2731411
caixa,pesos,0.5,0.042756,-0.300000,-0.139392,0.000000,-1.000000,-0.000000,0.5348481,0.5106891,0.2731411
caixa,pesos,1.0,0.042756,-0.300000,-0.139392,0.000000,-1.000000,-0.000000,0.534848,0.510689,0.2731411
caixa,cor,0.0,0.042756,-0.300000,-0.139392,0.000000,-1.000000,-0.000000,0.0001352868,0.1698649,0.06482228
caixa,cor,0.3,0.042756,-0.300000,-0.139392,0.000000,-1.000000,-0.000000,0.0001352868,0.1698649,0.06482228
caixa,cor,1.0,0.042756,-0.300000,-0.139392,0.000000,-1.000000,-0.000000,0.0001353053,0.1698649,0.0648223
caixa,normal,0.0,0.042756,-0.300000,-0.139392,0.000000,-1.000000,-0.000000,0.5885706,-0.3964876,-0.7045441
caixa,pesos,0.2,-0.049772,-0.300000,-0.200802,0.000000,-1.000000,-0.000000,0.5502005,0.4875569,0.268254
caixa,pesos,0.5,-0.049772,-0.300000,-0.200802,0.000000,-1.000000,-0.000000,0.5502005,0.4875569,0.268254
caixa,pesos,1.0,-0.049772,-0.300000,-0.200802,0.000000,-1.000000,-0.000000,0.5502004,0.4875569,0.268254
caixa,cor,0.0,-0.049772,-0.300000,-0.200802,0.000000,-1.000000,-0.000000,0.147802,0.007239389,0.03550126
caixa,cor,0.3,-0.049772,-0.300000,-0.200802,0.000000,-1.000000,-0.000000,0.147802,0.007239389,0.03550126
caixa,cor,1.0,-0.049772,-0.300000,-0.200802,0.000000,-1.000000,-0.000000,0.147802,0.007239408,0.03550128
caixa,normal,0.0,-0.049772,-0.300000,-0.200802,0.000000,-1.000000,-0.000000,0.7896366,-0.3631909,-0.4945364
caixa,pesos,0.2,-0.142301,-0.300000,-0.262212,0.000000,-1.000000,-0.000000,0.5655528,0.4644247,0.2626567
caixa,pesos,0.5,-0.142301,-0.300000,-0.262212,0.000000,-1.000000,-0.000000,0.5655528,0.4644247,0.2626567
caixa,pesos,1.0,-0.142301,-0.300000,-0.262212,0.000000,-1.000000,-0.000000,0.5655528,0.4644247,0.2626567
caixa,cor,0.0,-0.142301,-0.300000,-0.262212,0.000000,-1.000000,-0.000000,0.1275103,0.01902627,0.04695858
caixa,cor,0.3,-0.142301,-0.300000,-0.262212,0.000000,-1.000000,-0.000000,0.1275103,0.01902627,0.04695858
caixa,cor,1.0,-0.142301,-0.300000,-0.262212,0.000000,-1.000000,-0.000000,0.1275103,0.01902626,0.04695858
caixa,normal,0.0,-0.142301,-0.300000,-0.262212,0.000000,-1.000000,-0.000000,-0.6582038,-0.7315569,0.1777424
caixa,pesos,0.2,-0.234829,-0.300000,-0.323621,0.000000,-1.000000,-0.000000,0.5809053,0.4412926,0.2563492
caixa,pesos,0.5,-0.234829,-0.300000,-0.323621,0.000000,-1.000000,-0.000000,0.5809053,0.4412926,0.2563492
caixa,pesos,1.0,-0.234829,-0.300000,-0.323621,0.000000,-1.000000,-0.000000,0.5809053,0.4412926,0.2563492
caixa,cor,0.0,-0.234829,-0.300000,-0.323621,0.000000,-1.000000,-0.000000,0.03005924,0.1089402,0.001373218
caixa,cor,0.3,-0.234829,-0.300000,-0.323621,0.000000,-1.000000,-0.000000,0.03005924,0.1089402,0.001373218
caixa,cor,1.0,-0.234829,-0.300000,-0.323621,0.000000,-1.000000,-0.000000,0.03005926,0.1089402,0.00137324
caixa,normal,0.0,-0.234829,-0.300000,-0.323621,0.000000,-1.000000,-0.000000,-0.5607827,-0.331797,0.7585733
caixa,pesos,0.2,-0.327358,-0.300000,-0.385031,0.000000,-1.000000,-0.000000,0.5962577,0.4181605,0.2493314
caixa,pesos,0.5,-0.327358,-0.300000,-0.385031,0.000000,-1.000000,-0.000000,0.5962577,0.4181605,0.2493314
caixa,pesos,1.0,-0.327358,-0.300000,-0.385031,0.000000,-1.000000,-0.000000,0.5962576,0.4181605,0.2493314
caixa,cor,0.0,-0.327358,-0.300000,-0.385031,0.000000,-1.000000,-0.000000,0.03895306,0.03746805,0.1338044
caixa,cor,0.3,-0.327358,-0.300000,-0.385031,0.000000,-1.000000,-0.000000,0.03895306,0.03746805,0.1338044
caixa,cor,1.0,-0.327358,-0.300000,-0.385031,0.000000,-1.000000,-0.000000,0.03895307,0.03746806,0.1338044
caixa,normal,0.0,-0.327358,-0.300000,-0.385031,0.000000,-1.000000,-0.000000,-0.7486271,-0.6624663,0.0263828
caixa,pesos,0.2,-0.419886,-0.300000,-0.446441,0.000000,-1.000000,-0.000000,0.6116102,0.3950284,0.2416034
caixa,pesos,0.5,-0.419886,-0.300000,-0.446441,0.000000,-1.000000,-0.000000,0.6116102,0.3950284,0.2416034
caixa,pesos,1.0,-0.419886,-0.300000,-0.446441,0.000000,-1.000000,-0.000000,0.6116101,0.3950284,0.2416034
caixa,cor,0.0,-0.419886,-0.300000,-0.446441,0.000000,-1.000000,-0.000000,0.2997977,0.1193259,0.1089894
caixa,cor,0.3,-0.419886,-0.300000,-0.446441,0.000000,-1.000000,-0.000000,0.2997977,0.1193259,0.1089894
caixa,cor,1.0,-0.419886,-0.300000,-0.446441,0.000000,-1.000000,-0.000000,0.2997977,0.1193259,0.1089894
caixa,normal,0.0,-0.419886,-0.300000,-0.446441,0.000000,-1.000000,-0.000000,0.8355639,-0.36156,-0.4136515
caixa,pesos,0.2,-0.510206,-0.291848,-0.500000,0.000000,0.000000,-1.000000,0.6275517,0.427038,0.2679884
caixa,pesos,0.5,-0.510206,-0.291848,-0.500000,0.000000,0.000000,-1.000000,0.6275517,0.427038,0.2679884
caixa,pesos,1.0,-0.510206,-0.291848,-0.500000,0.000000,0.000000,-1.000000,0.6275517,0.427038,0.2679884
caixa,cor,0.0,-0.510206,-0.291848,-0.500000,0.000000,0.000000,-1.000000,0.3883727,0.5644715,0.002438656
caixa,cor,0.3,-0.510206,-0.291848,-0.500000,0.000000,0.000000,-1.000000,0.3883727,0.5644715,0.002438656
caixa,cor,1.0,-0.510206,-0.291848,-0.500000,0.000000,0.000000,-1.000000,0.3883728,0.5644715,0.002438669
caixa,normal,0.0,-0.510206,-0.291848,-0.500000,0.000000,0.000000,-1.000000,0.8023,-0.296174,-0.5182624
caixa,pesos,0.2,-0.585459,-0.228075,-0.500000,0.000000,0.000000,-1.000000,0.6463647,0.4429813,0.2863275
caixa,pesos,0.5,-0.585459,-0.228075,-0.500000,0.000000,0.000000,-1.000000,0.6463647,0.4429813,0.2863275
caixa,pesos,1.0,-0.585459,-0.228075,-0.500000,0.000000,0.000000,-1.000000,0.6463647,0.4429813,0.2863275
caixa,cor,0.0,-0.585459,-0.228075,-0.500000,0.000000,0.000000,-1.000000,0.4983773,0.1445947,0.01162496
caixa,cor,0.3,-0.585459,-0.228075,-0.500000,0.000000,0.000000,-1.000000,0.4983773,0.1445947,0.01162496
caixa,cor,1.0,-0.585459,-0.228075,-0.500000,0.000000,0.000000,-1.000000,0.4983773,0.1445947,0.01162496
caixa,normal,0.0,-0.585459,-0.228075,-0.500000,0.000000,0.000000,-1.000000,-0.1046276,0.8310323,-0.5462954
caixa,pesos,0.2,-0.660712,-0.164302,-0.500000,0.000000,0.000000,-1.000000,0.6651781,0.4589245,0.3052665
caixa,pesos,0.5,-0.660712,-0.164302,-0.500000,0.000000,0.000000,-1.000000,0.6651781,0.4589245,0.3052665
caixa,pesos,1.0,-0.660712,-0.164302,-0.500000,0.000000,0.000000,-1.000000,0.6651781,0.4589246,0.3052665
caixa,cor,0.0,-0.660712,-0.164302,-0.500000,0.000000,0.000000,-1.000000,0.08566878,0.2472976,0.01265545
caixa,cor,0.3,-0.660712,-0.164302,-0.500000,0.000000,0.000000,-1.000000,0.08566878,0.2472976,0.01265545
caixa,cor,1.0,-0.660712,-0.164302,-0.500000,0.000000,0.000000,-1.000000,0.08566878,0.2472976,0.01265547
caixa,normal,0.0,-0.660712,-0.164302,-0.500000,0.000000,0.000000,-1.000000,-0.2068928,0.6745839,-0.7086129
caixa,pesos,0.2,-0.735965,-0.100528,-0.500000,0.000000,0.000000,-1.000000,0.6839913,0.474868,0.3248055
caixa,pesos,0.5,-0.735965,-0.100528,-0.500000,0.000000,0.000000,-1.000000,0.6839913,0.474868,0.3248055
caixa,pesos,1.0,-0.735965,-0.100528,-0.500000,0.000000,0.000000,-1.000000,0.6839913,0.474868,0.3248055
caixa,cor,0.0,-0.735965,-0.100528,-0.500000,0.000000,0.000000,-1.000000,0.1012771,0.07045687,0.013363
caixa,cor,0.3,-0.735965,-0.100528,-0.500000,0.000000,0.000000,-1.000000,0.1012771,0.07045687,0.013363
caixa,cor,1.0,-0.735965,-0.100528,-0.500000,0.000000,0.000000,-1.000000,0.1012771,0.07045687,0.013363
caixa,normal,0.0,-0.735965,-0.100528,-0.500000,0.000000,0.000000,-1.000000,-0.5417765,0.7616601,-0.3554606
caixa,pesos,0.2,-0.800000,0.004656,-0.460123,-1.000000,0.000000,-0.000000,0.3849692,0.5011641,0.1929328
caixa,pesos,0.5,-0.800000,0.004656,-0.460123,-1.000000,0.000000,-0.000000,0.3849692,0.5011641,0.1929328
caixa,pesos,1.0,-0.800000,0.004656,-0.460123,-1.000000,0.000000,-0.000000,0.3849692,0.501164,0.1929327
caixa,cor,0.0,-0.800000,0.004656,-0.460123,-1.000000,0.000000,-0.000000,0.3585642,0.4672244,0.006625154
caixa,cor,0.3,-0.800000,0.004656,-0.460123,-1.000000,0.000000,-0.000000,0.3585642,0.4672244,0.006625154
caixa,cor,1.0,-0.800000,0.004656,-0.460123,-1.000000,0.000000,-0.000000,0.3585642,0.4672244,0.006625186
caixa,normal,0.0,-0.800000,0.004656,-0.460123,-1.000000,0.000000,-0.000000,-0.6232954,0.7771263,-0.08705044
caixa,pesos,0.2,0.719993,-0.300000,0.175725,0.000000,-1.000000,-0.000000,0.4560688,0.6799983,0.310126
caixa,pesos,0.5,0.719993,-0.300000,0.175725,0.000000,-1.000000,-0.000000,0.4560688,0.6799983,0.310126
caixa,pesos,1.0,0.719993,-0.300000,0.175725,0.000000,-1.000000,-0.000000,0.4560687,0.6799983,0.310126
caixa,cor,0.0,0.719993,-0.300000,0.175725,0.000000,-1.000000,-0.000000,0.1150623,0.1446977,0.005078143
caixa,cor,0.3,0.719993,-0.300000,0.175725,0.000000,-1.000000,-0.000000,0.1150623,0.1446977,0.005078143
caixa,cor,1.0,0.719993,-0.300000,0.175725,0.000000,-1.000000,-0.000000,0.1150623,0.1446977,0.005078163
caixa,normal,0.0,0.719993,-0.300000,0.175725,0.000000,-1.000000,-0.000000,-0.134081,-0.6510117,0.7471321
caixa,pesos,0.2,0.627465,-0.300000,0.114316,0.000000,-1.000000,-0.000000,0.4714211,0.6568663,0.3096606
caixa,pesos,0.5,0.627465,-0.300000,0.114316,0.000000,-1.000000,-0.000000,0.4714211,0.6568663,0.3096606
caixa,pesos,1.0,0.627465,-0.300000,0.114316,0.000000,-1.000000,-0.000000,0.4714211,0.6568662,0.3096606
caixa,cor,0.0,0.627465,-0.300000,0.114316,0.000000,-1.000000,-0.000000,0.1041009,0.1246599,0.0151872
caixa,cor,0.3,0.627465,-0.300000,0.114316,0.000000,-1.000000,-0.000000,0.1041009,0.1246599,0.0151872
caixa,cor,1.0,0.627465,-0.300000,0.114316,0.000000,-1.000000,-0.000000,0.1041009,0.1246599,0.01518722
caixa,normal,0.0,0.627465,-0.300000,0.114316,0.000000,-1.000000,-0.000000,-0.2203418,-0.868185,-0.4446394
caixa,pesos,0.2,0.534937,-0.300000,0.052906,0.000000,-1.000000,-0.000000,0.4867736,0.6337341,0.308485
caixa,pesos,0.5,0.534937,-0.300000,0.052906,0.000000,-1.000000,-0.000000,0.4867736,0.6337341,0.308485
caixa,pesos,1.0,0.534937,-0.300000,0.052906,0.000000,-1.000000,-0.000000,0.4867735,0.633734,0.308485
caixa,cor,0.0,0.534937,-0.300000,0.052906,0.000000,-1.000000,-0.000000,0.0001146158,0.1063422,0.1063422
caixa,cor,0.3,0.534937,-0.300000,0.052906,0.000000,-1.000000,-0.000000,0.0001146158,0.1063422,0.1063422
caixa,cor,1.0,0.534937,-0.300000,0.052906,0.000000,-1.000000,-0.000000,0.00011463,0.1063421,0.1063422
caixa,normal,0.0,0.534937,-0.300000,0.052906,0.000000,-1.000000,-0.000000,0.75769,-0.5384592,-0.3687377
caixa,pesos,0.2,0.442408,-0.300000,-0.008503,0.000000,-1.000000,-0.000000,0.5021259,0.6106021,0.3065991
caixa,pesos,0.5,0.442408,-0.300000,-0.008503,0.000000,-1.000000,-0.000000,0.5021259,0.6106021,0.3065991
caixa,pesos,1.0,0.442408,-0.300000,-0.008503,0.000000,-1.000000,-0.000000,0.5021259,0.610602,0.3065991
caixa,cor,0.0,0.442408,-0.300000,-0.008503,0.000000,-1.000000,-0.000000,0.09359021,0.008376955,0.04756822
caixa,cor,0.3,0.442408,-0.300000,-0.008503,0.000000,-1.000000,-0.000000,0.09359021,0.008376955,0.04756822
caixa,cor,1.0,0.442408,-0.300000,-0.008503,0.000000,-1.000000,-0.000000,0.0935902,0.008376969,0.04756825
caixa,normal,0.0,0.442408,-0.300000,-0.008503,0.000000,-1.000000,-0.000000,-0.3187423,-0.7431465,-0.5883336
caixa,pesos,0.2,0.349880,-0.300000,-0.069913,0.000000,-1.000000,-0.000000,0.5174783,0.5874699,0.3040029
caixa,pesos,0.5,0.349880,-0.300000,-0.069913,0.000000,-1.000000,-0.000000,0.5174783,0.5874699,0.3040029
caixa,pesos,1.0,0.349880,-0.300000,-0.069913,0.000000,-1.000000,-0.000000,0.5174783,0.5874699,0.3040029
caixa,cor,0.0,0.349880,-0.300000,-0.069913,0.000000,-1.000000,-0.000000,0.2304952,0.4037574,0.1074618
caixa,cor,0.3,0.349880,-0.300000,-0.069913,0.000000,-1.000000,-0.000000,0.2304952,0.4037574,0.1074618
caixa,cor,1.0,0.349880,-0.300000,-0.069913,0.000000,-1.000000,-0.000000,0.2304951,0.4037574,0.1074617
caixa,normal,0.0,0.349880,-0.300000,-0.069913,0.000000,-1.000000,-0.000000,-0.009346604,-0.6327541,0.7742965
caixa,pesos,0.2,0.257351,-0.300000,-0.131323,0.000000,-1.000000,-0.000000,0.5328308,0.5643377,0.3006965
caixa,pesos,0.5,0.257351,-0.300000,-0.131323,0.000000,-1.000000,-0.000000,0.5328308,0.5643377,0.3006965
caixa,pesos,1.0,0.257351,-0.300000,-0.131323,0.000000,-1.000000,-0.000000,0.5328308,0.5643377,0.3006965
caixa,cor,0.0,0.257351,-0.300000,-0.131323,0.000000,-1.000000,-0.000000,0.01014712,0.5957267,0.718678
caixa,cor,0.3,0.257351,-0.300000,-0.131323,0.000000,-1.000000,-0.000000,0.01014712,0.5957267,0.718678
caixa,cor,1.0,0.257351,-0.300000,-0.131323,0.000000,-1.000000,-0.000000,0.01014713,0.5957267,0.7186779
caixa,normal,0.0,0.257351,-0.300000,-0.131323,0.000000,-1.000000,-0.000000,-0.7739719,-0.5948877,0.2169707
caixa,pesos,0.2,0.164823,-0.300000,-0.192732,0.000000,-1.000000,-0.000000,0.5481831,0.5412056,0.2966798
caixa,pesos,0.5,0.164823,-0.300000,-0.192732,0.000000,-1.000000,-0.000000,0.5481831,0.5412056,0.2966798
caixa,pesos,1.0,0.164823,-0.300000,-0.192732,0.000000,-1.000000,-0.000000,0.5481831,0.5412056,0.2966798
caixa,cor,0.0,0.164823,-0.300000,-0.192732,0.000000,-1.000000,-0.000000,0.9801519,0.04383809,0.04383809
caixa,cor,0.3,0.164823,-0.300000,-0.192732,0.000000,-1.000000,-0.000000,0.9801519,0.04383809,0.04383809
caixa,cor,1.0,0.164823,-0.300000,-0.192732,0.000000,-1.000000,-0.000000,0.9801518,0.04383812,0.04383809
caixa,normal,0.0,0.164823,-0.300000,-0.192732,0.000000,-1.000000,-0.000000,0.7222233,-0.6781703,0.1359355
caixa,pesos,0.2,0.072294,-0.300000,-0.254142,0.000000,-1.000000,-0.000000,0.5635355,0.5180736,0.2919528
caixa,pesos,0.5,0.072294,-0.300000,-0.254142,0.000000,-1.000000,-0.000000,0.5635355,0.5180736,0.2919528
caixa,pesos,1.0,0.072294,-0.300000,-0.254142,0.000000,-1.000000,-0.000000,0.5635354,0.5180735,0.2919528
caixa,cor,0.0,0.072294,-0.300000,-0.254142,0.000000,-1.000000,-0.000000,0.1350788,0.9175283,0.9175283
caixa,cor,0.3,0.072294,-0.300000,-0.254142,0.000000,-1.000000,-0.000000,0.1350788,0.9175283,0.9175283
caixa,cor,1.0,0.072294,-0.300000,-0.254142,0.000000,-1.000000,-0.000000,0.1350788,0.9175282,0.9175282
caixa,normal,0.0,0.072294,-0.300000,-0.254142,0.000000,-1.000000,-0.000000,0.03114724,-0.5508225,-0.8340411
caixa,pesos,0.2,-0.020234,-0.300000,-0.315552,0.000000,-1.000000,-0.000000,0.578888,0.4949414,0.2865156
caixa,pesos,0.5,-0.020234,-0.300000,-0.315552,0.000000,-1.000000,-0.000000,0.578888,0.4949414,0.2865156
caixa,pesos,1.0,-0.020234,-0.300000,-0.315552,0.000000,-1.000000,-0.000000,0.5788879,0.4949414,0.2865156
caixa,cor,0.0,-0.020234,-0.300000,-0.315552,0.000000,-1.000000,-0.000000,0.6526968,0.00783267,0.8573079
caixa,cor,0.3,-0.020234,-0.300000,-0.315552,0.000000,-1.000000,-0.000000,0.6526968,0.00783267,0.8573079
caixa,cor,1.0,-0.020234,-0.300000,-0.315552,0.000000,-1.000000,-0.000000,0.6526968,0.007832672,0.8573077
caixa,normal,0.0,-0.020234,-0.300000,-0.315552,0.000000,-1.000000,-0.000000,0.6314564,-0.7557415,0.173545
caixa,pesos,0.2,-0.112763,-0.300000,-0.376961,0.000000,-1.000000,-0.000000,0.5942403,0.4718093,0.2803681
caixa,pesos,0.5,-0.112763,-0.300000,-0.376961,0.000000,-1.000000,-0.000000,0.5942403,0.4718093,0.2803681
caixa,pesos,1.0,-0.112763,-0.300000,-0.376961,0.000000,-1.000000,-0.000000,0.5942402,0.4718092,0.2803681
caixa,cor,0.0,-0.112763,-0.300000,-0.376961,0.000000,-1.000000,-0.000000,0.09056661,0.7994557,0.05043158
caixa,cor,0.3,-0.112763,-0.300000,-0.376961,0.000000,-1.000000,-0.000000,0.09056661,0.7994557,0.05043158
caixa,cor,1.0,-0.112763,-0.300000,-0.376961,0.000000,-1.000000,-0.000000,0.09056661,0.7994556,0.05043161
caixa,normal,0.0,-0.112763,-0.300000,-0.376961,0.000000,-1.000000,-0.000000,-0.8132434,-0.5421726,0.2113864
caixa,pesos,0.2,-0.205291,-0.300000,-0.438371,0.000000,-1.000000,-0.000000,0.6095928,0.4486772,0.2735104
caixa,pesos,0.5,-0.205291,-0.300000,-0.438371,0.000000,-1.000000,-0.000000,0.6095928,0.4486772,0.2735104
caixa,pesos,1.0,-0.205291,-0.300000,-0.438371,0.000000,-1.000000,-0.000000,0.6095927,0.4486772,0.2735104
caixa,cor,0.0,-0.205291,-0.300000,-0.438371,0.000000,-1.000000,-0.000000,0.2485701,0.6693744,0.08399299
caixa,cor,0.3,-0.205291,-0.300000,-0.438371,0.000000,-1.000000,-0.000000,0.2485701,0.6693744,0.08399299
caixa,cor,1.0,-0.205291,-0.300000,-0.438371,0.000000,-1.000000,-0.000000,0.2485701,0.6693743,0.083993
caixa,normal,0.0,-0.205291,-0.300000,-0.438371,0.000000,-1.000000,-0.000000,0.09855556,-0.6167529,0.7809627
caixa,pesos,0.2,-0.297820,-0.300000,-0.499781,0.000000,-1.000000,-0.000000,0.6249452,0.425545,0.2659423
caixa,pesos,0.5,-0.297820,-0.300000,-0.499781,0.000000,-1.000000,-0.000000,0.6249452,0.425545,0.2659423
caixa,pesos,1.0,-0.297820,-0.300000,-0.499781,0.000000,-1.000000,-0.000000,0.6249451,0.425545,0.2659423
caixa,cor,0.0,-0.297820,-0.300000,-0.499781,0.000000,-1.000000,-0.000000,0.01247621,0.072277,0.6950839
caixa,cor,0.3,-0.297820,-0.300000,-0.499781,0.000000,-1.000000,-0.000000,0.01247621,0.072277,0.6950839
caixa,cor,1.0,-0.297820,-0.300000,-0.499781,0.000000,-1.000000,-0.000000,0.01247621,0.07227699,0.6950838
caixa,normal,0.0,-0.297820,-0.300000,-0.499781,0.000000,-1.000000,-0.000000,-0.205194,-0.7555851,-0.6220827
caixa,pesos,0.2,-0.373135,-0.236455,-0.500000,0.000000,0.000000,-1.000000,0.5932837,0.4408863,0.2615707
caixa,pesos,0.5,-0.373135,-0.236455,-0.500000,0.000000,0.000000,-1.000000,0.5932837,0.4408863,0.2615707
caixa,pesos,1.0,-0.373135,-0.236455,-0.500000,0.000000,0.000000,-1.000000,0.5932837,0.4408864,0.2615707
caixa,cor,0.0,-0.373135,-0.236455,-0.500000,0.000000,0.000000,-1.000000,0.0993154,0.006982618,0.009948788
caixa,cor,0.3,-0.373135,-0.236455,-0.500000,0.000000,0.000000,-1.000000,0.0993154,0.006982618,0.009948788
caixa,cor,1.0,-0.373135,-0.236455,-0.500000,0.000000,0.000000,-1.000000,0.0993154,0.006982622,0.00994881
caixa,normal,0.0,-0.373135,-0.236455,-0.500000,0.000000,0.000000,-1.000000,-0.3639312,-0.536932,-0.7610903
caixa,pesos,0.2,-0.448387,-0.172682,-0.500000,0.000000,0.000000,-1.000000,0.6120968,0.4568295,0.2796239
caixa,pesos,0.5,-0.448387,-0.172682,-0.500000,0.000000,0.000000,-1.000000,0.6120968,0.4568295,0.2796239
caixa,pesos,1.0,-0.448387,-0.172682,-0.500000,0.000000,0.000000,-1.000000,0.6120968,0.4568296,0.2796239
caixa,cor,0.0,-0.448387,-0.172682,-0.500000,0.000000,0.000000,-1.000000,0.3155519,0.03196088,0.2106633
caixa,cor,0.3,-0.448387,-0.172682,-0.500000,0.000000,0.000000,-1.000000,0.3155519,0.03196088,0.2106633
caixa,cor,1.0,-0.448387,-0.172682,-0.500000,0.000000,0.000000,-1.000000,0.3155519,0.03196088,0.2106633
caixa,normal,0.0,-0.448387,-0.172682,-0.500000,0.000000,0.000000,-1.000000,0.02131081,-0.5428449,-0.8395627
caixa,pesos,0.2,-0.523640,-0.108908,-0.500000,0.000000,0.000000,-1.000000,0.63091,0.4727729,0.2982772
caixa,pesos,0.5,-0.523640,-0.108908,-0.500000,0.000000,0.000000,-1.000000,0.63091,0.4727729,0.2982772
caixa,pesos,1.0,-0.523640,-0.108908,-0.500000,0.000000,0.000000,-1.000000,0.63091,0.4727729,0.2982772
caixa,cor,0.0,-0.523640,-0.108908,-0.500000,0.000000,0.000000,-1.000000,0.3313472,0.1129516,0.6888867
caixa,cor,0.3,-0.523640,-0.108908,-0.500000,0.000000,0.000000,-1.000000,0.3313472,0.1129516,0.6888867
caixa,cor,1.0,-0.523640,-0.108908,-0.500000,0.000000,0.000000,-1.000000,0.3313472,0.1129516,0.6888867
caixa,normal,0.0,-0.523640,-0.108908,-0.500000,0.000000,0.000000,-1.000000,0.5220158,-0.6952107,-0.4941475
caixa,pesos,0.2,-0.598893,-0.045135,-0.500000,0.000000,0.000000,-1.000000,0.6497233,0.4887162,0.3175303
caixa,pesos,0.5,-0.598893,-0.045135,-0.500000,0.000000,0.000000,-1.000000,0.6497233,0.4887162,0.3175303
caixa,pesos,1.0,-0.598893,-0.045135,-0.500000,0.000000,0.000000,-1.000000,0.6497233,0.4887162,0.3175303
caixa,cor,0.0,-0.598893,-0.045135,-0.500000,0.000000,0.000000,-1.000000,0.02817288,0.001014683,0.1030126
caixa,cor,0.3,-0.598893,-0.045135,-0.500000,0.000000,0.000000,-1.000000,0.02817288,0.001014683,0.1030126
caixa,cor,1.0,-0.598893,-0.045135,-0.500000,0.000000,0.000000,-1.000000,0.0281729,0.001014723,0.1030126
caixa,normal,0.0,-0.598893,-0.045135,-0.500000,0.000000,0.000000,-1.000000,0.6468852,-0.663537,-0.3758435
caixa,pesos,0.2,-0.674146,0.018638,-0.500000,0.000000,0.000000,-1.000000,0.6685365,0.5046595,0.3373833
caixa,pesos,0.5,-0.674146,0.018638,-0.500000,0.000000,0.000000,-1.000000,0.6685365,0.5046595,0.3373833
caixa,pesos,1.0,-0.674146,0.018638,-0.500000,0.000000,0.000000,-1.000000,0.6685365,0.5046595,0.3373833
caixa,cor,0.0,-0.674146,0.018638,-0.500000,0.000000,0.000000,-1.000000,0.3242237,0.1921804,0.008575032
caixa,cor,0.3,-0.674146,0.018638,-0.500000,0.000000,0.000000,-1.000000,0.3242237,0.1921804,0.008575032
caixa,cor,1.0,-0.674146,0.018638,-0.500000,0.000000,0.000000,-1.000000,0.3242237,0.1921804,0.008575035
caixa,normal,0.0,-0.674146,0.018638,-0.500000,0.000000,0.000000,-1.000000,0.6860268,-0.2702881,-0.6755083
caixa,pesos,0.2,-0.749399,0.082411,-0.500000,0.000000,0.000000,-1.000000,0.6873497,0.5206028,0.3578362
caixa,pesos,0.5,-0.749399,0.082411,-0.500000,0.000000,0.000000,-1.000000,0.6873497,0.5206028,0.3578362
caixa,pesos,1.0,-0.749399,0.082411,-0.500000,0.000000,0.000000,-1.000000,0.6873497,0.5206028,0.3578362
caixa,cor,0.0,-0.749399,0.082411,-0.500000,0.000000,0.000000,-1.000000,0.679125,0.03825963,0.03825963
caixa,cor,0.3,-0.749399,0.082411,-0.500000,0.000000,0.000000,-1.000000,0.679125,0.03825963,0.03825963
caixa,cor,1.0,-0.749399,0.082411,-0.500000,0.000000,0.000000,-1.000000,0.679125,0.03825963,0.03825964
caixa,normal,0.0,-0.749399,0.082411,-0.500000,0.000000,0.000000,-1.000000,0.7137971,-0.3791306,-0.5888579
caixa,pesos,0.2,-0.800000,0.237187,-0.412370,-1.000000,0.000000,-0.000000,0.3969074,0.5592968,0.2219891
caixa,pesos,0.5,-0.800000,0.237187,-0.412370,-1.000000,0.000000,-0.000000,0.3969074,0.5592968,0.2219891
caixa,pesos,1.0,-0.800000,0.237187,-0.412370,-1.000000,0.000000,-0.000000,0.3969074,0.5592967,0.2219891
caixa,cor,0.0,-0.800000,0.237187,-0.412370,-1.000000,0.000000,-0.000000,0.06125303,0.01877158,0.1344807
caixa,cor,0.3,-0.800000,0.237187,-0.412370,-1.000000,0.000000,-0.000000,0.06125303,0.01877158,0.1344807
caixa,cor,1.0,-0.800000,0.237187,-0.412370,-1.000000,0.000000,-0.000000,0.06125308,0.0187716,0.1344807
caixa,normal,0.0,-0.800000,0.237187,-0.412370,-1.000000,0.000000,-0.000000,-0.3583341,0.7136698,0.6018903
caixa,pesos,0.2,0.749532,-0.300000,0.060975,0.000000,-1.000000,-0.000000,0.4847564,0.6873828,0.3332132
caixa,pesos,0.5,0.749532,-0.300000,0.060975,0.000000,-1.000000,-0.000000,0.4847564,0.6873828,0.3332132
caixa,pesos,1.0,0.749532,-0.300000,0.060975,0.000000,-1.000000,-0.000000,0.4847563,0.6873828,0.3332132
caixa,cor,0.0,0.749532,-0.300000,0.060975,0.000000,-1.000000,-0.000000,0.8486198,0.1172733,0.003406612
caixa,cor,0.3,0.749532,-0.300000,0.060975,0.000000,-1.000000,-0.000000,0.8486198,0.1172733,0.003406612
caixa,cor,1.0,0.749532,-0.300000,0.060975,0.000000,-1.000000,-0.000000,0.8486196,0.1172733,0.003406652
caixa,normal,0.0,0.749532,-0.300000,0.060975,0.000000,-1.000000,-0.000000,-0.3663751,-0.4408276,0.8194146
caixa,pesos,0.2,0.657003,-0.300000,-0.000435,0.000000,-1.000000,-0.000000,0.5001087,0.6642508,0.3321976
caixa,pesos,0.5,0.657003,-0.300000,-0.000435,0.000000,-1.000000,-0.000000,0.5001087,0.6642508,0.3321976
caixa,pesos,1.0,0.657003,-0.300000,-0.000435,0.000000,-1.000000,-0.000000,0.5001087,0.6642507,0.3321976
caixa,cor,0.0,0.657003,-0.300000,-0.000435,0.000000,-1.000000,-0.000000,0.03623363,0.3714062,0.7914441
caixa,cor,0.3,0.657003,-0.300000,-0.000435,0.000000,-1.000000,-0.000000,0.03623363,0.3714062,0.7914441
caixa,cor,1.0,0.657003,-0.300000,-0.000435,0.000000,-1.000000,-0.000000,0.03623363,0.3714062,0.7914441
caixa,normal,0.0,0.657003,-0.300000,-0.000435,0.000000,-1.000000,-0.000000,0.1044288,-0.6127143,-0.7833745
caixa,pesos,0.2,0.564475,-0.300000,-0.061844,0.000000,-1.000000,-0.000000,0.5154611,0.6411187,0.3304718
caixa,pesos,0.5,0.564475,-0.300000,-0.061844,0.000000,-1.000000,-0.000000,0.5154611,0.6411187,0.3304718
caixa,pesos,1.0,0.564475,-0.300000,-0.061844,0.000000,-1.000000,-0.000000,0.5154611,0.6411186,0.3304717
caixa,cor,0.0,0.564475,-0.300000,-0.061844,0.000000,-1.000000,-0.000000,0.1101142,0.4271291,0.7385169
caixa,cor,0.3,0.564475,-0.300000,-0.061844,0.000000,-1.000000,-0.000000,0.1101142,0.4271291,0.7385169
caixa,cor,1.0,0.564475,-0.300000,-0.061844,0.000000,-1.000000,-0.000000,0.1101142,0.4271291,0.7385168
caixa,normal,0.0,0.564475,-0.300000,-0.061844,0.000000,-1.000000,-0.000000,0.8468337,-0.2944289,-0.4429269
caixa,pesos,0.2,0.471946,-0.300000,-0.123254,0.000000,-1.000000,-0.000000,0.5308135,0.6179866,0.3280356
caixa,pesos,0.5,0.471946,-0.300000,-0.123254,0.000000,-1.000000,-0.000000,0.5308135,0.6179866,0.3280356
caixa,pesos,1.0,0.471946,-0.300000,-0.123254,0.000000,-1.000000,-0.000000,0.5308135,0.6179865,0.3280356
caixa,cor,0.0,0.471946,-0.300000,-0.123254,0.000000,-1.000000,-0.000000,0.6877159,0.006763527,0.3850614
caixa,cor,0.3,0.471946,-0.300000,-0.123254,0.000000,-1.000000,-0.000000,0.6877159,0.006763527,0.3850614
caixa,cor,1.0,0.471946,-0.300000,-0.123254,0.000000,-1.000000,-0.000000,0.6877158,0.006763537,0.3850614
caixa,normal,0.0,0.471946,-0.300000,-0.123254,0.000000,-1.000000,-0.000000,-0.2355467,-0.8023107,-0.5484664
caixa,pesos,0.2,0.379418,-0.300000,-0.184664,0.000000,-1.000000,-0.000000,0.5461659,0.5948544,0.3248892
caixa,pesos,0.5,0.379418,-0.300000,-0.184664,0.000000,-1.000000,-0.000000,0.5461659,0.5948544,0.3248892
caixa,pesos,1.0,0.379418,-0.300000,-0.184664,0.000000,-1.000000,-0.000000,0.5461659,0.5948544,0.3248892
caixa,cor,0.0,0.379418,-0.300000,-0.184664,0.000000,-1.000000,-0.000000,0.02103526,0.3255244,0.05880906
caixa,cor,0.3,0.379418,-0.300000,-0.184664,0.000000,-1.000000,-0.000000,0.02103526,0.3255244,0.05880906
caixa,cor,1.0,0.379418,-0.300000,-0.184664,0.000000,-1.000000,-0.000000,0.02103527,0.3255244,0.05880906
caixa,normal,0.0,0.379418,-0.300000,-0.184664,0.000000,-1.000000,-0.000000,-0.5117931,-0.3562853,0.7817471
caixa,pesos,0.2,0.286889,-0.300000,-0.246073,0.000000,-1.000000,-0.000000,0.5615183,0.5717223,0.3210325
caixa,pesos,0.5,0.286889,-0.300000,-0.246073,0.000000,-1.000000,-0.000000,0.5615183,0.5717223,0.3210325
caixa,pesos,1.0,0.286889,-0.300000,-0.246073,0.000000,-1.000000,-0.000000,0.5615183,0.5717222,0.3210325
caixa,cor,0.0,0.286889,-0.300000,-0.246073,0.000000,-1.000000,-0.000000,0.3968337,0.06775074,0.4521623
caixa,cor,0.3,0.286889,-0.300000,-0.246073,0.000000,-1.000000,-0.000000,0.3968337,0.06775074,0.4521623
caixa,cor,1.0,0.286889,-0.300000,-0.246073,0.000000,-1.000000,-0.000000,0.3968337,0.06775074,0.4521622
caixa,normal,0.0,0.286889,-0.300000,-0.246073,0.000000,-1.000000,-0.000000,-0.8202796,-0.4141592,0.3944793
caixa,pesos,0.2,0.194361,-0.300000,-0.307483,0.000000,-1.000000,-0.000000,0.5768707,0.5485902,0.3164656
caixa,pesos,0.5,0.194361,-0.300000,-0.307483,0.000000,-1.000000,-0.000000,0.5768707,0.5485902,0.3164656
caixa,pesos,1.0,0.194361,-0.300000,-0.307483,0.000000,-1.000000,-0.000000,0.5768706,0.5485901,0.3164656
caixa,cor,0.0,0.194361,-0.300000,-0.307483,0.000000,-1.000000,-0.000000,0.4208142,0.5443499,0.01049714
caixa,cor,0.3,0.194361,-0.300000,-0.307483,0.000000,-1.000000,-0.000000,0.4208142,0.5443499,0.01049714
caixa,cor,1.0,0.194361,-0.300000,-0.307483,0.000000,-1.000000,-0.000000,0.4208141,0.5443498,0.01049714
caixa,normal,0.0,0.194361,-0.300000,-0.307483,0.000000,-1.000000,-0.000000,0.7757339,-0.5446484,-0.3187397
caixa,pesos,0.2,0.101832,-0.300000,-0.368892,0.000000,-1.000000,-0.000000,0.5922232,0.525458,0.3111884
caixa,pesos,0.5,0.101832,-0.300000,-0.368892,0.000000,-1.000000,-0.000000,0.5922232,0.525458,0.3111884
caixa,pesos,1.0,0.101832,-0.300000,-0.368892,0.000000,-1.000000,-0.000000,0.5922231,0.5254579,0.3111884
caixa,cor,0.0,0.101832,-0.300000,-0.368892,0.000000,-1.000000,-0.000000,0.05236671,0.0328469,0.3499984
caixa,cor,0.3,0.101832,-0.300000,-0.368892,0.000000,-1.000000,-0.000000,0.05236671,0.0328469,0.3499984
caixa,cor,1.0,0.101832,-0.300000,-0.368892,0.000000,-1.000000,-0.000000,0.05236673,0.03284689,0.3499984
caixa,normal,0.0,0.101832,-0.300000,-0.368892,0.000000,-1.000000,-0.000000,0.6127954,-0.3244243,-0.7205768
caixa,pesos,0.2,0.009304,-0.300000,-0.430302,0.000000,-1.000000,-0.000000,0.6075755,0.502326,0.305201
caixa,pesos,0.5,0.009304,-0.300000,-0.430302,0.000000,-1.000000,-0.000000,0.6075755,0.502326,0.305201
caixa,pesos,1.0,0.009304,-0.300000,-0.430302,0.000000,-1.000000,-0.000000,0.6075755,0.5023259,0.3052009
caixa,cor,0.0,0.009304,-0.300000,-0.430302,0.000000,-1.000000,-0.000000,0.4480498,0.0099907,0.003501051
caixa,cor,0.3,0.009304,-0.300000,-0.430302,0.000000,-1.000000,-0.000000,0.4480498,0.0099907,0.003501051
caixa,cor,1.0,0.009304,-0.300000,-0.430302,0.000000,-1.000000,-0.000000,0.4480497,0.009990702,0.003501091
caixa,normal,0.0,0.009304,-0.300000,-0.430302,0.000000,-1.000000,-0.000000,0.3686714,-0.9264299,0.07621717
caixa,pesos,0.2,-0.083225,-0.300000,-0.491712,0.000000,-1.000000,-0.000000,0.622928,0.4791937,0.2985032
caixa,pesos,0.5,-0.083225,-0.300000,-0.491712,0.000000,-1.000000,-0.000000,0.622928,0.4791937,0.2985032
caixa,pesos,1.0,-0.083225,-0.300000,-0.491712,0.000000,-1.000000,-0.000000,0.6229279,0.4791937,0.2985032
caixa,cor,0.0,-0.083225,-0.300000,-0.491712,0.000000,-1.000000,-0.000000,0.01336623,0.4182268,0.4182268
caixa,cor,0.3,-0.083225,-0.300000,-0.491712,0.000000,-1.000000,-0.000000,0.01336623,0.4182268,0.4182268
caixa,cor,1.0,-0.083225,-0.300000,-0.491712,0.000000,-1.000000,-0.000000,0.01336623,0.4182267,0.4182267
caixa,normal,0.0,-0.083225,-0.300000,-0.491712,0.000000,-1.000000,-0.000000,-0.7435219,-0.3417398,0.5747949
caixa,pesos,0.2,-0.160809,-0.244834,-0.500000,0.000000,0.000000,-1.000000,0.5402023,0.4387915,0.2370362
caixa,pesos,0.5,-0.160809,-0.244834,-0.500000,0.000000,0.000000,-1.000000,0.5402023,0.4387915,0.2370362
caixa,pesos,1.0,-0.160809,-0.244834,-0.500000,0.000000,0.000000,-1.000000,0.5402023,0.4387915,0.2370362
caixa,cor,0.0,-0.160809,-0.244834,-0.500000,0.000000,0.000000,-1.000000,0.01575452,0.03356577,0.1415039
caixa,cor,0.3,-0.160809,-0.244834,-0.500000,0.000000,0.000000,-1.000000,0.01575452,0.03356577,0.1415039
caixa,cor,1.0,-0.160809,-0.244834,-0.500000,0.000000,0.000000,-1.000000,0.01575453,0.03356577,0.1415039
caixa,normal,0.0,-0.160809,-0.244834,-0.500000,0.000000,0.000000,-1.000000,0.761363,-0.1538485,-0.629807
caixa,pesos,0.2,-0.236063,-0.181061,-0.500000,0.000000,0.000000,-1.000000,0.5590156,0.4547348,0.2542039
caixa,pesos,0.5,-0.236063,-0.181061,-0.500000,0.000000,0.000000,-1.000000,0.5590156,0.4547348,0.2542039
caixa,pesos,1.0,-0.236063,-0.181061,-0.500000,0.000000,0.000000,-1.000000,0.5590156,0.4547348,0.2542039
caixa,cor,0.0,-0.236063,-0.181061,-0.500000,0.000000,0.000000,-1.000000,0.0670182,0.3954159,0.3954159
caixa,cor,0.3,-0.236063,-0.181061,-0.500000,0.000000,0.000000,-1.000000,0.0670182,0.3954159,0.3954159
caixa,cor,1.0,-0.236063,-0.181061,-0.500000,0.000000,0.000000,-1.000000,0.0670182,0.3954159,0.3954159
caixa,normal,0.0,-0.236063,-0.181061,-0.500000,0.000000,0.000000,-1.000000,0.2147808,0.3452559,-0.9136014
caixa,pesos,0.2,-0.311315,-0.117288,-0.500000,0.000000,0.000000,-1.000000,0.5778286,0.470678,0.2719713
caixa,pesos,0.5,-0.311315,-0.117288,-0.500000,0.000000,0.000000,-1.000000,0.5778286,0.470678,0.2719713
caixa,pesos,1.0,-0.311315,-0.117288,-0.500000,0.000000,0.000000,-1.000000,0.5778286,0.4706781,0.2719713
caixa,cor,0.0,-0.311315,-0.117288,-0.500000,0.000000,0.000000,-1.000000,0.6050416,0.8101076,0.002187599
caixa,cor,0.3,-0.311315,-0.117288,-0.500000,0.000000,0.000000,-1.000000,0.6050416,0.8101076,0.002187599
caixa,cor,1.0,-0.311315,-0.117288,-0.500000,0.000000,0.000000,-1.000000,0.6050416,0.8101077,0.002187603
caixa,normal,0.0,-0.311315,-0.117288,-0.500000,0.000000,0.000000,-1.000000,-0.3394768,0.4199858,-0.8416457
caixa,pesos,0.2,-0.386568,-0.053515,-0.500000,0.000000,0.000000,-1.000000,0.596642,0.4866213,0.2903387
caixa,pesos,0.5,-0.386568,-0.053515,-0.500000,0.000000,0.000000,-1.000000,0.596642,0.4866213,0.2903387
caixa,pesos,1.0,-0.386568,-0.053515,-0.500000,0.000000,0.000000,-1.000000,0.596642,0.4866213,0.2903387
caixa,cor,0.0,-0.386568,-0.053515,-0.500000,0.000000,0.000000,-1.000000,0.004968224,0.1471986,0.01957704
caixa,cor,0.3,-0.386568,-0.053515,-0.500000,0.000000,0.000000,-1.000000,0.004968224,0.1471986,0.01957704
caixa,cor,1.0,-0.386568,-0.053515,-0.500000,0.000000,0.000000,-1.000000,0.004968227,0.1471986,0.01957705
caixa,normal,0.0,-0.386568,-0.053515,-0.500000,0.000000,0.000000,-1.000000,-0.6639532,0.653307,-0.3638079
caixa,pesos,0.2,-0.461821,0.010258,-0.500000,0.000000,0.000000,-1.000000,0.6154553,0.5025646,0.309306
caixa,pesos,0.5,-0.461821,0.010258,-0.500000,0.000000,0.000000,-1.000000,0.6154553,0.5025646,0.309306
caixa,pesos,1.0,-0.461821,0.010258,-0.500000,0.000000,0.000000,-1.000000,0.6154553,0.5025646,0.309306
caixa,cor,0.0,-0.461821,0.010258,-0.500000,0.000000,0.000000,-1.000000,0.1483733,0.02436666,0.4057404
caixa,cor,0.3,-0.461821,0.010258,-0.500000,0.000000,0.000000,-1.000000,0.1483733,0.02436666,0.4057404
caixa,cor,1.0,-0.461821,0.010258,-0.500000,0.000000,0.000000,-1.000000,0.1483733,0.02436667,0.4057404
caixa,normal,0.0,-0.461821,0.010258,-0.500000,0.000000,0.000000,-1.000000,-0.7511234,0.2558532,-0.6085663
caixa,pesos,0.2,-0.537074,0.074031,-0.500000,0.000000,0.000000,-1.000000,0.6342685,0.5185078,0.3288732
caixa,pesos,0.5,-0.537074,0.074031,-0.500000,0.000000,0.000000,-1.000000,0.6342685,0.5185078,0.3288732
caixa,pesos,1.0,-0.537074,0.074031,-0.500000,0.000000,0.000000,-1.000000,0.6342685,0.5185078,0.3288732
caixa,cor,0.0,-0.537074,0.074031,-0.500000,0.000000,0.000000,-1.000000,0.09228852,0.1994316,0.8257676
caixa,cor,0.3,-0.537074,0.074031,-0.500000,0.000000,0.000000,-1.000000,0.09228852,0.1994316,0.8257676
caixa,cor,1.0,-0.537074,0.074031,-0.500000,0.000000,0.000000,-1.000000,0.09228853,0.1994316,0.8257676
caixa,normal,0.0,-0.537074,0.074031,-0.500000,0.000000,0.000000,-1.000000,-0.7669516,0.4889681,-0.4155664
caixa,pesos,0.2,-0.612327,0.137805,-0.500000,0.000000,0.000000,-1.000000,0.6530818,0.5344512,0.3490403
caixa,pesos,0.5,-0.612327,0.137805,-0.500000,0.000000,0.000000,-1.000000,0.6530818,0.5344512,0.3490403
caixa,pesos,1.0,-0.612327,0.137805,-0.500000,0.000000,0.000000,-1.000000,0.6530818,0.5344512,0.3490403
caixa,cor,0.0,-0.612327,0.137805,-0.500000,0.000000,0.000000,-1.000000,0.04137331,0.0207964,0.1530205
caixa,cor,0.3,-0.612327,0.137805,-0.500000,0.000000,0.000000,-1.000000,0.04137331,0.0207964,0.1530205
caixa,cor,1.0,-0.612327,0.137805,-0.500000,0.000000,0.000000,-1.000000,0.04137331,0.02079642,0.1530205
caixa,normal,0.0,-0.612327,0.137805,-0.500000,0.000000,0.000000,-1.000000,-0.1886984,-0.721324,-0.6663969
caixa,pesos,0.2,-0.687580,0.201578,-0.500000,0.000000,0.000000,-1.000000,0.6718949,0.5503945,0.3698073
caixa,pesos,0.5,-0.687580,0.201578,-0.500000,0.000000,0.000000,-1.000000,0.6718949,0.5503945,0.3698073
caixa,pesos,1.0,-0.687580,0.201578,-0.500000,0.000000,0.000000,-1.000000,0.6718949,0.5503945,0.3698073
caixa,cor,0.0,-0.687580,0.201578,-0.500000,0.000000,0.000000,-1.000000,0.004044812,0.4162185,0.4162185
caixa,cor,0.3,-0.687580,0.201578,-0.500000,0.000000,0.000000,-1.000000,0.004044812,0.4162185,0.4162185
caixa,cor,1.0,-0.687580,0.201578,-0.500000,0.000000,0.000000,-1.000000,0.004044815,0.4162185,0.4162185
caixa,normal,0.0,-0.687580,0.201578,-0.500000,0.000000,0.000000,-1.000000,-0.2120095,-0.5978922,-0.773031
caixa,pesos,0.2,-0.762833,0.265351,-0.500000,0.000000,0.000000,-1.000000,0.6907082,0.5663378,0.3911741
caixa,pesos,0.5,-0.762833,0.265351,-0.500000,0.000000,0.000000,-1.000000,0.6907082,0.5663378,0.3911741
caixa,pesos,1.0,-0.762833,0.265351,-0.500000,0.000000,0.000000,-1.000000,0.6907082,0.5663378,0.3911741
caixa,cor,0.0,-0.762833,0.265351,-0.500000,0.000000,0.000000,-1.000000,0.02577047,0.8415951,0.1075675
caixa,cor,0.3,-0.762833,0.265351,-0.500000,0.000000,0.000000,-1.000000,0.02577047,0.8415951,0.1075675
caixa,cor,1.0,-0.762833,0.265351,-0.500000,0.000000,0.000000,-1.000000,0.02577049,0.8415951,0.1075675
caixa,normal,0.0,-0.762833,0.265351,-0.500000,0.000000,0.000000,-1.000000,0.3818228,-0.8517377,-0.3588233
caixa,pesos,0.2,0.779070,-0.300000,-0.053775,0.000000,-1.000000,-0.000000,0.5134438,0.6947675,0.356724
caixa,pesos,0.5,0.779070,-0.300000,-0.053775,0.000000,-1.000000,-0.000000,0.5134438,0.6947675,0.356724
caixa,pesos,1.0,0.779070,-0.300000,-0.053775,0.000000,-1.000000,-0.000000,0.5134438,0.6947674,0.356724
caixa,cor,0.0,0.779070,-0.300000,-0.053775,0.000000,-1.000000,-0.000000,0.08533164,0.452094,0.1739512
caixa,cor,0.3,0.779070,-0.300000,-0.053775,0.000000,-1.000000,-0.000000,0.08533164,0.452094,0.1739512
caixa,cor,1.0,0.779070,-0.300000,-0.053775,0.000000,-1.000000,-0.000000,0.08533165,0.452094,0.1739512
caixa,normal,0.0,0.779070,-0.300000,-0.053775,0.000000,-1.000000,-0.000000,-0.1138268,-0.8886755,0.4441841
caixa,pesos,0.2,0.686541,-0.300000,-0.115185,0.000000,-1.000000,-0.000000,0.5287962,0.6716353,0.3551582
caixa,pesos,0.5,0.686541,-0.300000,-0.115185,0.000000,-1.000000,-0.000000,0.5287962,0.6716353,0.3551582
caixa,pesos,1.0,0.686541,-0.300000,-0.115185,0.000000,-1.000000,-0.000000,0.5287962,0.6716352,0.3551582
caixa,cor,0.0,0.686541,-0.300000,-0.115185,0.000000,-1.000000,-0.000000,0.1207219,0.008737887,0.4125144
caixa,cor,0.3,0.686541,-0.300000,-0.115185,0.000000,-1.000000,-0.000000,0.1207219,0.008737887,0.4125144
caixa,cor,1.0,0.686541,-0.300000,-0.115185,0.000000,-1.000000,-0.000000,0.1207219,0.008737892,0.4125144
caixa,normal,0.0,0.686541,-0.300000,-0.115185,0.000000,-1.000000,-0.000000,0.3302305,-0.7366087,-0.5902164
caixa,pesos,0.2,0.594013,-0.300000,-0.176594,0.000000,-1.000000,-0.000000,0.5441485,0.6485032,0.352882
caixa,pesos,0.5,0.594013,-0.300000,-0.176594,0.000000,-1.000000,-0.000000,0.5441485,0.6485032,0.352882
caixa,pesos,1.0,0.594013,-0.300000,-0.176594,0.000000,-1.000000,-0.000000,0.5441485,0.6485031,0.352882
caixa,cor,0.0,0.594013,-0.300000,-0.176594,0.000000,-1.000000,-0.000000,0.1529277,0.03562881,0.3750283
caixa,cor,0.3,0.594013,-0.300000,-0.176594,0.000000,-1.000000,-0.000000,0.1529277,0.03562881,0.3750283
caixa,cor,1.0,0.594013,-0.300000,-0.176594,0.000000,-1.000000,-0.000000,0.1529277,0.03562883,0.3750283
caixa,normal,0.0,0.594013,-0.300000,-0.176594,0.000000,-1.000000,-0.000000,0.4277864,-0.6817317,-0.5934987
caixa,pesos,0.2,0.501484,-0.300000,-0.238004,0.000000,-1.000000,-0.000000,0.5595009,0.6253711,0.3498957
caixa,pesos,0.5,0.501484,-0.300000,-0.238004,0.000000,-1.000000,-0.000000,0.5595009,0.6253711,0.3498957
caixa,pesos,1.0,0.501484,-0.300000,-0.238004,0.000000,-1.000000,-0.000000,0.5595009,0.625371,0.3498957
caixa,cor,0.0,0.501484,-0.300000,-0.238004,0.000000,-1.000000,-0.000000,0.3115584,0.06672655,0.003052432
caixa,cor,0.3,0.501484,-0.300000,-0.238004,0.000000,-1.000000,-0.000000,0.3115584,0.06672655,0.003052432
caixa,cor,1.0,0.501484,-0.300000,-0.238004,0.000000,-1.000000,-0.000000,0.3115584,0.06672656,0.003052454
caixa,normal,0.0,0.501484,-0.300000,-0.238004,0.000000,-1.000000,-0.000000,-0.09284067,-0.9410175,0.3253715
caixa,pesos,0.2,0.408956,-0.300000,-0.299413,0.000000,-1.000000,-0.000000,0.5748534,0.6022389,0.346199
caixa,pesos,0.5,0.408956,-0.300000,-0.299413,0.000000,-1.000000,-0.000000,0.5748534,0.6022389,0.346199
caixa,pesos,1.0,0.408956,-0.300000,-0.299413,0.000000,-1.000000,-0.000000,0.5748534,0.6022388,0.346199
caixa,cor,0.0,0.408956,-0.300000,-0.299413,0.000000,-1.000000,-0.000000,0.01074722,0.1390241,0.3080423
caixa,cor,0.3,0.408956,-0.300000,-0.299413,0.000000,-1.000000,-0.000000,0.01074722,0.1390241,0.3080423
caixa,cor,1.0,0.408956,-0.300000,-0.299413,0.000000,-1.000000,-0.000000,0.01074723,0.1390241,0.3080423
caixa,normal,0.0,0.408956,-0.300000,-0.299413,0.000000,-1.000000,-0.000000,-0.5827749,-0.6182532,0.5273862
caixa,pesos,0.2,0.316427,-0.300000,-0.360823,0.000000,-1.000000,-0.000000,0.5902057,0.5791069,0.3417922
caixa,pesos,0.5,0.316427,-0.300000,-0.360823,0.000000,-1.000000,-0.000000,0.5902057,0.5791069,0.3417922
caixa,pesos,1.0,0.316427,-0.300000,-0.360823,0.000000,-1.000000,-0.000000,0.5902056,0.5791068,0.3417921
caixa,cor,0.0,0.316427,-0.300000,-0.360823,0.000000,-1.000000,-0.000000,0.2778122,0.09392044,0.03470205
caixa,cor,0.3,0.316427,-0.300000,-0.360823,0.000000,-1.000000,-0.000000,0.2778122,0.09392044,0.03470205
caixa,cor,1.0,0.316427,-0.300000,-0.360823,0.000000,-1.000000,-0.000000,0.2778122,0.09392045,0.03470207
caixa,normal,0.0,0.316427,-0.300000,-0.360823,0.000000,-1.000000,-0.000000,0.06053329,-0.8993974,0.4329205
caixa,pesos,0.2,0.223899,-0.300000,-0.422233,0.000000,-1.000000,-0.000000,0.6055582,0.5559747,0.336675
caixa,pesos,0.5,0.223899,-0.300000,-0.422233,0.000000,-1.000000,-0.000000,0.6055582,0.5559747,0.336675
caixa,pesos,1.0,0.223899,-0.300000,-0.422233,0.000000,-1.000000,-0.000000,0.6055581,0.5559746,0.336675
caixa,cor,0.0,0.223899,-0.300000,-0.422233,0.000000,-1.000000,-0.000000,0.001445791,0.2493598,0.01907709
caixa,cor,0.3,0.223899,-0.300000,-0.422233,0.000000,-1.000000,-0.000000,0.001445791,0.2493598,0.01907709
caixa,cor,1.0,0.223899,-0.300000,-0.422233,0.000000,-1.000000,-0.000000,0.001445823,0.2493598,0.01907711
caixa,normal,0.0,0.223899,-0.300000,-0.422233,0.000000,-1.000000,-0.000000,0.1518474,-0.6757038,-0.7213647
caixa,pesos,0.2,0.131371,-0.300000,-0.483642,0.000000,-1.000000,-0.000000,0.6209106,0.5328427,0.3308477
caixa,pesos,0.5,0.131371,-0.300000,-0.483642,0.000000,-1.000000,-0.000000,0.6209106,0.5328427,0.3308477
caixa,pesos,1.0,0.131371,-0.300000,-0.483642,0.000000,-1.000000,-0.000000,0.6209105,0.5328426,0.3308477
caixa,cor,0.0,0.131371,-0.300000,-0.483642,0.000000,-1.000000,-0.000000,0.2215913,0.01180381,0.1382943
caixa,cor,0.3,0.131371,-0.300000,-0.483642,0.000000,-1.000000,-0.000000,0.2215913,0.01180381,0.1382943
caixa,cor,1.0,0.131371,-0.300000,-0.483642,0.000000,-1.000000,-0.000000,0.2215913,0.01180381,0.1382943
caixa,normal,0.0,0.131371,-0.300000,-0.483642,0.000000,-1.000000,-0.000000,0.67663,-0.6740353,-0.2963922
caixa,pesos,0.2,0.051516,-0.253214,-0.500000,0.000000,0.000000,-1.000000,0.4871211,0.4366964,0.212724
caixa,pesos,0.5,0.051516,-0.253214,-0.500000,0.000000,0.000000,-1.000000,0.4871211,0.4366964,0.212724
caixa,pesos,1.0,0.051516,-0.253214,-0.500000,0.000000,0.000000,-1.000000,0.4871211,0.4366964,0.212724
caixa,cor,0.0,0.051516,-0.253214,-0.500000,0.000000,0.000000,-1.000000,0.09510555,0.03460795,0.1939949
caixa,cor,0.3,0.051516,-0.253214,-0.500000,0.000000,0.000000,-1.000000,0.09510555,0.03460795,0.1939949
caixa,cor,1.0,0.051516,-0.253214,-0.500000,0.000000,0.000000,-1.000000,0.09510556,0.03460795,0.1939949
caixa,normal,0.0,0.051516,-0.253214,-0.500000,0.000000,0.000000,-1.000000,-0.7743618,0.4627218,-0.4315698
caixa,pesos,0.2,-0.023736,-0.189441,-0.500000,0.000000,0.000000,-1.000000,0.5059341,0.4526397,0.2290059
caixa,pesos,0.5,-0.023736,-0.189441,-0.500000,0.000000,0.000000,-1.000000,0.5059341,0.4526397,0.2290059
caixa,pesos,1.0,-0.023736,-0.189441,-0.500000,0.000000,0.000000,-1.000000,0.5059341,0.4526397,0.2290059
caixa,cor,0.0,-0.023736,-0.189441,-0.500000,0.000000,0.000000,-1.000000,0.001483185,0.4879389,0.1797445
caixa,cor,0.3,-0.023736,-0.189441,-0.500000,0.000000,0.000000,-1.000000,0.001483185,0.4879389,0.1797445
caixa,cor,1.0,-0.023736,-0.189441,-0.500000,0.000000,0.000000,-1.000000,0.001483227,0.4879389,0.1797445
caixa,normal,0.0,-0.023736,-0.189441,-0.500000,0.000000,0.000000,-1.000000,-0.4362779,-0.1158586,-0.8923221
caixa,pesos,0.2,-0.098990,-0.125668,-0.500000,0.000000,0.000000,-1.000000,0.5247475,0.468583,0.2458878
caixa,pesos,0.5,-0.098990,-0.125668,-0.500000,0.000000,0.000000,-1.000000,0.5247475,0.468583,0.2458878
caixa,pesos,1.0,-0.098990,-0.125668,-0.500000,0.000000,0.000000,-1.000000,0.5247475,0.4685831,0.2458878
caixa,cor,0.0,-0.098990,-0.125668,-0.500000,0.000000,0.000000,-1.000000,0.04743687,0.94846,0.01642805
caixa,cor,0.3,-0.098990,-0.125668,-0.500000,0.000000,0.000000,-1.000000,0.04743687,0.94846,0.01642805
caixa,cor,1.0,-0.098990,-0.125668,-0.500000,0.000000,0.000000,-1.000000,0.04743688,0.94846,0.01642805
caixa,normal,0.0,-0.098990,-0.125668,-0.500000,0.000000,0.000000,-1.000000,-0.1916919,0.3199217,-0.9278493
caixa,pesos,0.2,-0.174243,-0.061895,-0.500000,0.000000,0.000000,-1.000000,0.5435607,0.4845263,0.2633694
caixa,pesos,0.5,-0.174243,-0.061895,-0.500000,0.000000,0.000000,-1.000000,0.5435607,0.4845263,0.2633694
caixa,pesos,1.0,-0.174243,-0.061895,-0.500000,0.000000,0.000000,-1.000000,0.5435607,0.4845264,0.2633694
caixa,cor,0.0,-0.174243,-0.061895,-0.500000,0.000000,0.000000,-1.000000,0.2008264,0.01353742,0.01353742
caixa,cor,0.3,-0.174243,-0.061895,-0.500000,0.000000,0.000000,-1.000000,0.2008264,0.01353742,0.01353742
caixa,cor,1.0,-0.174243,-0.061895,-0.500000,0.000000,0.000000,-1.000000,0.2008265,0.01353742,0.01353742
caixa,normal,0.0,-0.174243,-0.061895,-0.500000,0.000000,0.000000,-1.000000,0.6656969,-0.6171781,-0.4194508
caixa,pesos,0.2,-0.249496,0.001879,-0.500000,0.000000,0.000000,-1.000000,0.562374,0.5004697,0.2814511
caixa,pesos,0.5,-0.249496,0.001879,-0.500000,0.000000,0.000000,-1.000000,0.562374,0.5004697,0.2814511
caixa,pesos,1.0,-0.249496,0.001879,-0.500000,0.000000,0.000000,-1.000000,0.562374,0.5004697,0.2814511
caixa,cor,0.0,-0.249496,0.001879,-0.500000,0.000000,0.000000,-1.000000,0.05171138,0.4388577,0.107498
caixa,cor,0.3,-0.249496,0.001879,-0.500000,0.000000,0.000000,-1.000000,0.05171138,0.4388577,0.107498
caixa,cor,1.0,-0.249496,0.001879,-0.500000,0.000000,0.000000,-1.000000,0.05171138,0.4388577,0.107498
caixa,normal,0.0,-0.249496,0.001879,-0.500000,0.000000,0.000000,-1.000000,0.7707448,-0.1834759,-0.6101549
caixa,pesos,0.2,-0.324749,0.065651,-0.500000,0.000000,0.000000,-1.000000,0.5811872,0.5164129,0.3001326
caixa,pesos,0.5,-0.324749,0.065651,-0.500000,0.000000,0.000000,-1.000000,0.5811872,0.5164129,0.3001326
caixa,pesos,1.0,-0.324749,0.065651,-0.500000,0.000000,0.000000,-1.000000,0.5811872,0.5164129,0.3001326
caixa,cor,0.0,-0.324749,0.065651,-0.500000,0.000000,0.000000,-1.000000,0.6246022,0.5432484,0.06545205
caixa,cor,0.3,-0.324749,0.065651,-0.500000,0.000000,0.000000,-1.000000,0.6246022,0.5432484,0.06545205
caixa,cor,1.0,-0.324749,0.065651,-0.500000,0.000000,0.000000,-1.000000,0.6246022,0.5432484,0.06545206
caixa,normal,0.0,-0.324749,0.065651,-0.500000,0.000000,0.000000,-1.000000,0.7885747,-0.4995464,-0.3586133
caixa,pesos,0.2,-0.400002,0.129425,-0.500000,0.000000,0.000000,-1.000000,0.6000004,0.5323561,0.3194139
caixa,pesos,0.5,-0.400002,0.129425,-0.500000,0.000000,0.000000,-1.000000,0.6000004,0.5323561,0.3194139
caixa,pesos,1.0,-0.400002,0.129425,-0.500000,0.000000,0.000000,-1.000000,0.6000004,0.5323561,0.3194139
caixa,cor,0.0,-0.400002,0.129425,-0.500000,0.000000,0.000000,-1.000000,0.0566516,0.2077972,0.002706188
caixa,cor,0.3,-0.400002,0.129425,-0.500000,0.000000,0.000000,-1.000000,0.0566516,0.2077972,0.002706188
caixa,cor,1.0,-0.400002,0.129425,-0.500000,0.000000,0.000000,-1.000000,0.0566516,0.2077972,0.002706219
caixa,normal,0.0,-0.400002,0.129425,-0.500000,0.000000,0.000000,-1.000000,0.6732426,0.2530575,-0.6947708
caixa,pesos,0.2,-0.475255,0.193198,-0.500000,0.000000,0.000000,-1.000000,0.6188137,0.5482995,0.3392952
caixa,pesos,0.5,-0.475255,0.193198,-0.500000,0.000000,0.000000,-1.000000,0.6188137,0.5482995,0.3392952
caixa,pesos,1.0,-0.475255,0.193198,-0.500000,0.000000,0.000000,-1.000000,0.6188137,0.5482995,0.3392952
caixa,cor,0.0,-0.475255,0.193198,-0.500000,0.000000,0.000000,-1.000000,0.5114262,0.3084473,0.01622403
caixa,cor,0.3,-0.475255,0.193198,-0.500000,0.000000,0.000000,-1.000000,0.5114262,0.3084473,0.01622403
caixa,cor,1.0,-0.475255,0.193198,-0.500000,0.000000,0.000000,-1.000000,0.5114262,0.3084473,0.01622404
caixa,normal,0.0,-0.475255,0.193198,-0.500000,0.000000,0.000000,-1.000000,0.4695745,0.4296608,-0.7712922
caixa,pesos,0.2,-0.550508,0.256971,-0.500000,0.000000,0.000000,-1.000000,0.6376269,0.5642427,0.3597764
caixa,pesos,0.5,-0.550508,0.256971,-0.500000,0.000000,0.000000,-1.000000,0.6376269,0.5642427,0.3597764
caixa,pesos,1.0,-0.550508,0.256971,-0.500000,0.000000,0.000000,-1.000000,0.6376269,0.5642427,0.3597764
caixa,cor,0.0,-0.550508,0.256971,-0.500000,0.000000,0.000000,-1.000000,0.9829592,0.06967585,0.06967585
caixa,cor,0.3,-0.550508,0.256971,-0.500000,0.000000,0.000000,-1.000000,0.9829592,0.06967585,0.06967585
caixa,cor,1.0,-0.550508,0.256971,-0.500000,0.000000,0.000000,-1.000000,0.9829592,0.06967588,0.06967585
caixa,normal,0.0,-0.550508,0.256971,-0.500000,0.000000,0.000000,-1.000000,-0.2016478,0.819303,-0.5367317
caixa,pesos,0.2,0.716079,-0.300000,-0.229935,0.000000,-1.000000,-0.000000,0.5574837,0.6790199,0.3785425
caixa,pesos,0.5,0.716079,-0.300000,-0.229935,0.000000,-1.000000,-0.000000,0.5574837,0.6790199,0.3785425
caixa,pesos,1.0,0.716079,-0.300000,-0.229935,0.000000,-1.000000,-0.000000,0.5574837,0.6790198,0.3785425
caixa,cor,0.0,0.716079,-0.300000,-0.229935,0.000000,-1.000000,-0.000000,0.1683115,0.001138412,0.02629399
caixa,cor,0.3,0.716079,-0.300000,-0.229935,0.000000,-1.000000,-0.000000,0.1683115,0.001138412,0.02629399
caixa,cor,1.0,0.716079,-0.300000,-0.229935,0.000000,-1.000000,-0.000000,0.1683115,0.001138433,0.026294
caixa,normal,0.0,0.716079,-0.300000,-0.229935,0.000000,-1.000000,-0.000000,0.8431764,-0.2969519,-0.4481888
caixa,pesos,0.2,0.623551,-0.300000,-0.291344,0.000000,-1.000000,-0.000000,0.5728362,0.6558878,0.3757162
caixa,pesos,0.5,0.623551,-0.300000,-0.291344,0.000000,-1.000000,-0.000000,0.5728362,0.6558878,0.3757162
caixa,pesos,1.0,0.623551,-0.300000,-0.291344,0.000000,-1.000000,-0.000000,0.5728362,0.6558877,0.3757161
caixa,cor,0.0,0.623551,-0.300000,-0.291344,0.000000,-1.000000,-0.000000,0.146367,0.008868165,0.037632
caixa,cor,0.3,0.623551,-0.300000,-0.291344,0.000000,-1.000000,-0.000000,0.146367,0.008868165,0.037632
caixa,cor,1.0,0.623551,-0.300000,-0.291344,0.000000,-1.000000,-0.000000,0.146367,0.008868165,0.037632
caixa,normal,0.0,0.623551,-0.300000,-0.291344,0.000000,-1.000000,-0.000000,0.2005768,-0.5685213,-0.7978425
caixa,pesos,0.2,0.531023,-0.300000,-0.352754,0.000000,-1.000000,-0.000000,0.5881885,0.6327556,0.3721796
caixa,pesos,0.5,0.531023,-0.300000,-0.352754,0.000000,-1.000000,-0.000000,0.5881885,0.6327556,0.3721796
caixa,pesos,1.0,0.531023,-0.300000,-0.352754,0.000000,-1.000000,-0.000000,0.5881885,0.6327556,0.3721796
caixa,cor,0.0,0.531023,-0.300000,-0.352754,0.000000,-1.000000,-0.000000,0.0215892,0.1261903,0.07550845
caixa,cor,0.3,0.531023,-0.300000,-0.352754,0.000000,-1.000000,-0.000000,0.0215892,0.1261903,0.07550845
caixa,cor,1.0,0.531023,-0.300000,-0.352754,0.000000,-1.000000,-0.000000,0.02158922,0.1261903,0.07550848
caixa,normal,0.0,0.531023,-0.300000,-0.352754,0.000000,-1.000000,-0.000000,-0.3120761,-0.4920269,0.8127227
caixa,pesos,0.2,0.438494,-0.300000,-0.414163,0.000000,-1.000000,-0.000000,0.6035408,0.6096235,0.3679326
caixa,pesos,0.5,0.438494,-0.300000,-0.414163,0.000000,-1.000000,-0.000000,0.6035408,0.6096235,0.3679326
caixa,pesos,1.0,0.438494,-0.300000,-0.414163,0.000000,-1.000000,-0.000000,0.6035408,0.6096234,0.3679326
caixa,cor,0.0,0.438494,-0.300000,-0.414163,0.000000,-1.000000,-0.000000,0.03120405,0.002194012,0.1077403
caixa,cor,0.3,0.438494,-0.300000,-0.414163,0.000000,-1.000000,-0.000000,0.03120405,0.002194012,0.1077403
caixa,cor,1.0,0.438494,-0.300000,-0.414163,0.000000,-1.000000,-0.000000,0.03120406,0.002194021,0.1077403
caixa,normal,0.0,0.438494,-0.300000,-0.414163,0.000000,-1.000000,-0.000000,-0.8576059,-0.3066173,0.4129143
caixa,pesos,0.2,0.345965,-0.300000,-0.475573,0.000000,-1.000000,-0.000000,0.6188933,0.5864913,0.3629756
caixa,pesos,0.5,0.345965,-0.300000,-0.475573,0.000000,-1.000000,-0.000000,0.6188933,0.5864913,0.3629756
caixa,pesos,1.0,0.345965,-0.300000,-0.475573,0.000000,-1.000000,-0.000000,0.6188932,0.5864913,0.3629755
caixa,cor,0.0,0.345965,-0.300000,-0.475573,0.000000,-1.000000,-0.000000,0.09974287,0.09186467,0.02350008
caixa,cor,0.3,0.345965,-0.300000,-0.475573,0.000000,-1.000000,-0.000000,0.09974287,0.09186467,0.02350008
caixa,cor,1.0,0.345965,-0.300000,-0.475573,0.000000,-1.000000,-0.000000,0.09974285,0.09186468,0.0235001
caixa,normal,0.0,0.345965,-0.300000,-0.475573,0.000000,-1.000000,-0.000000,0.6795125,-0.6989031,0.2231529
caixa,pesos,0.2,0.263841,-0.261594,-0.500000,0.000000,0.000000,-1.000000,0.4340398,0.4346015,0.1886344
caixa,pesos,0.5,0.263841,-0.261594,-0.500000,0.000000,0.000000,-1.000000,0.4340398,0.4346015,0.1886344
caixa,pesos,1.0,0.263841,-0.261594,-0.500000,0.000000,0.000000,-1.000000,0.4340399,0.4346015,0.1886344
caixa,cor,0.0,0.263841,-0.261594,-0.500000,0.000000,0.000000,-1.000000,0.1934022,0.2561072,0.0009121927
caixa,cor,0.3,0.263841,-0.261594,-0.500000,0.000000,0.000000,-1.000000,0.1934022,0.2561072,0.0009121927
caixa,cor,1.0,0.263841,-0.261594,-0.500000,0.000000,0.000000,-1.000000,0.1934022,0.2561072,0.0009122086
caixa,normal,0.0,0.263841,-0.261594,-0.500000,0.000000,0.000000,-1.000000,0.7466297,-0.5729487,-0.3380444
caixa,pesos,0.2,0.188588,-0.197821,-0.500000,0.000000,0.000000,-1.000000,0.452853,0.4505448,0.2040305
caixa,pesos,0.5,0.188588,-0.197821,-0.500000,0.000000,0.000000,-1.000000,0.452853,0.4505448,0.2040305
caixa,pesos,1.0,0.188588,-0.197821,-0.500000,0.000000,0.000000,-1.000000,0.452853,0.4505448,0.2040306
caixa,cor,0.0,0.188588,-0.197821,-0.500000,0.000000,0.000000,-1.000000,0.5919878,0.1091986,0.01106223
caixa,cor,0.3,0.188588,-0.197821,-0.500000,0.000000,0.000000,-1.000000,0.5919878,0.1091986,0.01106223
caixa,cor,1.0,0.188588,-0.197821,-0.500000,0.000000,0.000000,-1.000000,0.5919878,0.1091986,0.01106223
caixa,normal,0.0,0.188588,-0.197821,-0.500000,0.000000,0.000000,-1.000000,0.6101103,-0.1698792,-0.7738905
caixa,pesos,0.2,0.113335,-0.134047,-0.500000,0.000000,0.000000,-1.000000,0.4716663,0.4664882,0.2200267
caixa,pesos,0.5,0.113335,-0.134047,-0.500000,0.000000,0.000000,-1.000000,0.4716663,0.4664882,0.2200267
caixa,pesos,1.0,0.113335,-0.134047,-0.500000,0.000000,0.000000,-1.000000,0.4716663,0.4664882,0.2200267
caixa,cor,0.0,0.113335,-0.134047,-0.500000,0.000000,0.000000,-1.000000,0.3744762,0.06968016,0.08805519
caixa,cor,0.3,0.113335,-0.134047,-0.500000,0.000000,0.000000,-1.000000,0.3744762,0.06968016,0.08805519
caixa,cor,1.0,0.113335,-0.134047,-0.500000,0.000000,0.000000,-1.000000,0.3744762,0.06968017,0.0880552
caixa,normal,0.0,0.113335,-0.134047,-0.500000,0.000000,0.000000,-1.000000,0.4522243,-0.6399407,-0.6212642
caixa,pesos,0.2,0.038082,-0.070274,-0.500000,0.000000,0.000000,-1.000000,0.4904794,0.4824315,0.2366227
caixa,pesos,0.5,0.038082,-0.070274,-0.500000,0.000000,0.000000,-1.000000,0.4904794,0.4824315,0.2366227
caixa,pesos,1.0,0.038082,-0.070274,-0.500000,0.000000,0.000000,-1.000000,0.4904795,0.4824315,0.2366228
caixa,cor,0.0,0.038082,-0.070274,-0.500000,0.000000,0.000000,-1.000000,0.2637922,0.1797891,0.0321248
caixa,cor,0.3,0.038082,-0.070274,-0.500000,0.000000,0.000000,-1.000000,0.2637922,0.1797891,0.0321248
caixa,cor,1.0,0.038082,-0.070274,-0.500000,0.000000,0.000000,-1.000000,0.2637922,0.1797891,0.03212481
caixa,normal,0.0,0.038082,-0.070274,-0.500000,0.000000,0.000000,-1.000000,-0.6357235,0.4842668,-0.6011169
caixa,pesos,0.2,-0.037171,-0.006501,-0.500000,0.000000,0.000000,-1.000000,0.5092927,0.4983748,0.2538186
caixa,pesos,0.5,-0.037171,-0.006501,-0.500000,0.000000,0.000000,-1.000000,0.5092927,0.4983748,0.2538186
caixa,pesos,1.0,-0.037171,-0.006501,-0.500000,0.000000,0.000000,-1.000000,0.5092927,0.4983748,0.2538186
caixa,cor,0.0,-0.037171,-0.006501,-0.500000,0.000000,0.000000,-1.000000,0.06566525,0.6050324,0.285312
caixa,cor,0.3,-0.037171,-0.006501,-0.500000,0.000000,0.000000,-1.000000,0.06566525,0.6050324,0.285312
caixa,cor,1.0,-0.037171,-0.006501,-0.500000,0.000000,0.000000,-1.000000,0.06566526,0.6050324,0.285312
caixa,normal,0.0,-0.037171,-0.006501,-0.500000,0.000000,0.000000,-1.000000,-0.7547684,0.09046292,-0.649724
caixa,pesos,0.2,-0.112424,0.057272,-0.500000,0.000000,0.000000,-1.000000,0.5281059,0.514318,0.2716144
caixa,pesos,0.5,-0.112424,0.057272,-0.500000,0.000000,0.000000,-1.000000,0.5281059,0.514318,0.2716144
caixa,pesos,1.0,-0.112424,0.057272,-0.500000,0.000000,0.000000,-1.000000,0.5281059,0.514318,0.2716144
caixa,cor,0.0,-0.112424,0.057272,-0.500000,0.000000,0.000000,-1.000000,0.1497739,0.3823194,0.03855203
caixa,cor,0.3,-0.112424,0.057272,-0.500000,0.000000,0.000000,-1.000000,0.1497739,0.3823194,0.03855203
caixa,cor,1.0,-0.112424,0.057272,-0.500000,0.000000,0.000000,-1.000000,0.1497739,0.3823195,0.03855204
caixa,normal,0.0,-0.112424,0.057272,-0.500000,0.000000,0.000000,-1.000000,-0.8140104,0.4460919,-0.3720067
caixa,pesos,0.2,-0.187677,0.121045,-0.500000,0.000000,0.000000,-1.000000,0.5469192,0.5302613,0.2900101
caixa,pesos,0.5,-0.187677,0.121045,-0.500000,0.000000,0.000000,-1.000000,0.5469192,0.5302613,0.2900101
caixa,pesos,1.0,-0.187677,0.121045,-0.500000,0.000000,0.000000,-1.000000,0.5469192,0.5302613,0.2900101
caixa,cor,0.0,-0.187677,0.121045,-0.500000,0.000000,0.000000,-1.000000,0.2716129,0.009817041,0.1645972
caixa,cor,0.3,-0.187677,0.121045,-0.500000,0.000000,0.000000,-1.000000,0.2716129,0.009817041,0.1645972
caixa,cor,1.0,-0.187677,0.121045,-0.500000,0.000000,0.000000,-1.000000,0.2716129,0.009817041,0.1645972
caixa,normal,0.0,-0.187677,0.121045,-0.500000,0.000000,0.000000,-1.000000,-0.8375313,0.2076986,-0.5053737
caixa,pesos,0.2,-0.262930,0.184818,-0.500000,0.000000,0.000000,-1.000000,0.5657324,0.5462046,0.3090056
caixa,pesos,0.5,-0.262930,0.184818,-0.500000,0.000000,0.000000,-1.000000,0.5657324,0.5462046,0.3090056
caixa,pesos,1.0,-0.262930,0.184818,-0.500000,0.000000,0.000000,-1.000000,0.5657324,0.5462046,0.3090056
caixa,cor,0.0,-0.262930,0.184818,-0.500000,0.000000,0.000000,-1.000000,0.06630535,0.01312176,0.172675
caixa,cor,0.3,-0.262930,0.184818,-0.500000,0.000000,0.000000,-1.000000,0.06630535,0.01312176,0.172675
caixa,cor,1.0,-0.262930,0.184818,-0.500000,0.000000,0.000000,-1.000000,0.06630535,0.01312177,0.172675
caixa,normal,0.0,-0.262930,0.184818,-0.500000,0.000000,0.000000,-1.000000,-0.6383377,-0.2836851,-0.7155752
caixa,pesos,0.2,-0.338182,0.248591,-0.500000,0.000000,0.000000,-1.000000,0.5845456,0.5621478,0.328601
caixa,pesos,0.5,-0.338182,0.248591,-0.500000,0.000000,0.000000,-1.000000,0.5845456,0.5621478,0.328601
caixa,pesos,1.0,-0.338182,0.248591,-0.500000,0.000000,0.000000,-1.000000,0.5845456,0.5621478,0.328601
caixa,cor,0.0,-0.338182,0.248591,-0.500000,0.000000,0.000000,-1.000000,0.1120028,0.071946,0.2313587
caixa,cor,0.3,-0.338182,0.248591,-0.500000,0.000000,0.000000,-1.000000,0.1120028,0.071946,0.2313587
caixa,cor,1.0,-0.338182,0.248591,-0.500000,0.000000,0.000000,-1.000000,0.1120028,0.071946,0.2313587
caixa,normal,0.0,-0.338182,0.248591,-0.500000,0.000000,0.000000,-1.000000,-0.3147279,-0.4692204,-0.8250933
caixa,pesos,0.2,0.745618,-0.300000,-0.344685,0.000000,-1.000000,-0.000000,0.5861713,0.6864045,0.4023506
caixa,pesos,0.5,0.745618,-0.300000,-0.344685,0.000000,-1.000000,-0.000000,0.5861713,0.6864045,0.4023506
caixa,pesos,1.0,0.745618,-0.300000,-0.344685,0.000000,-1.000000,-0.000000,0.5861713,0.6864044,0.4023505
caixa,cor,0.0,0.745618,-0.300000,-0.344685,0.000000,-1.000000,-0.000000,0.913355,0.1563579,0.1563579
caixa,cor,0.3,0.745618,-0.300000,-0.344685,0.000000,-1.000000,-0.000000,0.913355,0.1563579,0.1563579
caixa,cor,1.0,0.745618,-0.300000,-0.344685,0.000000,-1.000000,-0.000000,0.9133549,0.1563579,0.1563579
caixa,normal,0.0,0.745618,-0.300000,-0.344685,0.000000,-1.000000,-0.000000,0.7689695,-0.5352634,-0.3495414
caixa,pesos,0.2,0.653089,-0.300000,-0.406095,0.000000,-1.000000,-0.000000,0.6015236,0.6632723,0.398974
caixa,pesos,0.5,0.653089,-0.300000,-0.406095,0.000000,-1.000000,-0.000000,0.6015236,0.6632723,0.398974
caixa,pesos,1.0,0.653089,-0.300000,-0.406095,0.000000,-1.000000,-0.000000,0.6015236,0.6632723,0.3989739
caixa,cor,0.0,0.653089,-0.300000,-0.406095,0.000000,-1.000000,-0.000000,0.03817006,0.8532953,0.01219834
caixa,cor,0.3,0.653089,-0.300000,-0.406095,0.000000,-1.000000,-0.000000,0.03817006,0.8532953,0.01219834
caixa,cor,1.0,0.653089,-0.300000,-0.406095,0.000000,-1.000000,-0.000000,0.03817006,0.8532952,0.01219837
caixa,normal,0.0,0.653089,-0.300000,-0.406095,0.000000,-1.000000,-0.000000,-0.1357481,-0.8087044,-0.5723372
caixa,pesos,0.2,0.560561,-0.300000,-0.467504,0.000000,-1.000000,-0.000000,0.616876,0.6401402,0.3948871
caixa,pesos,0.5,0.560561,-0.300000,-0.467504,0.000000,-1.000000,-0.000000,0.616876,0.6401402,0.3948871
caixa,pesos,1.0,0.560561,-0.300000,-0.467504,0.000000,-1.000000,-0.000000,0.616876,0.6401402,0.3948871
caixa,cor,0.0,0.560561,-0.300000,-0.467504,0.000000,-1.000000,-0.000000,0.1013567,0.7742161,0.06025519
caixa,cor,0.3,0.560561,-0.300000,-0.467504,0.000000,-1.000000,-0.000000,0.1013567,0.7742161,0.06025519
caixa,cor,1.0,0.560561,-0.300000,-0.467504,0.000000,-1.000000,-0.000000,0.1013568,0.774216,0.06025521
caixa,normal,0.0,0.560561,-0.300000,-0.467504,0.000000,-1.000000,-0.000000,-0.06647444,-0.6572847,0.750705
caixa,pesos,0.2,0.476166,-0.269974,-0.500000,0.000000,0.000000,-1.000000,0.3809585,0.4325065,0.164767
caixa,pesos,0.5,0.476166,-0.269974,-0.500000,0.000000,0.000000,-1.000000,0.3809585,0.4325065,0.164767
caixa,pesos,1.0,0.476166,-0.269974,-0.500000,0.000000,0.000000,-1.000000,0.3809585,0.4325065,0.1647671
caixa,cor,0.0,0.476166,-0.269974,-0.500000,0.000000,0.000000,-1.000000,0.2541344,0.007121392,0.3255588
caixa,cor,0.3,0.476166,-0.269974,-0.500000,0.000000,0.000000,-1.000000,0.2541344,0.007121392,0.3255588
caixa,cor,1.0,0.476166,-0.269974,-0.500000,0.000000,0.000000,-1.000000,0.2541344,0.007121393,0.3255588
caixa,normal,0.0,0.476166,-0.269974,-0.500000,0.000000,0.000000,-1.000000,-0.7161978,0.6149826,-0.3299348
caixa,pesos,0.2,0.400913,-0.206200,-0.500000,0.000000,0.000000,-1.000000,0.3997717,0.4484499,0.1792776
caixa,pesos,0.5,0.400913,-0.206200,-0.500000,0.000000,0.000000,-1.000000,0.3997717,0.4484499,0.1792776
caixa,pesos,1.0,0.400913,-0.206200,-0.500000,0.000000,0.000000,-1.000000,0.3997717,0.4484499,0.1792776
caixa,cor,0.0,0.400913,-0.206200,-0.500000,0.000000,0.000000,-1.000000,0.06728636,0.03456824,0.7046235
caixa,cor,0.3,0.400913,-0.206200,-0.500000,0.000000,0.000000,-1.000000,0.06728636,0.03456824,0.7046235
caixa,cor,1.0,0.400913,-0.206200,-0.500000,0.000000,0.000000,-1.000000,0.06728636,0.03456824,0.7046235
caixa,normal,0.0,0.400913,-0.206200,-0.500000,0.000000,0.000000,-1.000000,-0.6531689,0.3827846,-0.6533349
caixa,pesos,0.2,0.325660,-0.142427,-0.500000,0.000000,0.000000,-1.000000,0.4185849,0.4643932,0.194388
caixa,pesos,0.5,0.325660,-0.142427,-0.500000,0.000000,0.000000,-1.000000,0.4185849,0.4643932,0.194388
caixa,pesos,1.0,0.325660,-0.142427,-0.500000,0.000000,0.000000,-1.000000,0.4185849,0.4643932,0.194388
caixa,cor,0.0,0.325660,-0.142427,-0.500000,0.000000,0.000000,-1.000000,0.1084794,0.01492901,0.07608373
caixa,cor,0.3,0.325660,-0.142427,-0.500000,0.000000,0.000000,-1.000000,0.1084794,0.01492901,0.07608373
caixa,cor,1.0,0.325660,-0.142427,-0.500000,0.000000,0.000000,-1.000000,0.1084794,0.01492901,0.07608373
caixa,normal,0.0,0.325660,-0.142427,-0.500000,0.000000,0.000000,-1.000000,-0.5189354,0.7223167,-0.4571264
caixa,pesos,0.2,0.250407,-0.078654,-0.500000,0.000000,0.000000,-1.000000,0.4373981,0.4803365,0.2100983
caixa,pesos,0.5,0.250407,-0.078654,-0.500000,0.000000,0.000000,-1.000000,0.4373981,0.4803365,0.2100983
caixa,pesos,1.0,0.250407,-0.078654,-0.500000,0.000000,0.000000,-1.000000,0.4373982,0.4803365,0.2100983
caixa,cor,0.0,0.250407,-0.078654,-0.500000,0.000000,0.000000,-1.000000,0.1001385,0.07254189,0.3343904
caixa,cor,0.3,0.250407,-0.078654,-0.500000,0.000000,0.000000,-1.000000,0.1001385,0.07254189,0.3343904
caixa,cor,1.0,0.250407,-0.078654,-0.500000,0.000000,0.000000,-1.000000,0.1001385,0.0725419,0.3343904
caixa,normal,0.0,0.250407,-0.078654,-0.500000,0.000000,0.000000,-1.000000,0.3832116,0.04861021,-0.9223804
caixa,pesos,0.2,0.175155,-0.014881,-0.500000,0.000000,0.000000,-1.000000,0.4562113,0.4962798,0.2264084
caixa,pesos,0.5,0.175155,-0.014881,-0.500000,0.000000,0.000000,-1.000000,0.4562113,0.4962798,0.2264084
caixa,pesos,1.0,0.175155,-0.014881,-0.500000,0.000000,0.000000,-1.000000,0.4562113,0.4962798,0.2264084
caixa,cor,0.0,0.175155,-0.014881,-0.500000,0.000000,0.000000,-1.000000,0.7184578,0.004173968,0.1045657
caixa,cor,0.3,0.175155,-0.014881,-0.500000,0.000000,0.000000,-1.000000,0.7184578,0.004173968,0.1045657
caixa,cor,1.0,0.175155,-0.014881,-0.500000,0.000000,0.000000,-1.000000,0.7184578,0.004174008,0.1045657
caixa,normal,0.0,0.175155,-0.014881,-0.500000,0.000000,0.000000,-1.000000,0.690774,0.05365396,-0.7210774
caixa,pesos,0.2,0.099902,0.048892,-0.500000,0.000000,0.000000,-1.000000,0.4750246,0.5122231,0.2433186
caixa,pesos,0.5,0.099902,0.048892,-0.500000,0.000000,0.000000,-1.000000,0.4750246,0.5122231,0.2433186
caixa,pesos,1.0,0.099902,0.048892,-0.500000,0.000000,0.000000,-1.000000,0.4750246,0.5122231,0.2433186
caixa,cor,0.0,0.099902,0.048892,-0.500000,0.000000,0.000000,-1.000000,0.1133593,0.07041927,0.00528153
caixa,cor,0.3,0.099902,0.048892,-0.500000,0.000000,0.000000,-1.000000,0.1133593,0.07041927,0.00528153
caixa,cor,1.0,0.099902,0.048892,-0.500000,0.000000,0.000000,-1.000000,0.1133593,0.07041927,0.005281541
caixa,normal,0.0,0.099902,0.048892,-0.500000,0.000000,0.000000,-1.000000,0.8341043,-0.2885456,-0.4701188
caixa,pesos,0.2,0.024649,0.112666,-0.500000,0.000000,0.000000,-1.000000,0.4938377,0.5281664,0.2608285
caixa,pesos,0.5,0.024649,0.112666,-0.500000,0.000000,0.000000,-1.000000,0.4938377,0.5281664,0.2608285
caixa,pesos,1.0,0.024649,0.112666,-0.500000,0.000000,0.000000,-1.000000,0.4938377,0.5281664,0.2608285
caixa,cor,0.0,0.024649,0.112666,-0.500000,0.000000,0.000000,-1.000000,0.3433618,0.02649005,0.02649005
caixa,cor,0.3,0.024649,0.112666,-0.500000,0.000000,0.000000,-1.000000,0.3433618,0.02649005,0.02649005
caixa,cor,1.0,0.024649,0.112666,-0.500000,0.000000,0.000000,-1.000000,0.3433618,0.02649005,0.02649006
caixa,normal,0.0,0.024649,0.112666,-0.500000,0.000000,0.000000,-1.000000,0.8350277,-0.3962272,-0.3817496
caixa,pesos,0.2,-0.050604,0.176439,-0.500000,0.000000,0.000000,-1.000000,0.5126511,0.5441096,0.2789384
caixa,pesos,0.5,-0.050604,0.176439,-0.500000,0.000000,0.000000,-1.000000,0.5126511,0.5441096,0.2789384
caixa,pesos,1.0,-0.050604,0.176439,-0.500000,0.000000,0.000000,-1.000000,0.5126511,0.5441096,0.2789384
caixa,cor,0.0,-0.050604,0.176439,-0.500000,0.000000,0.000000,-1.000000,0.7324455,0.09758667,0.5090048
caixa,cor,0.3,-0.050604,0.176439,-0.500000,0.000000,0.000000,-1.000000,0.7324455,0.09758667,0.5090048
caixa,cor,1.0,-0.050604,0.176439,-0.500000,0.000000,0.000000,-1.000000,0.7324455,0.09758668,0.5090048
caixa,normal,0.0,-0.050604,0.176439,-0.500000,0.000000,0.000000,-1.000000,0.7523348,0.1285002,-0.646127
caixa,pesos,0.2,-0.125857,0.240212,-0.500000,0.000000,0.000000,-1.000000,0.5314643,0.560053,0.2976482
caixa,pesos,0.5,-0.125857,0.240212,-0.500000,0.000000,0.000000,-1.000000,0.5314643,0.560053,0.2976482
caixa,pesos,1.0,-0.125857,0.240212,-0.500000,0.000000,0.000000,-1.000000,0.5314643,0.560053,0.2976482
caixa,cor,0.0,-0.125857,0.240212,-0.500000,0.000000,0.000000,-1.000000,0.1062914,0.002133366,0.07005646
caixa,cor,0.3,-0.125857,0.240212,-0.500000,0.000000,0.000000,-1.000000,0.1062914,0.002133366,0.07005646
caixa,cor,1.0,-0.125857,0.240212,-0.500000,0.000000,0.000000,-1.000000,0.1062914,0.002133404,0.07005646
caixa,normal,0.0,-0.125857,0.240212,-0.500000,0.000000,0.000000,-1.000000,0.7140713,-0.1795633,-0.6766529
caixa,pesos,0.2,0.775156,-0.300000,-0.459435,0.000000,-1.000000,-0.000000,0.6148587,0.6937889,0.4265822
caixa,pesos,0.5,0.775156,-0.300000,-0.459435,0.000000,-1.000000,-0.000000,0.6148587,0.6937889,0.4265822
caixa,pesos,1.0,0.775156,-0.300000,-0.459435,0.000000,-1.000000,-0.000000,0.6148587,0.6937888,0.4265821
caixa,cor,0.0,0.775156,-0.300000,-0.459435,0.000000,-1.000000,-0.000000,0.3461562,0.4181513,0.04632085
caixa,cor,0.3,0.775156,-0.300000,-0.459435,0.000000,-1.000000,-0.000000,0.3461562,0.4181513,0.04632085
caixa,cor,1.0,0.775156,-0.300000,-0.459435,0.000000,-1.000000,-0.000000,0.3461562,0.4181512,0.04632089
caixa,normal,0.0,0.775156,-0.300000,-0.459435,0.000000,-1.000000,-0.000000,0.6248124,-0.4006021,-0.6701698
caixa,pesos,0.2,0.688491,-0.278354,-0.500000,0.000000,0.000000,-1.000000,0.3278773,0.4304116,0.1411222
caixa,pesos,0.5,0.688491,-0.278354,-0.500000,0.000000,0.000000,-1.000000,0.3278773,0.4304116,0.1411222
caixa,pesos,1.0,0.688491,-0.278354,-0.500000,0.000000,0.000000,-1.000000,0.3278773,0.4304116,0.1411222
caixa,cor,0.0,0.688491,-0.278354,-0.500000,0.000000,0.000000,-1.000000,0.4073265,0.0212837,0.1009475
caixa,cor,0.3,0.688491,-0.278354,-0.500000,0.000000,0.000000,-1.000000,0.4073265,0.0212837,0.1009475
caixa,cor,1.0,0.688491,-0.278354,-0.500000,0.000000,0.000000,-1.000000,0.4073265,0.02128372,0.1009475
caixa,normal,0.0,0.688491,-0.278354,-0.500000,0.000000,0.000000,-1.000000,0.6818793,-0.6062135,-0.4093237
caixa,pesos,0.2,0.613238,-0.214580,-0.500000,0.000000,0.000000,-1.000000,0.3466904,0.446355,0.154747
caixa,pesos,0.5,0.613238,-0.214580,-0.500000,0.000000,0.000000,-1.000000,0.3466904,0.446355,0.154747
caixa,pesos,1.0,0.613238,-0.214580,-0.500000,0.000000,0.000000,-1.000000,0.3466904,0.446355,0.154747
caixa,cor,0.0,0.613238,-0.214580,-0.500000,0.000000,0.000000,-1.000000,0.1296231,0.8281587,0.08292308
caixa,cor,0.3,0.613238,-0.214580,-0.500000,0.000000,0.000000,-1.000000,0.1296231,0.8281587,0.08292308
caixa,cor,1.0,0.613238,-0.214580,-0.500000,0.000000,0.000000,-1.000000,0.1296231,0.8281587,0.08292308
caixa,normal,0.0,0.613238,-0.214580,-0.500000,0.000000,0.000000,-1.000000,0.6375918,-0.5237379,-0.5649562
caixa,pesos,0.2,0.537985,-0.150807,-0.500000,0.000000,0.000000,-1.000000,0.3655037,0.4622982,0.1689717
caixa,pesos,0.5,0.537985,-0.150807,-0.500000,0.000000,0.000000,-1.000000,0.3655037,0.4622982,0.1689717
caixa,pesos,1.0,0.537985,-0.150807,-0.500000,0.000000,0.000000,-1.000000,0.3655037,0.4622982,0.1689717
caixa,cor,0.0,0.537985,-0.150807,-0.500000,0.000000,0.000000,-1.000000,0.02549686,0.1539175,0.1118937
caixa,cor,0.3,0.537985,-0.150807,-0.500000,0.000000,0.000000,-1.000000,0.02549686,0.1539175,0.1118937
caixa,cor,1.0,0.537985,-0.150807,-0.500000,0.000000,0.000000,-1.000000,0.02549686,0.1539175,0.1118937
caixa,normal,0.0,0.537985,-0.150807,-0.500000,0.000000,0.000000,-1.000000,0.5449998,-0.738461,-0.3970523
caixa,pesos,0.2,0.462732,-0.087034,-0.500000,0.000000,0.000000,-1.000000,0.3843169,0.4782416,0.1837963
caixa,pesos,0.5,0.462732,-0.087034,-0.500000,0.000000,0.000000,-1.000000,0.3843169,0.4782416,0.1837963
caixa,pesos,1.0,0.462732,-0.087034,-0.500000,0.000000,0.000000,-1.000000,0.384317,0.4782416,0.1837963
caixa,cor,0.0,0.462732,-0.087034,-0.500000,0.000000,0.000000,-1.000000,0.3169383,0.4178256,0.002957924
caixa,cor,0.3,0.462732,-0.087034,-0.500000,0.000000,0.000000,-1.000000,0.3169383,0.4178256,0.002957924
caixa,cor,1.0,0.462732,-0.087034,-0.500000,0.000000,0.000000,-1.000000,0.3169383,0.4178256,0.002957927
caixa,normal,0.0,0.462732,-0.087034,-0.500000,0.000000,0.000000,-1.000000,0.201561,-0.6935174,-0.6916695
caixa,pesos,0.2,0.387480,-0.023261,-0.500000,0.000000,0.000000,-1.000000,0.4031301,0.4941848,0.1992208
caixa,pesos,0.5,0.387480,-0.023261,-0.500000,0.000000,0.000000,-1.000000,0.4031301,0.4941848,0.1992208
caixa,pesos,1.0,0.387480,-0.023261,-0.500000,0.000000,0.000000,-1.000000,0.4031301,0.4941848,0.1992208
caixa,cor,0.0,0.387480,-0.023261,-0.500000,0.000000,0.000000,-1.000000,0.0213379,0.3662618,0.8440201
caixa,cor,0.3,0.387480,-0.023261,-0.500000,0.000000,0.000000,-1.000000,0.0213379,0.3662618,0.8440201
caixa,cor,1.0,0.387480,-0.023261,-0.500000,0.000000,0.000000,-1.000000,0.02133792,0.3662618,0.8440201
caixa,normal,0.0,0.387480,-0.023261,-0.500000,0.000000,0.000000,-1.000000,-0.5440769,-0.2447541,-0.8025434
caixa,pesos,0.2,0.312227,0.040513,-0.500000,0.000000,0.000000,-1.000000,0.4219434,0.5101281,0.2152452
caixa,pesos,0.5,0.312227,0.040513,-0.500000,0.000000,0.000000,-1.000000,0.4219434,0.5101281,0.2152452
caixa,pesos,1.0,0.312227,0.040513,-0.500000,0.000000,0.000000,-1.000000,0.4219434,0.5101281,0.2152452
caixa,cor,0.0,0.312227,0.040513,-0.500000,0.000000,0.000000,-1.000000,0.06362366,0.0137398,0.1598916
caixa,cor,0.3,0.312227,0.040513,-0.500000,0.000000,0.000000,-1.000000,0.06362366,0.0137398,0.1598916
caixa,cor,1.0,0.312227,0.040513,-0.500000,0.000000,0.000000,-1.000000,0.06362367,0.0137398,0.1598916
caixa,normal,0.0,0.312227,0.040513,-0.500000,0.000000,0.000000,-1.000000,-0.7604797,-0.0974071,-0.6420145
caixa,pesos,0.2,0.236974,0.104286,-0.500000,0.000000,0.000000,-1.000000,0.4407566,0.5260714,0.2318695
caixa,pesos,0.5,0.236974,0.104286,-0.500000,0.000000,0.000000,-1.000000,0.4407566,0.5260714,0.2318695
caixa,pesos,1.0,0.236974,0.104286,-0.500000,0.000000,0.000000,-1.000000,0.4407566,0.5260714,0.2318695
caixa,cor,0.0,0.236974,0.104286,-0.500000,0.000000,0.000000,-1.000000,0.05898427,0.1142697,0.4284858
caixa,cor,0.3,0.236974,0.104286,-0.500000,0.000000,0.000000,-1.000000,0.05898427,0.1142697,0.4284858
caixa,cor,1.0,0.236974,0.104286,-0.500000,0.000000,0.000000,-1.000000,0.05898428,0.1142697,0.4284858
caixa,normal,0.0,0.236974,0.104286,-0.500000,0.000000,0.000000,-1.000000,-0.818907,0.4565809,-0.347743
caixa,pesos,0.2,0.161721,0.168059,-0.500000,0.000000,0.000000,-1.000000,0.4595699,0.5420148,0.2490937
caixa,pesos,0.5,0.161721,0.168059,-0.500000,0.000000,0.000000,-1.000000,0.4595699,0.5420148,0.2490937
caixa,pesos,1.0,0.161721,0.168059,-0.500000,0.000000,0.000000,-1.000000,0.4595699,0.5420148,0.2490937
caixa,cor,0.0,0.161721,0.168059,-0.500000,0.000000,0.000000,-1.000000,0.02388882,0.8600449,0.0205985
caixa,cor,0.3,0.161721,0.168059,-0.500000,0.000000,0.000000,-1.000000,0.02388882,0.8600449,0.0205985
caixa,cor,1.0,0.161721,0.168059,-0.500000,0.000000,0.000000,-1.000000,0.02388883,0.860045,0.02059851
caixa,normal,0.0,0.161721,0.168059,-0.500000,0.000000,0.000000,-1.000000,-0.807335,-0.007014394,-0.5900517
caixa,pesos,0.2,0.086468,0.231832,-0.500000,0.000000,0.000000,-1.000000,0.478383,0.5579581,0.2669176
caixa,pesos,0.5,0.086468,0.231832,-0.500000,0.000000,0.000000,-1.000000,0.478383,0.5579581,0.2669176
caixa,pesos,1.0,0.086468,0.231832,-0.500000,0.000000,0.000000,-1.000000,0.478383,0.5579581,0.2669176
caixa,cor,0.0,0.086468,0.231832,-0.500000,0.000000,0.000000,-1.000000,0.003549911,0.1659995,0.1659995
caixa,cor,0.3,0.086468,0.231832,-0.500000,0.000000,0.000000,-1.000000,0.003549911,0.1659995,0.1659995
caixa,cor,1.0,0.086468,0.231832,-0.500000,0.000000,0.000000,-1.000000,0.003549912,0.1659995,0.1659995
caixa,normal,0.0,0.086468,0.231832,-0.500000,0.000000,0.000000,-1.000000,-0.7593949,0.4623985,-0.4577198
caixa,pesos,0.2,0.011214,0.295605,-0.500000,0.000000,0.000000,-1.000000,0.4971964,0.5739013,0.2853417
caixa,pesos,0.5,0.011214,0.295605,-0.500000,0.000000,0.000000,-1.000000,0.4971964,0.5739013,0.2853417
caixa,pesos,1.0,0.011214,0.295605,-0.500000,0.000000,0.000000,-1.000000,0.4971964,0.5739013,0.2853417
caixa,cor,0.0,0.011214,0.295605,-0.500000,0.000000,0.000000,-1.000000,0.01884565,0.4392993,0.06582168
caixa,cor,0.3,0.011214,0.295605,-0.500000,0.000000,0.000000,-1.000000,0.01884565,0.4392993,0.06582168
caixa,cor,1.0,0.011214,0.295605,-0.500000,0.000000,0.000000,-1.000000,0.01884567,0.4392993,0.06582169
caixa,normal,0.0,0.011214,0.295605,-0.500000,0.000000,0.000000,-1.000000,0.104593,-0.6827161,-0.7231591
caixa,pesos,0.2,0.750310,-0.159187,-0.500000,0.000000,0.000000,-1.000000,0.3124224,0.4602033,0.1437778
caixa,pesos,0.5,0.750310,-0.159187,-0.500000,0.000000,0.000000,-1.000000,0.3124224,0.4602033,0.1437778
caixa,pesos,1.0,0.750310,-0.159187,-0.500000,0.000000,0.000000,-1.000000,0.3124224,0.4602033,0.1437778
caixa,cor,0.0,0.750310,-0.159187,-0.500000,0.000000,0.000000,-1.000000,0.001978409,0.208867,0.08251106
caixa,cor,0.3,0.750310,-0.159187,-0.500000,0.000000,0.000000,-1.000000,0.001978409,0.208867,0.08251106
caixa,cor,1.0,0.750310,-0.159187,-0.500000,0.000000,0.000000,-1.000000,0.001978446,0.208867,0.08251108
caixa,normal,0.0,0.750310,-0.159187,-0.500000,0.000000,0.000000,-1.000000,-0.526403,0.7355647,-0.4264324
caixa,pesos,0.2,0.675058,-0.095413,-0.500000,0.000000,0.000000,-1.000000,0.3312355,0.4761466,0.1577167
caixa,pesos,0.5,0.675058,-0.095413,-0.500000,0.000000,0.000000,-1.000000,0.3312355,0.4761466,0.1577167
caixa,pesos,1.0,0.675058,-0.095413,-0.500000,0.000000,0.000000,-1.000000,0.3312356,0.4761467,0.1577167
caixa,cor,0.0,0.675058,-0.095413,-0.500000,0.000000,0.000000,-1.000000,0.03298241,0.5132327,0.01367855
caixa,cor,0.3,0.675058,-0.095413,-0.500000,0.000000,0.000000,-1.000000,0.03298241,0.5132327,0.01367855
caixa,cor,1.0,0.675058,-0.095413,-0.500000,0.000000,0.000000,-1.000000,0.03298242,0.5132327,0.01367855
caixa,normal,0.0,0.675058,-0.095413,-0.500000,0.000000,0.000000,-1.000000,-0.4085708,0.8125989,-0.4156358
caixa,pesos,0.2,0.599805,-0.031640,-0.500000,0.000000,0.000000,-1.000000,0.3500488,0.4920899,0.1722555
caixa,pesos,0.5,0.599805,-0.031640,-0.500000,0.000000,0.000000,-1.000000,0.3500488,0.4920899,0.1722555
caixa,pesos,1.0,0.599805,-0.031640,-0.500000,0.000000,0.000000,-1.000000,0.3500488,0.4920899,0.1722555
caixa,cor,0.0,0.599805,-0.031640,-0.500000,0.000000,0.000000,-1.000000,0.7924637,0.9856052,0.06133075
caixa,cor,0.3,0.599805,-0.031640,-0.500000,0.000000,0.000000,-1.000000,0.7924637,0.9856052,0.06133075
caixa,cor,1.0,0.599805,-0.031640,-0.500000,0.000000,0.000000,-1.000000,0.7924637,0.9856052,0.06133075
caixa,normal,0.0,0.599805,-0.031640,-0.500000,0.000000,0.000000,-1.000000,0.2973719,0.4800429,-0.8253055
caixa,pesos,0.2,0.524552,0.032133,-0.500000,0.000000,0.000000,-1.000000,0.3688621,0.5080332,0.1873942
caixa,pesos,0.5,0.524552,0.032133,-0.500000,0.000000,0.000000,-1.000000,0.3688621,0.5080332,0.1873942
caixa,pesos,1.0,0.524552,0.032133,-0.500000,0.000000,0.000000,-1.000000,0.3688621,0.5080332,0.1873942
caixa,cor,0.0,0.524552,0.032133,-0.500000,0.000000,0.000000,-1.000000,0.03167173,0.2159965,0.0599817
caixa,cor,0.3,0.524552,0.032133,-0.500000,0.000000,0.000000,-1.000000,0.03167173,0.2159965,0.0599817
caixa,cor,1.0,0.524552,0.032133,-0.500000,0.000000,0.000000,-1.000000,0.03167174,0.2159965,0.0599817
caixa,normal,0.0,0.524552,0.032133,-0.500000,0.000000,0.000000,-1.000000,0.376899,0.6248462,-0.6837502
caixa,pesos,0.2,0.449298,0.095906,-0.500000,0.000000,0.000000,-1.000000,0.3876754,0.5239765,0.2031328
caixa,pesos,0.5,0.449298,0.095906,-0.500000,0.000000,0.000000,-1.000000,0.3876754,0.5239765,0.2031328
caixa,pesos,1.0,0.449298,0.095906,-0.500000,0.000000,0.000000,-1.000000,0.3876754,0.5239765,0.2031328
caixa,cor,0.0,0.449298,0.095906,-0.500000,0.000000,0.000000,-1.000000,0.4512269,0.1286379,0.007269974
caixa,cor,0.3,0.449298,0.095906,-0.500000,0.000000,0.000000,-1.000000,0.4512269,0.1286379,0.007269974
caixa,cor,1.0,0.449298,0.095906,-0.500000,0.000000,0.000000,-1.000000,0.4512269,0.1286379,0.00726998
caixa,normal,0.0,0.449298,0.095906,-0.500000,0.000000,0.000000,-1.000000,0.8110249,-0.4417089,-0.3835778
caixa,pesos,0.2,0.374046,0.159679,-0.500000,0.000000,0.000000,-1.000000,0.4064885,0.5399198,0.2194712
caixa,pesos,0.5,0.374046,0.159679,-0.500000,0.000000,0.000000,-1.000000,0.4064885,0.5399198,0.2194712
caixa,pesos,1.0,0.374046,0.159679,-0.500000,0.000000,0.000000,-1.000000,0.4064886,0.5399198,0.2194712
caixa,cor,0.0,0.374046,0.159679,-0.500000,0.000000,0.000000,-1.000000,0.9731369,0.009997514,0.1544209
caixa,cor,0.3,0.374046,0.159679,-0.500000,0.000000,0.000000,-1.000000,0.9731369,0.009997514,0.1544209
caixa,cor,1.0,0.374046,0.159679,-0.500000,0.000000,0.000000,-1.000000,0.9731369,0.009997523,0.1544209
caixa,normal,0.0,0.374046,0.159679,-0.500000,0.000000,0.000000,-1.000000,0.8234456,-0.08506155,-0.5609832
caixa,pesos,0.2,0.298793,0.223452,-0.500000,0.000000,0.000000,-1.000000,0.4253018,0.5558631,0.2364096
caixa,pesos,0.5,0.298793,0.223452,-0.500000,0.000000,0.000000,-1.000000,0.4253018,0.5558631,0.2364096
caixa,pesos,1.0,0.298793,0.223452,-0.500000,0.000000,0.000000,-1.000000,0.4253018,0.5558631,0.2364096
caixa,cor,0.0,0.298793,0.223452,-0.500000,0.000000,0.000000,-1.000000,0.2232664,0.1382786,0.01086515
caixa,cor,0.3,0.298793,0.223452,-0.500000,0.000000,0.000000,-1.000000,0.2232664,0.1382786,0.01086515
caixa,cor,1.0,0.298793,0.223452,-0.500000,0.000000,0.000000,-1.000000,0.2232664,0.1382786,0.01086516
caixa,normal,0.0,0.298793,0.223452,-0.500000,0.000000,0.000000,-1.000000,0.7588673,-0.5230738,-0.3879621
caixa,pesos,0.2,0.223540,0.287225,-0.500000,0.000000,0.000000,-1.000000,0.444115,0.5718063,0.2539478
caixa,pesos,0.5,0.223540,0.287225,-0.500000,0.000000,0.000000,-1.000000,0.444115,0.5718063,0.2539478
caixa,pesos,1.0,0.223540,0.287225,-0.500000,0.000000,0.000000,-1.000000,0.444115,0.5718063,0.2539478
caixa,cor,0.0,0.223540,0.287225,-0.500000,0.000000,0.000000,-1.000000,0.1772331,0.01859874,0.01859874
caixa,cor,0.3,0.223540,0.287225,-0.500000,0.000000,0.000000,-1.000000,0.1772331,0.01859874,0.01859874
caixa,cor,1.0,0.223540,0.287225,-0.500000,0.000000,0.000000,-1.000000,0.1772331,0.01859875,0.01859874
caixa,normal,0.0,0.223540,0.287225,-0.500000,0.000000,0.000000,-1.000000,0.4292493,0.1048098,-0.8970842
caixa,pesos,0.2,0.736877,0.023753,-0.500000,0.000000,0.000000,-1.000000,0.3157808,0.5059382,0.1597656
caixa,pesos,0.5,0.736877,0.023753,-0.500000,0.000000,0.000000,-1.000000,0.3157808,0.5059382,0.1597656
caixa,pesos,1.0,0.736877,0.023753,-0.500000,0.000000,0.000000,-1.000000,0.3157808,0.5059383,0.1597656
caixa,cor,0.0,0.736877,0.023753,-0.500000,0.000000,0.000000,-1.000000,0.01482337,0.2807889,0.02628897
caixa,cor,0.3,0.736877,0.023753,-0.500000,0.000000,0.000000,-1.000000,0.01482337,0.2807889,0.02628897
caixa,cor,1.0,0.736877,0.023753,-0.500000,0.000000,0.000000,-1.000000,0.0148234,0.2807889,0.02628899
caixa,normal,0.0,0.736877,0.023753,-0.500000,0.000000,0.000000,-1.000000,0.02015948,-0.8362006,-0.548053
caixa,pesos,0.2,0.661624,0.087526,-0.500000,0.000000,0.000000,-1.000000,0.3345941,0.5218815,0.1746185
caixa,pesos,0.5,0.661624,0.087526,-0.500000,0.000000,0.000000,-1.000000,0.3345941,0.5218815,0.1746185
caixa,pesos,1.0,0.661624,0.087526,-0.500000,0.000000,0.000000,-1.000000,0.3345941,0.5218815,0.1746185
caixa,cor,0.0,0.661624,0.087526,-0.500000,0.000000,0.000000,-1.000000,0.4806507,0.6335587,0.006522798
caixa,cor,0.3,0.661624,0.087526,-0.500000,0.000000,0.000000,-1.000000,0.4806507,0.6335587,0.006522798
caixa,cor,1.0,0.661624,0.087526,-0.500000,0.000000,0.000000,-1.000000,0.4806507,0.6335587,0.006522799
caixa,normal,0.0,0.661624,0.087526,-0.500000,0.000000,0.000000,-1.000000,-0.8050847,0.3267393,-0.4950557
caixa,pesos,0.2,0.586370,0.151299,-0.500000,0.000000,0.000000,-1.000000,0.3534074,0.5378247,0.1900713
caixa,pesos,0.5,0.586370,0.151299,-0.500000,0.000000,0.000000,-1.000000,0.3534074,0.5378247,0.1900713
caixa,pesos,1.0,0.586370,0.151299,-0.500000,0.000000,0.000000,-1.000000,0.3534074,0.5378247,0.1900713
caixa,cor,0.0,0.586370,0.151299,-0.500000,0.000000,0.000000,-1.000000,0.07676207,0.05186838,0.2024152
caixa,cor,0.3,0.586370,0.151299,-0.500000,0.000000,0.000000,-1.000000,0.07676207,0.05186838,0.2024152
caixa,cor,1.0,0.586370,0.151299,-0.500000,0.000000,0.000000,-1.000000,0.07676209,0.05186838,0.2024152
caixa,normal,0.0,0.586370,0.151299,-0.500000,0.000000,0.000000,-1.000000,-0.7978017,0.1195948,-0.5909395
caixa,pesos,0.2,0.511117,0.215072,-0.500000,0.000000,0.000000,-1.000000,0.3722207,0.5537681,0.2061239
caixa,pesos,0.5,0.511117,0.215072,-0.500000,0.000000,0.000000,-1.000000,0.3722207,0.5537681,0.2061239
caixa,pesos,1.0,0.511117,0.215072,-0.500000,0.000000,0.000000,-1.000000,0.3722207,0.5537681,0.206124
caixa,cor,0.0,0.511117,0.215072,-0.500000,0.000000,0.000000,-1.000000,0.1171671,0.02766647,0.2888985
caixa,cor,0.3,0.511117,0.215072,-0.500000,0.000000,0.000000,-1.000000,0.1171671,0.02766647,0.2888985
caixa,cor,1.0,0.511117,0.215072,-0.500000,0.000000,0.000000,-1.000000,0.1171671,0.02766648,0.2888985
caixa,normal,0.0,0.511117,0.215072,-0.500000,0.000000,0.000000,-1.000000,-0.7555318,0.5299706,-0.3851013
caixa,pesos,0.2,0.435865,0.278846,-0.500000,0.000000,0.000000,-1.000000,0.3910336,0.5697114,0.2227763
caixa,pesos,0.5,0.435865,0.278846,-0.500000,0.000000,0.000000,-1.000000,0.3910336,0.5697114,0.2227763
caixa,pesos,1.0,0.435865,0.278846,-0.500000,0.000000,0.000000,-1.000000,0.3910337,0.5697114,0.2227763
caixa,cor,0.0,0.435865,0.278846,-0.500000,0.000000,0.000000,-1.000000,0.1008358,0.1871667,0.6465623
caixa,cor,0.3,0.435865,0.278846,-0.500000,0.000000,0.000000,-1.000000,0.1008358,0.1871667,0.6465623
caixa,cor,1.0,0.435865,0.278846,-0.500000,0.000000,0.000000,-1.000000,0.1008358,0.1871667,0.6465623
caixa,normal,0.0,0.435865,0.278846,-0.500000,0.000000,0.000000,-1.000000,-0.6606963,0.4749777,-0.5812716
caixa,pesos,0.2,0.798696,0.142920,-0.500000,0.000000,0.000000,-1.000000,0.3003259,0.5357299,0.1608936
caixa,pesos,0.5,0.798696,0.142920,-0.500000,0.000000,0.000000,-1.000000,0.3003259,0.5357299,0.1608936
caixa,pesos,1.0,0.798696,0.142920,-0.500000,0.000000,0.000000,-1.000000,0.300326,0.5357299,0.1608936
caixa,cor,0.0,0.798696,0.142920,-0.500000,0.000000,0.000000,-1.000000,0.1242905,0.01354476,0.01354476
caixa,cor,0.3,0.798696,0.142920,-0.500000,0.000000,0.000000,-1.000000,0.1242905,0.01354476,0.01354476
caixa,cor,1.0,0.798696,0.142920,-0.500000,0.000000,0.000000,-1.000000,0.1242905,0.01354476,0.01354477
caixa,normal,0.0,0.798696,0.142920,-0.500000,0.000000,0.000000,-1.000000,0.7398217,-0.1225313,-0.6615512
caixa,pesos,0.2,0.723443,0.206693,-0.500000,0.000000,0.000000,-1.000000,0.3191392,0.5516732,0.1760605
caixa,pesos,0.5,0.723443,0.206693,-0.500000,0.000000,0.000000,-1.000000,0.3191392,0.5516732,0.1760605
caixa,pesos,1.0,0.723443,0.206693,-0.500000,0.000000,0.000000,-1.000000,0.3191392,0.5516732,0.1760605
caixa,cor,0.0,0.723443,0.206693,-0.500000,0.000000,0.000000,-1.000000,0.3636564,0.05908372,0.2592498
caixa,cor,0.3,0.723443,0.206693,-0.500000,0.000000,0.000000,-1.000000,0.3636564,0.05908372,0.2592498
caixa,cor,1.0,0.723443,0.206693,-0.500000,0.000000,0.000000,-1.000000,0.3636564,0.05908373,0.2592498
caixa,normal,0.0,0.723443,0.206693,-0.500000,0.000000,0.000000,-1.000000,0.747035,-0.4828875,-0.4569008
caixa,pesos,0.2,0.648190,0.270466,-0.500000,0.000000,0.000000,-1.000000,0.3379526,0.5676164,0.1918274
caixa,pesos,0.5,0.648190,0.270466,-0.500000,0.000000,0.000000,-1.000000,0.3379526,0.5676164,0.1918274
caixa,pesos,1.0,0.648190,0.270466,-0.500000,0.000000,0.000000,-1.000000,0.3379526,0.5676164,0.1918274
caixa,cor,0.0,0.648190,0.270466,-0.500000,0.000000,0.000000,-1.000000,0.001370563,0.2768047,0.763086
caixa,cor,0.3,0.648190,0.270466,-0.500000,0.000000,0.000000,-1.000000,0.001370563,0.2768047,0.763086
caixa,cor,1.0,0.648190,0.270466,-0.500000,0.000000,0.000000,-1.000000,0.0013706,0.2768047,0.763086
caixa,normal,0.0,0.648190,0.270466,-0.500000,0.000000,0.000000,-1.000000,0.6602912,-0.6415738,-0.3903828
