# ORÁCULO: Blender 5.2.2 LTS Cycles CPU, 512 amostras, sem denoise, luz directa só (max_bounces 0), filtro 0,01 px.
# Gerado por docs/3DModeling/ferramentas/oraculo_sombra_sol_blender.py — NÃO editar à mão.
# CENA lado=384 quadros=[('cena', 0.1, 0.0, 1.5), ('perto', 0.85, -0.2, 0.05)] esfera=((-0.8, 0.6, 0.0), 0.3) caixa=((0.6, 0.2, 0.0), 0.4) sol=disco de luz SUN, L=(-cos h, sen h, 0) nosso
# escuro = 1 - passe Shadow Catcher (o chão a y=0, objetos invisíveis à câmara).
quadro,altura,raio,corte,i,j,x,z,escuro
cena,40.0,1.0,linha,0,192,-1.396094,0.003906,0.000000
cena,40.0,1.0,linha,1,192,-1.388281,0.003906,0.000000
cena,40.0,1.0,linha,2,192,-1.380469,0.003906,0.000000
cena,40.0,1.0,linha,3,192,-1.372656,0.003906,0.000000
cena,40.0,1.0,linha,4,192,-1.364844,0.003906,0.000000
cena,40.0,1.0,linha,5,192,-1.357031,0.003906,0.000000
cena,40.0,1.0,linha,6,192,-1.349219,0.003906,0.000000
cena,40.0,1.0,linha,7,192,-1.341406,0.003906,0.000000
cena,40.0,1.0,linha,8,192,-1.333594,0.003906,0.000000
cena,40.0,1.0,linha,9,192,-1.325781,0.003906,0.000000
cena,40.0,1.0,linha,10,192,-1.317969,0.003906,0.000000
cena,40.0,1.0,linha,11,192,-1.310156,0.003906,0.000000
cena,40.0,1.0,linha,12,192,-1.302344,0.003906,0.000000
cena,40.0,1.0,linha,13,192,-1.294531,0.003906,0.000000
cena,40.0,1.0,linha,14,192,-1.286719,0.003906,0.000000
cena,40.0,1.0,linha,15,192,-1.278906,0.003906,0.000000
cena,40.0,1.0,linha,16,192,-1.271094,0.003906,0.000000
cena,40.0,1.0,linha,17,192,-1.263281,0.003906,0.000000
cena,40.0,1.0,linha,18,192,-1.255469,0.003906,0.000000
cena,40.0,1.0,linha,19,192,-1.247656,0.003906,0.000000
cena,40.0,1.0,linha,20,192,-1.239844,0.003906,0.000000
cena,40.0,1.0,linha,21,192,-1.232031,0.003906,0.000000
cena,40.0,1.0,linha,22,192,-1.224219,0.003906,0.000000
cena,40.0,1.0,linha,23,192,-1.216406,0.003906,0.000000
cena,40.0,1.0,linha,24,192,-1.208594,0.003906,0.000000
cena,40.0,1.0,linha,25,192,-1.200781,0.003906,0.000000
cena,40.0,1.0,linha,26,192,-1.192969,0.003906,0.000000
cena,40.0,1.0,linha,27,192,-1.185156,0.003906,0.000000
cena,40.0,1.0,linha,28,192,-1.177344,0.003906,0.000000
cena,40.0,1.0,linha,29,192,-1.169531,0.003906,0.000000
cena,40.0,1.0,linha,30,192,-1.161719,0.003906,0.000000
cena,40.0,1.0,linha,31,192,-1.153906,0.003906,0.000000
cena,40.0,1.0,linha,32,192,-1.146094,0.003906,0.000000
cena,40.0,1.0,linha,33,192,-1.138281,0.003906,0.000000
cena,40.0,1.0,linha,34,192,-1.130469,0.003906,0.000000
cena,40.0,1.0,linha,35,192,-1.122656,0.003906,0.000000
cena,40.0,1.0,linha,36,192,-1.114844,0.003906,0.000000
cena,40.0,1.0,linha,37,192,-1.107031,0.003906,0.000000
cena,40.0,1.0,linha,38,192,-1.099219,0.003906,0.000000
cena,40.0,1.0,linha,39,192,-1.091406,0.003906,0.000000
cena,40.0,1.0,linha,40,192,-1.083594,0.003906,0.000000
cena,40.0,1.0,linha,41,192,-1.075781,0.003906,0.000000
cena,40.0,1.0,linha,42,192,-1.067969,0.003906,0.000000
cena,40.0,1.0,linha,43,192,-1.060156,0.003906,0.000000
cena,40.0,1.0,linha,44,192,-1.052344,0.003906,0.000000
cena,40.0,1.0,linha,45,192,-1.044531,0.003906,0.000000
cena,40.0,1.0,linha,46,192,-1.036719,0.003906,0.000000
cena,40.0,1.0,linha,47,192,-1.028906,0.003906,0.000000
cena,40.0,1.0,linha,48,192,-1.021094,0.003906,0.000000
cena,40.0,1.0,linha,49,192,-1.013281,0.003906,0.000000
cena,40.0,1.0,linha,50,192,-1.005469,0.003906,0.000000
cena,40.0,1.0,linha,51,192,-0.997656,0.003906,0.000000
cena,40.0,1.0,linha,52,192,-0.989844,0.003906,0.000000
cena,40.0,1.0,linha,53,192,-0.982031,0.003906,0.000000
cena,40.0,1.0,linha,54,192,-0.974219,0.003906,0.000000
cena,40.0,1.0,linha,55,192,-0.966406,0.003906,0.000000
cena,40.0,1.0,linha,56,192,-0.958594,0.003906,0.000000
cena,40.0,1.0,linha,57,192,-0.950781,0.003906,0.000000
cena,40.0,1.0,linha,58,192,-0.942969,0.003906,0.000000
cena,40.0,1.0,linha,59,192,-0.935156,0.003906,0.000000
cena,40.0,1.0,linha,60,192,-0.927344,0.003906,0.000000
cena,40.0,1.0,linha,61,192,-0.919531,0.003906,0.000000
cena,40.0,1.0,linha,62,192,-0.911719,0.003906,0.000000
cena,40.0,1.0,linha,63,192,-0.903906,0.003906,0.000000
cena,40.0,1.0,linha,64,192,-0.896094,0.003906,0.000000
cena,40.0,1.0,linha,65,192,-0.888281,0.003906,0.000000
cena,40.0,1.0,linha,66,192,-0.880469,0.003906,0.000000
cena,40.0,1.0,linha,67,192,-0.872656,0.003906,0.000000
cena,40.0,1.0,linha,68,192,-0.864844,0.003906,0.000000
cena,40.0,1.0,linha,69,192,-0.857031,0.003906,0.000000
cena,40.0,1.0,linha,70,192,-0.849219,0.003906,0.000000
cena,40.0,1.0,linha,71,192,-0.841406,0.003906,0.000000
cena,40.0,1.0,linha,72,192,-0.833594,0.003906,0.000000
cena,40.0,1.0,linha,73,192,-0.825781,0.003906,0.000000
cena,40.0,1.0,linha,74,192,-0.817969,0.003906,0.000000
cena,40.0,1.0,linha,75,192,-0.810156,0.003906,0.000000
cena,40.0,1.0,linha,76,192,-0.802344,0.003906,0.000000
cena,40.0,1.0,linha,77,192,-0.794531,0.003906,0.000000
cena,40.0,1.0,linha,78,192,-0.786719,0.003906,0.000000
cena,40.0,1.0,linha,79,192,-0.778906,0.003906,0.000000
cena,40.0,1.0,linha,80,192,-0.771094,0.003906,0.000000
cena,40.0,1.0,linha,81,192,-0.763281,0.003906,0.000000
cena,40.0,1.0,linha,82,192,-0.755469,0.003906,0.000000
cena,40.0,1.0,linha,83,192,-0.747656,0.003906,0.000000
cena,40.0,1.0,linha,84,192,-0.739844,0.003906,0.000000
cena,40.0,1.0,linha,85,192,-0.732031,0.003906,0.000000
cena,40.0,1.0,linha,86,192,-0.724219,0.003906,0.000000
cena,40.0,1.0,linha,87,192,-0.716406,0.003906,0.000000
cena,40.0,1.0,linha,88,192,-0.708594,0.003906,0.000000
cena,40.0,1.0,linha,89,192,-0.700781,0.003906,0.000000
cena,40.0,1.0,linha,90,192,-0.692969,0.003906,0.000000
cena,40.0,1.0,linha,91,192,-0.685156,0.003906,0.000000
cena,40.0,1.0,linha,92,192,-0.677344,0.003906,0.000000
cena,40.0,1.0,linha,93,192,-0.669531,0.003906,0.000000
cena,40.0,1.0,linha,94,192,-0.661719,0.003906,0.000000
cena,40.0,1.0,linha,95,192,-0.653906,0.003906,0.000000
cena,40.0,1.0,linha,96,192,-0.646094,0.003906,0.000000
cena,40.0,1.0,linha,97,192,-0.638281,0.003906,0.000000
cena,40.0,1.0,linha,98,192,-0.630469,0.003906,0.000000
cena,40.0,1.0,linha,99,192,-0.622656,0.003906,0.000000
cena,40.0,1.0,linha,100,192,-0.614844,0.003906,0.000000
cena,40.0,1.0,linha,101,192,-0.607031,0.003906,0.000000
cena,40.0,1.0,linha,102,192,-0.599219,0.003906,0.000000
cena,40.0,1.0,linha,103,192,-0.591406,0.003906,0.000000
cena,40.0,1.0,linha,104,192,-0.583594,0.003906,0.000000
cena,40.0,1.0,linha,105,192,-0.575781,0.003906,0.000000
cena,40.0,1.0,linha,106,192,-0.567969,0.003906,0.000000
cena,40.0,1.0,linha,107,192,-0.560156,0.003906,0.172604
cena,40.0,1.0,linha,108,192,-0.552344,0.003906,0.477229
cena,40.0,1.0,linha,109,192,-0.544531,0.003906,0.772860
cena,40.0,1.0,linha,110,192,-0.536719,0.003906,0.990438
cena,40.0,1.0,linha,111,192,-0.528906,0.003906,1.000000
cena,40.0,1.0,linha,112,192,-0.521094,0.003906,1.000000
cena,40.0,1.0,linha,113,192,-0.513281,0.003906,1.000000
cena,40.0,1.0,linha,114,192,-0.505469,0.003906,1.000000
cena,40.0,1.0,linha,115,192,-0.497656,0.003906,1.000000
cena,40.0,1.0,linha,116,192,-0.489844,0.003906,1.000000
cena,40.0,1.0,linha,117,192,-0.482031,0.003906,1.000000
cena,40.0,1.0,linha,118,192,-0.474219,0.003906,1.000000
cena,40.0,1.0,linha,119,192,-0.466406,0.003906,1.000000
cena,40.0,1.0,linha,120,192,-0.458594,0.003906,1.000000
cena,40.0,1.0,linha,121,192,-0.450781,0.003906,1.000000
cena,40.0,1.0,linha,122,192,-0.442969,0.003906,1.000000
cena,40.0,1.0,linha,123,192,-0.435156,0.003906,1.000000
cena,40.0,1.0,linha,124,192,-0.427344,0.003906,1.000000
cena,40.0,1.0,linha,125,192,-0.419531,0.003906,1.000000
cena,40.0,1.0,linha,126,192,-0.411719,0.003906,1.000000
cena,40.0,1.0,linha,127,192,-0.403906,0.003906,1.000000
cena,40.0,1.0,linha,128,192,-0.396094,0.003906,1.000000
cena,40.0,1.0,linha,129,192,-0.388281,0.003906,1.000000
cena,40.0,1.0,linha,130,192,-0.380469,0.003906,1.000000
cena,40.0,1.0,linha,131,192,-0.372656,0.003906,1.000000
cena,40.0,1.0,linha,132,192,-0.364844,0.003906,1.000000
cena,40.0,1.0,linha,133,192,-0.357031,0.003906,1.000000
cena,40.0,1.0,linha,134,192,-0.349219,0.003906,1.000000
cena,40.0,1.0,linha,135,192,-0.341406,0.003906,1.000000
cena,40.0,1.0,linha,136,192,-0.333594,0.003906,1.000000
cena,40.0,1.0,linha,137,192,-0.325781,0.003906,1.000000
cena,40.0,1.0,linha,138,192,-0.317969,0.003906,1.000000
cena,40.0,1.0,linha,139,192,-0.310156,0.003906,1.000000
cena,40.0,1.0,linha,140,192,-0.302344,0.003906,1.000000
cena,40.0,1.0,linha,141,192,-0.294531,0.003906,1.000000
cena,40.0,1.0,linha,142,192,-0.286719,0.003906,1.000000
cena,40.0,1.0,linha,143,192,-0.278906,0.003906,1.000000
cena,40.0,1.0,linha,144,192,-0.271094,0.003906,1.000000
cena,40.0,1.0,linha,145,192,-0.263281,0.003906,1.000000
cena,40.0,1.0,linha,146,192,-0.255469,0.003906,1.000000
cena,40.0,1.0,linha,147,192,-0.247656,0.003906,1.000000
cena,40.0,1.0,linha,148,192,-0.239844,0.003906,1.000000
cena,40.0,1.0,linha,149,192,-0.232031,0.003906,1.000000
cena,40.0,1.0,linha,150,192,-0.224219,0.003906,1.000000
cena,40.0,1.0,linha,151,192,-0.216406,0.003906,1.000000
cena,40.0,1.0,linha,152,192,-0.208594,0.003906,1.000000
cena,40.0,1.0,linha,153,192,-0.200781,0.003906,1.000000
cena,40.0,1.0,linha,154,192,-0.192969,0.003906,1.000000
cena,40.0,1.0,linha,155,192,-0.185156,0.003906,1.000000
cena,40.0,1.0,linha,156,192,-0.177344,0.003906,1.000000
cena,40.0,1.0,linha,157,192,-0.169531,0.003906,1.000000
cena,40.0,1.0,linha,158,192,-0.161719,0.003906,1.000000
cena,40.0,1.0,linha,159,192,-0.153906,0.003906,1.000000
cena,40.0,1.0,linha,160,192,-0.146094,0.003906,1.000000
cena,40.0,1.0,linha,161,192,-0.138281,0.003906,1.000000
cena,40.0,1.0,linha,162,192,-0.130469,0.003906,1.000000
cena,40.0,1.0,linha,163,192,-0.122656,0.003906,1.000000
cena,40.0,1.0,linha,164,192,-0.114844,0.003906,1.000000
cena,40.0,1.0,linha,165,192,-0.107031,0.003906,1.000000
cena,40.0,1.0,linha,166,192,-0.099219,0.003906,1.000000
cena,40.0,1.0,linha,167,192,-0.091406,0.003906,1.000000
cena,40.0,1.0,linha,168,192,-0.083594,0.003906,1.000000
cena,40.0,1.0,linha,169,192,-0.075781,0.003906,1.000000
cena,40.0,1.0,linha,170,192,-0.067969,0.003906,1.000000
cena,40.0,1.0,linha,171,192,-0.060156,0.003906,1.000000
cena,40.0,1.0,linha,172,192,-0.052344,0.003906,1.000000
cena,40.0,1.0,linha,173,192,-0.044531,0.003906,1.000000
cena,40.0,1.0,linha,174,192,-0.036719,0.003906,1.000000
cena,40.0,1.0,linha,175,192,-0.028906,0.003906,1.000000
cena,40.0,1.0,linha,176,192,-0.021094,0.003906,1.000000
cena,40.0,1.0,linha,177,192,-0.013281,0.003906,1.000000
cena,40.0,1.0,linha,178,192,-0.005469,0.003906,1.000000
cena,40.0,1.0,linha,179,192,0.002344,0.003906,1.000000
cena,40.0,1.0,linha,180,192,0.010156,0.003906,1.000000
cena,40.0,1.0,linha,181,192,0.017969,0.003906,1.000000
cena,40.0,1.0,linha,182,192,0.025781,0.003906,1.000000
cena,40.0,1.0,linha,183,192,0.033594,0.003906,1.000000
cena,40.0,1.0,linha,184,192,0.041406,0.003906,1.000000
cena,40.0,1.0,linha,185,192,0.049219,0.003906,1.000000
cena,40.0,1.0,linha,186,192,0.057031,0.003906,1.000000
cena,40.0,1.0,linha,187,192,0.064844,0.003906,1.000000
cena,40.0,1.0,linha,188,192,0.072656,0.003906,1.000000
cena,40.0,1.0,linha,189,192,0.080469,0.003906,1.000000
cena,40.0,1.0,linha,190,192,0.088281,0.003906,1.000000
cena,40.0,1.0,linha,191,192,0.096094,0.003906,1.000000
cena,40.0,1.0,linha,192,192,0.103906,0.003906,1.000000
cena,40.0,1.0,linha,193,192,0.111719,0.003906,1.000000
cena,40.0,1.0,linha,194,192,0.119531,0.003906,1.000000
cena,40.0,1.0,linha,195,192,0.127344,0.003906,1.000000
cena,40.0,1.0,linha,196,192,0.135156,0.003906,1.000000
cena,40.0,1.0,linha,197,192,0.142969,0.003906,1.000000
cena,40.0,1.0,linha,198,192,0.150781,0.003906,1.000000
cena,40.0,1.0,linha,199,192,0.158594,0.003906,1.000000
cena,40.0,1.0,linha,200,192,0.166406,0.003906,1.000000
cena,40.0,1.0,linha,201,192,0.174219,0.003906,1.000000
cena,40.0,1.0,linha,202,192,0.182031,0.003906,1.000000
cena,40.0,1.0,linha,203,192,0.189844,0.003906,1.000000
cena,40.0,1.0,linha,204,192,0.197656,0.003906,1.000000
cena,40.0,1.0,linha,205,192,0.205469,0.003906,1.000000
cena,40.0,1.0,linha,206,192,0.213281,0.003906,1.000000
cena,40.0,1.0,linha,207,192,0.221094,0.003906,1.000000
cena,40.0,1.0,linha,208,192,0.228906,0.003906,1.000000
cena,40.0,1.0,linha,209,192,0.236719,0.003906,1.000000
cena,40.0,1.0,linha,210,192,0.244531,0.003906,1.000000
cena,40.0,1.0,linha,211,192,0.252344,0.003906,1.000000
cena,40.0,1.0,linha,212,192,0.260156,0.003906,1.000000
cena,40.0,1.0,linha,213,192,0.267969,0.003906,1.000000
cena,40.0,1.0,linha,214,192,0.275781,0.003906,1.000000
cena,40.0,1.0,linha,215,192,0.283594,0.003906,1.000000
cena,40.0,1.0,linha,216,192,0.291406,0.003906,1.000000
cena,40.0,1.0,linha,217,192,0.299219,0.003906,1.000000
cena,40.0,1.0,linha,218,192,0.307031,0.003906,1.000000
cena,40.0,1.0,linha,219,192,0.314844,0.003906,1.000000
cena,40.0,1.0,linha,220,192,0.322656,0.003906,1.000000
cena,40.0,1.0,linha,221,192,0.330469,0.003906,1.000000
cena,40.0,1.0,linha,222,192,0.338281,0.003906,1.000000
cena,40.0,1.0,linha,223,192,0.346094,0.003906,1.000000
cena,40.0,1.0,linha,224,192,0.353906,0.003906,0.950241
cena,40.0,1.0,linha,225,192,0.361719,0.003906,0.841230
cena,40.0,1.0,linha,226,192,0.369531,0.003906,0.705149
cena,40.0,1.0,linha,227,192,0.377344,0.003906,0.565814
cena,40.0,1.0,linha,228,192,0.385156,0.003906,0.421292
cena,40.0,1.0,linha,229,192,0.392969,0.003906,0.287177
cena,40.0,1.0,linha,230,192,0.400781,0.003906,0.998037
cena,40.0,1.0,linha,231,192,0.408594,0.003906,1.000000
cena,40.0,1.0,linha,232,192,0.416406,0.003906,1.000000
cena,40.0,1.0,linha,233,192,0.424219,0.003906,1.000000
cena,40.0,1.0,linha,234,192,0.432031,0.003906,1.000000
cena,40.0,1.0,linha,235,192,0.439844,0.003906,1.000000
cena,40.0,1.0,linha,236,192,0.447656,0.003906,1.000000
cena,40.0,1.0,linha,237,192,0.455469,0.003906,1.000000
cena,40.0,1.0,linha,238,192,0.463281,0.003906,1.000000
cena,40.0,1.0,linha,239,192,0.471094,0.003906,1.000000
cena,40.0,1.0,linha,240,192,0.478906,0.003906,1.000000
cena,40.0,1.0,linha,241,192,0.486719,0.003906,1.000000
cena,40.0,1.0,linha,242,192,0.494531,0.003906,1.000000
cena,40.0,1.0,linha,243,192,0.502344,0.003906,1.000000
cena,40.0,1.0,linha,244,192,0.510156,0.003906,1.000000
cena,40.0,1.0,linha,245,192,0.517969,0.003906,1.000000
cena,40.0,1.0,linha,246,192,0.525781,0.003906,1.000000
cena,40.0,1.0,linha,247,192,0.533594,0.003906,1.000000
cena,40.0,1.0,linha,248,192,0.541406,0.003906,1.000000
cena,40.0,1.0,linha,249,192,0.549219,0.003906,1.000000
cena,40.0,1.0,linha,250,192,0.557031,0.003906,1.000000
cena,40.0,1.0,linha,251,192,0.564844,0.003906,1.000000
cena,40.0,1.0,linha,252,192,0.572656,0.003906,1.000000
cena,40.0,1.0,linha,253,192,0.580469,0.003906,1.000000
cena,40.0,1.0,linha,254,192,0.588281,0.003906,1.000000
cena,40.0,1.0,linha,255,192,0.596094,0.003906,1.000000
cena,40.0,1.0,linha,256,192,0.603906,0.003906,1.000000
cena,40.0,1.0,linha,257,192,0.611719,0.003906,1.000000
cena,40.0,1.0,linha,258,192,0.619531,0.003906,1.000000
cena,40.0,1.0,linha,259,192,0.627344,0.003906,1.000000
cena,40.0,1.0,linha,260,192,0.635156,0.003906,1.000000
cena,40.0,1.0,linha,261,192,0.642969,0.003906,1.000000
cena,40.0,1.0,linha,262,192,0.650781,0.003906,1.000000
cena,40.0,1.0,linha,263,192,0.658594,0.003906,1.000000
cena,40.0,1.0,linha,264,192,0.666406,0.003906,1.000000
cena,40.0,1.0,linha,265,192,0.674219,0.003906,1.000000
cena,40.0,1.0,linha,266,192,0.682031,0.003906,1.000000
cena,40.0,1.0,linha,267,192,0.689844,0.003906,1.000000
cena,40.0,1.0,linha,268,192,0.697656,0.003906,1.000000
cena,40.0,1.0,linha,269,192,0.705469,0.003906,1.000000
cena,40.0,1.0,linha,270,192,0.713281,0.003906,1.000000
cena,40.0,1.0,linha,271,192,0.721094,0.003906,1.000000
cena,40.0,1.0,linha,272,192,0.728906,0.003906,1.000000
cena,40.0,1.0,linha,273,192,0.736719,0.003906,1.000000
cena,40.0,1.0,linha,274,192,0.744531,0.003906,1.000000
cena,40.0,1.0,linha,275,192,0.752344,0.003906,1.000000
cena,40.0,1.0,linha,276,192,0.760156,0.003906,1.000000
cena,40.0,1.0,linha,277,192,0.767969,0.003906,1.000000
cena,40.0,1.0,linha,278,192,0.775781,0.003906,1.000000
cena,40.0,1.0,linha,279,192,0.783594,0.003906,1.000000
cena,40.0,1.0,linha,280,192,0.791406,0.003906,1.000000
cena,40.0,1.0,linha,281,192,0.799219,0.003906,1.000000
cena,40.0,1.0,linha,282,192,0.807031,0.003906,1.000000
cena,40.0,1.0,linha,283,192,0.814844,0.003906,1.000000
cena,40.0,1.0,linha,284,192,0.822656,0.003906,1.000000
cena,40.0,1.0,linha,285,192,0.830469,0.003906,1.000000
cena,40.0,1.0,linha,286,192,0.838281,0.003906,1.000000
cena,40.0,1.0,linha,287,192,0.846094,0.003906,1.000000
cena,40.0,1.0,linha,288,192,0.853906,0.003906,1.000000
cena,40.0,1.0,linha,289,192,0.861719,0.003906,1.000000
cena,40.0,1.0,linha,290,192,0.869531,0.003906,1.000000
cena,40.0,1.0,linha,291,192,0.877344,0.003906,1.000000
cena,40.0,1.0,linha,292,192,0.885156,0.003906,1.000000
cena,40.0,1.0,linha,293,192,0.892969,0.003906,1.000000
cena,40.0,1.0,linha,294,192,0.900781,0.003906,1.000000
cena,40.0,1.0,linha,295,192,0.908594,0.003906,1.000000
cena,40.0,1.0,linha,296,192,0.916406,0.003906,1.000000
cena,40.0,1.0,linha,297,192,0.924219,0.003906,1.000000
cena,40.0,1.0,linha,298,192,0.932031,0.003906,1.000000
cena,40.0,1.0,linha,299,192,0.939844,0.003906,1.000000
cena,40.0,1.0,linha,300,192,0.947656,0.003906,1.000000
cena,40.0,1.0,linha,301,192,0.955469,0.003906,1.000000
cena,40.0,1.0,linha,302,192,0.963281,0.003906,1.000000
cena,40.0,1.0,linha,303,192,0.971094,0.003906,1.000000
cena,40.0,1.0,linha,304,192,0.978906,0.003906,1.000000
cena,40.0,1.0,linha,305,192,0.986719,0.003906,1.000000
cena,40.0,1.0,linha,306,192,0.994531,0.003906,1.000000
cena,40.0,1.0,linha,307,192,1.002344,0.003906,1.000000
cena,40.0,1.0,linha,308,192,1.010156,0.003906,1.000000
cena,40.0,1.0,linha,309,192,1.017969,0.003906,1.000000
cena,40.0,1.0,linha,310,192,1.025781,0.003906,1.000000
cena,40.0,1.0,linha,311,192,1.033594,0.003906,1.000000
cena,40.0,1.0,linha,312,192,1.041406,0.003906,1.000000
cena,40.0,1.0,linha,313,192,1.049219,0.003906,1.000000
cena,40.0,1.0,linha,314,192,1.057031,0.003906,1.000000
cena,40.0,1.0,linha,315,192,1.064844,0.003906,1.000000
cena,40.0,1.0,linha,316,192,1.072656,0.003906,1.000000
cena,40.0,1.0,linha,317,192,1.080469,0.003906,1.000000
cena,40.0,1.0,linha,318,192,1.088281,0.003906,1.000000
cena,40.0,1.0,linha,319,192,1.096094,0.003906,1.000000
cena,40.0,1.0,linha,320,192,1.103906,0.003906,1.000000
cena,40.0,1.0,linha,321,192,1.111719,0.003906,1.000000
cena,40.0,1.0,linha,322,192,1.119531,0.003906,1.000000
cena,40.0,1.0,linha,323,192,1.127344,0.003906,1.000000
cena,40.0,1.0,linha,324,192,1.135156,0.003906,1.000000
cena,40.0,1.0,linha,325,192,1.142969,0.003906,1.000000
cena,40.0,1.0,linha,326,192,1.150781,0.003906,1.000000
cena,40.0,1.0,linha,327,192,1.158594,0.003906,1.000000
cena,40.0,1.0,linha,328,192,1.166406,0.003906,1.000000
cena,40.0,1.0,linha,329,192,1.174219,0.003906,1.000000
cena,40.0,1.0,linha,330,192,1.182031,0.003906,1.000000
cena,40.0,1.0,linha,331,192,1.189844,0.003906,1.000000
cena,40.0,1.0,linha,332,192,1.197656,0.003906,1.000000
cena,40.0,1.0,linha,333,192,1.205469,0.003906,1.000000
cena,40.0,1.0,linha,334,192,1.213281,0.003906,1.000000
cena,40.0,1.0,linha,335,192,1.221094,0.003906,1.000000
cena,40.0,1.0,linha,336,192,1.228906,0.003906,1.000000
cena,40.0,1.0,linha,337,192,1.236719,0.003906,1.000000
cena,40.0,1.0,linha,338,192,1.244531,0.003906,1.000000
cena,40.0,1.0,linha,339,192,1.252344,0.003906,1.000000
cena,40.0,1.0,linha,340,192,1.260156,0.003906,1.000000
cena,40.0,1.0,linha,341,192,1.267969,0.003906,0.813566
cena,40.0,1.0,linha,342,192,1.275781,0.003906,0.528640
cena,40.0,1.0,linha,343,192,1.283594,0.003906,0.242618
cena,40.0,1.0,linha,344,192,1.291406,0.003906,0.030630
cena,40.0,1.0,linha,345,192,1.299219,0.003906,0.000000
cena,40.0,1.0,linha,346,192,1.307031,0.003906,0.000000
cena,40.0,1.0,linha,347,192,1.314844,0.003906,0.000000
cena,40.0,1.0,linha,348,192,1.322656,0.003906,0.000000
cena,40.0,1.0,linha,349,192,1.330469,0.003906,0.000000
cena,40.0,1.0,linha,350,192,1.338281,0.003906,0.000000
cena,40.0,1.0,linha,351,192,1.346094,0.003906,0.000000
cena,40.0,1.0,linha,352,192,1.353906,0.003906,0.000000
cena,40.0,1.0,linha,353,192,1.361719,0.003906,0.000000
cena,40.0,1.0,linha,354,192,1.369531,0.003906,0.000000
cena,40.0,1.0,linha,355,192,1.377344,0.003906,0.000000
cena,40.0,1.0,linha,356,192,1.385156,0.003906,0.000000
cena,40.0,1.0,linha,357,192,1.392969,0.003906,0.000000
cena,40.0,1.0,linha,358,192,1.400781,0.003906,0.000000
cena,40.0,1.0,linha,359,192,1.408594,0.003906,0.000000
cena,40.0,1.0,linha,360,192,1.416406,0.003906,0.000000
cena,40.0,1.0,linha,361,192,1.424219,0.003906,0.000000
cena,40.0,1.0,linha,362,192,1.432031,0.003906,0.000000
cena,40.0,1.0,linha,363,192,1.439844,0.003906,0.000000
cena,40.0,1.0,linha,364,192,1.447656,0.003906,0.000000
cena,40.0,1.0,linha,365,192,1.455469,0.003906,0.000000
cena,40.0,1.0,linha,366,192,1.463281,0.003906,0.000000
cena,40.0,1.0,linha,367,192,1.471094,0.003906,0.000000
cena,40.0,1.0,linha,368,192,1.478906,0.003906,0.000000
cena,40.0,1.0,linha,369,192,1.486719,0.003906,0.000000
cena,40.0,1.0,linha,370,192,1.494531,0.003906,0.000000
cena,40.0,1.0,linha,371,192,1.502344,0.003906,0.000000
cena,40.0,1.0,linha,372,192,1.510156,0.003906,0.000000
cena,40.0,1.0,linha,373,192,1.517969,0.003906,0.000000
cena,40.0,1.0,linha,374,192,1.525781,0.003906,0.000000
cena,40.0,1.0,linha,375,192,1.533594,0.003906,0.000000
cena,40.0,1.0,linha,376,192,1.541406,0.003906,0.000000
cena,40.0,1.0,linha,377,192,1.549219,0.003906,0.000000
cena,40.0,1.0,linha,378,192,1.557031,0.003906,0.000000
cena,40.0,1.0,linha,379,192,1.564844,0.003906,0.000000
cena,40.0,1.0,linha,380,192,1.572656,0.003906,0.000000
cena,40.0,1.0,linha,381,192,1.580469,0.003906,0.000000
cena,40.0,1.0,linha,382,192,1.588281,0.003906,0.000000
cena,40.0,1.0,linha,383,192,1.596094,0.003906,0.000000
cena,40.0,1.0,coluna,168,0,-0.083594,-1.496094,0.000000
cena,40.0,1.0,coluna,168,1,-0.083594,-1.488281,0.000000
cena,40.0,1.0,coluna,168,2,-0.083594,-1.480469,0.000000
cena,40.0,1.0,coluna,168,3,-0.083594,-1.472656,0.000000
cena,40.0,1.0,coluna,168,4,-0.083594,-1.464844,0.000000
cena,40.0,1.0,coluna,168,5,-0.083594,-1.457031,0.000000
cena,40.0,1.0,coluna,168,6,-0.083594,-1.449219,0.000000
cena,40.0,1.0,coluna,168,7,-0.083594,-1.441406,0.000000
cena,40.0,1.0,coluna,168,8,-0.083594,-1.433594,0.000000
cena,40.0,1.0,coluna,168,9,-0.083594,-1.425781,0.000000
cena,40.0,1.0,coluna,168,10,-0.083594,-1.417969,0.000000
cena,40.0,1.0,coluna,168,11,-0.083594,-1.410156,0.000000
cena,40.0,1.0,coluna,168,12,-0.083594,-1.402344,0.000000
cena,40.0,1.0,coluna,168,13,-0.083594,-1.394531,0.000000
cena,40.0,1.0,coluna,168,14,-0.083594,-1.386719,0.000000
cena,40.0,1.0,coluna,168,15,-0.083594,-1.378906,0.000000
cena,40.0,1.0,coluna,168,16,-0.083594,-1.371094,0.000000
cena,40.0,1.0,coluna,168,17,-0.083594,-1.363281,0.000000
cena,40.0,1.0,coluna,168,18,-0.083594,-1.355469,0.000000
cena,40.0,1.0,coluna,168,19,-0.083594,-1.347656,0.000000
cena,40.0,1.0,coluna,168,20,-0.083594,-1.339844,0.000000
cena,40.0,1.0,coluna,168,21,-0.083594,-1.332031,0.000000
cena,40.0,1.0,coluna,168,22,-0.083594,-1.324219,0.000000
cena,40.0,1.0,coluna,168,23,-0.083594,-1.316406,0.000000
cena,40.0,1.0,coluna,168,24,-0.083594,-1.308594,0.000000
cena,40.0,1.0,coluna,168,25,-0.083594,-1.300781,0.000000
cena,40.0,1.0,coluna,168,26,-0.083594,-1.292969,0.000000
cena,40.0,1.0,coluna,168,27,-0.083594,-1.285156,0.000000
cena,40.0,1.0,coluna,168,28,-0.083594,-1.277344,0.000000
cena,40.0,1.0,coluna,168,29,-0.083594,-1.269531,0.000000
cena,40.0,1.0,coluna,168,30,-0.083594,-1.261719,0.000000
cena,40.0,1.0,coluna,168,31,-0.083594,-1.253906,0.000000
cena,40.0,1.0,coluna,168,32,-0.083594,-1.246094,0.000000
cena,40.0,1.0,coluna,168,33,-0.083594,-1.238281,0.000000
cena,40.0,1.0,coluna,168,34,-0.083594,-1.230469,0.000000
cena,40.0,1.0,coluna,168,35,-0.083594,-1.222656,0.000000
cena,40.0,1.0,coluna,168,36,-0.083594,-1.214844,0.000000
cena,40.0,1.0,coluna,168,37,-0.083594,-1.207031,0.000000
cena,40.0,1.0,coluna,168,38,-0.083594,-1.199219,0.000000
cena,40.0,1.0,coluna,168,39,-0.083594,-1.191406,0.000000
cena,40.0,1.0,coluna,168,40,-0.083594,-1.183594,0.000000
cena,40.0,1.0,coluna,168,41,-0.083594,-1.175781,0.000000
cena,40.0,1.0,coluna,168,42,-0.083594,-1.167969,0.000000
cena,40.0,1.0,coluna,168,43,-0.083594,-1.160156,0.000000
cena,40.0,1.0,coluna,168,44,-0.083594,-1.152344,0.000000
cena,40.0,1.0,coluna,168,45,-0.083594,-1.144531,0.000000
cena,40.0,1.0,coluna,168,46,-0.083594,-1.136719,0.000000
cena,40.0,1.0,coluna,168,47,-0.083594,-1.128906,0.000000
cena,40.0,1.0,coluna,168,48,-0.083594,-1.121094,0.000000
cena,40.0,1.0,coluna,168,49,-0.083594,-1.113281,0.000000
cena,40.0,1.0,coluna,168,50,-0.083594,-1.105469,0.000000
cena,40.0,1.0,coluna,168,51,-0.083594,-1.097656,0.000000
cena,40.0,1.0,coluna,168,52,-0.083594,-1.089844,0.000000
cena,40.0,1.0,coluna,168,53,-0.083594,-1.082031,0.000000
cena,40.0,1.0,coluna,168,54,-0.083594,-1.074219,0.000000
cena,40.0,1.0,coluna,168,55,-0.083594,-1.066406,0.000000
cena,40.0,1.0,coluna,168,56,-0.083594,-1.058594,0.000000
cena,40.0,1.0,coluna,168,57,-0.083594,-1.050781,0.000000
cena,40.0,1.0,coluna,168,58,-0.083594,-1.042969,0.000000
cena,40.0,1.0,coluna,168,59,-0.083594,-1.035156,0.000000
cena,40.0,1.0,coluna,168,60,-0.083594,-1.027344,0.000000
cena,40.0,1.0,coluna,168,61,-0.083594,-1.019531,0.000000
cena,40.0,1.0,coluna,168,62,-0.083594,-1.011719,0.000000
cena,40.0,1.0,coluna,168,63,-0.083594,-1.003906,0.000000
cena,40.0,1.0,coluna,168,64,-0.083594,-0.996094,0.000000
cena,40.0,1.0,coluna,168,65,-0.083594,-0.988281,0.000000
cena,40.0,1.0,coluna,168,66,-0.083594,-0.980469,0.000000
cena,40.0,1.0,coluna,168,67,-0.083594,-0.972656,0.000000
cena,40.0,1.0,coluna,168,68,-0.083594,-0.964844,0.000000
cena,40.0,1.0,coluna,168,69,-0.083594,-0.957031,0.000000
cena,40.0,1.0,coluna,168,70,-0.083594,-0.949219,0.000000
cena,40.0,1.0,coluna,168,71,-0.083594,-0.941406,0.000000
cena,40.0,1.0,coluna,168,72,-0.083594,-0.933594,0.000000
cena,40.0,1.0,coluna,168,73,-0.083594,-0.925781,0.000000
cena,40.0,1.0,coluna,168,74,-0.083594,-0.917969,0.000000
cena,40.0,1.0,coluna,168,75,-0.083594,-0.910156,0.000000
cena,40.0,1.0,coluna,168,76,-0.083594,-0.902344,0.000000
cena,40.0,1.0,coluna,168,77,-0.083594,-0.894531,0.000000
cena,40.0,1.0,coluna,168,78,-0.083594,-0.886719,0.000000
cena,40.0,1.0,coluna,168,79,-0.083594,-0.878906,0.000000
cena,40.0,1.0,coluna,168,80,-0.083594,-0.871094,0.000000
cena,40.0,1.0,coluna,168,81,-0.083594,-0.863281,0.000000
cena,40.0,1.0,coluna,168,82,-0.083594,-0.855469,0.000000
cena,40.0,1.0,coluna,168,83,-0.083594,-0.847656,0.000000
cena,40.0,1.0,coluna,168,84,-0.083594,-0.839844,0.000000
cena,40.0,1.0,coluna,168,85,-0.083594,-0.832031,0.000000
cena,40.0,1.0,coluna,168,86,-0.083594,-0.824219,0.000000
cena,40.0,1.0,coluna,168,87,-0.083594,-0.816406,0.000000
cena,40.0,1.0,coluna,168,88,-0.083594,-0.808594,0.000000
cena,40.0,1.0,coluna,168,89,-0.083594,-0.800781,0.000000
cena,40.0,1.0,coluna,168,90,-0.083594,-0.792969,0.000000
cena,40.0,1.0,coluna,168,91,-0.083594,-0.785156,0.000000
cena,40.0,1.0,coluna,168,92,-0.083594,-0.777344,0.000000
cena,40.0,1.0,coluna,168,93,-0.083594,-0.769531,0.000000
cena,40.0,1.0,coluna,168,94,-0.083594,-0.761719,0.000000
cena,40.0,1.0,coluna,168,95,-0.083594,-0.753906,0.000000
cena,40.0,1.0,coluna,168,96,-0.083594,-0.746094,0.000000
cena,40.0,1.0,coluna,168,97,-0.083594,-0.738281,0.000000
cena,40.0,1.0,coluna,168,98,-0.083594,-0.730469,0.000000
cena,40.0,1.0,coluna,168,99,-0.083594,-0.722656,0.000000
cena,40.0,1.0,coluna,168,100,-0.083594,-0.714844,0.000000
cena,40.0,1.0,coluna,168,101,-0.083594,-0.707031,0.000000
cena,40.0,1.0,coluna,168,102,-0.083594,-0.699219,0.000000
cena,40.0,1.0,coluna,168,103,-0.083594,-0.691406,0.000000
cena,40.0,1.0,coluna,168,104,-0.083594,-0.683594,0.000000
cena,40.0,1.0,coluna,168,105,-0.083594,-0.675781,0.000000
cena,40.0,1.0,coluna,168,106,-0.083594,-0.667969,0.000000
cena,40.0,1.0,coluna,168,107,-0.083594,-0.660156,0.000000
cena,40.0,1.0,coluna,168,108,-0.083594,-0.652344,0.000000
cena,40.0,1.0,coluna,168,109,-0.083594,-0.644531,0.000000
cena,40.0,1.0,coluna,168,110,-0.083594,-0.636719,0.000000
cena,40.0,1.0,coluna,168,111,-0.083594,-0.628906,0.000000
cena,40.0,1.0,coluna,168,112,-0.083594,-0.621094,0.000000
cena,40.0,1.0,coluna,168,113,-0.083594,-0.613281,0.000000
cena,40.0,1.0,coluna,168,114,-0.083594,-0.605469,0.000000
cena,40.0,1.0,coluna,168,115,-0.083594,-0.597656,0.000000
cena,40.0,1.0,coluna,168,116,-0.083594,-0.589844,0.000000
cena,40.0,1.0,coluna,168,117,-0.083594,-0.582031,0.000000
cena,40.0,1.0,coluna,168,118,-0.083594,-0.574219,0.000000
cena,40.0,1.0,coluna,168,119,-0.083594,-0.566406,0.000000
cena,40.0,1.0,coluna,168,120,-0.083594,-0.558594,0.000000
cena,40.0,1.0,coluna,168,121,-0.083594,-0.550781,0.000000
cena,40.0,1.0,coluna,168,122,-0.083594,-0.542969,0.000000
cena,40.0,1.0,coluna,168,123,-0.083594,-0.535156,0.000000
cena,40.0,1.0,coluna,168,124,-0.083594,-0.527344,0.000000
cena,40.0,1.0,coluna,168,125,-0.083594,-0.519531,0.000000
cena,40.0,1.0,coluna,168,126,-0.083594,-0.511719,0.000000
cena,40.0,1.0,coluna,168,127,-0.083594,-0.503906,0.000000
cena,40.0,1.0,coluna,168,128,-0.083594,-0.496094,0.000000
cena,40.0,1.0,coluna,168,129,-0.083594,-0.488281,0.000000
cena,40.0,1.0,coluna,168,130,-0.083594,-0.480469,0.000000
cena,40.0,1.0,coluna,168,131,-0.083594,-0.472656,0.000000
cena,40.0,1.0,coluna,168,132,-0.083594,-0.464844,0.000000
cena,40.0,1.0,coluna,168,133,-0.083594,-0.457031,0.000000
cena,40.0,1.0,coluna,168,134,-0.083594,-0.449219,0.000000
cena,40.0,1.0,coluna,168,135,-0.083594,-0.441406,0.000000
cena,40.0,1.0,coluna,168,136,-0.083594,-0.433594,0.000000
cena,40.0,1.0,coluna,168,137,-0.083594,-0.425781,0.000000
cena,40.0,1.0,coluna,168,138,-0.083594,-0.417969,0.000000
cena,40.0,1.0,coluna,168,139,-0.083594,-0.410156,0.000000
cena,40.0,1.0,coluna,168,140,-0.083594,-0.402344,0.000000
cena,40.0,1.0,coluna,168,141,-0.083594,-0.394531,0.000000
cena,40.0,1.0,coluna,168,142,-0.083594,-0.386719,0.000000
cena,40.0,1.0,coluna,168,143,-0.083594,-0.378906,0.000000
cena,40.0,1.0,coluna,168,144,-0.083594,-0.371094,0.000000
cena,40.0,1.0,coluna,168,145,-0.083594,-0.363281,0.000000
cena,40.0,1.0,coluna,168,146,-0.083594,-0.355469,0.000000
cena,40.0,1.0,coluna,168,147,-0.083594,-0.347656,0.000000
cena,40.0,1.0,coluna,168,148,-0.083594,-0.339844,0.000000
cena,40.0,1.0,coluna,168,149,-0.083594,-0.332031,0.000000
cena,40.0,1.0,coluna,168,150,-0.083594,-0.324219,0.000000
cena,40.0,1.0,coluna,168,151,-0.083594,-0.316406,0.000000
cena,40.0,1.0,coluna,168,152,-0.083594,-0.308594,0.181683
cena,40.0,1.0,coluna,168,153,-0.083594,-0.300781,0.455090
cena,40.0,1.0,coluna,168,154,-0.083594,-0.292969,0.759802
cena,40.0,1.0,coluna,168,155,-0.083594,-0.285156,0.984390
cena,40.0,1.0,coluna,168,156,-0.083594,-0.277344,1.000000
cena,40.0,1.0,coluna,168,157,-0.083594,-0.269531,1.000000
cena,40.0,1.0,coluna,168,158,-0.083594,-0.261719,1.000000
cena,40.0,1.0,coluna,168,159,-0.083594,-0.253906,1.000000
cena,40.0,1.0,coluna,168,160,-0.083594,-0.246094,1.000000
cena,40.0,1.0,coluna,168,161,-0.083594,-0.238281,1.000000
cena,40.0,1.0,coluna,168,162,-0.083594,-0.230469,1.000000
cena,40.0,1.0,coluna,168,163,-0.083594,-0.222656,1.000000
cena,40.0,1.0,coluna,168,164,-0.083594,-0.214844,1.000000
cena,40.0,1.0,coluna,168,165,-0.083594,-0.207031,1.000000
cena,40.0,1.0,coluna,168,166,-0.083594,-0.199219,1.000000
cena,40.0,1.0,coluna,168,167,-0.083594,-0.191406,1.000000
cena,40.0,1.0,coluna,168,168,-0.083594,-0.183594,1.000000
cena,40.0,1.0,coluna,168,169,-0.083594,-0.175781,1.000000
cena,40.0,1.0,coluna,168,170,-0.083594,-0.167969,1.000000
cena,40.0,1.0,coluna,168,171,-0.083594,-0.160156,1.000000
cena,40.0,1.0,coluna,168,172,-0.083594,-0.152344,1.000000
cena,40.0,1.0,coluna,168,173,-0.083594,-0.144531,1.000000
cena,40.0,1.0,coluna,168,174,-0.083594,-0.136719,1.000000
cena,40.0,1.0,coluna,168,175,-0.083594,-0.128906,1.000000
cena,40.0,1.0,coluna,168,176,-0.083594,-0.121094,1.000000
cena,40.0,1.0,coluna,168,177,-0.083594,-0.113281,1.000000
cena,40.0,1.0,coluna,168,178,-0.083594,-0.105469,1.000000
cena,40.0,1.0,coluna,168,179,-0.083594,-0.097656,1.000000
cena,40.0,1.0,coluna,168,180,-0.083594,-0.089844,1.000000
cena,40.0,1.0,coluna,168,181,-0.083594,-0.082031,1.000000
cena,40.0,1.0,coluna,168,182,-0.083594,-0.074219,1.000000
cena,40.0,1.0,coluna,168,183,-0.083594,-0.066406,1.000000
cena,40.0,1.0,coluna,168,184,-0.083594,-0.058594,1.000000
cena,40.0,1.0,coluna,168,185,-0.083594,-0.050781,1.000000
cena,40.0,1.0,coluna,168,186,-0.083594,-0.042969,1.000000
cena,40.0,1.0,coluna,168,187,-0.083594,-0.035156,1.000000
cena,40.0,1.0,coluna,168,188,-0.083594,-0.027344,1.000000
cena,40.0,1.0,coluna,168,189,-0.083594,-0.019531,1.000000
cena,40.0,1.0,coluna,168,190,-0.083594,-0.011719,1.000000
cena,40.0,1.0,coluna,168,191,-0.083594,-0.003906,1.000000
cena,40.0,1.0,coluna,168,192,-0.083594,0.003906,1.000000
cena,40.0,1.0,coluna,168,193,-0.083594,0.011719,1.000000
cena,40.0,1.0,coluna,168,194,-0.083594,0.019531,1.000000
cena,40.0,1.0,coluna,168,195,-0.083594,0.027344,1.000000
cena,40.0,1.0,coluna,168,196,-0.083594,0.035156,1.000000
cena,40.0,1.0,coluna,168,197,-0.083594,0.042969,1.000000
cena,40.0,1.0,coluna,168,198,-0.083594,0.050781,1.000000
cena,40.0,1.0,coluna,168,199,-0.083594,0.058594,1.000000
cena,40.0,1.0,coluna,168,200,-0.083594,0.066406,1.000000
cena,40.0,1.0,coluna,168,201,-0.083594,0.074219,1.000000
cena,40.0,1.0,coluna,168,202,-0.083594,0.082031,1.000000
cena,40.0,1.0,coluna,168,203,-0.083594,0.089844,1.000000
cena,40.0,1.0,coluna,168,204,-0.083594,0.097656,1.000000
cena,40.0,1.0,coluna,168,205,-0.083594,0.105469,1.000000
cena,40.0,1.0,coluna,168,206,-0.083594,0.113281,1.000000
cena,40.0,1.0,coluna,168,207,-0.083594,0.121094,1.000000
cena,40.0,1.0,coluna,168,208,-0.083594,0.128906,1.000000
cena,40.0,1.0,coluna,168,209,-0.083594,0.136719,1.000000
cena,40.0,1.0,coluna,168,210,-0.083594,0.144531,1.000000
cena,40.0,1.0,coluna,168,211,-0.083594,0.152344,1.000000
cena,40.0,1.0,coluna,168,212,-0.083594,0.160156,1.000000
cena,40.0,1.0,coluna,168,213,-0.083594,0.167969,1.000000
cena,40.0,1.0,coluna,168,214,-0.083594,0.175781,1.000000
cena,40.0,1.0,coluna,168,215,-0.083594,0.183594,1.000000
cena,40.0,1.0,coluna,168,216,-0.083594,0.191406,1.000000
cena,40.0,1.0,coluna,168,217,-0.083594,0.199219,1.000000
cena,40.0,1.0,coluna,168,218,-0.083594,0.207031,1.000000
cena,40.0,1.0,coluna,168,219,-0.083594,0.214844,1.000000
cena,40.0,1.0,coluna,168,220,-0.083594,0.222656,1.000000
cena,40.0,1.0,coluna,168,221,-0.083594,0.230469,1.000000
cena,40.0,1.0,coluna,168,222,-0.083594,0.238281,1.000000
cena,40.0,1.0,coluna,168,223,-0.083594,0.246094,1.000000
cena,40.0,1.0,coluna,168,224,-0.083594,0.253906,1.000000
cena,40.0,1.0,coluna,168,225,-0.083594,0.261719,1.000000
cena,40.0,1.0,coluna,168,226,-0.083594,0.269531,1.000000
cena,40.0,1.0,coluna,168,227,-0.083594,0.277344,1.000000
cena,40.0,1.0,coluna,168,228,-0.083594,0.285156,0.986334
cena,40.0,1.0,coluna,168,229,-0.083594,0.292969,0.759761
cena,40.0,1.0,coluna,168,230,-0.083594,0.300781,0.462920
cena,40.0,1.0,coluna,168,231,-0.083594,0.308594,0.177642
cena,40.0,1.0,coluna,168,232,-0.083594,0.316406,0.000000
cena,40.0,1.0,coluna,168,233,-0.083594,0.324219,0.000000
cena,40.0,1.0,coluna,168,234,-0.083594,0.332031,0.000000
cena,40.0,1.0,coluna,168,235,-0.083594,0.339844,0.000000
cena,40.0,1.0,coluna,168,236,-0.083594,0.347656,0.000000
cena,40.0,1.0,coluna,168,237,-0.083594,0.355469,0.000000
cena,40.0,1.0,coluna,168,238,-0.083594,0.363281,0.000000
cena,40.0,1.0,coluna,168,239,-0.083594,0.371094,0.000000
cena,40.0,1.0,coluna,168,240,-0.083594,0.378906,0.000000
cena,40.0,1.0,coluna,168,241,-0.083594,0.386719,0.000000
cena,40.0,1.0,coluna,168,242,-0.083594,0.394531,0.000000
cena,40.0,1.0,coluna,168,243,-0.083594,0.402344,0.000000
cena,40.0,1.0,coluna,168,244,-0.083594,0.410156,0.000000
cena,40.0,1.0,coluna,168,245,-0.083594,0.417969,0.000000
cena,40.0,1.0,coluna,168,246,-0.083594,0.425781,0.000000
cena,40.0,1.0,coluna,168,247,-0.083594,0.433594,0.000000
cena,40.0,1.0,coluna,168,248,-0.083594,0.441406,0.000000
cena,40.0,1.0,coluna,168,249,-0.083594,0.449219,0.000000
cena,40.0,1.0,coluna,168,250,-0.083594,0.457031,0.000000
cena,40.0,1.0,coluna,168,251,-0.083594,0.464844,0.000000
cena,40.0,1.0,coluna,168,252,-0.083594,0.472656,0.000000
cena,40.0,1.0,coluna,168,253,-0.083594,0.480469,0.000000
cena,40.0,1.0,coluna,168,254,-0.083594,0.488281,0.000000
cena,40.0,1.0,coluna,168,255,-0.083594,0.496094,0.000000
cena,40.0,1.0,coluna,168,256,-0.083594,0.503906,0.000000
cena,40.0,1.0,coluna,168,257,-0.083594,0.511719,0.000000
cena,40.0,1.0,coluna,168,258,-0.083594,0.519531,0.000000
cena,40.0,1.0,coluna,168,259,-0.083594,0.527344,0.000000
cena,40.0,1.0,coluna,168,260,-0.083594,0.535156,0.000000
cena,40.0,1.0,coluna,168,261,-0.083594,0.542969,0.000000
cena,40.0,1.0,coluna,168,262,-0.083594,0.550781,0.000000
cena,40.0,1.0,coluna,168,263,-0.083594,0.558594,0.000000
cena,40.0,1.0,coluna,168,264,-0.083594,0.566406,0.000000
cena,40.0,1.0,coluna,168,265,-0.083594,0.574219,0.000000
cena,40.0,1.0,coluna,168,266,-0.083594,0.582031,0.000000
cena,40.0,1.0,coluna,168,267,-0.083594,0.589844,0.000000
cena,40.0,1.0,coluna,168,268,-0.083594,0.597656,0.000000
cena,40.0,1.0,coluna,168,269,-0.083594,0.605469,0.000000
cena,40.0,1.0,coluna,168,270,-0.083594,0.613281,0.000000
cena,40.0,1.0,coluna,168,271,-0.083594,0.621094,0.000000
cena,40.0,1.0,coluna,168,272,-0.083594,0.628906,0.000000
cena,40.0,1.0,coluna,168,273,-0.083594,0.636719,0.000000
cena,40.0,1.0,coluna,168,274,-0.083594,0.644531,0.000000
cena,40.0,1.0,coluna,168,275,-0.083594,0.652344,0.000000
cena,40.0,1.0,coluna,168,276,-0.083594,0.660156,0.000000
cena,40.0,1.0,coluna,168,277,-0.083594,0.667969,0.000000
cena,40.0,1.0,coluna,168,278,-0.083594,0.675781,0.000000
cena,40.0,1.0,coluna,168,279,-0.083594,0.683594,0.000000
cena,40.0,1.0,coluna,168,280,-0.083594,0.691406,0.000000
cena,40.0,1.0,coluna,168,281,-0.083594,0.699219,0.000000
cena,40.0,1.0,coluna,168,282,-0.083594,0.707031,0.000000
cena,40.0,1.0,coluna,168,283,-0.083594,0.714844,0.000000
cena,40.0,1.0,coluna,168,284,-0.083594,0.722656,0.000000
cena,40.0,1.0,coluna,168,285,-0.083594,0.730469,0.000000
cena,40.0,1.0,coluna,168,286,-0.083594,0.738281,0.000000
cena,40.0,1.0,coluna,168,287,-0.083594,0.746094,0.000000
cena,40.0,1.0,coluna,168,288,-0.083594,0.753906,0.000000
cena,40.0,1.0,coluna,168,289,-0.083594,0.761719,0.000000
cena,40.0,1.0,coluna,168,290,-0.083594,0.769531,0.000000
cena,40.0,1.0,coluna,168,291,-0.083594,0.777344,0.000000
cena,40.0,1.0,coluna,168,292,-0.083594,0.785156,0.000000
cena,40.0,1.0,coluna,168,293,-0.083594,0.792969,0.000000
cena,40.0,1.0,coluna,168,294,-0.083594,0.800781,0.000000
cena,40.0,1.0,coluna,168,295,-0.083594,0.808594,0.000000
cena,40.0,1.0,coluna,168,296,-0.083594,0.816406,0.000000
cena,40.0,1.0,coluna,168,297,-0.083594,0.824219,0.000000
cena,40.0,1.0,coluna,168,298,-0.083594,0.832031,0.000000
cena,40.0,1.0,coluna,168,299,-0.083594,0.839844,0.000000
cena,40.0,1.0,coluna,168,300,-0.083594,0.847656,0.000000
cena,40.0,1.0,coluna,168,301,-0.083594,0.855469,0.000000
cena,40.0,1.0,coluna,168,302,-0.083594,0.863281,0.000000
cena,40.0,1.0,coluna,168,303,-0.083594,0.871094,0.000000
cena,40.0,1.0,coluna,168,304,-0.083594,0.878906,0.000000
cena,40.0,1.0,coluna,168,305,-0.083594,0.886719,0.000000
cena,40.0,1.0,coluna,168,306,-0.083594,0.894531,0.000000
cena,40.0,1.0,coluna,168,307,-0.083594,0.902344,0.000000
cena,40.0,1.0,coluna,168,308,-0.083594,0.910156,0.000000
cena,40.0,1.0,coluna,168,309,-0.083594,0.917969,0.000000
cena,40.0,1.0,coluna,168,310,-0.083594,0.925781,0.000000
cena,40.0,1.0,coluna,168,311,-0.083594,0.933594,0.000000
cena,40.0,1.0,coluna,168,312,-0.083594,0.941406,0.000000
cena,40.0,1.0,coluna,168,313,-0.083594,0.949219,0.000000
cena,40.0,1.0,coluna,168,314,-0.083594,0.957031,0.000000
cena,40.0,1.0,coluna,168,315,-0.083594,0.964844,0.000000
cena,40.0,1.0,coluna,168,316,-0.083594,0.972656,0.000000
cena,40.0,1.0,coluna,168,317,-0.083594,0.980469,0.000000
cena,40.0,1.0,coluna,168,318,-0.083594,0.988281,0.000000
cena,40.0,1.0,coluna,168,319,-0.083594,0.996094,0.000000
cena,40.0,1.0,coluna,168,320,-0.083594,1.003906,0.000000
cena,40.0,1.0,coluna,168,321,-0.083594,1.011719,0.000000
cena,40.0,1.0,coluna,168,322,-0.083594,1.019531,0.000000
cena,40.0,1.0,coluna,168,323,-0.083594,1.027344,0.000000
cena,40.0,1.0,coluna,168,324,-0.083594,1.035156,0.000000
cena,40.0,1.0,coluna,168,325,-0.083594,1.042969,0.000000
cena,40.0,1.0,coluna,168,326,-0.083594,1.050781,0.000000
cena,40.0,1.0,coluna,168,327,-0.083594,1.058594,0.000000
cena,40.0,1.0,coluna,168,328,-0.083594,1.066406,0.000000
cena,40.0,1.0,coluna,168,329,-0.083594,1.074219,0.000000
cena,40.0,1.0,coluna,168,330,-0.083594,1.082031,0.000000
cena,40.0,1.0,coluna,168,331,-0.083594,1.089844,0.000000
cena,40.0,1.0,coluna,168,332,-0.083594,1.097656,0.000000
cena,40.0,1.0,coluna,168,333,-0.083594,1.105469,0.000000
cena,40.0,1.0,coluna,168,334,-0.083594,1.113281,0.000000
cena,40.0,1.0,coluna,168,335,-0.083594,1.121094,0.000000
cena,40.0,1.0,coluna,168,336,-0.083594,1.128906,0.000000
cena,40.0,1.0,coluna,168,337,-0.083594,1.136719,0.000000
cena,40.0,1.0,coluna,168,338,-0.083594,1.144531,0.000000
cena,40.0,1.0,coluna,168,339,-0.083594,1.152344,0.000000
cena,40.0,1.0,coluna,168,340,-0.083594,1.160156,0.000000
cena,40.0,1.0,coluna,168,341,-0.083594,1.167969,0.000000
cena,40.0,1.0,coluna,168,342,-0.083594,1.175781,0.000000
cena,40.0,1.0,coluna,168,343,-0.083594,1.183594,0.000000
cena,40.0,1.0,coluna,168,344,-0.083594,1.191406,0.000000
cena,40.0,1.0,coluna,168,345,-0.083594,1.199219,0.000000
cena,40.0,1.0,coluna,168,346,-0.083594,1.207031,0.000000
cena,40.0,1.0,coluna,168,347,-0.083594,1.214844,0.000000
cena,40.0,1.0,coluna,168,348,-0.083594,1.222656,0.000000
cena,40.0,1.0,coluna,168,349,-0.083594,1.230469,0.000000
cena,40.0,1.0,coluna,168,350,-0.083594,1.238281,0.000000
cena,40.0,1.0,coluna,168,351,-0.083594,1.246094,0.000000
cena,40.0,1.0,coluna,168,352,-0.083594,1.253906,0.000000
cena,40.0,1.0,coluna,168,353,-0.083594,1.261719,0.000000
cena,40.0,1.0,coluna,168,354,-0.083594,1.269531,0.000000
cena,40.0,1.0,coluna,168,355,-0.083594,1.277344,0.000000
cena,40.0,1.0,coluna,168,356,-0.083594,1.285156,0.000000
cena,40.0,1.0,coluna,168,357,-0.083594,1.292969,0.000000
cena,40.0,1.0,coluna,168,358,-0.083594,1.300781,0.000000
cena,40.0,1.0,coluna,168,359,-0.083594,1.308594,0.000000
cena,40.0,1.0,coluna,168,360,-0.083594,1.316406,0.000000
cena,40.0,1.0,coluna,168,361,-0.083594,1.324219,0.000000
cena,40.0,1.0,coluna,168,362,-0.083594,1.332031,0.000000
cena,40.0,1.0,coluna,168,363,-0.083594,1.339844,0.000000
cena,40.0,1.0,coluna,168,364,-0.083594,1.347656,0.000000
cena,40.0,1.0,coluna,168,365,-0.083594,1.355469,0.000000
cena,40.0,1.0,coluna,168,366,-0.083594,1.363281,0.000000
cena,40.0,1.0,coluna,168,367,-0.083594,1.371094,0.000000
cena,40.0,1.0,coluna,168,368,-0.083594,1.378906,0.000000
cena,40.0,1.0,coluna,168,369,-0.083594,1.386719,0.000000
cena,40.0,1.0,coluna,168,370,-0.083594,1.394531,0.000000
cena,40.0,1.0,coluna,168,371,-0.083594,1.402344,0.000000
cena,40.0,1.0,coluna,168,372,-0.083594,1.410156,0.000000
cena,40.0,1.0,coluna,168,373,-0.083594,1.417969,0.000000
cena,40.0,1.0,coluna,168,374,-0.083594,1.425781,0.000000
cena,40.0,1.0,coluna,168,375,-0.083594,1.433594,0.000000
cena,40.0,1.0,coluna,168,376,-0.083594,1.441406,0.000000
cena,40.0,1.0,coluna,168,377,-0.083594,1.449219,0.000000
cena,40.0,1.0,coluna,168,378,-0.083594,1.457031,0.000000
cena,40.0,1.0,coluna,168,379,-0.083594,1.464844,0.000000
cena,40.0,1.0,coluna,168,380,-0.083594,1.472656,0.000000
cena,40.0,1.0,coluna,168,381,-0.083594,1.480469,0.000000
cena,40.0,1.0,coluna,168,382,-0.083594,1.488281,0.000000
cena,40.0,1.0,coluna,168,383,-0.083594,1.496094,0.000000
cena,40.0,4.0,linha,0,192,-1.396094,0.003906,0.000000
cena,40.0,4.0,linha,1,192,-1.388281,0.003906,0.000000
cena,40.0,4.0,linha,2,192,-1.380469,0.003906,0.000000
cena,40.0,4.0,linha,3,192,-1.372656,0.003906,0.000000
cena,40.0,4.0,linha,4,192,-1.364844,0.003906,0.000000
cena,40.0,4.0,linha,5,192,-1.357031,0.003906,0.000000
cena,40.0,4.0,linha,6,192,-1.349219,0.003906,0.000000
cena,40.0,4.0,linha,7,192,-1.341406,0.003906,0.000000
cena,40.0,4.0,linha,8,192,-1.333594,0.003906,0.000000
cena,40.0,4.0,linha,9,192,-1.325781,0.003906,0.000000
cena,40.0,4.0,linha,10,192,-1.317969,0.003906,0.000000
cena,40.0,4.0,linha,11,192,-1.310156,0.003906,0.000000
cena,40.0,4.0,linha,12,192,-1.302344,0.003906,0.000000
cena,40.0,4.0,linha,13,192,-1.294531,0.003906,0.000000
cena,40.0,4.0,linha,14,192,-1.286719,0.003906,0.000000
cena,40.0,4.0,linha,15,192,-1.278906,0.003906,0.000000
cena,40.0,4.0,linha,16,192,-1.271094,0.003906,0.000000
cena,40.0,4.0,linha,17,192,-1.263281,0.003906,0.000000
cena,40.0,4.0,linha,18,192,-1.255469,0.003906,0.000000
cena,40.0,4.0,linha,19,192,-1.247656,0.003906,0.000000
cena,40.0,4.0,linha,20,192,-1.239844,0.003906,0.000000
cena,40.0,4.0,linha,21,192,-1.232031,0.003906,0.000000
cena,40.0,4.0,linha,22,192,-1.224219,0.003906,0.000000
cena,40.0,4.0,linha,23,192,-1.216406,0.003906,0.000000
cena,40.0,4.0,linha,24,192,-1.208594,0.003906,0.000000
cena,40.0,4.0,linha,25,192,-1.200781,0.003906,0.000000
cena,40.0,4.0,linha,26,192,-1.192969,0.003906,0.000000
cena,40.0,4.0,linha,27,192,-1.185156,0.003906,0.000000
cena,40.0,4.0,linha,28,192,-1.177344,0.003906,0.000000
cena,40.0,4.0,linha,29,192,-1.169531,0.003906,0.000000
cena,40.0,4.0,linha,30,192,-1.161719,0.003906,0.000000
cena,40.0,4.0,linha,31,192,-1.153906,0.003906,0.000000
cena,40.0,4.0,linha,32,192,-1.146094,0.003906,0.000000
cena,40.0,4.0,linha,33,192,-1.138281,0.003906,0.000000
cena,40.0,4.0,linha,34,192,-1.130469,0.003906,0.000000
cena,40.0,4.0,linha,35,192,-1.122656,0.003906,0.000000
cena,40.0,4.0,linha,36,192,-1.114844,0.003906,0.000000
cena,40.0,4.0,linha,37,192,-1.107031,0.003906,0.000000
cena,40.0,4.0,linha,38,192,-1.099219,0.003906,0.000000
cena,40.0,4.0,linha,39,192,-1.091406,0.003906,0.000000
cena,40.0,4.0,linha,40,192,-1.083594,0.003906,0.000000
cena,40.0,4.0,linha,41,192,-1.075781,0.003906,0.000000
cena,40.0,4.0,linha,42,192,-1.067969,0.003906,0.000000
cena,40.0,4.0,linha,43,192,-1.060156,0.003906,0.000000
cena,40.0,4.0,linha,44,192,-1.052344,0.003906,0.000000
cena,40.0,4.0,linha,45,192,-1.044531,0.003906,0.000000
cena,40.0,4.0,linha,46,192,-1.036719,0.003906,0.000000
cena,40.0,4.0,linha,47,192,-1.028906,0.003906,0.000000
cena,40.0,4.0,linha,48,192,-1.021094,0.003906,0.000000
cena,40.0,4.0,linha,49,192,-1.013281,0.003906,0.000000
cena,40.0,4.0,linha,50,192,-1.005469,0.003906,0.000000
cena,40.0,4.0,linha,51,192,-0.997656,0.003906,0.000000
cena,40.0,4.0,linha,52,192,-0.989844,0.003906,0.000000
cena,40.0,4.0,linha,53,192,-0.982031,0.003906,0.000000
cena,40.0,4.0,linha,54,192,-0.974219,0.003906,0.000000
cena,40.0,4.0,linha,55,192,-0.966406,0.003906,0.000000
cena,40.0,4.0,linha,56,192,-0.958594,0.003906,0.000000
cena,40.0,4.0,linha,57,192,-0.950781,0.003906,0.000000
cena,40.0,4.0,linha,58,192,-0.942969,0.003906,0.000000
cena,40.0,4.0,linha,59,192,-0.935156,0.003906,0.000000
cena,40.0,4.0,linha,60,192,-0.927344,0.003906,0.000000
cena,40.0,4.0,linha,61,192,-0.919531,0.003906,0.000000
cena,40.0,4.0,linha,62,192,-0.911719,0.003906,0.000000
cena,40.0,4.0,linha,63,192,-0.903906,0.003906,0.000000
cena,40.0,4.0,linha,64,192,-0.896094,0.003906,0.000000
cena,40.0,4.0,linha,65,192,-0.888281,0.003906,0.000000
cena,40.0,4.0,linha,66,192,-0.880469,0.003906,0.000000
cena,40.0,4.0,linha,67,192,-0.872656,0.003906,0.000000
cena,40.0,4.0,linha,68,192,-0.864844,0.003906,0.000000
cena,40.0,4.0,linha,69,192,-0.857031,0.003906,0.000000
cena,40.0,4.0,linha,70,192,-0.849219,0.003906,0.000000
cena,40.0,4.0,linha,71,192,-0.841406,0.003906,0.000000
cena,40.0,4.0,linha,72,192,-0.833594,0.003906,0.000000
cena,40.0,4.0,linha,73,192,-0.825781,0.003906,0.000000
cena,40.0,4.0,linha,74,192,-0.817969,0.003906,0.000000
cena,40.0,4.0,linha,75,192,-0.810156,0.003906,0.000000
cena,40.0,4.0,linha,76,192,-0.802344,0.003906,0.000000
cena,40.0,4.0,linha,77,192,-0.794531,0.003906,0.000000
cena,40.0,4.0,linha,78,192,-0.786719,0.003906,0.000000
cena,40.0,4.0,linha,79,192,-0.778906,0.003906,0.000000
cena,40.0,4.0,linha,80,192,-0.771094,0.003906,0.000000
cena,40.0,4.0,linha,81,192,-0.763281,0.003906,0.000000
cena,40.0,4.0,linha,82,192,-0.755469,0.003906,0.000000
cena,40.0,4.0,linha,83,192,-0.747656,0.003906,0.000000
cena,40.0,4.0,linha,84,192,-0.739844,0.003906,0.000000
cena,40.0,4.0,linha,85,192,-0.732031,0.003906,0.000000
cena,40.0,4.0,linha,86,192,-0.724219,0.003906,0.000000
cena,40.0,4.0,linha,87,192,-0.716406,0.003906,0.000000
cena,40.0,4.0,linha,88,192,-0.708594,0.003906,0.000000
cena,40.0,4.0,linha,89,192,-0.700781,0.003906,0.000000
cena,40.0,4.0,linha,90,192,-0.692969,0.003906,0.000000
cena,40.0,4.0,linha,91,192,-0.685156,0.003906,0.000000
cena,40.0,4.0,linha,92,192,-0.677344,0.003906,0.000000
cena,40.0,4.0,linha,93,192,-0.669531,0.003906,0.000000
cena,40.0,4.0,linha,94,192,-0.661719,0.003906,0.000000
cena,40.0,4.0,linha,95,192,-0.653906,0.003906,0.000000
cena,40.0,4.0,linha,96,192,-0.646094,0.003906,0.000000
cena,40.0,4.0,linha,97,192,-0.638281,0.003906,0.000000
cena,40.0,4.0,linha,98,192,-0.630469,0.003906,0.000000
cena,40.0,4.0,linha,99,192,-0.622656,0.003906,0.000000
cena,40.0,4.0,linha,100,192,-0.614844,0.003906,0.000000
cena,40.0,4.0,linha,101,192,-0.607031,0.003906,0.010575
cena,40.0,4.0,linha,102,192,-0.599219,0.003906,0.052541
cena,40.0,4.0,linha,103,192,-0.591406,0.003906,0.110725
cena,40.0,4.0,linha,104,192,-0.583594,0.003906,0.180644
cena,40.0,4.0,linha,105,192,-0.575781,0.003906,0.255921
cena,40.0,4.0,linha,106,192,-0.567969,0.003906,0.338402
cena,40.0,4.0,linha,107,192,-0.560156,0.003906,0.427917
cena,40.0,4.0,linha,108,192,-0.552344,0.003906,0.494879
cena,40.0,4.0,linha,109,192,-0.544531,0.003906,0.576664
cena,40.0,4.0,linha,110,192,-0.536719,0.003906,0.655755
cena,40.0,4.0,linha,111,192,-0.528906,0.003906,0.720573
cena,40.0,4.0,linha,112,192,-0.521094,0.003906,0.788542
cena,40.0,4.0,linha,113,192,-0.513281,0.003906,0.852054
cena,40.0,4.0,linha,114,192,-0.505469,0.003906,0.903773
cena,40.0,4.0,linha,115,192,-0.497656,0.003906,0.954923
cena,40.0,4.0,linha,116,192,-0.489844,0.003906,0.989255
cena,40.0,4.0,linha,117,192,-0.482031,0.003906,1.000000
cena,40.0,4.0,linha,118,192,-0.474219,0.003906,1.000000
cena,40.0,4.0,linha,119,192,-0.466406,0.003906,1.000000
cena,40.0,4.0,linha,120,192,-0.458594,0.003906,1.000000
cena,40.0,4.0,linha,121,192,-0.450781,0.003906,1.000000
cena,40.0,4.0,linha,122,192,-0.442969,0.003906,1.000000
cena,40.0,4.0,linha,123,192,-0.435156,0.003906,1.000000
cena,40.0,4.0,linha,124,192,-0.427344,0.003906,1.000000
cena,40.0,4.0,linha,125,192,-0.419531,0.003906,1.000000
cena,40.0,4.0,linha,126,192,-0.411719,0.003906,1.000000
cena,40.0,4.0,linha,127,192,-0.403906,0.003906,1.000000
cena,40.0,4.0,linha,128,192,-0.396094,0.003906,1.000000
cena,40.0,4.0,linha,129,192,-0.388281,0.003906,1.000000
cena,40.0,4.0,linha,130,192,-0.380469,0.003906,1.000000
cena,40.0,4.0,linha,131,192,-0.372656,0.003906,1.000000
cena,40.0,4.0,linha,132,192,-0.364844,0.003906,1.000000
cena,40.0,4.0,linha,133,192,-0.357031,0.003906,1.000000
cena,40.0,4.0,linha,134,192,-0.349219,0.003906,1.000000
cena,40.0,4.0,linha,135,192,-0.341406,0.003906,1.000000
cena,40.0,4.0,linha,136,192,-0.333594,0.003906,1.000000
cena,40.0,4.0,linha,137,192,-0.325781,0.003906,1.000000
cena,40.0,4.0,linha,138,192,-0.317969,0.003906,1.000000
cena,40.0,4.0,linha,139,192,-0.310156,0.003906,1.000000
cena,40.0,4.0,linha,140,192,-0.302344,0.003906,1.000000
cena,40.0,4.0,linha,141,192,-0.294531,0.003906,1.000000
cena,40.0,4.0,linha,142,192,-0.286719,0.003906,1.000000
cena,40.0,4.0,linha,143,192,-0.278906,0.003906,1.000000
cena,40.0,4.0,linha,144,192,-0.271094,0.003906,1.000000
cena,40.0,4.0,linha,145,192,-0.263281,0.003906,1.000000
cena,40.0,4.0,linha,146,192,-0.255469,0.003906,1.000000
cena,40.0,4.0,linha,147,192,-0.247656,0.003906,1.000000
cena,40.0,4.0,linha,148,192,-0.239844,0.003906,1.000000
cena,40.0,4.0,linha,149,192,-0.232031,0.003906,1.000000
cena,40.0,4.0,linha,150,192,-0.224219,0.003906,1.000000
cena,40.0,4.0,linha,151,192,-0.216406,0.003906,1.000000
cena,40.0,4.0,linha,152,192,-0.208594,0.003906,1.000000
cena,40.0,4.0,linha,153,192,-0.200781,0.003906,1.000000
cena,40.0,4.0,linha,154,192,-0.192969,0.003906,1.000000
cena,40.0,4.0,linha,155,192,-0.185156,0.003906,1.000000
cena,40.0,4.0,linha,156,192,-0.177344,0.003906,1.000000
cena,40.0,4.0,linha,157,192,-0.169531,0.003906,1.000000
cena,40.0,4.0,linha,158,192,-0.161719,0.003906,1.000000
cena,40.0,4.0,linha,159,192,-0.153906,0.003906,1.000000
cena,40.0,4.0,linha,160,192,-0.146094,0.003906,1.000000
cena,40.0,4.0,linha,161,192,-0.138281,0.003906,1.000000
cena,40.0,4.0,linha,162,192,-0.130469,0.003906,1.000000
cena,40.0,4.0,linha,163,192,-0.122656,0.003906,1.000000
cena,40.0,4.0,linha,164,192,-0.114844,0.003906,1.000000
cena,40.0,4.0,linha,165,192,-0.107031,0.003906,1.000000
cena,40.0,4.0,linha,166,192,-0.099219,0.003906,1.000000
cena,40.0,4.0,linha,167,192,-0.091406,0.003906,1.000000
cena,40.0,4.0,linha,168,192,-0.083594,0.003906,1.000000
cena,40.0,4.0,linha,169,192,-0.075781,0.003906,1.000000
cena,40.0,4.0,linha,170,192,-0.067969,0.003906,1.000000
cena,40.0,4.0,linha,171,192,-0.060156,0.003906,1.000000
cena,40.0,4.0,linha,172,192,-0.052344,0.003906,1.000000
cena,40.0,4.0,linha,173,192,-0.044531,0.003906,1.000000
cena,40.0,4.0,linha,174,192,-0.036719,0.003906,1.000000
cena,40.0,4.0,linha,175,192,-0.028906,0.003906,1.000000
cena,40.0,4.0,linha,176,192,-0.021094,0.003906,1.000000
cena,40.0,4.0,linha,177,192,-0.013281,0.003906,1.000000
cena,40.0,4.0,linha,178,192,-0.005469,0.003906,1.000000
cena,40.0,4.0,linha,179,192,0.002344,0.003906,1.000000
cena,40.0,4.0,linha,180,192,0.010156,0.003906,1.000000
cena,40.0,4.0,linha,181,192,0.017969,0.003906,1.000000
cena,40.0,4.0,linha,182,192,0.025781,0.003906,1.000000
cena,40.0,4.0,linha,183,192,0.033594,0.003906,1.000000
cena,40.0,4.0,linha,184,192,0.041406,0.003906,1.000000
cena,40.0,4.0,linha,185,192,0.049219,0.003906,1.000000
cena,40.0,4.0,linha,186,192,0.057031,0.003906,1.000000
cena,40.0,4.0,linha,187,192,0.064844,0.003906,1.000000
cena,40.0,4.0,linha,188,192,0.072656,0.003906,1.000000
cena,40.0,4.0,linha,189,192,0.080469,0.003906,1.000000
cena,40.0,4.0,linha,190,192,0.088281,0.003906,1.000000
cena,40.0,4.0,linha,191,192,0.096094,0.003906,1.000000
cena,40.0,4.0,linha,192,192,0.103906,0.003906,1.000000
cena,40.0,4.0,linha,193,192,0.111719,0.003906,1.000000
cena,40.0,4.0,linha,194,192,0.119531,0.003906,1.000000
cena,40.0,4.0,linha,195,192,0.127344,0.003906,1.000000
cena,40.0,4.0,linha,196,192,0.135156,0.003906,1.000000
cena,40.0,4.0,linha,197,192,0.142969,0.003906,1.000000
cena,40.0,4.0,linha,198,192,0.150781,0.003906,1.000000
cena,40.0,4.0,linha,199,192,0.158594,0.003906,1.000000
cena,40.0,4.0,linha,200,192,0.166406,0.003906,1.000000
cena,40.0,4.0,linha,201,192,0.174219,0.003906,1.000000
cena,40.0,4.0,linha,202,192,0.182031,0.003906,1.000000
cena,40.0,4.0,linha,203,192,0.189844,0.003906,1.000000
cena,40.0,4.0,linha,204,192,0.197656,0.003906,1.000000
cena,40.0,4.0,linha,205,192,0.205469,0.003906,1.000000
cena,40.0,4.0,linha,206,192,0.213281,0.003906,1.000000
cena,40.0,4.0,linha,207,192,0.221094,0.003906,1.000000
cena,40.0,4.0,linha,208,192,0.228906,0.003906,1.000000
cena,40.0,4.0,linha,209,192,0.236719,0.003906,1.000000
cena,40.0,4.0,linha,210,192,0.244531,0.003906,1.000000
cena,40.0,4.0,linha,211,192,0.252344,0.003906,1.000000
cena,40.0,4.0,linha,212,192,0.260156,0.003906,0.991543
cena,40.0,4.0,linha,213,192,0.267969,0.003906,0.968388
cena,40.0,4.0,linha,214,192,0.275781,0.003906,0.939094
cena,40.0,4.0,linha,215,192,0.283594,0.003906,0.907937
cena,40.0,4.0,linha,216,192,0.291406,0.003906,0.878976
cena,40.0,4.0,linha,217,192,0.299219,0.003906,0.841911
cena,40.0,4.0,linha,218,192,0.307031,0.003906,0.801029
cena,40.0,4.0,linha,219,192,0.314844,0.003906,0.768448
cena,40.0,4.0,linha,220,192,0.322656,0.003906,0.734027
cena,40.0,4.0,linha,221,192,0.330469,0.003906,0.697793
cena,40.0,4.0,linha,222,192,0.338281,0.003906,0.647676
cena,40.0,4.0,linha,223,192,0.346094,0.003906,0.623748
cena,40.0,4.0,linha,224,192,0.353906,0.003906,0.582049
cena,40.0,4.0,linha,225,192,0.361719,0.003906,0.530731
cena,40.0,4.0,linha,226,192,0.369531,0.003906,0.505190
cena,40.0,4.0,linha,227,192,0.377344,0.003906,0.466120
cena,40.0,4.0,linha,228,192,0.385156,0.003906,0.429211
cena,40.0,4.0,linha,229,192,0.392969,0.003906,0.405971
cena,40.0,4.0,linha,230,192,0.400781,0.003906,0.998005
cena,40.0,4.0,linha,231,192,0.408594,0.003906,1.000000
cena,40.0,4.0,linha,232,192,0.416406,0.003906,1.000000
cena,40.0,4.0,linha,233,192,0.424219,0.003906,1.000000
cena,40.0,4.0,linha,234,192,0.432031,0.003906,1.000000
cena,40.0,4.0,linha,235,192,0.439844,0.003906,1.000000
cena,40.0,4.0,linha,236,192,0.447656,0.003906,1.000000
cena,40.0,4.0,linha,237,192,0.455469,0.003906,1.000000
cena,40.0,4.0,linha,238,192,0.463281,0.003906,1.000000
cena,40.0,4.0,linha,239,192,0.471094,0.003906,1.000000
cena,40.0,4.0,linha,240,192,0.478906,0.003906,1.000000
cena,40.0,4.0,linha,241,192,0.486719,0.003906,1.000000
cena,40.0,4.0,linha,242,192,0.494531,0.003906,1.000000
cena,40.0,4.0,linha,243,192,0.502344,0.003906,1.000000
cena,40.0,4.0,linha,244,192,0.510156,0.003906,1.000000
cena,40.0,4.0,linha,245,192,0.517969,0.003906,1.000000
cena,40.0,4.0,linha,246,192,0.525781,0.003906,1.000000
cena,40.0,4.0,linha,247,192,0.533594,0.003906,1.000000
cena,40.0,4.0,linha,248,192,0.541406,0.003906,1.000000
cena,40.0,4.0,linha,249,192,0.549219,0.003906,1.000000
cena,40.0,4.0,linha,250,192,0.557031,0.003906,1.000000
cena,40.0,4.0,linha,251,192,0.564844,0.003906,1.000000
cena,40.0,4.0,linha,252,192,0.572656,0.003906,1.000000
cena,40.0,4.0,linha,253,192,0.580469,0.003906,1.000000
cena,40.0,4.0,linha,254,192,0.588281,0.003906,1.000000
cena,40.0,4.0,linha,255,192,0.596094,0.003906,1.000000
cena,40.0,4.0,linha,256,192,0.603906,0.003906,1.000000
cena,40.0,4.0,linha,257,192,0.611719,0.003906,1.000000
cena,40.0,4.0,linha,258,192,0.619531,0.003906,1.000000
cena,40.0,4.0,linha,259,192,0.627344,0.003906,1.000000
cena,40.0,4.0,linha,260,192,0.635156,0.003906,1.000000
cena,40.0,4.0,linha,261,192,0.642969,0.003906,1.000000
cena,40.0,4.0,linha,262,192,0.650781,0.003906,1.000000
cena,40.0,4.0,linha,263,192,0.658594,0.003906,1.000000
cena,40.0,4.0,linha,264,192,0.666406,0.003906,1.000000
cena,40.0,4.0,linha,265,192,0.674219,0.003906,1.000000
cena,40.0,4.0,linha,266,192,0.682031,0.003906,1.000000
cena,40.0,4.0,linha,267,192,0.689844,0.003906,1.000000
cena,40.0,4.0,linha,268,192,0.697656,0.003906,1.000000
cena,40.0,4.0,linha,269,192,0.705469,0.003906,1.000000
cena,40.0,4.0,linha,270,192,0.713281,0.003906,1.000000
cena,40.0,4.0,linha,271,192,0.721094,0.003906,1.000000
cena,40.0,4.0,linha,272,192,0.728906,0.003906,1.000000
cena,40.0,4.0,linha,273,192,0.736719,0.003906,1.000000
cena,40.0,4.0,linha,274,192,0.744531,0.003906,1.000000
cena,40.0,4.0,linha,275,192,0.752344,0.003906,1.000000
cena,40.0,4.0,linha,276,192,0.760156,0.003906,1.000000
cena,40.0,4.0,linha,277,192,0.767969,0.003906,1.000000
cena,40.0,4.0,linha,278,192,0.775781,0.003906,1.000000
cena,40.0,4.0,linha,279,192,0.783594,0.003906,1.000000
cena,40.0,4.0,linha,280,192,0.791406,0.003906,1.000000
cena,40.0,4.0,linha,281,192,0.799219,0.003906,1.000000
cena,40.0,4.0,linha,282,192,0.807031,0.003906,1.000000
cena,40.0,4.0,linha,283,192,0.814844,0.003906,1.000000
cena,40.0,4.0,linha,284,192,0.822656,0.003906,1.000000
cena,40.0,4.0,linha,285,192,0.830469,0.003906,1.000000
cena,40.0,4.0,linha,286,192,0.838281,0.003906,1.000000
cena,40.0,4.0,linha,287,192,0.846094,0.003906,1.000000
cena,40.0,4.0,linha,288,192,0.853906,0.003906,1.000000
cena,40.0,4.0,linha,289,192,0.861719,0.003906,1.000000
cena,40.0,4.0,linha,290,192,0.869531,0.003906,1.000000
cena,40.0,4.0,linha,291,192,0.877344,0.003906,1.000000
cena,40.0,4.0,linha,292,192,0.885156,0.003906,1.000000
cena,40.0,4.0,linha,293,192,0.892969,0.003906,1.000000
cena,40.0,4.0,linha,294,192,0.900781,0.003906,1.000000
cena,40.0,4.0,linha,295,192,0.908594,0.003906,1.000000
cena,40.0,4.0,linha,296,192,0.916406,0.003906,1.000000
cena,40.0,4.0,linha,297,192,0.924219,0.003906,1.000000
cena,40.0,4.0,linha,298,192,0.932031,0.003906,1.000000
cena,40.0,4.0,linha,299,192,0.939844,0.003906,1.000000
cena,40.0,4.0,linha,300,192,0.947656,0.003906,1.000000
cena,40.0,4.0,linha,301,192,0.955469,0.003906,1.000000
cena,40.0,4.0,linha,302,192,0.963281,0.003906,1.000000
cena,40.0,4.0,linha,303,192,0.971094,0.003906,1.000000
cena,40.0,4.0,linha,304,192,0.978906,0.003906,1.000000
cena,40.0,4.0,linha,305,192,0.986719,0.003906,1.000000
cena,40.0,4.0,linha,306,192,0.994531,0.003906,1.000000
cena,40.0,4.0,linha,307,192,1.002344,0.003906,1.000000
cena,40.0,4.0,linha,308,192,1.010156,0.003906,1.000000
cena,40.0,4.0,linha,309,192,1.017969,0.003906,1.000000
cena,40.0,4.0,linha,310,192,1.025781,0.003906,1.000000
cena,40.0,4.0,linha,311,192,1.033594,0.003906,1.000000
cena,40.0,4.0,linha,312,192,1.041406,0.003906,1.000000
cena,40.0,4.0,linha,313,192,1.049219,0.003906,1.000000
cena,40.0,4.0,linha,314,192,1.057031,0.003906,1.000000
cena,40.0,4.0,linha,315,192,1.064844,0.003906,1.000000
cena,40.0,4.0,linha,316,192,1.072656,0.003906,1.000000
cena,40.0,4.0,linha,317,192,1.080469,0.003906,1.000000
cena,40.0,4.0,linha,318,192,1.088281,0.003906,1.000000
cena,40.0,4.0,linha,319,192,1.096094,0.003906,1.000000
cena,40.0,4.0,linha,320,192,1.103906,0.003906,1.000000
cena,40.0,4.0,linha,321,192,1.111719,0.003906,1.000000
cena,40.0,4.0,linha,322,192,1.119531,0.003906,1.000000
cena,40.0,4.0,linha,323,192,1.127344,0.003906,1.000000
cena,40.0,4.0,linha,324,192,1.135156,0.003906,1.000000
cena,40.0,4.0,linha,325,192,1.142969,0.003906,1.000000
cena,40.0,4.0,linha,326,192,1.150781,0.003906,1.000000
cena,40.0,4.0,linha,327,192,1.158594,0.003906,1.000000
cena,40.0,4.0,linha,328,192,1.166406,0.003906,1.000000
cena,40.0,4.0,linha,329,192,1.174219,0.003906,1.000000
cena,40.0,4.0,linha,330,192,1.182031,0.003906,1.000000
cena,40.0,4.0,linha,331,192,1.189844,0.003906,1.000000
cena,40.0,4.0,linha,332,192,1.197656,0.003906,1.000000
cena,40.0,4.0,linha,333,192,1.205469,0.003906,1.000000
cena,40.0,4.0,linha,334,192,1.213281,0.003906,1.000000
cena,40.0,4.0,linha,335,192,1.221094,0.003906,0.972582
cena,40.0,4.0,linha,336,192,1.228906,0.003906,0.920369
cena,40.0,4.0,linha,337,192,1.236719,0.003906,0.854227
cena,40.0,4.0,linha,338,192,1.244531,0.003906,0.794835
cena,40.0,4.0,linha,339,192,1.252344,0.003906,0.713817
cena,40.0,4.0,linha,340,192,1.260156,0.003906,0.637593
cena,40.0,4.0,linha,341,192,1.267969,0.003906,0.564149
cena,40.0,4.0,linha,342,192,1.275781,0.003906,0.487518
cena,40.0,4.0,linha,343,192,1.283594,0.003906,0.411685
cena,40.0,4.0,linha,344,192,1.291406,0.003906,0.348141
cena,40.0,4.0,linha,345,192,1.299219,0.003906,0.279454
cena,40.0,4.0,linha,346,192,1.307031,0.003906,0.222724
cena,40.0,4.0,linha,347,192,1.314844,0.003906,0.162863
cena,40.0,4.0,linha,348,192,1.322656,0.003906,0.112801
cena,40.0,4.0,linha,349,192,1.330469,0.003906,0.072385
cena,40.0,4.0,linha,350,192,1.338281,0.003906,0.034198
cena,40.0,4.0,linha,351,192,1.346094,0.003906,0.007158
cena,40.0,4.0,linha,352,192,1.353906,0.003906,0.000000
cena,40.0,4.0,linha,353,192,1.361719,0.003906,0.000000
cena,40.0,4.0,linha,354,192,1.369531,0.003906,0.000000
cena,40.0,4.0,linha,355,192,1.377344,0.003906,0.000000
cena,40.0,4.0,linha,356,192,1.385156,0.003906,0.000000
cena,40.0,4.0,linha,357,192,1.392969,0.003906,0.000000
cena,40.0,4.0,linha,358,192,1.400781,0.003906,0.000000
cena,40.0,4.0,linha,359,192,1.408594,0.003906,0.000000
cena,40.0,4.0,linha,360,192,1.416406,0.003906,0.000000
cena,40.0,4.0,linha,361,192,1.424219,0.003906,0.000000
cena,40.0,4.0,linha,362,192,1.432031,0.003906,0.000000
cena,40.0,4.0,linha,363,192,1.439844,0.003906,0.000000
cena,40.0,4.0,linha,364,192,1.447656,0.003906,0.000000
cena,40.0,4.0,linha,365,192,1.455469,0.003906,0.000000
cena,40.0,4.0,linha,366,192,1.463281,0.003906,0.000000
cena,40.0,4.0,linha,367,192,1.471094,0.003906,0.000000
cena,40.0,4.0,linha,368,192,1.478906,0.003906,0.000000
cena,40.0,4.0,linha,369,192,1.486719,0.003906,0.000000
cena,40.0,4.0,linha,370,192,1.494531,0.003906,0.000000
cena,40.0,4.0,linha,371,192,1.502344,0.003906,0.000000
cena,40.0,4.0,linha,372,192,1.510156,0.003906,0.000000
cena,40.0,4.0,linha,373,192,1.517969,0.003906,0.000000
cena,40.0,4.0,linha,374,192,1.525781,0.003906,0.000000
cena,40.0,4.0,linha,375,192,1.533594,0.003906,0.000000
cena,40.0,4.0,linha,376,192,1.541406,0.003906,0.000000
cena,40.0,4.0,linha,377,192,1.549219,0.003906,0.000000
cena,40.0,4.0,linha,378,192,1.557031,0.003906,0.000000
cena,40.0,4.0,linha,379,192,1.564844,0.003906,0.000000
cena,40.0,4.0,linha,380,192,1.572656,0.003906,0.000000
cena,40.0,4.0,linha,381,192,1.580469,0.003906,0.000000
cena,40.0,4.0,linha,382,192,1.588281,0.003906,0.000000
cena,40.0,4.0,linha,383,192,1.596094,0.003906,0.000000
cena,40.0,4.0,coluna,168,0,-0.083594,-1.496094,0.000000
cena,40.0,4.0,coluna,168,1,-0.083594,-1.488281,0.000000
cena,40.0,4.0,coluna,168,2,-0.083594,-1.480469,0.000000
cena,40.0,4.0,coluna,168,3,-0.083594,-1.472656,0.000000
cena,40.0,4.0,coluna,168,4,-0.083594,-1.464844,0.000000
cena,40.0,4.0,coluna,168,5,-0.083594,-1.457031,0.000000
cena,40.0,4.0,coluna,168,6,-0.083594,-1.449219,0.000000
cena,40.0,4.0,coluna,168,7,-0.083594,-1.441406,0.000000
cena,40.0,4.0,coluna,168,8,-0.083594,-1.433594,0.000000
cena,40.0,4.0,coluna,168,9,-0.083594,-1.425781,0.000000
cena,40.0,4.0,coluna,168,10,-0.083594,-1.417969,0.000000
cena,40.0,4.0,coluna,168,11,-0.083594,-1.410156,0.000000
cena,40.0,4.0,coluna,168,12,-0.083594,-1.402344,0.000000
cena,40.0,4.0,coluna,168,13,-0.083594,-1.394531,0.000000
cena,40.0,4.0,coluna,168,14,-0.083594,-1.386719,0.000000
cena,40.0,4.0,coluna,168,15,-0.083594,-1.378906,0.000000
cena,40.0,4.0,coluna,168,16,-0.083594,-1.371094,0.000000
cena,40.0,4.0,coluna,168,17,-0.083594,-1.363281,0.000000
cena,40.0,4.0,coluna,168,18,-0.083594,-1.355469,0.000000
cena,40.0,4.0,coluna,168,19,-0.083594,-1.347656,0.000000
cena,40.0,4.0,coluna,168,20,-0.083594,-1.339844,0.000000
cena,40.0,4.0,coluna,168,21,-0.083594,-1.332031,0.000000
cena,40.0,4.0,coluna,168,22,-0.083594,-1.324219,0.000000
cena,40.0,4.0,coluna,168,23,-0.083594,-1.316406,0.000000
cena,40.0,4.0,coluna,168,24,-0.083594,-1.308594,0.000000
cena,40.0,4.0,coluna,168,25,-0.083594,-1.300781,0.000000
cena,40.0,4.0,coluna,168,26,-0.083594,-1.292969,0.000000
cena,40.0,4.0,coluna,168,27,-0.083594,-1.285156,0.000000
cena,40.0,4.0,coluna,168,28,-0.083594,-1.277344,0.000000
cena,40.0,4.0,coluna,168,29,-0.083594,-1.269531,0.000000
cena,40.0,4.0,coluna,168,30,-0.083594,-1.261719,0.000000
cena,40.0,4.0,coluna,168,31,-0.083594,-1.253906,0.000000
cena,40.0,4.0,coluna,168,32,-0.083594,-1.246094,0.000000
cena,40.0,4.0,coluna,168,33,-0.083594,-1.238281,0.000000
cena,40.0,4.0,coluna,168,34,-0.083594,-1.230469,0.000000
cena,40.0,4.0,coluna,168,35,-0.083594,-1.222656,0.000000
cena,40.0,4.0,coluna,168,36,-0.083594,-1.214844,0.000000
cena,40.0,4.0,coluna,168,37,-0.083594,-1.207031,0.000000
cena,40.0,4.0,coluna,168,38,-0.083594,-1.199219,0.000000
cena,40.0,4.0,coluna,168,39,-0.083594,-1.191406,0.000000
cena,40.0,4.0,coluna,168,40,-0.083594,-1.183594,0.000000
cena,40.0,4.0,coluna,168,41,-0.083594,-1.175781,0.000000
cena,40.0,4.0,coluna,168,42,-0.083594,-1.167969,0.000000
cena,40.0,4.0,coluna,168,43,-0.083594,-1.160156,0.000000
cena,40.0,4.0,coluna,168,44,-0.083594,-1.152344,0.000000
cena,40.0,4.0,coluna,168,45,-0.083594,-1.144531,0.000000
cena,40.0,4.0,coluna,168,46,-0.083594,-1.136719,0.000000
cena,40.0,4.0,coluna,168,47,-0.083594,-1.128906,0.000000
cena,40.0,4.0,coluna,168,48,-0.083594,-1.121094,0.000000
cena,40.0,4.0,coluna,168,49,-0.083594,-1.113281,0.000000
cena,40.0,4.0,coluna,168,50,-0.083594,-1.105469,0.000000
cena,40.0,4.0,coluna,168,51,-0.083594,-1.097656,0.000000
cena,40.0,4.0,coluna,168,52,-0.083594,-1.089844,0.000000
cena,40.0,4.0,coluna,168,53,-0.083594,-1.082031,0.000000
cena,40.0,4.0,coluna,168,54,-0.083594,-1.074219,0.000000
cena,40.0,4.0,coluna,168,55,-0.083594,-1.066406,0.000000
cena,40.0,4.0,coluna,168,56,-0.083594,-1.058594,0.000000
cena,40.0,4.0,coluna,168,57,-0.083594,-1.050781,0.000000
cena,40.0,4.0,coluna,168,58,-0.083594,-1.042969,0.000000
cena,40.0,4.0,coluna,168,59,-0.083594,-1.035156,0.000000
cena,40.0,4.0,coluna,168,60,-0.083594,-1.027344,0.000000
cena,40.0,4.0,coluna,168,61,-0.083594,-1.019531,0.000000
cena,40.0,4.0,coluna,168,62,-0.083594,-1.011719,0.000000
cena,40.0,4.0,coluna,168,63,-0.083594,-1.003906,0.000000
cena,40.0,4.0,coluna,168,64,-0.083594,-0.996094,0.000000
cena,40.0,4.0,coluna,168,65,-0.083594,-0.988281,0.000000
cena,40.0,4.0,coluna,168,66,-0.083594,-0.980469,0.000000
cena,40.0,4.0,coluna,168,67,-0.083594,-0.972656,0.000000
cena,40.0,4.0,coluna,168,68,-0.083594,-0.964844,0.000000
cena,40.0,4.0,coluna,168,69,-0.083594,-0.957031,0.000000
cena,40.0,4.0,coluna,168,70,-0.083594,-0.949219,0.000000
cena,40.0,4.0,coluna,168,71,-0.083594,-0.941406,0.000000
cena,40.0,4.0,coluna,168,72,-0.083594,-0.933594,0.000000
cena,40.0,4.0,coluna,168,73,-0.083594,-0.925781,0.000000
cena,40.0,4.0,coluna,168,74,-0.083594,-0.917969,0.000000
cena,40.0,4.0,coluna,168,75,-0.083594,-0.910156,0.000000
cena,40.0,4.0,coluna,168,76,-0.083594,-0.902344,0.000000
cena,40.0,4.0,coluna,168,77,-0.083594,-0.894531,0.000000
cena,40.0,4.0,coluna,168,78,-0.083594,-0.886719,0.000000
cena,40.0,4.0,coluna,168,79,-0.083594,-0.878906,0.000000
cena,40.0,4.0,coluna,168,80,-0.083594,-0.871094,0.000000
cena,40.0,4.0,coluna,168,81,-0.083594,-0.863281,0.000000
cena,40.0,4.0,coluna,168,82,-0.083594,-0.855469,0.000000
cena,40.0,4.0,coluna,168,83,-0.083594,-0.847656,0.000000
cena,40.0,4.0,coluna,168,84,-0.083594,-0.839844,0.000000
cena,40.0,4.0,coluna,168,85,-0.083594,-0.832031,0.000000
cena,40.0,4.0,coluna,168,86,-0.083594,-0.824219,0.000000
cena,40.0,4.0,coluna,168,87,-0.083594,-0.816406,0.000000
cena,40.0,4.0,coluna,168,88,-0.083594,-0.808594,0.000000
cena,40.0,4.0,coluna,168,89,-0.083594,-0.800781,0.000000
cena,40.0,4.0,coluna,168,90,-0.083594,-0.792969,0.000000
cena,40.0,4.0,coluna,168,91,-0.083594,-0.785156,0.000000
cena,40.0,4.0,coluna,168,92,-0.083594,-0.777344,0.000000
cena,40.0,4.0,coluna,168,93,-0.083594,-0.769531,0.000000
cena,40.0,4.0,coluna,168,94,-0.083594,-0.761719,0.000000
cena,40.0,4.0,coluna,168,95,-0.083594,-0.753906,0.000000
cena,40.0,4.0,coluna,168,96,-0.083594,-0.746094,0.000000
cena,40.0,4.0,coluna,168,97,-0.083594,-0.738281,0.000000
cena,40.0,4.0,coluna,168,98,-0.083594,-0.730469,0.000000
cena,40.0,4.0,coluna,168,99,-0.083594,-0.722656,0.000000
cena,40.0,4.0,coluna,168,100,-0.083594,-0.714844,0.000000
cena,40.0,4.0,coluna,168,101,-0.083594,-0.707031,0.000000
cena,40.0,4.0,coluna,168,102,-0.083594,-0.699219,0.000000
cena,40.0,4.0,coluna,168,103,-0.083594,-0.691406,0.000000
cena,40.0,4.0,coluna,168,104,-0.083594,-0.683594,0.000000
cena,40.0,4.0,coluna,168,105,-0.083594,-0.675781,0.000000
cena,40.0,4.0,coluna,168,106,-0.083594,-0.667969,0.000000
cena,40.0,4.0,coluna,168,107,-0.083594,-0.660156,0.000000
cena,40.0,4.0,coluna,168,108,-0.083594,-0.652344,0.000000
cena,40.0,4.0,coluna,168,109,-0.083594,-0.644531,0.000000
cena,40.0,4.0,coluna,168,110,-0.083594,-0.636719,0.000000
cena,40.0,4.0,coluna,168,111,-0.083594,-0.628906,0.000000
cena,40.0,4.0,coluna,168,112,-0.083594,-0.621094,0.000000
cena,40.0,4.0,coluna,168,113,-0.083594,-0.613281,0.000000
cena,40.0,4.0,coluna,168,114,-0.083594,-0.605469,0.000000
cena,40.0,4.0,coluna,168,115,-0.083594,-0.597656,0.000000
cena,40.0,4.0,coluna,168,116,-0.083594,-0.589844,0.000000
cena,40.0,4.0,coluna,168,117,-0.083594,-0.582031,0.000000
cena,40.0,4.0,coluna,168,118,-0.083594,-0.574219,0.000000
cena,40.0,4.0,coluna,168,119,-0.083594,-0.566406,0.000000
cena,40.0,4.0,coluna,168,120,-0.083594,-0.558594,0.000000
cena,40.0,4.0,coluna,168,121,-0.083594,-0.550781,0.000000
cena,40.0,4.0,coluna,168,122,-0.083594,-0.542969,0.000000
cena,40.0,4.0,coluna,168,123,-0.083594,-0.535156,0.000000
cena,40.0,4.0,coluna,168,124,-0.083594,-0.527344,0.000000
cena,40.0,4.0,coluna,168,125,-0.083594,-0.519531,0.000000
cena,40.0,4.0,coluna,168,126,-0.083594,-0.511719,0.000000
cena,40.0,4.0,coluna,168,127,-0.083594,-0.503906,0.000000
cena,40.0,4.0,coluna,168,128,-0.083594,-0.496094,0.000000
cena,40.0,4.0,coluna,168,129,-0.083594,-0.488281,0.000000
cena,40.0,4.0,coluna,168,130,-0.083594,-0.480469,0.000000
cena,40.0,4.0,coluna,168,131,-0.083594,-0.472656,0.000000
cena,40.0,4.0,coluna,168,132,-0.083594,-0.464844,0.000000
cena,40.0,4.0,coluna,168,133,-0.083594,-0.457031,0.000000
cena,40.0,4.0,coluna,168,134,-0.083594,-0.449219,0.000000
cena,40.0,4.0,coluna,168,135,-0.083594,-0.441406,0.000000
cena,40.0,4.0,coluna,168,136,-0.083594,-0.433594,0.000000
cena,40.0,4.0,coluna,168,137,-0.083594,-0.425781,0.000000
cena,40.0,4.0,coluna,168,138,-0.083594,-0.417969,0.000000
cena,40.0,4.0,coluna,168,139,-0.083594,-0.410156,0.000000
cena,40.0,4.0,coluna,168,140,-0.083594,-0.402344,0.000000
cena,40.0,4.0,coluna,168,141,-0.083594,-0.394531,0.000000
cena,40.0,4.0,coluna,168,142,-0.083594,-0.386719,0.000000
cena,40.0,4.0,coluna,168,143,-0.083594,-0.378906,0.000000
cena,40.0,4.0,coluna,168,144,-0.083594,-0.371094,0.000000
cena,40.0,4.0,coluna,168,145,-0.083594,-0.363281,0.003895
cena,40.0,4.0,coluna,168,146,-0.083594,-0.355469,0.035115
cena,40.0,4.0,coluna,168,147,-0.083594,-0.347656,0.077771
cena,40.0,4.0,coluna,168,148,-0.083594,-0.339844,0.128909
cena,40.0,4.0,coluna,168,149,-0.083594,-0.332031,0.183530
cena,40.0,4.0,coluna,168,150,-0.083594,-0.324219,0.245869
cena,40.0,4.0,coluna,168,151,-0.083594,-0.316406,0.324041
cena,40.0,4.0,coluna,168,152,-0.083594,-0.308594,0.394157
cena,40.0,4.0,coluna,168,153,-0.083594,-0.300781,0.461020
cena,40.0,4.0,coluna,168,154,-0.083594,-0.292969,0.542802
cena,40.0,4.0,coluna,168,155,-0.083594,-0.285156,0.618774
cena,40.0,4.0,coluna,168,156,-0.083594,-0.277344,0.701216
cena,40.0,4.0,coluna,168,157,-0.083594,-0.269531,0.775514
cena,40.0,4.0,coluna,168,158,-0.083594,-0.261719,0.839844
cena,40.0,4.0,coluna,168,159,-0.083594,-0.253906,0.898480
cena,40.0,4.0,coluna,168,160,-0.083594,-0.246094,0.957014
cena,40.0,4.0,coluna,168,161,-0.083594,-0.238281,0.992189
cena,40.0,4.0,coluna,168,162,-0.083594,-0.230469,1.000000
cena,40.0,4.0,coluna,168,163,-0.083594,-0.222656,1.000000
cena,40.0,4.0,coluna,168,164,-0.083594,-0.214844,1.000000
cena,40.0,4.0,coluna,168,165,-0.083594,-0.207031,1.000000
cena,40.0,4.0,coluna,168,166,-0.083594,-0.199219,1.000000
cena,40.0,4.0,coluna,168,167,-0.083594,-0.191406,1.000000
cena,40.0,4.0,coluna,168,168,-0.083594,-0.183594,1.000000
cena,40.0,4.0,coluna,168,169,-0.083594,-0.175781,1.000000
cena,40.0,4.0,coluna,168,170,-0.083594,-0.167969,1.000000
cena,40.0,4.0,coluna,168,171,-0.083594,-0.160156,1.000000
cena,40.0,4.0,coluna,168,172,-0.083594,-0.152344,1.000000
cena,40.0,4.0,coluna,168,173,-0.083594,-0.144531,1.000000
cena,40.0,4.0,coluna,168,174,-0.083594,-0.136719,1.000000
cena,40.0,4.0,coluna,168,175,-0.083594,-0.128906,1.000000
cena,40.0,4.0,coluna,168,176,-0.083594,-0.121094,1.000000
cena,40.0,4.0,coluna,168,177,-0.083594,-0.113281,1.000000
cena,40.0,4.0,coluna,168,178,-0.083594,-0.105469,1.000000
cena,40.0,4.0,coluna,168,179,-0.083594,-0.097656,1.000000
cena,40.0,4.0,coluna,168,180,-0.083594,-0.089844,1.000000
cena,40.0,4.0,coluna,168,181,-0.083594,-0.082031,1.000000
cena,40.0,4.0,coluna,168,182,-0.083594,-0.074219,1.000000
cena,40.0,4.0,coluna,168,183,-0.083594,-0.066406,1.000000
cena,40.0,4.0,coluna,168,184,-0.083594,-0.058594,1.000000
cena,40.0,4.0,coluna,168,185,-0.083594,-0.050781,1.000000
cena,40.0,4.0,coluna,168,186,-0.083594,-0.042969,1.000000
cena,40.0,4.0,coluna,168,187,-0.083594,-0.035156,1.000000
cena,40.0,4.0,coluna,168,188,-0.083594,-0.027344,1.000000
cena,40.0,4.0,coluna,168,189,-0.083594,-0.019531,1.000000
cena,40.0,4.0,coluna,168,190,-0.083594,-0.011719,1.000000
cena,40.0,4.0,coluna,168,191,-0.083594,-0.003906,1.000000
cena,40.0,4.0,coluna,168,192,-0.083594,0.003906,1.000000
cena,40.0,4.0,coluna,168,193,-0.083594,0.011719,1.000000
cena,40.0,4.0,coluna,168,194,-0.083594,0.019531,1.000000
cena,40.0,4.0,coluna,168,195,-0.083594,0.027344,1.000000
cena,40.0,4.0,coluna,168,196,-0.083594,0.035156,1.000000
cena,40.0,4.0,coluna,168,197,-0.083594,0.042969,1.000000
cena,40.0,4.0,coluna,168,198,-0.083594,0.050781,1.000000
cena,40.0,4.0,coluna,168,199,-0.083594,0.058594,1.000000
cena,40.0,4.0,coluna,168,200,-0.083594,0.066406,1.000000
cena,40.0,4.0,coluna,168,201,-0.083594,0.074219,1.000000
cena,40.0,4.0,coluna,168,202,-0.083594,0.082031,1.000000
cena,40.0,4.0,coluna,168,203,-0.083594,0.089844,1.000000
cena,40.0,4.0,coluna,168,204,-0.083594,0.097656,1.000000
cena,40.0,4.0,coluna,168,205,-0.083594,0.105469,1.000000
cena,40.0,4.0,coluna,168,206,-0.083594,0.113281,1.000000
cena,40.0,4.0,coluna,168,207,-0.083594,0.121094,1.000000
cena,40.0,4.0,coluna,168,208,-0.083594,0.128906,1.000000
cena,40.0,4.0,coluna,168,209,-0.083594,0.136719,1.000000
cena,40.0,4.0,coluna,168,210,-0.083594,0.144531,1.000000
cena,40.0,4.0,coluna,168,211,-0.083594,0.152344,1.000000
cena,40.0,4.0,coluna,168,212,-0.083594,0.160156,1.000000
cena,40.0,4.0,coluna,168,213,-0.083594,0.167969,1.000000
cena,40.0,4.0,coluna,168,214,-0.083594,0.175781,1.000000
cena,40.0,4.0,coluna,168,215,-0.083594,0.183594,1.000000
cena,40.0,4.0,coluna,168,216,-0.083594,0.191406,1.000000
cena,40.0,4.0,coluna,168,217,-0.083594,0.199219,1.000000
cena,40.0,4.0,coluna,168,218,-0.083594,0.207031,1.000000
cena,40.0,4.0,coluna,168,219,-0.083594,0.214844,1.000000
cena,40.0,4.0,coluna,168,220,-0.083594,0.222656,1.000000
cena,40.0,4.0,coluna,168,221,-0.083594,0.230469,1.000000
cena,40.0,4.0,coluna,168,222,-0.083594,0.238281,0.992235
cena,40.0,4.0,coluna,168,223,-0.083594,0.246094,0.951280
cena,40.0,4.0,coluna,168,224,-0.083594,0.253906,0.906199
cena,40.0,4.0,coluna,168,225,-0.083594,0.261719,0.840102
cena,40.0,4.0,coluna,168,226,-0.083594,0.269531,0.771848
cena,40.0,4.0,coluna,168,227,-0.083594,0.277344,0.695498
cena,40.0,4.0,coluna,168,228,-0.083594,0.285156,0.621287
cena,40.0,4.0,coluna,168,229,-0.083594,0.292969,0.543096
cena,40.0,4.0,coluna,168,230,-0.083594,0.300781,0.466774
cena,40.0,4.0,coluna,168,231,-0.083594,0.308594,0.392491
cena,40.0,4.0,coluna,168,232,-0.083594,0.316406,0.320410
cena,40.0,4.0,coluna,168,233,-0.083594,0.324219,0.249979
cena,40.0,4.0,coluna,168,234,-0.083594,0.332031,0.187479
cena,40.0,4.0,coluna,168,235,-0.083594,0.339844,0.130827
cena,40.0,4.0,coluna,168,236,-0.083594,0.347656,0.076038
cena,40.0,4.0,coluna,168,237,-0.083594,0.355469,0.038992
cena,40.0,4.0,coluna,168,238,-0.083594,0.363281,0.005893
cena,40.0,4.0,coluna,168,239,-0.083594,0.371094,0.000000
cena,40.0,4.0,coluna,168,240,-0.083594,0.378906,0.000000
cena,40.0,4.0,coluna,168,241,-0.083594,0.386719,0.000000
cena,40.0,4.0,coluna,168,242,-0.083594,0.394531,0.000000
cena,40.0,4.0,coluna,168,243,-0.083594,0.402344,0.000000
cena,40.0,4.0,coluna,168,244,-0.083594,0.410156,0.000000
cena,40.0,4.0,coluna,168,245,-0.083594,0.417969,0.000000
cena,40.0,4.0,coluna,168,246,-0.083594,0.425781,0.000000
cena,40.0,4.0,coluna,168,247,-0.083594,0.433594,0.000000
cena,40.0,4.0,coluna,168,248,-0.083594,0.441406,0.000000
cena,40.0,4.0,coluna,168,249,-0.083594,0.449219,0.000000
cena,40.0,4.0,coluna,168,250,-0.083594,0.457031,0.000000
cena,40.0,4.0,coluna,168,251,-0.083594,0.464844,0.000000
cena,40.0,4.0,coluna,168,252,-0.083594,0.472656,0.000000
cena,40.0,4.0,coluna,168,253,-0.083594,0.480469,0.000000
cena,40.0,4.0,coluna,168,254,-0.083594,0.488281,0.000000
cena,40.0,4.0,coluna,168,255,-0.083594,0.496094,0.000000
cena,40.0,4.0,coluna,168,256,-0.083594,0.503906,0.000000
cena,40.0,4.0,coluna,168,257,-0.083594,0.511719,0.000000
cena,40.0,4.0,coluna,168,258,-0.083594,0.519531,0.000000
cena,40.0,4.0,coluna,168,259,-0.083594,0.527344,0.000000
cena,40.0,4.0,coluna,168,260,-0.083594,0.535156,0.000000
cena,40.0,4.0,coluna,168,261,-0.083594,0.542969,0.000000
cena,40.0,4.0,coluna,168,262,-0.083594,0.550781,0.000000
cena,40.0,4.0,coluna,168,263,-0.083594,0.558594,0.000000
cena,40.0,4.0,coluna,168,264,-0.083594,0.566406,0.000000
cena,40.0,4.0,coluna,168,265,-0.083594,0.574219,0.000000
cena,40.0,4.0,coluna,168,266,-0.083594,0.582031,0.000000
cena,40.0,4.0,coluna,168,267,-0.083594,0.589844,0.000000
cena,40.0,4.0,coluna,168,268,-0.083594,0.597656,0.000000
cena,40.0,4.0,coluna,168,269,-0.083594,0.605469,0.000000
cena,40.0,4.0,coluna,168,270,-0.083594,0.613281,0.000000
cena,40.0,4.0,coluna,168,271,-0.083594,0.621094,0.000000
cena,40.0,4.0,coluna,168,272,-0.083594,0.628906,0.000000
cena,40.0,4.0,coluna,168,273,-0.083594,0.636719,0.000000
cena,40.0,4.0,coluna,168,274,-0.083594,0.644531,0.000000
cena,40.0,4.0,coluna,168,275,-0.083594,0.652344,0.000000
cena,40.0,4.0,coluna,168,276,-0.083594,0.660156,0.000000
cena,40.0,4.0,coluna,168,277,-0.083594,0.667969,0.000000
cena,40.0,4.0,coluna,168,278,-0.083594,0.675781,0.000000
cena,40.0,4.0,coluna,168,279,-0.083594,0.683594,0.000000
cena,40.0,4.0,coluna,168,280,-0.083594,0.691406,0.000000
cena,40.0,4.0,coluna,168,281,-0.083594,0.699219,0.000000
cena,40.0,4.0,coluna,168,282,-0.083594,0.707031,0.000000
cena,40.0,4.0,coluna,168,283,-0.083594,0.714844,0.000000
cena,40.0,4.0,coluna,168,284,-0.083594,0.722656,0.000000
cena,40.0,4.0,coluna,168,285,-0.083594,0.730469,0.000000
cena,40.0,4.0,coluna,168,286,-0.083594,0.738281,0.000000
cena,40.0,4.0,coluna,168,287,-0.083594,0.746094,0.000000
cena,40.0,4.0,coluna,168,288,-0.083594,0.753906,0.000000
cena,40.0,4.0,coluna,168,289,-0.083594,0.761719,0.000000
cena,40.0,4.0,coluna,168,290,-0.083594,0.769531,0.000000
cena,40.0,4.0,coluna,168,291,-0.083594,0.777344,0.000000
cena,40.0,4.0,coluna,168,292,-0.083594,0.785156,0.000000
cena,40.0,4.0,coluna,168,293,-0.083594,0.792969,0.000000
cena,40.0,4.0,coluna,168,294,-0.083594,0.800781,0.000000
cena,40.0,4.0,coluna,168,295,-0.083594,0.808594,0.000000
cena,40.0,4.0,coluna,168,296,-0.083594,0.816406,0.000000
cena,40.0,4.0,coluna,168,297,-0.083594,0.824219,0.000000
cena,40.0,4.0,coluna,168,298,-0.083594,0.832031,0.000000
cena,40.0,4.0,coluna,168,299,-0.083594,0.839844,0.000000
cena,40.0,4.0,coluna,168,300,-0.083594,0.847656,0.000000
cena,40.0,4.0,coluna,168,301,-0.083594,0.855469,0.000000
cena,40.0,4.0,coluna,168,302,-0.083594,0.863281,0.000000
cena,40.0,4.0,coluna,168,303,-0.083594,0.871094,0.000000
cena,40.0,4.0,coluna,168,304,-0.083594,0.878906,0.000000
cena,40.0,4.0,coluna,168,305,-0.083594,0.886719,0.000000
cena,40.0,4.0,coluna,168,306,-0.083594,0.894531,0.000000
cena,40.0,4.0,coluna,168,307,-0.083594,0.902344,0.000000
cena,40.0,4.0,coluna,168,308,-0.083594,0.910156,0.000000
cena,40.0,4.0,coluna,168,309,-0.083594,0.917969,0.000000
cena,40.0,4.0,coluna,168,310,-0.083594,0.925781,0.000000
cena,40.0,4.0,coluna,168,311,-0.083594,0.933594,0.000000
cena,40.0,4.0,coluna,168,312,-0.083594,0.941406,0.000000
cena,40.0,4.0,coluna,168,313,-0.083594,0.949219,0.000000
cena,40.0,4.0,coluna,168,314,-0.083594,0.957031,0.000000
cena,40.0,4.0,coluna,168,315,-0.083594,0.964844,0.000000
cena,40.0,4.0,coluna,168,316,-0.083594,0.972656,0.000000
cena,40.0,4.0,coluna,168,317,-0.083594,0.980469,0.000000
cena,40.0,4.0,coluna,168,318,-0.083594,0.988281,0.000000
cena,40.0,4.0,coluna,168,319,-0.083594,0.996094,0.000000
cena,40.0,4.0,coluna,168,320,-0.083594,1.003906,0.000000
cena,40.0,4.0,coluna,168,321,-0.083594,1.011719,0.000000
cena,40.0,4.0,coluna,168,322,-0.083594,1.019531,0.000000
cena,40.0,4.0,coluna,168,323,-0.083594,1.027344,0.000000
cena,40.0,4.0,coluna,168,324,-0.083594,1.035156,0.000000
cena,40.0,4.0,coluna,168,325,-0.083594,1.042969,0.000000
cena,40.0,4.0,coluna,168,326,-0.083594,1.050781,0.000000
cena,40.0,4.0,coluna,168,327,-0.083594,1.058594,0.000000
cena,40.0,4.0,coluna,168,328,-0.083594,1.066406,0.000000
cena,40.0,4.0,coluna,168,329,-0.083594,1.074219,0.000000
cena,40.0,4.0,coluna,168,330,-0.083594,1.082031,0.000000
cena,40.0,4.0,coluna,168,331,-0.083594,1.089844,0.000000
cena,40.0,4.0,coluna,168,332,-0.083594,1.097656,0.000000
cena,40.0,4.0,coluna,168,333,-0.083594,1.105469,0.000000
cena,40.0,4.0,coluna,168,334,-0.083594,1.113281,0.000000
cena,40.0,4.0,coluna,168,335,-0.083594,1.121094,0.000000
cena,40.0,4.0,coluna,168,336,-0.083594,1.128906,0.000000
cena,40.0,4.0,coluna,168,337,-0.083594,1.136719,0.000000
cena,40.0,4.0,coluna,168,338,-0.083594,1.144531,0.000000
cena,40.0,4.0,coluna,168,339,-0.083594,1.152344,0.000000
cena,40.0,4.0,coluna,168,340,-0.083594,1.160156,0.000000
cena,40.0,4.0,coluna,168,341,-0.083594,1.167969,0.000000
cena,40.0,4.0,coluna,168,342,-0.083594,1.175781,0.000000
cena,40.0,4.0,coluna,168,343,-0.083594,1.183594,0.000000
cena,40.0,4.0,coluna,168,344,-0.083594,1.191406,0.000000
cena,40.0,4.0,coluna,168,345,-0.083594,1.199219,0.000000
cena,40.0,4.0,coluna,168,346,-0.083594,1.207031,0.000000
cena,40.0,4.0,coluna,168,347,-0.083594,1.214844,0.000000
cena,40.0,4.0,coluna,168,348,-0.083594,1.222656,0.000000
cena,40.0,4.0,coluna,168,349,-0.083594,1.230469,0.000000
cena,40.0,4.0,coluna,168,350,-0.083594,1.238281,0.000000
cena,40.0,4.0,coluna,168,351,-0.083594,1.246094,0.000000
cena,40.0,4.0,coluna,168,352,-0.083594,1.253906,0.000000
cena,40.0,4.0,coluna,168,353,-0.083594,1.261719,0.000000
cena,40.0,4.0,coluna,168,354,-0.083594,1.269531,0.000000
cena,40.0,4.0,coluna,168,355,-0.083594,1.277344,0.000000
cena,40.0,4.0,coluna,168,356,-0.083594,1.285156,0.000000
cena,40.0,4.0,coluna,168,357,-0.083594,1.292969,0.000000
cena,40.0,4.0,coluna,168,358,-0.083594,1.300781,0.000000
cena,40.0,4.0,coluna,168,359,-0.083594,1.308594,0.000000
cena,40.0,4.0,coluna,168,360,-0.083594,1.316406,0.000000
cena,40.0,4.0,coluna,168,361,-0.083594,1.324219,0.000000
cena,40.0,4.0,coluna,168,362,-0.083594,1.332031,0.000000
cena,40.0,4.0,coluna,168,363,-0.083594,1.339844,0.000000
cena,40.0,4.0,coluna,168,364,-0.083594,1.347656,0.000000
cena,40.0,4.0,coluna,168,365,-0.083594,1.355469,0.000000
cena,40.0,4.0,coluna,168,366,-0.083594,1.363281,0.000000
cena,40.0,4.0,coluna,168,367,-0.083594,1.371094,0.000000
cena,40.0,4.0,coluna,168,368,-0.083594,1.378906,0.000000
cena,40.0,4.0,coluna,168,369,-0.083594,1.386719,0.000000
cena,40.0,4.0,coluna,168,370,-0.083594,1.394531,0.000000
cena,40.0,4.0,coluna,168,371,-0.083594,1.402344,0.000000
cena,40.0,4.0,coluna,168,372,-0.083594,1.410156,0.000000
cena,40.0,4.0,coluna,168,373,-0.083594,1.417969,0.000000
cena,40.0,4.0,coluna,168,374,-0.083594,1.425781,0.000000
cena,40.0,4.0,coluna,168,375,-0.083594,1.433594,0.000000
cena,40.0,4.0,coluna,168,376,-0.083594,1.441406,0.000000
cena,40.0,4.0,coluna,168,377,-0.083594,1.449219,0.000000
cena,40.0,4.0,coluna,168,378,-0.083594,1.457031,0.000000
cena,40.0,4.0,coluna,168,379,-0.083594,1.464844,0.000000
cena,40.0,4.0,coluna,168,380,-0.083594,1.472656,0.000000
cena,40.0,4.0,coluna,168,381,-0.083594,1.480469,0.000000
cena,40.0,4.0,coluna,168,382,-0.083594,1.488281,0.000000
cena,40.0,4.0,coluna,168,383,-0.083594,1.496094,0.000000
cena,15.0,1.0,linha,0,192,-1.396094,0.003906,0.000000
cena,15.0,1.0,linha,1,192,-1.388281,0.003906,0.000000
cena,15.0,1.0,linha,2,192,-1.380469,0.003906,0.000000
cena,15.0,1.0,linha,3,192,-1.372656,0.003906,0.000000
cena,15.0,1.0,linha,4,192,-1.364844,0.003906,0.000000
cena,15.0,1.0,linha,5,192,-1.357031,0.003906,0.000000
cena,15.0,1.0,linha,6,192,-1.349219,0.003906,0.000000
cena,15.0,1.0,linha,7,192,-1.341406,0.003906,0.000000
cena,15.0,1.0,linha,8,192,-1.333594,0.003906,0.000000
cena,15.0,1.0,linha,9,192,-1.325781,0.003906,0.000000
cena,15.0,1.0,linha,10,192,-1.317969,0.003906,0.000000
cena,15.0,1.0,linha,11,192,-1.310156,0.003906,0.000000
cena,15.0,1.0,linha,12,192,-1.302344,0.003906,0.000000
cena,15.0,1.0,linha,13,192,-1.294531,0.003906,0.000000
cena,15.0,1.0,linha,14,192,-1.286719,0.003906,0.000000
cena,15.0,1.0,linha,15,192,-1.278906,0.003906,0.000000
cena,15.0,1.0,linha,16,192,-1.271094,0.003906,0.000000
cena,15.0,1.0,linha,17,192,-1.263281,0.003906,0.000000
cena,15.0,1.0,linha,18,192,-1.255469,0.003906,0.000000
cena,15.0,1.0,linha,19,192,-1.247656,0.003906,0.000000
cena,15.0,1.0,linha,20,192,-1.239844,0.003906,0.000000
cena,15.0,1.0,linha,21,192,-1.232031,0.003906,0.000000
cena,15.0,1.0,linha,22,192,-1.224219,0.003906,0.000000
cena,15.0,1.0,linha,23,192,-1.216406,0.003906,0.000000
cena,15.0,1.0,linha,24,192,-1.208594,0.003906,0.000000
cena,15.0,1.0,linha,25,192,-1.200781,0.003906,0.000000
cena,15.0,1.0,linha,26,192,-1.192969,0.003906,0.000000
cena,15.0,1.0,linha,27,192,-1.185156,0.003906,0.000000
cena,15.0,1.0,linha,28,192,-1.177344,0.003906,0.000000
cena,15.0,1.0,linha,29,192,-1.169531,0.003906,0.000000
cena,15.0,1.0,linha,30,192,-1.161719,0.003906,0.000000
cena,15.0,1.0,linha,31,192,-1.153906,0.003906,0.000000
cena,15.0,1.0,linha,32,192,-1.146094,0.003906,0.000000
cena,15.0,1.0,linha,33,192,-1.138281,0.003906,0.000000
cena,15.0,1.0,linha,34,192,-1.130469,0.003906,0.000000
cena,15.0,1.0,linha,35,192,-1.122656,0.003906,0.000000
cena,15.0,1.0,linha,36,192,-1.114844,0.003906,0.000000
cena,15.0,1.0,linha,37,192,-1.107031,0.003906,0.000000
cena,15.0,1.0,linha,38,192,-1.099219,0.003906,0.000000
cena,15.0,1.0,linha,39,192,-1.091406,0.003906,0.000000
cena,15.0,1.0,linha,40,192,-1.083594,0.003906,0.000000
cena,15.0,1.0,linha,41,192,-1.075781,0.003906,0.000000
cena,15.0,1.0,linha,42,192,-1.067969,0.003906,0.000000
cena,15.0,1.0,linha,43,192,-1.060156,0.003906,0.000000
cena,15.0,1.0,linha,44,192,-1.052344,0.003906,0.000000
cena,15.0,1.0,linha,45,192,-1.044531,0.003906,0.000000
cena,15.0,1.0,linha,46,192,-1.036719,0.003906,0.000000
cena,15.0,1.0,linha,47,192,-1.028906,0.003906,0.000000
cena,15.0,1.0,linha,48,192,-1.021094,0.003906,0.000000
cena,15.0,1.0,linha,49,192,-1.013281,0.003906,0.000000
cena,15.0,1.0,linha,50,192,-1.005469,0.003906,0.000000
cena,15.0,1.0,linha,51,192,-0.997656,0.003906,0.000000
cena,15.0,1.0,linha,52,192,-0.989844,0.003906,0.000000
cena,15.0,1.0,linha,53,192,-0.982031,0.003906,0.000000
cena,15.0,1.0,linha,54,192,-0.974219,0.003906,0.000000
cena,15.0,1.0,linha,55,192,-0.966406,0.003906,0.000000
cena,15.0,1.0,linha,56,192,-0.958594,0.003906,0.000000
cena,15.0,1.0,linha,57,192,-0.950781,0.003906,0.000000
cena,15.0,1.0,linha,58,192,-0.942969,0.003906,0.000000
cena,15.0,1.0,linha,59,192,-0.935156,0.003906,0.000000
cena,15.0,1.0,linha,60,192,-0.927344,0.003906,0.000000
cena,15.0,1.0,linha,61,192,-0.919531,0.003906,0.000000
cena,15.0,1.0,linha,62,192,-0.911719,0.003906,0.000000
cena,15.0,1.0,linha,63,192,-0.903906,0.003906,0.000000
cena,15.0,1.0,linha,64,192,-0.896094,0.003906,0.000000
cena,15.0,1.0,linha,65,192,-0.888281,0.003906,0.000000
cena,15.0,1.0,linha,66,192,-0.880469,0.003906,0.000000
cena,15.0,1.0,linha,67,192,-0.872656,0.003906,0.000000
cena,15.0,1.0,linha,68,192,-0.864844,0.003906,0.000000
cena,15.0,1.0,linha,69,192,-0.857031,0.003906,0.000000
cena,15.0,1.0,linha,70,192,-0.849219,0.003906,0.000000
cena,15.0,1.0,linha,71,192,-0.841406,0.003906,0.000000
cena,15.0,1.0,linha,72,192,-0.833594,0.003906,0.000000
cena,15.0,1.0,linha,73,192,-0.825781,0.003906,0.000000
cena,15.0,1.0,linha,74,192,-0.817969,0.003906,0.000000
cena,15.0,1.0,linha,75,192,-0.810156,0.003906,0.000000
cena,15.0,1.0,linha,76,192,-0.802344,0.003906,0.000000
cena,15.0,1.0,linha,77,192,-0.794531,0.003906,0.000000
cena,15.0,1.0,linha,78,192,-0.786719,0.003906,0.000000
cena,15.0,1.0,linha,79,192,-0.778906,0.003906,0.000000
cena,15.0,1.0,linha,80,192,-0.771094,0.003906,0.000000
cena,15.0,1.0,linha,81,192,-0.763281,0.003906,0.000000
cena,15.0,1.0,linha,82,192,-0.755469,0.003906,0.000000
cena,15.0,1.0,linha,83,192,-0.747656,0.003906,0.000000
cena,15.0,1.0,linha,84,192,-0.739844,0.003906,0.000000
cena,15.0,1.0,linha,85,192,-0.732031,0.003906,0.000000
cena,15.0,1.0,linha,86,192,-0.724219,0.003906,0.000000
cena,15.0,1.0,linha,87,192,-0.716406,0.003906,0.000000
cena,15.0,1.0,linha,88,192,-0.708594,0.003906,0.000000
cena,15.0,1.0,linha,89,192,-0.700781,0.003906,0.000000
cena,15.0,1.0,linha,90,192,-0.692969,0.003906,0.000000
cena,15.0,1.0,linha,91,192,-0.685156,0.003906,0.000000
cena,15.0,1.0,linha,92,192,-0.677344,0.003906,0.000000
cena,15.0,1.0,linha,93,192,-0.669531,0.003906,0.000000
cena,15.0,1.0,linha,94,192,-0.661719,0.003906,0.000000
cena,15.0,1.0,linha,95,192,-0.653906,0.003906,0.000000
cena,15.0,1.0,linha,96,192,-0.646094,0.003906,0.000000
cena,15.0,1.0,linha,97,192,-0.638281,0.003906,0.000000
cena,15.0,1.0,linha,98,192,-0.630469,0.003906,0.000000
cena,15.0,1.0,linha,99,192,-0.622656,0.003906,0.000000
cena,15.0,1.0,linha,100,192,-0.614844,0.003906,0.000000
cena,15.0,1.0,linha,101,192,-0.607031,0.003906,0.000000
cena,15.0,1.0,linha,102,192,-0.599219,0.003906,0.000000
cena,15.0,1.0,linha,103,192,-0.591406,0.003906,0.000000
cena,15.0,1.0,linha,104,192,-0.583594,0.003906,0.000000
cena,15.0,1.0,linha,105,192,-0.575781,0.003906,0.000000
cena,15.0,1.0,linha,106,192,-0.567969,0.003906,0.000000
cena,15.0,1.0,linha,107,192,-0.560156,0.003906,0.000000
cena,15.0,1.0,linha,108,192,-0.552344,0.003906,0.000000
cena,15.0,1.0,linha,109,192,-0.544531,0.003906,0.000000
cena,15.0,1.0,linha,110,192,-0.536719,0.003906,0.000000
cena,15.0,1.0,linha,111,192,-0.528906,0.003906,0.000000
cena,15.0,1.0,linha,112,192,-0.521094,0.003906,0.000000
cena,15.0,1.0,linha,113,192,-0.513281,0.003906,0.000000
cena,15.0,1.0,linha,114,192,-0.505469,0.003906,0.000000
cena,15.0,1.0,linha,115,192,-0.497656,0.003906,0.000000
cena,15.0,1.0,linha,116,192,-0.489844,0.003906,0.000000
cena,15.0,1.0,linha,117,192,-0.482031,0.003906,0.000000
cena,15.0,1.0,linha,118,192,-0.474219,0.003906,0.000000
cena,15.0,1.0,linha,119,192,-0.466406,0.003906,0.000000
cena,15.0,1.0,linha,120,192,-0.458594,0.003906,0.000000
cena,15.0,1.0,linha,121,192,-0.450781,0.003906,0.000000
cena,15.0,1.0,linha,122,192,-0.442969,0.003906,0.000000
cena,15.0,1.0,linha,123,192,-0.435156,0.003906,0.000000
cena,15.0,1.0,linha,124,192,-0.427344,0.003906,0.000000
cena,15.0,1.0,linha,125,192,-0.419531,0.003906,0.000000
cena,15.0,1.0,linha,126,192,-0.411719,0.003906,0.000000
cena,15.0,1.0,linha,127,192,-0.403906,0.003906,0.000000
cena,15.0,1.0,linha,128,192,-0.396094,0.003906,0.000000
cena,15.0,1.0,linha,129,192,-0.388281,0.003906,0.000000
cena,15.0,1.0,linha,130,192,-0.380469,0.003906,0.000000
cena,15.0,1.0,linha,131,192,-0.372656,0.003906,0.000000
cena,15.0,1.0,linha,132,192,-0.364844,0.003906,0.000000
cena,15.0,1.0,linha,133,192,-0.357031,0.003906,0.000000
cena,15.0,1.0,linha,134,192,-0.349219,0.003906,0.000000
cena,15.0,1.0,linha,135,192,-0.341406,0.003906,0.000000
cena,15.0,1.0,linha,136,192,-0.333594,0.003906,0.000000
cena,15.0,1.0,linha,137,192,-0.325781,0.003906,0.000000
cena,15.0,1.0,linha,138,192,-0.317969,0.003906,0.000000
cena,15.0,1.0,linha,139,192,-0.310156,0.003906,0.000000
cena,15.0,1.0,linha,140,192,-0.302344,0.003906,0.000000
cena,15.0,1.0,linha,141,192,-0.294531,0.003906,0.000000
cena,15.0,1.0,linha,142,192,-0.286719,0.003906,0.000000
cena,15.0,1.0,linha,143,192,-0.278906,0.003906,0.000000
cena,15.0,1.0,linha,144,192,-0.271094,0.003906,0.000000
cena,15.0,1.0,linha,145,192,-0.263281,0.003906,0.000000
cena,15.0,1.0,linha,146,192,-0.255469,0.003906,0.000000
cena,15.0,1.0,linha,147,192,-0.247656,0.003906,0.000000
cena,15.0,1.0,linha,148,192,-0.239844,0.003906,0.000000
cena,15.0,1.0,linha,149,192,-0.232031,0.003906,0.000000
cena,15.0,1.0,linha,150,192,-0.224219,0.003906,0.000000
cena,15.0,1.0,linha,151,192,-0.216406,0.003906,0.000000
cena,15.0,1.0,linha,152,192,-0.208594,0.003906,0.000000
cena,15.0,1.0,linha,153,192,-0.200781,0.003906,0.000000
cena,15.0,1.0,linha,154,192,-0.192969,0.003906,0.000000
cena,15.0,1.0,linha,155,192,-0.185156,0.003906,0.000000
cena,15.0,1.0,linha,156,192,-0.177344,0.003906,0.000000
cena,15.0,1.0,linha,157,192,-0.169531,0.003906,0.000000
cena,15.0,1.0,linha,158,192,-0.161719,0.003906,0.000000
cena,15.0,1.0,linha,159,192,-0.153906,0.003906,0.000000
cena,15.0,1.0,linha,160,192,-0.146094,0.003906,0.000000
cena,15.0,1.0,linha,161,192,-0.138281,0.003906,0.000000
cena,15.0,1.0,linha,162,192,-0.130469,0.003906,0.000000
cena,15.0,1.0,linha,163,192,-0.122656,0.003906,0.000000
cena,15.0,1.0,linha,164,192,-0.114844,0.003906,0.000000
cena,15.0,1.0,linha,165,192,-0.107031,0.003906,0.000000
cena,15.0,1.0,linha,166,192,-0.099219,0.003906,0.000000
cena,15.0,1.0,linha,167,192,-0.091406,0.003906,0.000000
cena,15.0,1.0,linha,168,192,-0.083594,0.003906,0.000000
cena,15.0,1.0,linha,169,192,-0.075781,0.003906,0.000000
cena,15.0,1.0,linha,170,192,-0.067969,0.003906,0.000000
cena,15.0,1.0,linha,171,192,-0.060156,0.003906,0.000000
cena,15.0,1.0,linha,172,192,-0.052344,0.003906,0.000000
cena,15.0,1.0,linha,173,192,-0.044531,0.003906,0.000000
cena,15.0,1.0,linha,174,192,-0.036719,0.003906,0.000000
cena,15.0,1.0,linha,175,192,-0.028906,0.003906,0.000000
cena,15.0,1.0,linha,176,192,-0.021094,0.003906,0.000000
cena,15.0,1.0,linha,177,192,-0.013281,0.003906,0.000000
cena,15.0,1.0,linha,178,192,-0.005469,0.003906,0.000000
cena,15.0,1.0,linha,179,192,0.002344,0.003906,0.000000
cena,15.0,1.0,linha,180,192,0.010156,0.003906,0.000000
cena,15.0,1.0,linha,181,192,0.017969,0.003906,0.000000
cena,15.0,1.0,linha,182,192,0.025781,0.003906,0.000000
cena,15.0,1.0,linha,183,192,0.033594,0.003906,0.000000
cena,15.0,1.0,linha,184,192,0.041406,0.003906,0.000000
cena,15.0,1.0,linha,185,192,0.049219,0.003906,0.000000
cena,15.0,1.0,linha,186,192,0.057031,0.003906,0.000000
cena,15.0,1.0,linha,187,192,0.064844,0.003906,0.000000
cena,15.0,1.0,linha,188,192,0.072656,0.003906,0.000000
cena,15.0,1.0,linha,189,192,0.080469,0.003906,0.000000
cena,15.0,1.0,linha,190,192,0.088281,0.003906,0.000000
cena,15.0,1.0,linha,191,192,0.096094,0.003906,0.000000
cena,15.0,1.0,linha,192,192,0.103906,0.003906,0.000000
cena,15.0,1.0,linha,193,192,0.111719,0.003906,0.000000
cena,15.0,1.0,linha,194,192,0.119531,0.003906,0.000000
cena,15.0,1.0,linha,195,192,0.127344,0.003906,0.000000
cena,15.0,1.0,linha,196,192,0.135156,0.003906,0.000000
cena,15.0,1.0,linha,197,192,0.142969,0.003906,0.000000
cena,15.0,1.0,linha,198,192,0.150781,0.003906,0.000000
cena,15.0,1.0,linha,199,192,0.158594,0.003906,0.000000
cena,15.0,1.0,linha,200,192,0.166406,0.003906,0.000000
cena,15.0,1.0,linha,201,192,0.174219,0.003906,0.000000
cena,15.0,1.0,linha,202,192,0.182031,0.003906,0.000000
cena,15.0,1.0,linha,203,192,0.189844,0.003906,0.000000
cena,15.0,1.0,linha,204,192,0.197656,0.003906,0.000000
cena,15.0,1.0,linha,205,192,0.205469,0.003906,0.002078
cena,15.0,1.0,linha,206,192,0.213281,0.003906,0.026919
cena,15.0,1.0,linha,207,192,0.221094,0.003906,0.068052
cena,15.0,1.0,linha,208,192,0.228906,0.003906,0.115058
cena,15.0,1.0,linha,209,192,0.236719,0.003906,0.165855
cena,15.0,1.0,linha,210,192,0.244531,0.003906,0.226404
cena,15.0,1.0,linha,211,192,0.252344,0.003906,0.280557
cena,15.0,1.0,linha,212,192,0.260156,0.003906,0.354284
cena,15.0,1.0,linha,213,192,0.267969,0.003906,0.407715
cena,15.0,1.0,linha,214,192,0.275781,0.003906,0.476620
cena,15.0,1.0,linha,215,192,0.283594,0.003906,0.537163
cena,15.0,1.0,linha,216,192,0.291406,0.003906,0.593510
cena,15.0,1.0,linha,217,192,0.299219,0.003906,0.659155
cena,15.0,1.0,linha,218,192,0.307031,0.003906,0.718577
cena,15.0,1.0,linha,219,192,0.314844,0.003906,0.760547
cena,15.0,1.0,linha,220,192,0.322656,0.003906,0.817412
cena,15.0,1.0,linha,221,192,0.330469,0.003906,0.860716
cena,15.0,1.0,linha,222,192,0.338281,0.003906,0.901911
cena,15.0,1.0,linha,223,192,0.346094,0.003906,0.941009
cena,15.0,1.0,linha,224,192,0.353906,0.003906,0.972454
cena,15.0,1.0,linha,225,192,0.361719,0.003906,0.990843
cena,15.0,1.0,linha,226,192,0.369531,0.003906,1.000000
cena,15.0,1.0,linha,227,192,0.377344,0.003906,1.000000
cena,15.0,1.0,linha,228,192,0.385156,0.003906,1.000000
cena,15.0,1.0,linha,229,192,0.392969,0.003906,1.000000
cena,15.0,1.0,linha,230,192,0.400781,0.003906,1.000000
cena,15.0,1.0,linha,231,192,0.408594,0.003906,1.000000
cena,15.0,1.0,linha,232,192,0.416406,0.003906,1.000000
cena,15.0,1.0,linha,233,192,0.424219,0.003906,1.000000
cena,15.0,1.0,linha,234,192,0.432031,0.003906,1.000000
cena,15.0,1.0,linha,235,192,0.439844,0.003906,1.000000
cena,15.0,1.0,linha,236,192,0.447656,0.003906,1.000000
cena,15.0,1.0,linha,237,192,0.455469,0.003906,1.000000
cena,15.0,1.0,linha,238,192,0.463281,0.003906,1.000000
cena,15.0,1.0,linha,239,192,0.471094,0.003906,1.000000
cena,15.0,1.0,linha,240,192,0.478906,0.003906,1.000000
cena,15.0,1.0,linha,241,192,0.486719,0.003906,1.000000
cena,15.0,1.0,linha,242,192,0.494531,0.003906,1.000000
cena,15.0,1.0,linha,243,192,0.502344,0.003906,1.000000
cena,15.0,1.0,linha,244,192,0.510156,0.003906,1.000000
cena,15.0,1.0,linha,245,192,0.517969,0.003906,1.000000
cena,15.0,1.0,linha,246,192,0.525781,0.003906,1.000000
cena,15.0,1.0,linha,247,192,0.533594,0.003906,1.000000
cena,15.0,1.0,linha,248,192,0.541406,0.003906,1.000000
cena,15.0,1.0,linha,249,192,0.549219,0.003906,1.000000
cena,15.0,1.0,linha,250,192,0.557031,0.003906,1.000000
cena,15.0,1.0,linha,251,192,0.564844,0.003906,1.000000
cena,15.0,1.0,linha,252,192,0.572656,0.003906,1.000000
cena,15.0,1.0,linha,253,192,0.580469,0.003906,1.000000
cena,15.0,1.0,linha,254,192,0.588281,0.003906,1.000000
cena,15.0,1.0,linha,255,192,0.596094,0.003906,1.000000
cena,15.0,1.0,linha,256,192,0.603906,0.003906,1.000000
cena,15.0,1.0,linha,257,192,0.611719,0.003906,1.000000
cena,15.0,1.0,linha,258,192,0.619531,0.003906,1.000000
cena,15.0,1.0,linha,259,192,0.627344,0.003906,1.000000
cena,15.0,1.0,linha,260,192,0.635156,0.003906,1.000000
cena,15.0,1.0,linha,261,192,0.642969,0.003906,1.000000
cena,15.0,1.0,linha,262,192,0.650781,0.003906,1.000000
cena,15.0,1.0,linha,263,192,0.658594,0.003906,1.000000
cena,15.0,1.0,linha,264,192,0.666406,0.003906,1.000000
cena,15.0,1.0,linha,265,192,0.674219,0.003906,1.000000
cena,15.0,1.0,linha,266,192,0.682031,0.003906,1.000000
cena,15.0,1.0,linha,267,192,0.689844,0.003906,1.000000
cena,15.0,1.0,linha,268,192,0.697656,0.003906,1.000000
cena,15.0,1.0,linha,269,192,0.705469,0.003906,1.000000
cena,15.0,1.0,linha,270,192,0.713281,0.003906,1.000000
cena,15.0,1.0,linha,271,192,0.721094,0.003906,1.000000
cena,15.0,1.0,linha,272,192,0.728906,0.003906,1.000000
cena,15.0,1.0,linha,273,192,0.736719,0.003906,1.000000
cena,15.0,1.0,linha,274,192,0.744531,0.003906,1.000000
cena,15.0,1.0,linha,275,192,0.752344,0.003906,1.000000
cena,15.0,1.0,linha,276,192,0.760156,0.003906,1.000000
cena,15.0,1.0,linha,277,192,0.767969,0.003906,1.000000
cena,15.0,1.0,linha,278,192,0.775781,0.003906,1.000000
cena,15.0,1.0,linha,279,192,0.783594,0.003906,1.000000
cena,15.0,1.0,linha,280,192,0.791406,0.003906,1.000000
cena,15.0,1.0,linha,281,192,0.799219,0.003906,1.000000
cena,15.0,1.0,linha,282,192,0.807031,0.003906,1.000000
cena,15.0,1.0,linha,283,192,0.814844,0.003906,1.000000
cena,15.0,1.0,linha,284,192,0.822656,0.003906,1.000000
cena,15.0,1.0,linha,285,192,0.830469,0.003906,1.000000
cena,15.0,1.0,linha,286,192,0.838281,0.003906,1.000000
cena,15.0,1.0,linha,287,192,0.846094,0.003906,1.000000
cena,15.0,1.0,linha,288,192,0.853906,0.003906,1.000000
cena,15.0,1.0,linha,289,192,0.861719,0.003906,1.000000
cena,15.0,1.0,linha,290,192,0.869531,0.003906,1.000000
cena,15.0,1.0,linha,291,192,0.877344,0.003906,1.000000
cena,15.0,1.0,linha,292,192,0.885156,0.003906,1.000000
cena,15.0,1.0,linha,293,192,0.892969,0.003906,1.000000
cena,15.0,1.0,linha,294,192,0.900781,0.003906,1.000000
cena,15.0,1.0,linha,295,192,0.908594,0.003906,1.000000
cena,15.0,1.0,linha,296,192,0.916406,0.003906,1.000000
cena,15.0,1.0,linha,297,192,0.924219,0.003906,1.000000
cena,15.0,1.0,linha,298,192,0.932031,0.003906,1.000000
cena,15.0,1.0,linha,299,192,0.939844,0.003906,1.000000
cena,15.0,1.0,linha,300,192,0.947656,0.003906,1.000000
cena,15.0,1.0,linha,301,192,0.955469,0.003906,1.000000
cena,15.0,1.0,linha,302,192,0.963281,0.003906,1.000000
cena,15.0,1.0,linha,303,192,0.971094,0.003906,1.000000
cena,15.0,1.0,linha,304,192,0.978906,0.003906,1.000000
cena,15.0,1.0,linha,305,192,0.986719,0.003906,1.000000
cena,15.0,1.0,linha,306,192,0.994531,0.003906,1.000000
cena,15.0,1.0,linha,307,192,1.002344,0.003906,1.000000
cena,15.0,1.0,linha,308,192,1.010156,0.003906,1.000000
cena,15.0,1.0,linha,309,192,1.017969,0.003906,1.000000
cena,15.0,1.0,linha,310,192,1.025781,0.003906,1.000000
cena,15.0,1.0,linha,311,192,1.033594,0.003906,1.000000
cena,15.0,1.0,linha,312,192,1.041406,0.003906,1.000000
cena,15.0,1.0,linha,313,192,1.049219,0.003906,1.000000
cena,15.0,1.0,linha,314,192,1.057031,0.003906,1.000000
cena,15.0,1.0,linha,315,192,1.064844,0.003906,1.000000
cena,15.0,1.0,linha,316,192,1.072656,0.003906,1.000000
cena,15.0,1.0,linha,317,192,1.080469,0.003906,1.000000
cena,15.0,1.0,linha,318,192,1.088281,0.003906,1.000000
cena,15.0,1.0,linha,319,192,1.096094,0.003906,1.000000
cena,15.0,1.0,linha,320,192,1.103906,0.003906,1.000000
cena,15.0,1.0,linha,321,192,1.111719,0.003906,1.000000
cena,15.0,1.0,linha,322,192,1.119531,0.003906,1.000000
cena,15.0,1.0,linha,323,192,1.127344,0.003906,1.000000
cena,15.0,1.0,linha,324,192,1.135156,0.003906,1.000000
cena,15.0,1.0,linha,325,192,1.142969,0.003906,1.000000
cena,15.0,1.0,linha,326,192,1.150781,0.003906,1.000000
cena,15.0,1.0,linha,327,192,1.158594,0.003906,1.000000
cena,15.0,1.0,linha,328,192,1.166406,0.003906,1.000000
cena,15.0,1.0,linha,329,192,1.174219,0.003906,1.000000
cena,15.0,1.0,linha,330,192,1.182031,0.003906,1.000000
cena,15.0,1.0,linha,331,192,1.189844,0.003906,1.000000
cena,15.0,1.0,linha,332,192,1.197656,0.003906,1.000000
cena,15.0,1.0,linha,333,192,1.205469,0.003906,1.000000
cena,15.0,1.0,linha,334,192,1.213281,0.003906,1.000000
cena,15.0,1.0,linha,335,192,1.221094,0.003906,1.000000
cena,15.0,1.0,linha,336,192,1.228906,0.003906,1.000000
cena,15.0,1.0,linha,337,192,1.236719,0.003906,1.000000
cena,15.0,1.0,linha,338,192,1.244531,0.003906,1.000000
cena,15.0,1.0,linha,339,192,1.252344,0.003906,1.000000
cena,15.0,1.0,linha,340,192,1.260156,0.003906,1.000000
cena,15.0,1.0,linha,341,192,1.267969,0.003906,1.000000
cena,15.0,1.0,linha,342,192,1.275781,0.003906,1.000000
cena,15.0,1.0,linha,343,192,1.283594,0.003906,1.000000
cena,15.0,1.0,linha,344,192,1.291406,0.003906,1.000000
cena,15.0,1.0,linha,345,192,1.299219,0.003906,1.000000
cena,15.0,1.0,linha,346,192,1.307031,0.003906,1.000000
cena,15.0,1.0,linha,347,192,1.314844,0.003906,1.000000
cena,15.0,1.0,linha,348,192,1.322656,0.003906,1.000000
cena,15.0,1.0,linha,349,192,1.330469,0.003906,1.000000
cena,15.0,1.0,linha,350,192,1.338281,0.003906,1.000000
cena,15.0,1.0,linha,351,192,1.346094,0.003906,1.000000
cena,15.0,1.0,linha,352,192,1.353906,0.003906,1.000000
cena,15.0,1.0,linha,353,192,1.361719,0.003906,1.000000
cena,15.0,1.0,linha,354,192,1.369531,0.003906,1.000000
cena,15.0,1.0,linha,355,192,1.377344,0.003906,1.000000
cena,15.0,1.0,linha,356,192,1.385156,0.003906,1.000000
cena,15.0,1.0,linha,357,192,1.392969,0.003906,1.000000
cena,15.0,1.0,linha,358,192,1.400781,0.003906,1.000000
cena,15.0,1.0,linha,359,192,1.408594,0.003906,1.000000
cena,15.0,1.0,linha,360,192,1.416406,0.003906,1.000000
cena,15.0,1.0,linha,361,192,1.424219,0.003906,1.000000
cena,15.0,1.0,linha,362,192,1.432031,0.003906,1.000000
cena,15.0,1.0,linha,363,192,1.439844,0.003906,1.000000
cena,15.0,1.0,linha,364,192,1.447656,0.003906,1.000000
cena,15.0,1.0,linha,365,192,1.455469,0.003906,1.000000
cena,15.0,1.0,linha,366,192,1.463281,0.003906,1.000000
cena,15.0,1.0,linha,367,192,1.471094,0.003906,1.000000
cena,15.0,1.0,linha,368,192,1.478906,0.003906,1.000000
cena,15.0,1.0,linha,369,192,1.486719,0.003906,1.000000
cena,15.0,1.0,linha,370,192,1.494531,0.003906,1.000000
cena,15.0,1.0,linha,371,192,1.502344,0.003906,1.000000
cena,15.0,1.0,linha,372,192,1.510156,0.003906,1.000000
cena,15.0,1.0,linha,373,192,1.517969,0.003906,1.000000
cena,15.0,1.0,linha,374,192,1.525781,0.003906,1.000000
cena,15.0,1.0,linha,375,192,1.533594,0.003906,1.000000
cena,15.0,1.0,linha,376,192,1.541406,0.003906,1.000000
cena,15.0,1.0,linha,377,192,1.549219,0.003906,1.000000
cena,15.0,1.0,linha,378,192,1.557031,0.003906,1.000000
cena,15.0,1.0,linha,379,192,1.564844,0.003906,1.000000
cena,15.0,1.0,linha,380,192,1.572656,0.003906,1.000000
cena,15.0,1.0,linha,381,192,1.580469,0.003906,1.000000
cena,15.0,1.0,linha,382,192,1.588281,0.003906,1.000000
cena,15.0,1.0,linha,383,192,1.596094,0.003906,1.000000
cena,15.0,1.0,coluna,363,0,1.439844,-1.496094,0.000000
cena,15.0,1.0,coluna,363,1,1.439844,-1.488281,0.000000
cena,15.0,1.0,coluna,363,2,1.439844,-1.480469,0.000000
cena,15.0,1.0,coluna,363,3,1.439844,-1.472656,0.000000
cena,15.0,1.0,coluna,363,4,1.439844,-1.464844,0.000000
cena,15.0,1.0,coluna,363,5,1.439844,-1.457031,0.000000
cena,15.0,1.0,coluna,363,6,1.439844,-1.449219,0.000000
cena,15.0,1.0,coluna,363,7,1.439844,-1.441406,0.000000
cena,15.0,1.0,coluna,363,8,1.439844,-1.433594,0.000000
cena,15.0,1.0,coluna,363,9,1.439844,-1.425781,0.000000
cena,15.0,1.0,coluna,363,10,1.439844,-1.417969,0.000000
cena,15.0,1.0,coluna,363,11,1.439844,-1.410156,0.000000
cena,15.0,1.0,coluna,363,12,1.439844,-1.402344,0.000000
cena,15.0,1.0,coluna,363,13,1.439844,-1.394531,0.000000
cena,15.0,1.0,coluna,363,14,1.439844,-1.386719,0.000000
cena,15.0,1.0,coluna,363,15,1.439844,-1.378906,0.000000
cena,15.0,1.0,coluna,363,16,1.439844,-1.371094,0.000000
cena,15.0,1.0,coluna,363,17,1.439844,-1.363281,0.000000
cena,15.0,1.0,coluna,363,18,1.439844,-1.355469,0.000000
cena,15.0,1.0,coluna,363,19,1.439844,-1.347656,0.000000
cena,15.0,1.0,coluna,363,20,1.439844,-1.339844,0.000000
cena,15.0,1.0,coluna,363,21,1.439844,-1.332031,0.000000
cena,15.0,1.0,coluna,363,22,1.439844,-1.324219,0.000000
cena,15.0,1.0,coluna,363,23,1.439844,-1.316406,0.000000
cena,15.0,1.0,coluna,363,24,1.439844,-1.308594,0.000000
cena,15.0,1.0,coluna,363,25,1.439844,-1.300781,0.000000
cena,15.0,1.0,coluna,363,26,1.439844,-1.292969,0.000000
cena,15.0,1.0,coluna,363,27,1.439844,-1.285156,0.000000
cena,15.0,1.0,coluna,363,28,1.439844,-1.277344,0.000000
cena,15.0,1.0,coluna,363,29,1.439844,-1.269531,0.000000
cena,15.0,1.0,coluna,363,30,1.439844,-1.261719,0.000000
cena,15.0,1.0,coluna,363,31,1.439844,-1.253906,0.000000
cena,15.0,1.0,coluna,363,32,1.439844,-1.246094,0.000000
cena,15.0,1.0,coluna,363,33,1.439844,-1.238281,0.000000
cena,15.0,1.0,coluna,363,34,1.439844,-1.230469,0.000000
cena,15.0,1.0,coluna,363,35,1.439844,-1.222656,0.000000
cena,15.0,1.0,coluna,363,36,1.439844,-1.214844,0.000000
cena,15.0,1.0,coluna,363,37,1.439844,-1.207031,0.000000
cena,15.0,1.0,coluna,363,38,1.439844,-1.199219,0.000000
cena,15.0,1.0,coluna,363,39,1.439844,-1.191406,0.000000
cena,15.0,1.0,coluna,363,40,1.439844,-1.183594,0.000000
cena,15.0,1.0,coluna,363,41,1.439844,-1.175781,0.000000
cena,15.0,1.0,coluna,363,42,1.439844,-1.167969,0.000000
cena,15.0,1.0,coluna,363,43,1.439844,-1.160156,0.000000
cena,15.0,1.0,coluna,363,44,1.439844,-1.152344,0.000000
cena,15.0,1.0,coluna,363,45,1.439844,-1.144531,0.000000
cena,15.0,1.0,coluna,363,46,1.439844,-1.136719,0.000000
cena,15.0,1.0,coluna,363,47,1.439844,-1.128906,0.000000
cena,15.0,1.0,coluna,363,48,1.439844,-1.121094,0.000000
cena,15.0,1.0,coluna,363,49,1.439844,-1.113281,0.000000
cena,15.0,1.0,coluna,363,50,1.439844,-1.105469,0.000000
cena,15.0,1.0,coluna,363,51,1.439844,-1.097656,0.000000
cena,15.0,1.0,coluna,363,52,1.439844,-1.089844,0.000000
cena,15.0,1.0,coluna,363,53,1.439844,-1.082031,0.000000
cena,15.0,1.0,coluna,363,54,1.439844,-1.074219,0.000000
cena,15.0,1.0,coluna,363,55,1.439844,-1.066406,0.000000
cena,15.0,1.0,coluna,363,56,1.439844,-1.058594,0.000000
cena,15.0,1.0,coluna,363,57,1.439844,-1.050781,0.000000
cena,15.0,1.0,coluna,363,58,1.439844,-1.042969,0.000000
cena,15.0,1.0,coluna,363,59,1.439844,-1.035156,0.000000
cena,15.0,1.0,coluna,363,60,1.439844,-1.027344,0.000000
cena,15.0,1.0,coluna,363,61,1.439844,-1.019531,0.000000
cena,15.0,1.0,coluna,363,62,1.439844,-1.011719,0.000000
cena,15.0,1.0,coluna,363,63,1.439844,-1.003906,0.000000
cena,15.0,1.0,coluna,363,64,1.439844,-0.996094,0.000000
cena,15.0,1.0,coluna,363,65,1.439844,-0.988281,0.000000
cena,15.0,1.0,coluna,363,66,1.439844,-0.980469,0.000000
cena,15.0,1.0,coluna,363,67,1.439844,-0.972656,0.000000
cena,15.0,1.0,coluna,363,68,1.439844,-0.964844,0.000000
cena,15.0,1.0,coluna,363,69,1.439844,-0.957031,0.000000
cena,15.0,1.0,coluna,363,70,1.439844,-0.949219,0.000000
cena,15.0,1.0,coluna,363,71,1.439844,-0.941406,0.000000
cena,15.0,1.0,coluna,363,72,1.439844,-0.933594,0.000000
cena,15.0,1.0,coluna,363,73,1.439844,-0.925781,0.000000
cena,15.0,1.0,coluna,363,74,1.439844,-0.917969,0.000000
cena,15.0,1.0,coluna,363,75,1.439844,-0.910156,0.000000
cena,15.0,1.0,coluna,363,76,1.439844,-0.902344,0.000000
cena,15.0,1.0,coluna,363,77,1.439844,-0.894531,0.000000
cena,15.0,1.0,coluna,363,78,1.439844,-0.886719,0.000000
cena,15.0,1.0,coluna,363,79,1.439844,-0.878906,0.000000
cena,15.0,1.0,coluna,363,80,1.439844,-0.871094,0.000000
cena,15.0,1.0,coluna,363,81,1.439844,-0.863281,0.000000
cena,15.0,1.0,coluna,363,82,1.439844,-0.855469,0.000000
cena,15.0,1.0,coluna,363,83,1.439844,-0.847656,0.000000
cena,15.0,1.0,coluna,363,84,1.439844,-0.839844,0.000000
cena,15.0,1.0,coluna,363,85,1.439844,-0.832031,0.000000
cena,15.0,1.0,coluna,363,86,1.439844,-0.824219,0.000000
cena,15.0,1.0,coluna,363,87,1.439844,-0.816406,0.000000
cena,15.0,1.0,coluna,363,88,1.439844,-0.808594,0.000000
cena,15.0,1.0,coluna,363,89,1.439844,-0.800781,0.000000
cena,15.0,1.0,coluna,363,90,1.439844,-0.792969,0.000000
cena,15.0,1.0,coluna,363,91,1.439844,-0.785156,0.000000
cena,15.0,1.0,coluna,363,92,1.439844,-0.777344,0.000000
cena,15.0,1.0,coluna,363,93,1.439844,-0.769531,0.000000
cena,15.0,1.0,coluna,363,94,1.439844,-0.761719,0.000000
cena,15.0,1.0,coluna,363,95,1.439844,-0.753906,0.000000
cena,15.0,1.0,coluna,363,96,1.439844,-0.746094,0.000000
cena,15.0,1.0,coluna,363,97,1.439844,-0.738281,0.000000
cena,15.0,1.0,coluna,363,98,1.439844,-0.730469,0.000000
cena,15.0,1.0,coluna,363,99,1.439844,-0.722656,0.000000
cena,15.0,1.0,coluna,363,100,1.439844,-0.714844,0.000000
cena,15.0,1.0,coluna,363,101,1.439844,-0.707031,0.000000
cena,15.0,1.0,coluna,363,102,1.439844,-0.699219,0.000000
cena,15.0,1.0,coluna,363,103,1.439844,-0.691406,0.000000
cena,15.0,1.0,coluna,363,104,1.439844,-0.683594,0.000000
cena,15.0,1.0,coluna,363,105,1.439844,-0.675781,0.000000
cena,15.0,1.0,coluna,363,106,1.439844,-0.667969,0.000000
cena,15.0,1.0,coluna,363,107,1.439844,-0.660156,0.000000
cena,15.0,1.0,coluna,363,108,1.439844,-0.652344,0.000000
cena,15.0,1.0,coluna,363,109,1.439844,-0.644531,0.000000
cena,15.0,1.0,coluna,363,110,1.439844,-0.636719,0.000000
cena,15.0,1.0,coluna,363,111,1.439844,-0.628906,0.000000
cena,15.0,1.0,coluna,363,112,1.439844,-0.621094,0.000000
cena,15.0,1.0,coluna,363,113,1.439844,-0.613281,0.000000
cena,15.0,1.0,coluna,363,114,1.439844,-0.605469,0.000000
cena,15.0,1.0,coluna,363,115,1.439844,-0.597656,0.000000
cena,15.0,1.0,coluna,363,116,1.439844,-0.589844,0.000000
cena,15.0,1.0,coluna,363,117,1.439844,-0.582031,0.000000
cena,15.0,1.0,coluna,363,118,1.439844,-0.574219,0.000000
cena,15.0,1.0,coluna,363,119,1.439844,-0.566406,0.000000
cena,15.0,1.0,coluna,363,120,1.439844,-0.558594,0.000000
cena,15.0,1.0,coluna,363,121,1.439844,-0.550781,0.000000
cena,15.0,1.0,coluna,363,122,1.439844,-0.542969,0.000000
cena,15.0,1.0,coluna,363,123,1.439844,-0.535156,0.000000
cena,15.0,1.0,coluna,363,124,1.439844,-0.527344,0.000000
cena,15.0,1.0,coluna,363,125,1.439844,-0.519531,0.000000
cena,15.0,1.0,coluna,363,126,1.439844,-0.511719,0.000000
cena,15.0,1.0,coluna,363,127,1.439844,-0.503906,0.000000
cena,15.0,1.0,coluna,363,128,1.439844,-0.496094,0.000000
cena,15.0,1.0,coluna,363,129,1.439844,-0.488281,0.000000
cena,15.0,1.0,coluna,363,130,1.439844,-0.480469,0.000000
cena,15.0,1.0,coluna,363,131,1.439844,-0.472656,0.000000
cena,15.0,1.0,coluna,363,132,1.439844,-0.464844,0.000000
cena,15.0,1.0,coluna,363,133,1.439844,-0.457031,0.000000
cena,15.0,1.0,coluna,363,134,1.439844,-0.449219,0.000000
cena,15.0,1.0,coluna,363,135,1.439844,-0.441406,0.000000
cena,15.0,1.0,coluna,363,136,1.439844,-0.433594,0.000000
cena,15.0,1.0,coluna,363,137,1.439844,-0.425781,0.000000
cena,15.0,1.0,coluna,363,138,1.439844,-0.417969,0.000000
cena,15.0,1.0,coluna,363,139,1.439844,-0.410156,0.000000
cena,15.0,1.0,coluna,363,140,1.439844,-0.402344,0.000000
cena,15.0,1.0,coluna,363,141,1.439844,-0.394531,0.000000
cena,15.0,1.0,coluna,363,142,1.439844,-0.386719,0.000000
cena,15.0,1.0,coluna,363,143,1.439844,-0.378906,0.000000
cena,15.0,1.0,coluna,363,144,1.439844,-0.371094,0.000000
cena,15.0,1.0,coluna,363,145,1.439844,-0.363281,0.000000
cena,15.0,1.0,coluna,363,146,1.439844,-0.355469,0.000000
cena,15.0,1.0,coluna,363,147,1.439844,-0.347656,0.000000
cena,15.0,1.0,coluna,363,148,1.439844,-0.339844,0.003892
cena,15.0,1.0,coluna,363,149,1.439844,-0.332031,0.050799
cena,15.0,1.0,coluna,363,150,1.439844,-0.324219,0.132747
cena,15.0,1.0,coluna,363,151,1.439844,-0.316406,0.234385
cena,15.0,1.0,coluna,363,152,1.439844,-0.308594,0.355197
cena,15.0,1.0,coluna,363,153,1.439844,-0.300781,0.476824
cena,15.0,1.0,coluna,363,154,1.439844,-0.292969,0.593880
cena,15.0,1.0,coluna,363,155,1.439844,-0.285156,0.717002
cena,15.0,1.0,coluna,363,156,1.439844,-0.277344,0.828236
cena,15.0,1.0,coluna,363,157,1.439844,-0.269531,0.921762
cena,15.0,1.0,coluna,363,158,1.439844,-0.261719,0.992211
cena,15.0,1.0,coluna,363,159,1.439844,-0.253906,1.000000
cena,15.0,1.0,coluna,363,160,1.439844,-0.246094,1.000000
cena,15.0,1.0,coluna,363,161,1.439844,-0.238281,1.000000
cena,15.0,1.0,coluna,363,162,1.439844,-0.230469,1.000000
cena,15.0,1.0,coluna,363,163,1.439844,-0.222656,1.000000
cena,15.0,1.0,coluna,363,164,1.439844,-0.214844,1.000000
cena,15.0,1.0,coluna,363,165,1.439844,-0.207031,1.000000
cena,15.0,1.0,coluna,363,166,1.439844,-0.199219,1.000000
cena,15.0,1.0,coluna,363,167,1.439844,-0.191406,1.000000
cena,15.0,1.0,coluna,363,168,1.439844,-0.183594,1.000000
cena,15.0,1.0,coluna,363,169,1.439844,-0.175781,1.000000
cena,15.0,1.0,coluna,363,170,1.439844,-0.167969,1.000000
cena,15.0,1.0,coluna,363,171,1.439844,-0.160156,1.000000
cena,15.0,1.0,coluna,363,172,1.439844,-0.152344,1.000000
cena,15.0,1.0,coluna,363,173,1.439844,-0.144531,1.000000
cena,15.0,1.0,coluna,363,174,1.439844,-0.136719,1.000000
cena,15.0,1.0,coluna,363,175,1.439844,-0.128906,1.000000
cena,15.0,1.0,coluna,363,176,1.439844,-0.121094,1.000000
cena,15.0,1.0,coluna,363,177,1.439844,-0.113281,1.000000
cena,15.0,1.0,coluna,363,178,1.439844,-0.105469,1.000000
cena,15.0,1.0,coluna,363,179,1.439844,-0.097656,1.000000
cena,15.0,1.0,coluna,363,180,1.439844,-0.089844,1.000000
cena,15.0,1.0,coluna,363,181,1.439844,-0.082031,1.000000
cena,15.0,1.0,coluna,363,182,1.439844,-0.074219,1.000000
cena,15.0,1.0,coluna,363,183,1.439844,-0.066406,1.000000
cena,15.0,1.0,coluna,363,184,1.439844,-0.058594,1.000000
cena,15.0,1.0,coluna,363,185,1.439844,-0.050781,1.000000
cena,15.0,1.0,coluna,363,186,1.439844,-0.042969,1.000000
cena,15.0,1.0,coluna,363,187,1.439844,-0.035156,1.000000
cena,15.0,1.0,coluna,363,188,1.439844,-0.027344,1.000000
cena,15.0,1.0,coluna,363,189,1.439844,-0.019531,1.000000
cena,15.0,1.0,coluna,363,190,1.439844,-0.011719,1.000000
cena,15.0,1.0,coluna,363,191,1.439844,-0.003906,1.000000
cena,15.0,1.0,coluna,363,192,1.439844,0.003906,1.000000
cena,15.0,1.0,coluna,363,193,1.439844,0.011719,1.000000
cena,15.0,1.0,coluna,363,194,1.439844,0.019531,1.000000
cena,15.0,1.0,coluna,363,195,1.439844,0.027344,1.000000
cena,15.0,1.0,coluna,363,196,1.439844,0.035156,1.000000
cena,15.0,1.0,coluna,363,197,1.439844,0.042969,1.000000
cena,15.0,1.0,coluna,363,198,1.439844,0.050781,1.000000
cena,15.0,1.0,coluna,363,199,1.439844,0.058594,1.000000
cena,15.0,1.0,coluna,363,200,1.439844,0.066406,1.000000
cena,15.0,1.0,coluna,363,201,1.439844,0.074219,1.000000
cena,15.0,1.0,coluna,363,202,1.439844,0.082031,1.000000
cena,15.0,1.0,coluna,363,203,1.439844,0.089844,1.000000
cena,15.0,1.0,coluna,363,204,1.439844,0.097656,1.000000
cena,15.0,1.0,coluna,363,205,1.439844,0.105469,1.000000
cena,15.0,1.0,coluna,363,206,1.439844,0.113281,1.000000
cena,15.0,1.0,coluna,363,207,1.439844,0.121094,1.000000
cena,15.0,1.0,coluna,363,208,1.439844,0.128906,1.000000
cena,15.0,1.0,coluna,363,209,1.439844,0.136719,1.000000
cena,15.0,1.0,coluna,363,210,1.439844,0.144531,1.000000
cena,15.0,1.0,coluna,363,211,1.439844,0.152344,1.000000
cena,15.0,1.0,coluna,363,212,1.439844,0.160156,1.000000
cena,15.0,1.0,coluna,363,213,1.439844,0.167969,1.000000
cena,15.0,1.0,coluna,363,214,1.439844,0.175781,1.000000
cena,15.0,1.0,coluna,363,215,1.439844,0.183594,1.000000
cena,15.0,1.0,coluna,363,216,1.439844,0.191406,1.000000
cena,15.0,1.0,coluna,363,217,1.439844,0.199219,1.000000
cena,15.0,1.0,coluna,363,218,1.439844,0.207031,1.000000
cena,15.0,1.0,coluna,363,219,1.439844,0.214844,1.000000
cena,15.0,1.0,coluna,363,220,1.439844,0.222656,1.000000
cena,15.0,1.0,coluna,363,221,1.439844,0.230469,1.000000
cena,15.0,1.0,coluna,363,222,1.439844,0.238281,1.000000
cena,15.0,1.0,coluna,363,223,1.439844,0.246094,1.000000
cena,15.0,1.0,coluna,363,224,1.439844,0.253906,1.000000
cena,15.0,1.0,coluna,363,225,1.439844,0.261719,0.990242
cena,15.0,1.0,coluna,363,226,1.439844,0.269531,0.925765
cena,15.0,1.0,coluna,363,227,1.439844,0.277344,0.822231
cena,15.0,1.0,coluna,363,228,1.439844,0.285156,0.720492
cena,15.0,1.0,coluna,363,229,1.439844,0.292969,0.595818
cena,15.0,1.0,coluna,363,230,1.439844,0.300781,0.464904
cena,15.0,1.0,coluna,363,231,1.439844,0.308594,0.349581
cena,15.0,1.0,coluna,363,232,1.439844,0.316406,0.234314
cena,15.0,1.0,coluna,363,233,1.439844,0.324219,0.138462
cena,15.0,1.0,coluna,363,234,1.439844,0.332031,0.054700
cena,15.0,1.0,coluna,363,235,1.439844,0.339844,0.001953
cena,15.0,1.0,coluna,363,236,1.439844,0.347656,0.000000
cena,15.0,1.0,coluna,363,237,1.439844,0.355469,0.000000
cena,15.0,1.0,coluna,363,238,1.439844,0.363281,0.000000
cena,15.0,1.0,coluna,363,239,1.439844,0.371094,0.000000
cena,15.0,1.0,coluna,363,240,1.439844,0.378906,0.000000
cena,15.0,1.0,coluna,363,241,1.439844,0.386719,0.000000
cena,15.0,1.0,coluna,363,242,1.439844,0.394531,0.000000
cena,15.0,1.0,coluna,363,243,1.439844,0.402344,0.000000
cena,15.0,1.0,coluna,363,244,1.439844,0.410156,0.000000
cena,15.0,1.0,coluna,363,245,1.439844,0.417969,0.000000
cena,15.0,1.0,coluna,363,246,1.439844,0.425781,0.000000
cena,15.0,1.0,coluna,363,247,1.439844,0.433594,0.000000
cena,15.0,1.0,coluna,363,248,1.439844,0.441406,0.000000
cena,15.0,1.0,coluna,363,249,1.439844,0.449219,0.000000
cena,15.0,1.0,coluna,363,250,1.439844,0.457031,0.000000
cena,15.0,1.0,coluna,363,251,1.439844,0.464844,0.000000
cena,15.0,1.0,coluna,363,252,1.439844,0.472656,0.000000
cena,15.0,1.0,coluna,363,253,1.439844,0.480469,0.000000
cena,15.0,1.0,coluna,363,254,1.439844,0.488281,0.000000
cena,15.0,1.0,coluna,363,255,1.439844,0.496094,0.000000
cena,15.0,1.0,coluna,363,256,1.439844,0.503906,0.000000
cena,15.0,1.0,coluna,363,257,1.439844,0.511719,0.000000
cena,15.0,1.0,coluna,363,258,1.439844,0.519531,0.000000
cena,15.0,1.0,coluna,363,259,1.439844,0.527344,0.000000
cena,15.0,1.0,coluna,363,260,1.439844,0.535156,0.000000
cena,15.0,1.0,coluna,363,261,1.439844,0.542969,0.000000
cena,15.0,1.0,coluna,363,262,1.439844,0.550781,0.000000
cena,15.0,1.0,coluna,363,263,1.439844,0.558594,0.000000
cena,15.0,1.0,coluna,363,264,1.439844,0.566406,0.000000
cena,15.0,1.0,coluna,363,265,1.439844,0.574219,0.000000
cena,15.0,1.0,coluna,363,266,1.439844,0.582031,0.000000
cena,15.0,1.0,coluna,363,267,1.439844,0.589844,0.000000
cena,15.0,1.0,coluna,363,268,1.439844,0.597656,0.000000
cena,15.0,1.0,coluna,363,269,1.439844,0.605469,0.000000
cena,15.0,1.0,coluna,363,270,1.439844,0.613281,0.000000
cena,15.0,1.0,coluna,363,271,1.439844,0.621094,0.000000
cena,15.0,1.0,coluna,363,272,1.439844,0.628906,0.000000
cena,15.0,1.0,coluna,363,273,1.439844,0.636719,0.000000
cena,15.0,1.0,coluna,363,274,1.439844,0.644531,0.000000
cena,15.0,1.0,coluna,363,275,1.439844,0.652344,0.000000
cena,15.0,1.0,coluna,363,276,1.439844,0.660156,0.000000
cena,15.0,1.0,coluna,363,277,1.439844,0.667969,0.000000
cena,15.0,1.0,coluna,363,278,1.439844,0.675781,0.000000
cena,15.0,1.0,coluna,363,279,1.439844,0.683594,0.000000
cena,15.0,1.0,coluna,363,280,1.439844,0.691406,0.000000
cena,15.0,1.0,coluna,363,281,1.439844,0.699219,0.000000
cena,15.0,1.0,coluna,363,282,1.439844,0.707031,0.000000
cena,15.0,1.0,coluna,363,283,1.439844,0.714844,0.000000
cena,15.0,1.0,coluna,363,284,1.439844,0.722656,0.000000
cena,15.0,1.0,coluna,363,285,1.439844,0.730469,0.000000
cena,15.0,1.0,coluna,363,286,1.439844,0.738281,0.000000
cena,15.0,1.0,coluna,363,287,1.439844,0.746094,0.000000
cena,15.0,1.0,coluna,363,288,1.439844,0.753906,0.000000
cena,15.0,1.0,coluna,363,289,1.439844,0.761719,0.000000
cena,15.0,1.0,coluna,363,290,1.439844,0.769531,0.000000
cena,15.0,1.0,coluna,363,291,1.439844,0.777344,0.000000
cena,15.0,1.0,coluna,363,292,1.439844,0.785156,0.000000
cena,15.0,1.0,coluna,363,293,1.439844,0.792969,0.000000
cena,15.0,1.0,coluna,363,294,1.439844,0.800781,0.000000
cena,15.0,1.0,coluna,363,295,1.439844,0.808594,0.000000
cena,15.0,1.0,coluna,363,296,1.439844,0.816406,0.000000
cena,15.0,1.0,coluna,363,297,1.439844,0.824219,0.000000
cena,15.0,1.0,coluna,363,298,1.439844,0.832031,0.000000
cena,15.0,1.0,coluna,363,299,1.439844,0.839844,0.000000
cena,15.0,1.0,coluna,363,300,1.439844,0.847656,0.000000
cena,15.0,1.0,coluna,363,301,1.439844,0.855469,0.000000
cena,15.0,1.0,coluna,363,302,1.439844,0.863281,0.000000
cena,15.0,1.0,coluna,363,303,1.439844,0.871094,0.000000
cena,15.0,1.0,coluna,363,304,1.439844,0.878906,0.000000
cena,15.0,1.0,coluna,363,305,1.439844,0.886719,0.000000
cena,15.0,1.0,coluna,363,306,1.439844,0.894531,0.000000
cena,15.0,1.0,coluna,363,307,1.439844,0.902344,0.000000
cena,15.0,1.0,coluna,363,308,1.439844,0.910156,0.000000
cena,15.0,1.0,coluna,363,309,1.439844,0.917969,0.000000
cena,15.0,1.0,coluna,363,310,1.439844,0.925781,0.000000
cena,15.0,1.0,coluna,363,311,1.439844,0.933594,0.000000
cena,15.0,1.0,coluna,363,312,1.439844,0.941406,0.000000
cena,15.0,1.0,coluna,363,313,1.439844,0.949219,0.000000
cena,15.0,1.0,coluna,363,314,1.439844,0.957031,0.000000
cena,15.0,1.0,coluna,363,315,1.439844,0.964844,0.000000
cena,15.0,1.0,coluna,363,316,1.439844,0.972656,0.000000
cena,15.0,1.0,coluna,363,317,1.439844,0.980469,0.000000
cena,15.0,1.0,coluna,363,318,1.439844,0.988281,0.000000
cena,15.0,1.0,coluna,363,319,1.439844,0.996094,0.000000
cena,15.0,1.0,coluna,363,320,1.439844,1.003906,0.000000
cena,15.0,1.0,coluna,363,321,1.439844,1.011719,0.000000
cena,15.0,1.0,coluna,363,322,1.439844,1.019531,0.000000
cena,15.0,1.0,coluna,363,323,1.439844,1.027344,0.000000
cena,15.0,1.0,coluna,363,324,1.439844,1.035156,0.000000
cena,15.0,1.0,coluna,363,325,1.439844,1.042969,0.000000
cena,15.0,1.0,coluna,363,326,1.439844,1.050781,0.000000
cena,15.0,1.0,coluna,363,327,1.439844,1.058594,0.000000
cena,15.0,1.0,coluna,363,328,1.439844,1.066406,0.000000
cena,15.0,1.0,coluna,363,329,1.439844,1.074219,0.000000
cena,15.0,1.0,coluna,363,330,1.439844,1.082031,0.000000
cena,15.0,1.0,coluna,363,331,1.439844,1.089844,0.000000
cena,15.0,1.0,coluna,363,332,1.439844,1.097656,0.000000
cena,15.0,1.0,coluna,363,333,1.439844,1.105469,0.000000
cena,15.0,1.0,coluna,363,334,1.439844,1.113281,0.000000
cena,15.0,1.0,coluna,363,335,1.439844,1.121094,0.000000
cena,15.0,1.0,coluna,363,336,1.439844,1.128906,0.000000
cena,15.0,1.0,coluna,363,337,1.439844,1.136719,0.000000
cena,15.0,1.0,coluna,363,338,1.439844,1.144531,0.000000
cena,15.0,1.0,coluna,363,339,1.439844,1.152344,0.000000
cena,15.0,1.0,coluna,363,340,1.439844,1.160156,0.000000
cena,15.0,1.0,coluna,363,341,1.439844,1.167969,0.000000
cena,15.0,1.0,coluna,363,342,1.439844,1.175781,0.000000
cena,15.0,1.0,coluna,363,343,1.439844,1.183594,0.000000
cena,15.0,1.0,coluna,363,344,1.439844,1.191406,0.000000
cena,15.0,1.0,coluna,363,345,1.439844,1.199219,0.000000
cena,15.0,1.0,coluna,363,346,1.439844,1.207031,0.000000
cena,15.0,1.0,coluna,363,347,1.439844,1.214844,0.000000
cena,15.0,1.0,coluna,363,348,1.439844,1.222656,0.000000
cena,15.0,1.0,coluna,363,349,1.439844,1.230469,0.000000
cena,15.0,1.0,coluna,363,350,1.439844,1.238281,0.000000
cena,15.0,1.0,coluna,363,351,1.439844,1.246094,0.000000
cena,15.0,1.0,coluna,363,352,1.439844,1.253906,0.000000
cena,15.0,1.0,coluna,363,353,1.439844,1.261719,0.000000
cena,15.0,1.0,coluna,363,354,1.439844,1.269531,0.000000
cena,15.0,1.0,coluna,363,355,1.439844,1.277344,0.000000
cena,15.0,1.0,coluna,363,356,1.439844,1.285156,0.000000
cena,15.0,1.0,coluna,363,357,1.439844,1.292969,0.000000
cena,15.0,1.0,coluna,363,358,1.439844,1.300781,0.000000
cena,15.0,1.0,coluna,363,359,1.439844,1.308594,0.000000
cena,15.0,1.0,coluna,363,360,1.439844,1.316406,0.000000
cena,15.0,1.0,coluna,363,361,1.439844,1.324219,0.000000
cena,15.0,1.0,coluna,363,362,1.439844,1.332031,0.000000
cena,15.0,1.0,coluna,363,363,1.439844,1.339844,0.000000
cena,15.0,1.0,coluna,363,364,1.439844,1.347656,0.000000
cena,15.0,1.0,coluna,363,365,1.439844,1.355469,0.000000
cena,15.0,1.0,coluna,363,366,1.439844,1.363281,0.000000
cena,15.0,1.0,coluna,363,367,1.439844,1.371094,0.000000
cena,15.0,1.0,coluna,363,368,1.439844,1.378906,0.000000
cena,15.0,1.0,coluna,363,369,1.439844,1.386719,0.000000
cena,15.0,1.0,coluna,363,370,1.439844,1.394531,0.000000
cena,15.0,1.0,coluna,363,371,1.439844,1.402344,0.000000
cena,15.0,1.0,coluna,363,372,1.439844,1.410156,0.000000
cena,15.0,1.0,coluna,363,373,1.439844,1.417969,0.000000
cena,15.0,1.0,coluna,363,374,1.439844,1.425781,0.000000
cena,15.0,1.0,coluna,363,375,1.439844,1.433594,0.000000
cena,15.0,1.0,coluna,363,376,1.439844,1.441406,0.000000
cena,15.0,1.0,coluna,363,377,1.439844,1.449219,0.000000
cena,15.0,1.0,coluna,363,378,1.439844,1.457031,0.000000
cena,15.0,1.0,coluna,363,379,1.439844,1.464844,0.000000
cena,15.0,1.0,coluna,363,380,1.439844,1.472656,0.000000
cena,15.0,1.0,coluna,363,381,1.439844,1.480469,0.000000
cena,15.0,1.0,coluna,363,382,1.439844,1.488281,0.000000
cena,15.0,1.0,coluna,363,383,1.439844,1.496094,0.000000
cena,40.0,10.0,linha,0,192,-1.396094,0.003906,0.000000
cena,40.0,10.0,linha,1,192,-1.388281,0.003906,0.000000
cena,40.0,10.0,linha,2,192,-1.380469,0.003906,0.000000
cena,40.0,10.0,linha,3,192,-1.372656,0.003906,0.000000
cena,40.0,10.0,linha,4,192,-1.364844,0.003906,0.000000
cena,40.0,10.0,linha,5,192,-1.357031,0.003906,0.000000
cena,40.0,10.0,linha,6,192,-1.349219,0.003906,0.000000
cena,40.0,10.0,linha,7,192,-1.341406,0.003906,0.000000
cena,40.0,10.0,linha,8,192,-1.333594,0.003906,0.000000
cena,40.0,10.0,linha,9,192,-1.325781,0.003906,0.000000
cena,40.0,10.0,linha,10,192,-1.317969,0.003906,0.000000
cena,40.0,10.0,linha,11,192,-1.310156,0.003906,0.000000
cena,40.0,10.0,linha,12,192,-1.302344,0.003906,0.000000
cena,40.0,10.0,linha,13,192,-1.294531,0.003906,0.000000
cena,40.0,10.0,linha,14,192,-1.286719,0.003906,0.000000
cena,40.0,10.0,linha,15,192,-1.278906,0.003906,0.000000
cena,40.0,10.0,linha,16,192,-1.271094,0.003906,0.000000
cena,40.0,10.0,linha,17,192,-1.263281,0.003906,0.000000
cena,40.0,10.0,linha,18,192,-1.255469,0.003906,0.000000
cena,40.0,10.0,linha,19,192,-1.247656,0.003906,0.000000
cena,40.0,10.0,linha,20,192,-1.239844,0.003906,0.000000
cena,40.0,10.0,linha,21,192,-1.232031,0.003906,0.000000
cena,40.0,10.0,linha,22,192,-1.224219,0.003906,0.000000
cena,40.0,10.0,linha,23,192,-1.216406,0.003906,0.000000
cena,40.0,10.0,linha,24,192,-1.208594,0.003906,0.000000
cena,40.0,10.0,linha,25,192,-1.200781,0.003906,0.000000
cena,40.0,10.0,linha,26,192,-1.192969,0.003906,0.000000
cena,40.0,10.0,linha,27,192,-1.185156,0.003906,0.000000
cena,40.0,10.0,linha,28,192,-1.177344,0.003906,0.000000
cena,40.0,10.0,linha,29,192,-1.169531,0.003906,0.000000
cena,40.0,10.0,linha,30,192,-1.161719,0.003906,0.000000
cena,40.0,10.0,linha,31,192,-1.153906,0.003906,0.000000
cena,40.0,10.0,linha,32,192,-1.146094,0.003906,0.000000
cena,40.0,10.0,linha,33,192,-1.138281,0.003906,0.000000
cena,40.0,10.0,linha,34,192,-1.130469,0.003906,0.000000
cena,40.0,10.0,linha,35,192,-1.122656,0.003906,0.000000
cena,40.0,10.0,linha,36,192,-1.114844,0.003906,0.000000
cena,40.0,10.0,linha,37,192,-1.107031,0.003906,0.000000
cena,40.0,10.0,linha,38,192,-1.099219,0.003906,0.000000
cena,40.0,10.0,linha,39,192,-1.091406,0.003906,0.000000
cena,40.0,10.0,linha,40,192,-1.083594,0.003906,0.000000
cena,40.0,10.0,linha,41,192,-1.075781,0.003906,0.000000
cena,40.0,10.0,linha,42,192,-1.067969,0.003906,0.000000
cena,40.0,10.0,linha,43,192,-1.060156,0.003906,0.000000
cena,40.0,10.0,linha,44,192,-1.052344,0.003906,0.000000
cena,40.0,10.0,linha,45,192,-1.044531,0.003906,0.000000
cena,40.0,10.0,linha,46,192,-1.036719,0.003906,0.000000
cena,40.0,10.0,linha,47,192,-1.028906,0.003906,0.000000
cena,40.0,10.0,linha,48,192,-1.021094,0.003906,0.000000
cena,40.0,10.0,linha,49,192,-1.013281,0.003906,0.000000
cena,40.0,10.0,linha,50,192,-1.005469,0.003906,0.000000
cena,40.0,10.0,linha,51,192,-0.997656,0.003906,0.000000
cena,40.0,10.0,linha,52,192,-0.989844,0.003906,0.000000
cena,40.0,10.0,linha,53,192,-0.982031,0.003906,0.000000
cena,40.0,10.0,linha,54,192,-0.974219,0.003906,0.000000
cena,40.0,10.0,linha,55,192,-0.966406,0.003906,0.000000
cena,40.0,10.0,linha,56,192,-0.958594,0.003906,0.000000
cena,40.0,10.0,linha,57,192,-0.950781,0.003906,0.000000
cena,40.0,10.0,linha,58,192,-0.942969,0.003906,0.000000
cena,40.0,10.0,linha,59,192,-0.935156,0.003906,0.000000
cena,40.0,10.0,linha,60,192,-0.927344,0.003906,0.000000
cena,40.0,10.0,linha,61,192,-0.919531,0.003906,0.000000
cena,40.0,10.0,linha,62,192,-0.911719,0.003906,0.000000
cena,40.0,10.0,linha,63,192,-0.903906,0.003906,0.000000
cena,40.0,10.0,linha,64,192,-0.896094,0.003906,0.000000
cena,40.0,10.0,linha,65,192,-0.888281,0.003906,0.000000
cena,40.0,10.0,linha,66,192,-0.880469,0.003906,0.000000
cena,40.0,10.0,linha,67,192,-0.872656,0.003906,0.000000
cena,40.0,10.0,linha,68,192,-0.864844,0.003906,0.000000
cena,40.0,10.0,linha,69,192,-0.857031,0.003906,0.000000
cena,40.0,10.0,linha,70,192,-0.849219,0.003906,0.000000
cena,40.0,10.0,linha,71,192,-0.841406,0.003906,0.000000
cena,40.0,10.0,linha,72,192,-0.833594,0.003906,0.000000
cena,40.0,10.0,linha,73,192,-0.825781,0.003906,0.000000
cena,40.0,10.0,linha,74,192,-0.817969,0.003906,0.000000
cena,40.0,10.0,linha,75,192,-0.810156,0.003906,0.000000
cena,40.0,10.0,linha,76,192,-0.802344,0.003906,0.000000
cena,40.0,10.0,linha,77,192,-0.794531,0.003906,0.000000
cena,40.0,10.0,linha,78,192,-0.786719,0.003906,0.000000
cena,40.0,10.0,linha,79,192,-0.778906,0.003906,0.000000
cena,40.0,10.0,linha,80,192,-0.771094,0.003906,0.000000
cena,40.0,10.0,linha,81,192,-0.763281,0.003906,0.000000
cena,40.0,10.0,linha,82,192,-0.755469,0.003906,0.000000
cena,40.0,10.0,linha,83,192,-0.747656,0.003906,0.000000
cena,40.0,10.0,linha,84,192,-0.739844,0.003906,0.000000
cena,40.0,10.0,linha,85,192,-0.732031,0.003906,0.000000
cena,40.0,10.0,linha,86,192,-0.724219,0.003906,0.000000
cena,40.0,10.0,linha,87,192,-0.716406,0.003906,0.000000
cena,40.0,10.0,linha,88,192,-0.708594,0.003906,0.000000
cena,40.0,10.0,linha,89,192,-0.700781,0.003906,0.000000
cena,40.0,10.0,linha,90,192,-0.692969,0.003906,0.000000
cena,40.0,10.0,linha,91,192,-0.685156,0.003906,0.002360
cena,40.0,10.0,linha,92,192,-0.677344,0.003906,0.014118
cena,40.0,10.0,linha,93,192,-0.669531,0.003906,0.035046
cena,40.0,10.0,linha,94,192,-0.661719,0.003906,0.062721
cena,40.0,10.0,linha,95,192,-0.653906,0.003906,0.087659
cena,40.0,10.0,linha,96,192,-0.646094,0.003906,0.121517
cena,40.0,10.0,linha,97,192,-0.638281,0.003906,0.143830
cena,40.0,10.0,linha,98,192,-0.630469,0.003906,0.172542
cena,40.0,10.0,linha,99,192,-0.622656,0.003906,0.203260
cena,40.0,10.0,linha,100,192,-0.614844,0.003906,0.246536
cena,40.0,10.0,linha,101,192,-0.607031,0.003906,0.270078
cena,40.0,10.0,linha,102,192,-0.599219,0.003906,0.304035
cena,40.0,10.0,linha,103,192,-0.591406,0.003906,0.343967
cena,40.0,10.0,linha,104,192,-0.583594,0.003906,0.375120
cena,40.0,10.0,linha,105,192,-0.575781,0.003906,0.405944
cena,40.0,10.0,linha,106,192,-0.567969,0.003906,0.446579
cena,40.0,10.0,linha,107,192,-0.560156,0.003906,0.476767
cena,40.0,10.0,linha,108,192,-0.552344,0.003906,0.514665
cena,40.0,10.0,linha,109,192,-0.544531,0.003906,0.538110
cena,40.0,10.0,linha,110,192,-0.536719,0.003906,0.565729
cena,40.0,10.0,linha,111,192,-0.528906,0.003906,0.598271
cena,40.0,10.0,linha,112,192,-0.521094,0.003906,0.632687
cena,40.0,10.0,linha,113,192,-0.513281,0.003906,0.651677
cena,40.0,10.0,linha,114,192,-0.505469,0.003906,0.685291
cena,40.0,10.0,linha,115,192,-0.497656,0.003906,0.712882
cena,40.0,10.0,linha,116,192,-0.489844,0.003906,0.738610
cena,40.0,10.0,linha,117,192,-0.482031,0.003906,0.754897
cena,40.0,10.0,linha,118,192,-0.474219,0.003906,0.783699
cena,40.0,10.0,linha,119,192,-0.466406,0.003906,0.811927
cena,40.0,10.0,linha,120,192,-0.458594,0.003906,0.827743
cena,40.0,10.0,linha,121,192,-0.450781,0.003906,0.850398
cena,40.0,10.0,linha,122,192,-0.442969,0.003906,0.867503
cena,40.0,10.0,linha,123,192,-0.435156,0.003906,0.894689
cena,40.0,10.0,linha,124,192,-0.427344,0.003906,0.904787
cena,40.0,10.0,linha,125,192,-0.419531,0.003906,0.919874
cena,40.0,10.0,linha,126,192,-0.411719,0.003906,0.937988
cena,40.0,10.0,linha,127,192,-0.403906,0.003906,0.952642
cena,40.0,10.0,linha,128,192,-0.396094,0.003906,0.965474
cena,40.0,10.0,linha,129,192,-0.388281,0.003906,0.976626
cena,40.0,10.0,linha,130,192,-0.380469,0.003906,0.984508
cena,40.0,10.0,linha,131,192,-0.372656,0.003906,0.993833
cena,40.0,10.0,linha,132,192,-0.364844,0.003906,0.998469
cena,40.0,10.0,linha,133,192,-0.357031,0.003906,1.000000
cena,40.0,10.0,linha,134,192,-0.349219,0.003906,1.000000
cena,40.0,10.0,linha,135,192,-0.341406,0.003906,1.000000
cena,40.0,10.0,linha,136,192,-0.333594,0.003906,1.000000
cena,40.0,10.0,linha,137,192,-0.325781,0.003906,1.000000
cena,40.0,10.0,linha,138,192,-0.317969,0.003906,1.000000
cena,40.0,10.0,linha,139,192,-0.310156,0.003906,1.000000
cena,40.0,10.0,linha,140,192,-0.302344,0.003906,1.000000
cena,40.0,10.0,linha,141,192,-0.294531,0.003906,1.000000
cena,40.0,10.0,linha,142,192,-0.286719,0.003906,1.000000
cena,40.0,10.0,linha,143,192,-0.278906,0.003906,1.000000
cena,40.0,10.0,linha,144,192,-0.271094,0.003906,1.000000
cena,40.0,10.0,linha,145,192,-0.263281,0.003906,1.000000
cena,40.0,10.0,linha,146,192,-0.255469,0.003906,1.000000
cena,40.0,10.0,linha,147,192,-0.247656,0.003906,1.000000
cena,40.0,10.0,linha,148,192,-0.239844,0.003906,1.000000
cena,40.0,10.0,linha,149,192,-0.232031,0.003906,1.000000
cena,40.0,10.0,linha,150,192,-0.224219,0.003906,1.000000
cena,40.0,10.0,linha,151,192,-0.216406,0.003906,1.000000
cena,40.0,10.0,linha,152,192,-0.208594,0.003906,1.000000
cena,40.0,10.0,linha,153,192,-0.200781,0.003906,1.000000
cena,40.0,10.0,linha,154,192,-0.192969,0.003906,1.000000
cena,40.0,10.0,linha,155,192,-0.185156,0.003906,1.000000
cena,40.0,10.0,linha,156,192,-0.177344,0.003906,1.000000
cena,40.0,10.0,linha,157,192,-0.169531,0.003906,1.000000
cena,40.0,10.0,linha,158,192,-0.161719,0.003906,1.000000
cena,40.0,10.0,linha,159,192,-0.153906,0.003906,1.000000
cena,40.0,10.0,linha,160,192,-0.146094,0.003906,1.000000
cena,40.0,10.0,linha,161,192,-0.138281,0.003906,1.000000
cena,40.0,10.0,linha,162,192,-0.130469,0.003906,1.000000
cena,40.0,10.0,linha,163,192,-0.122656,0.003906,1.000000
cena,40.0,10.0,linha,164,192,-0.114844,0.003906,1.000000
cena,40.0,10.0,linha,165,192,-0.107031,0.003906,1.000000
cena,40.0,10.0,linha,166,192,-0.099219,0.003906,1.000000
cena,40.0,10.0,linha,167,192,-0.091406,0.003906,1.000000
cena,40.0,10.0,linha,168,192,-0.083594,0.003906,1.000000
cena,40.0,10.0,linha,169,192,-0.075781,0.003906,1.000000
cena,40.0,10.0,linha,170,192,-0.067969,0.003906,1.000000
cena,40.0,10.0,linha,171,192,-0.060156,0.003906,1.000000
cena,40.0,10.0,linha,172,192,-0.052344,0.003906,1.000000
cena,40.0,10.0,linha,173,192,-0.044531,0.003906,1.000000
cena,40.0,10.0,linha,174,192,-0.036719,0.003906,1.000000
cena,40.0,10.0,linha,175,192,-0.028906,0.003906,1.000000
cena,40.0,10.0,linha,176,192,-0.021094,0.003906,1.000000
cena,40.0,10.0,linha,177,192,-0.013281,0.003906,1.000000
cena,40.0,10.0,linha,178,192,-0.005469,0.003906,1.000000
cena,40.0,10.0,linha,179,192,0.002344,0.003906,1.000000
cena,40.0,10.0,linha,180,192,0.010156,0.003906,1.000000
cena,40.0,10.0,linha,181,192,0.017969,0.003906,1.000000
cena,40.0,10.0,linha,182,192,0.025781,0.003906,1.000000
cena,40.0,10.0,linha,183,192,0.033594,0.003906,1.000000
cena,40.0,10.0,linha,184,192,0.041406,0.003906,1.000000
cena,40.0,10.0,linha,185,192,0.049219,0.003906,1.000000
cena,40.0,10.0,linha,186,192,0.057031,0.003906,1.000000
cena,40.0,10.0,linha,187,192,0.064844,0.003906,1.000000
cena,40.0,10.0,linha,188,192,0.072656,0.003906,1.000000
cena,40.0,10.0,linha,189,192,0.080469,0.003906,1.000000
cena,40.0,10.0,linha,190,192,0.088281,0.003906,1.000000
cena,40.0,10.0,linha,191,192,0.096094,0.003906,1.000000
cena,40.0,10.0,linha,192,192,0.103906,0.003906,0.992929
cena,40.0,10.0,linha,193,192,0.111719,0.003906,0.974232
cena,40.0,10.0,linha,194,192,0.119531,0.003906,0.964939
cena,40.0,10.0,linha,195,192,0.127344,0.003906,0.948924
cena,40.0,10.0,linha,196,192,0.135156,0.003906,0.930665
cena,40.0,10.0,linha,197,192,0.142969,0.003906,0.905756
cena,40.0,10.0,linha,198,192,0.150781,0.003906,0.894523
cena,40.0,10.0,linha,199,192,0.158594,0.003906,0.874428
cena,40.0,10.0,linha,200,192,0.166406,0.003906,0.852163
cena,40.0,10.0,linha,201,192,0.174219,0.003906,0.841175
cena,40.0,10.0,linha,202,192,0.182031,0.003906,0.808464
cena,40.0,10.0,linha,203,192,0.189844,0.003906,0.793248
cena,40.0,10.0,linha,204,192,0.197656,0.003906,0.767451
cena,40.0,10.0,linha,205,192,0.205469,0.003906,0.750001
cena,40.0,10.0,linha,206,192,0.213281,0.003906,0.737155
cena,40.0,10.0,linha,207,192,0.221094,0.003906,0.711720
cena,40.0,10.0,linha,208,192,0.228906,0.003906,0.692509
cena,40.0,10.0,linha,209,192,0.236719,0.003906,0.675836
cena,40.0,10.0,linha,210,192,0.244531,0.003906,0.657362
cena,40.0,10.0,linha,211,192,0.252344,0.003906,0.640722
cena,40.0,10.0,linha,212,192,0.260156,0.003906,0.615824
cena,40.0,10.0,linha,213,192,0.267969,0.003906,0.603601
cena,40.0,10.0,linha,214,192,0.275781,0.003906,0.586874
cena,40.0,10.0,linha,215,192,0.283594,0.003906,0.564824
cena,40.0,10.0,linha,216,192,0.291406,0.003906,0.556691
cena,40.0,10.0,linha,217,192,0.299219,0.003906,0.520626
cena,40.0,10.0,linha,218,192,0.307031,0.003906,0.516492
cena,40.0,10.0,linha,219,192,0.314844,0.003906,0.500686
cena,40.0,10.0,linha,220,192,0.322656,0.003906,0.486843
cena,40.0,10.0,linha,221,192,0.330469,0.003906,0.467305
cena,40.0,10.0,linha,222,192,0.338281,0.003906,0.457338
cena,40.0,10.0,linha,223,192,0.346094,0.003906,0.437774
cena,40.0,10.0,linha,224,192,0.353906,0.003906,0.424206
cena,40.0,10.0,linha,225,192,0.361719,0.003906,0.408530
cena,40.0,10.0,linha,226,192,0.369531,0.003906,0.395071
cena,40.0,10.0,linha,227,192,0.377344,0.003906,0.387514
cena,40.0,10.0,linha,228,192,0.385156,0.003906,0.372353
cena,40.0,10.0,linha,229,192,0.392969,0.003906,0.351532
cena,40.0,10.0,linha,230,192,0.400781,0.003906,0.997936
cena,40.0,10.0,linha,231,192,0.408594,0.003906,1.000000
cena,40.0,10.0,linha,232,192,0.416406,0.003906,1.000000
cena,40.0,10.0,linha,233,192,0.424219,0.003906,1.000000
cena,40.0,10.0,linha,234,192,0.432031,0.003906,1.000000
cena,40.0,10.0,linha,235,192,0.439844,0.003906,1.000000
cena,40.0,10.0,linha,236,192,0.447656,0.003906,1.000000
cena,40.0,10.0,linha,237,192,0.455469,0.003906,1.000000
cena,40.0,10.0,linha,238,192,0.463281,0.003906,1.000000
cena,40.0,10.0,linha,239,192,0.471094,0.003906,1.000000
cena,40.0,10.0,linha,240,192,0.478906,0.003906,1.000000
cena,40.0,10.0,linha,241,192,0.486719,0.003906,1.000000
cena,40.0,10.0,linha,242,192,0.494531,0.003906,1.000000
cena,40.0,10.0,linha,243,192,0.502344,0.003906,1.000000
cena,40.0,10.0,linha,244,192,0.510156,0.003906,1.000000
cena,40.0,10.0,linha,245,192,0.517969,0.003906,1.000000
cena,40.0,10.0,linha,246,192,0.525781,0.003906,1.000000
cena,40.0,10.0,linha,247,192,0.533594,0.003906,1.000000
cena,40.0,10.0,linha,248,192,0.541406,0.003906,1.000000
cena,40.0,10.0,linha,249,192,0.549219,0.003906,1.000000
cena,40.0,10.0,linha,250,192,0.557031,0.003906,1.000000
cena,40.0,10.0,linha,251,192,0.564844,0.003906,1.000000
cena,40.0,10.0,linha,252,192,0.572656,0.003906,1.000000
cena,40.0,10.0,linha,253,192,0.580469,0.003906,1.000000
cena,40.0,10.0,linha,254,192,0.588281,0.003906,1.000000
cena,40.0,10.0,linha,255,192,0.596094,0.003906,1.000000
cena,40.0,10.0,linha,256,192,0.603906,0.003906,1.000000
cena,40.0,10.0,linha,257,192,0.611719,0.003906,1.000000
cena,40.0,10.0,linha,258,192,0.619531,0.003906,1.000000
cena,40.0,10.0,linha,259,192,0.627344,0.003906,1.000000
cena,40.0,10.0,linha,260,192,0.635156,0.003906,1.000000
cena,40.0,10.0,linha,261,192,0.642969,0.003906,1.000000
cena,40.0,10.0,linha,262,192,0.650781,0.003906,1.000000
cena,40.0,10.0,linha,263,192,0.658594,0.003906,1.000000
cena,40.0,10.0,linha,264,192,0.666406,0.003906,1.000000
cena,40.0,10.0,linha,265,192,0.674219,0.003906,1.000000
cena,40.0,10.0,linha,266,192,0.682031,0.003906,1.000000
cena,40.0,10.0,linha,267,192,0.689844,0.003906,1.000000
cena,40.0,10.0,linha,268,192,0.697656,0.003906,1.000000
cena,40.0,10.0,linha,269,192,0.705469,0.003906,1.000000
cena,40.0,10.0,linha,270,192,0.713281,0.003906,1.000000
cena,40.0,10.0,linha,271,192,0.721094,0.003906,1.000000
cena,40.0,10.0,linha,272,192,0.728906,0.003906,1.000000
cena,40.0,10.0,linha,273,192,0.736719,0.003906,1.000000
cena,40.0,10.0,linha,274,192,0.744531,0.003906,1.000000
cena,40.0,10.0,linha,275,192,0.752344,0.003906,1.000000
cena,40.0,10.0,linha,276,192,0.760156,0.003906,1.000000
cena,40.0,10.0,linha,277,192,0.767969,0.003906,1.000000
cena,40.0,10.0,linha,278,192,0.775781,0.003906,1.000000
cena,40.0,10.0,linha,279,192,0.783594,0.003906,1.000000
cena,40.0,10.0,linha,280,192,0.791406,0.003906,1.000000
cena,40.0,10.0,linha,281,192,0.799219,0.003906,1.000000
cena,40.0,10.0,linha,282,192,0.807031,0.003906,1.000000
cena,40.0,10.0,linha,283,192,0.814844,0.003906,1.000000
cena,40.0,10.0,linha,284,192,0.822656,0.003906,1.000000
cena,40.0,10.0,linha,285,192,0.830469,0.003906,1.000000
cena,40.0,10.0,linha,286,192,0.838281,0.003906,1.000000
cena,40.0,10.0,linha,287,192,0.846094,0.003906,1.000000
cena,40.0,10.0,linha,288,192,0.853906,0.003906,1.000000
cena,40.0,10.0,linha,289,192,0.861719,0.003906,1.000000
cena,40.0,10.0,linha,290,192,0.869531,0.003906,1.000000
cena,40.0,10.0,linha,291,192,0.877344,0.003906,1.000000
cena,40.0,10.0,linha,292,192,0.885156,0.003906,1.000000
cena,40.0,10.0,linha,293,192,0.892969,0.003906,1.000000
cena,40.0,10.0,linha,294,192,0.900781,0.003906,1.000000
cena,40.0,10.0,linha,295,192,0.908594,0.003906,1.000000
cena,40.0,10.0,linha,296,192,0.916406,0.003906,1.000000
cena,40.0,10.0,linha,297,192,0.924219,0.003906,1.000000
cena,40.0,10.0,linha,298,192,0.932031,0.003906,1.000000
cena,40.0,10.0,linha,299,192,0.939844,0.003906,1.000000
cena,40.0,10.0,linha,300,192,0.947656,0.003906,1.000000
cena,40.0,10.0,linha,301,192,0.955469,0.003906,1.000000
cena,40.0,10.0,linha,302,192,0.963281,0.003906,1.000000
cena,40.0,10.0,linha,303,192,0.971094,0.003906,1.000000
cena,40.0,10.0,linha,304,192,0.978906,0.003906,1.000000
cena,40.0,10.0,linha,305,192,0.986719,0.003906,1.000000
cena,40.0,10.0,linha,306,192,0.994531,0.003906,1.000000
cena,40.0,10.0,linha,307,192,1.002344,0.003906,1.000000
cena,40.0,10.0,linha,308,192,1.010156,0.003906,1.000000
cena,40.0,10.0,linha,309,192,1.017969,0.003906,1.000000
cena,40.0,10.0,linha,310,192,1.025781,0.003906,1.000000
cena,40.0,10.0,linha,311,192,1.033594,0.003906,1.000000
cena,40.0,10.0,linha,312,192,1.041406,0.003906,1.000000
cena,40.0,10.0,linha,313,192,1.049219,0.003906,1.000000
cena,40.0,10.0,linha,314,192,1.057031,0.003906,1.000000
cena,40.0,10.0,linha,315,192,1.064844,0.003906,1.000000
cena,40.0,10.0,linha,316,192,1.072656,0.003906,1.000000
cena,40.0,10.0,linha,317,192,1.080469,0.003906,1.000000
cena,40.0,10.0,linha,318,192,1.088281,0.003906,1.000000
cena,40.0,10.0,linha,319,192,1.096094,0.003906,1.000000
cena,40.0,10.0,linha,320,192,1.103906,0.003906,1.000000
cena,40.0,10.0,linha,321,192,1.111719,0.003906,1.000000
cena,40.0,10.0,linha,322,192,1.119531,0.003906,1.000000
cena,40.0,10.0,linha,323,192,1.127344,0.003906,1.000000
cena,40.0,10.0,linha,324,192,1.135156,0.003906,1.000000
cena,40.0,10.0,linha,325,192,1.142969,0.003906,0.988232
cena,40.0,10.0,linha,326,192,1.150781,0.003906,0.967289
cena,40.0,10.0,linha,327,192,1.158594,0.003906,0.946519
cena,40.0,10.0,linha,328,192,1.166406,0.003906,0.912271
cena,40.0,10.0,linha,329,192,1.174219,0.003906,0.880786
cena,40.0,10.0,linha,330,192,1.182031,0.003906,0.849575
cena,40.0,10.0,linha,331,192,1.189844,0.003906,0.820819
cena,40.0,10.0,linha,332,192,1.197656,0.003906,0.781608
cena,40.0,10.0,linha,333,192,1.205469,0.003906,0.749220
cena,40.0,10.0,linha,334,192,1.213281,0.003906,0.710736
cena,40.0,10.0,linha,335,192,1.221094,0.003906,0.683311
cena,40.0,10.0,linha,336,192,1.228906,0.003906,0.645632
cena,40.0,10.0,linha,337,192,1.236719,0.003906,0.616592
cena,40.0,10.0,linha,338,192,1.244531,0.003906,0.583748
cena,40.0,10.0,linha,339,192,1.252344,0.003906,0.543344
cena,40.0,10.0,linha,340,192,1.260156,0.003906,0.521232
cena,40.0,10.0,linha,341,192,1.267969,0.003906,0.493330
cena,40.0,10.0,linha,342,192,1.275781,0.003906,0.457833
cena,40.0,10.0,linha,343,192,1.283594,0.003906,0.426793
cena,40.0,10.0,linha,344,192,1.291406,0.003906,0.399727
cena,40.0,10.0,linha,345,192,1.299219,0.003906,0.376801
cena,40.0,10.0,linha,346,192,1.307031,0.003906,0.338946
cena,40.0,10.0,linha,347,192,1.314844,0.003906,0.329646
cena,40.0,10.0,linha,348,192,1.322656,0.003906,0.298018
cena,40.0,10.0,linha,349,192,1.330469,0.003906,0.268593
cena,40.0,10.0,linha,350,192,1.338281,0.003906,0.246897
cena,40.0,10.0,linha,351,192,1.346094,0.003906,0.228858
cena,40.0,10.0,linha,352,192,1.353906,0.003906,0.205612
cena,40.0,10.0,linha,353,192,1.361719,0.003906,0.189626
cena,40.0,10.0,linha,354,192,1.369531,0.003906,0.170430
cena,40.0,10.0,linha,355,192,1.377344,0.003906,0.149584
cena,40.0,10.0,linha,356,192,1.385156,0.003906,0.135847
cena,40.0,10.0,linha,357,192,1.392969,0.003906,0.120329
cena,40.0,10.0,linha,358,192,1.400781,0.003906,0.105130
cena,40.0,10.0,linha,359,192,1.408594,0.003906,0.091819
cena,40.0,10.0,linha,360,192,1.416406,0.003906,0.076829
cena,40.0,10.0,linha,361,192,1.424219,0.003906,0.068527
cena,40.0,10.0,linha,362,192,1.432031,0.003906,0.052205
cena,40.0,10.0,linha,363,192,1.439844,0.003906,0.044097
cena,40.0,10.0,linha,364,192,1.447656,0.003906,0.032930
cena,40.0,10.0,linha,365,192,1.455469,0.003906,0.021777
cena,40.0,10.0,linha,366,192,1.463281,0.003906,0.018633
cena,40.0,10.0,linha,367,192,1.471094,0.003906,0.009254
cena,40.0,10.0,linha,368,192,1.478906,0.003906,0.004589
cena,40.0,10.0,linha,369,192,1.486719,0.003906,0.001524
cena,40.0,10.0,linha,370,192,1.494531,0.003906,0.000000
cena,40.0,10.0,linha,371,192,1.502344,0.003906,0.000000
cena,40.0,10.0,linha,372,192,1.510156,0.003906,0.000000
cena,40.0,10.0,linha,373,192,1.517969,0.003906,0.000000
cena,40.0,10.0,linha,374,192,1.525781,0.003906,0.000000
cena,40.0,10.0,linha,375,192,1.533594,0.003906,0.000000
cena,40.0,10.0,linha,376,192,1.541406,0.003906,0.000000
cena,40.0,10.0,linha,377,192,1.549219,0.003906,0.000000
cena,40.0,10.0,linha,378,192,1.557031,0.003906,0.000000
cena,40.0,10.0,linha,379,192,1.564844,0.003906,0.000000
cena,40.0,10.0,linha,380,192,1.572656,0.003906,0.000000
cena,40.0,10.0,linha,381,192,1.580469,0.003906,0.000000
cena,40.0,10.0,linha,382,192,1.588281,0.003906,0.000000
cena,40.0,10.0,linha,383,192,1.596094,0.003906,0.000000
cena,40.0,10.0,coluna,168,0,-0.083594,-1.496094,0.000000
cena,40.0,10.0,coluna,168,1,-0.083594,-1.488281,0.000000
cena,40.0,10.0,coluna,168,2,-0.083594,-1.480469,0.000000
cena,40.0,10.0,coluna,168,3,-0.083594,-1.472656,0.000000
cena,40.0,10.0,coluna,168,4,-0.083594,-1.464844,0.000000
cena,40.0,10.0,coluna,168,5,-0.083594,-1.457031,0.000000
cena,40.0,10.0,coluna,168,6,-0.083594,-1.449219,0.000000
cena,40.0,10.0,coluna,168,7,-0.083594,-1.441406,0.000000
cena,40.0,10.0,coluna,168,8,-0.083594,-1.433594,0.000000
cena,40.0,10.0,coluna,168,9,-0.083594,-1.425781,0.000000
cena,40.0,10.0,coluna,168,10,-0.083594,-1.417969,0.000000
cena,40.0,10.0,coluna,168,11,-0.083594,-1.410156,0.000000
cena,40.0,10.0,coluna,168,12,-0.083594,-1.402344,0.000000
cena,40.0,10.0,coluna,168,13,-0.083594,-1.394531,0.000000
cena,40.0,10.0,coluna,168,14,-0.083594,-1.386719,0.000000
cena,40.0,10.0,coluna,168,15,-0.083594,-1.378906,0.000000
cena,40.0,10.0,coluna,168,16,-0.083594,-1.371094,0.000000
cena,40.0,10.0,coluna,168,17,-0.083594,-1.363281,0.000000
cena,40.0,10.0,coluna,168,18,-0.083594,-1.355469,0.000000
cena,40.0,10.0,coluna,168,19,-0.083594,-1.347656,0.000000
cena,40.0,10.0,coluna,168,20,-0.083594,-1.339844,0.000000
cena,40.0,10.0,coluna,168,21,-0.083594,-1.332031,0.000000
cena,40.0,10.0,coluna,168,22,-0.083594,-1.324219,0.000000
cena,40.0,10.0,coluna,168,23,-0.083594,-1.316406,0.000000
cena,40.0,10.0,coluna,168,24,-0.083594,-1.308594,0.000000
cena,40.0,10.0,coluna,168,25,-0.083594,-1.300781,0.000000
cena,40.0,10.0,coluna,168,26,-0.083594,-1.292969,0.000000
cena,40.0,10.0,coluna,168,27,-0.083594,-1.285156,0.000000
cena,40.0,10.0,coluna,168,28,-0.083594,-1.277344,0.000000
cena,40.0,10.0,coluna,168,29,-0.083594,-1.269531,0.000000
cena,40.0,10.0,coluna,168,30,-0.083594,-1.261719,0.000000
cena,40.0,10.0,coluna,168,31,-0.083594,-1.253906,0.000000
cena,40.0,10.0,coluna,168,32,-0.083594,-1.246094,0.000000
cena,40.0,10.0,coluna,168,33,-0.083594,-1.238281,0.000000
cena,40.0,10.0,coluna,168,34,-0.083594,-1.230469,0.000000
cena,40.0,10.0,coluna,168,35,-0.083594,-1.222656,0.000000
cena,40.0,10.0,coluna,168,36,-0.083594,-1.214844,0.000000
cena,40.0,10.0,coluna,168,37,-0.083594,-1.207031,0.000000
cena,40.0,10.0,coluna,168,38,-0.083594,-1.199219,0.000000
cena,40.0,10.0,coluna,168,39,-0.083594,-1.191406,0.000000
cena,40.0,10.0,coluna,168,40,-0.083594,-1.183594,0.000000
cena,40.0,10.0,coluna,168,41,-0.083594,-1.175781,0.000000
cena,40.0,10.0,coluna,168,42,-0.083594,-1.167969,0.000000
cena,40.0,10.0,coluna,168,43,-0.083594,-1.160156,0.000000
cena,40.0,10.0,coluna,168,44,-0.083594,-1.152344,0.000000
cena,40.0,10.0,coluna,168,45,-0.083594,-1.144531,0.000000
cena,40.0,10.0,coluna,168,46,-0.083594,-1.136719,0.000000
cena,40.0,10.0,coluna,168,47,-0.083594,-1.128906,0.000000
cena,40.0,10.0,coluna,168,48,-0.083594,-1.121094,0.000000
cena,40.0,10.0,coluna,168,49,-0.083594,-1.113281,0.000000
cena,40.0,10.0,coluna,168,50,-0.083594,-1.105469,0.000000
cena,40.0,10.0,coluna,168,51,-0.083594,-1.097656,0.000000
cena,40.0,10.0,coluna,168,52,-0.083594,-1.089844,0.000000
cena,40.0,10.0,coluna,168,53,-0.083594,-1.082031,0.000000
cena,40.0,10.0,coluna,168,54,-0.083594,-1.074219,0.000000
cena,40.0,10.0,coluna,168,55,-0.083594,-1.066406,0.000000
cena,40.0,10.0,coluna,168,56,-0.083594,-1.058594,0.000000
cena,40.0,10.0,coluna,168,57,-0.083594,-1.050781,0.000000
cena,40.0,10.0,coluna,168,58,-0.083594,-1.042969,0.000000
cena,40.0,10.0,coluna,168,59,-0.083594,-1.035156,0.000000
cena,40.0,10.0,coluna,168,60,-0.083594,-1.027344,0.000000
cena,40.0,10.0,coluna,168,61,-0.083594,-1.019531,0.000000
cena,40.0,10.0,coluna,168,62,-0.083594,-1.011719,0.000000
cena,40.0,10.0,coluna,168,63,-0.083594,-1.003906,0.000000
cena,40.0,10.0,coluna,168,64,-0.083594,-0.996094,0.000000
cena,40.0,10.0,coluna,168,65,-0.083594,-0.988281,0.000000
cena,40.0,10.0,coluna,168,66,-0.083594,-0.980469,0.000000
cena,40.0,10.0,coluna,168,67,-0.083594,-0.972656,0.000000
cena,40.0,10.0,coluna,168,68,-0.083594,-0.964844,0.000000
cena,40.0,10.0,coluna,168,69,-0.083594,-0.957031,0.000000
cena,40.0,10.0,coluna,168,70,-0.083594,-0.949219,0.000000
cena,40.0,10.0,coluna,168,71,-0.083594,-0.941406,0.000000
cena,40.0,10.0,coluna,168,72,-0.083594,-0.933594,0.000000
cena,40.0,10.0,coluna,168,73,-0.083594,-0.925781,0.000000
cena,40.0,10.0,coluna,168,74,-0.083594,-0.917969,0.000000
cena,40.0,10.0,coluna,168,75,-0.083594,-0.910156,0.000000
cena,40.0,10.0,coluna,168,76,-0.083594,-0.902344,0.000000
cena,40.0,10.0,coluna,168,77,-0.083594,-0.894531,0.000000
cena,40.0,10.0,coluna,168,78,-0.083594,-0.886719,0.000000
cena,40.0,10.0,coluna,168,79,-0.083594,-0.878906,0.000000
cena,40.0,10.0,coluna,168,80,-0.083594,-0.871094,0.000000
cena,40.0,10.0,coluna,168,81,-0.083594,-0.863281,0.000000
cena,40.0,10.0,coluna,168,82,-0.083594,-0.855469,0.000000
cena,40.0,10.0,coluna,168,83,-0.083594,-0.847656,0.000000
cena,40.0,10.0,coluna,168,84,-0.083594,-0.839844,0.000000
cena,40.0,10.0,coluna,168,85,-0.083594,-0.832031,0.000000
cena,40.0,10.0,coluna,168,86,-0.083594,-0.824219,0.000000
cena,40.0,10.0,coluna,168,87,-0.083594,-0.816406,0.000000
cena,40.0,10.0,coluna,168,88,-0.083594,-0.808594,0.000000
cena,40.0,10.0,coluna,168,89,-0.083594,-0.800781,0.000000
cena,40.0,10.0,coluna,168,90,-0.083594,-0.792969,0.000000
cena,40.0,10.0,coluna,168,91,-0.083594,-0.785156,0.000000
cena,40.0,10.0,coluna,168,92,-0.083594,-0.777344,0.000000
cena,40.0,10.0,coluna,168,93,-0.083594,-0.769531,0.000000
cena,40.0,10.0,coluna,168,94,-0.083594,-0.761719,0.000000
cena,40.0,10.0,coluna,168,95,-0.083594,-0.753906,0.000000
cena,40.0,10.0,coluna,168,96,-0.083594,-0.746094,0.000000
cena,40.0,10.0,coluna,168,97,-0.083594,-0.738281,0.000000
cena,40.0,10.0,coluna,168,98,-0.083594,-0.730469,0.000000
cena,40.0,10.0,coluna,168,99,-0.083594,-0.722656,0.000000
cena,40.0,10.0,coluna,168,100,-0.083594,-0.714844,0.000000
cena,40.0,10.0,coluna,168,101,-0.083594,-0.707031,0.000000
cena,40.0,10.0,coluna,168,102,-0.083594,-0.699219,0.000000
cena,40.0,10.0,coluna,168,103,-0.083594,-0.691406,0.000000
cena,40.0,10.0,coluna,168,104,-0.083594,-0.683594,0.000000
cena,40.0,10.0,coluna,168,105,-0.083594,-0.675781,0.000000
cena,40.0,10.0,coluna,168,106,-0.083594,-0.667969,0.000000
cena,40.0,10.0,coluna,168,107,-0.083594,-0.660156,0.000000
cena,40.0,10.0,coluna,168,108,-0.083594,-0.652344,0.000000
cena,40.0,10.0,coluna,168,109,-0.083594,-0.644531,0.000000
cena,40.0,10.0,coluna,168,110,-0.083594,-0.636719,0.000000
cena,40.0,10.0,coluna,168,111,-0.083594,-0.628906,0.000000
cena,40.0,10.0,coluna,168,112,-0.083594,-0.621094,0.000000
cena,40.0,10.0,coluna,168,113,-0.083594,-0.613281,0.000000
cena,40.0,10.0,coluna,168,114,-0.083594,-0.605469,0.000000
cena,40.0,10.0,coluna,168,115,-0.083594,-0.597656,0.000000
cena,40.0,10.0,coluna,168,116,-0.083594,-0.589844,0.000000
cena,40.0,10.0,coluna,168,117,-0.083594,-0.582031,0.000000
cena,40.0,10.0,coluna,168,118,-0.083594,-0.574219,0.000000
cena,40.0,10.0,coluna,168,119,-0.083594,-0.566406,0.000000
cena,40.0,10.0,coluna,168,120,-0.083594,-0.558594,0.000000
cena,40.0,10.0,coluna,168,121,-0.083594,-0.550781,0.000000
cena,40.0,10.0,coluna,168,122,-0.083594,-0.542969,0.000000
cena,40.0,10.0,coluna,168,123,-0.083594,-0.535156,0.000000
cena,40.0,10.0,coluna,168,124,-0.083594,-0.527344,0.000000
cena,40.0,10.0,coluna,168,125,-0.083594,-0.519531,0.000000
cena,40.0,10.0,coluna,168,126,-0.083594,-0.511719,0.000000
cena,40.0,10.0,coluna,168,127,-0.083594,-0.503906,0.000000
cena,40.0,10.0,coluna,168,128,-0.083594,-0.496094,0.000000
cena,40.0,10.0,coluna,168,129,-0.083594,-0.488281,0.000000
cena,40.0,10.0,coluna,168,130,-0.083594,-0.480469,0.000000
cena,40.0,10.0,coluna,168,131,-0.083594,-0.472656,0.000000
cena,40.0,10.0,coluna,168,132,-0.083594,-0.464844,0.003918
cena,40.0,10.0,coluna,168,133,-0.083594,-0.457031,0.007748
cena,40.0,10.0,coluna,168,134,-0.083594,-0.449219,0.015617
cena,40.0,10.0,coluna,168,135,-0.083594,-0.441406,0.030801
cena,40.0,10.0,coluna,168,136,-0.083594,-0.433594,0.046706
cena,40.0,10.0,coluna,168,137,-0.083594,-0.425781,0.064181
cena,40.0,10.0,coluna,168,138,-0.083594,-0.417969,0.071822
cena,40.0,10.0,coluna,168,139,-0.083594,-0.410156,0.089146
cena,40.0,10.0,coluna,168,140,-0.083594,-0.402344,0.111277
cena,40.0,10.0,coluna,168,141,-0.083594,-0.394531,0.131863
cena,40.0,10.0,coluna,168,142,-0.083594,-0.386719,0.147423
cena,40.0,10.0,coluna,168,143,-0.083594,-0.378906,0.177058
cena,40.0,10.0,coluna,168,144,-0.083594,-0.371094,0.194208
cena,40.0,10.0,coluna,168,145,-0.083594,-0.363281,0.224311
cena,40.0,10.0,coluna,168,146,-0.083594,-0.355469,0.245571
cena,40.0,10.0,coluna,168,147,-0.083594,-0.347656,0.277034
cena,40.0,10.0,coluna,168,148,-0.083594,-0.339844,0.292786
cena,40.0,10.0,coluna,168,149,-0.083594,-0.332031,0.324353
cena,40.0,10.0,coluna,168,150,-0.083594,-0.324219,0.346895
cena,40.0,10.0,coluna,168,151,-0.083594,-0.316406,0.379305
cena,40.0,10.0,coluna,168,152,-0.083594,-0.308594,0.405374
cena,40.0,10.0,coluna,168,153,-0.083594,-0.300781,0.435982
cena,40.0,10.0,coluna,168,154,-0.083594,-0.292969,0.477111
cena,40.0,10.0,coluna,168,155,-0.083594,-0.285156,0.494021
cena,40.0,10.0,coluna,168,156,-0.083594,-0.277344,0.520852
cena,40.0,10.0,coluna,168,157,-0.083594,-0.269531,0.556126
cena,40.0,10.0,coluna,168,158,-0.083594,-0.261719,0.583460
cena,40.0,10.0,coluna,168,159,-0.083594,-0.253906,0.622949
cena,40.0,10.0,coluna,168,160,-0.083594,-0.246094,0.648717
cena,40.0,10.0,coluna,168,161,-0.083594,-0.238281,0.674644
cena,40.0,10.0,coluna,168,162,-0.083594,-0.230469,0.717284
cena,40.0,10.0,coluna,168,163,-0.083594,-0.222656,0.740890
cena,40.0,10.0,coluna,168,164,-0.083594,-0.214844,0.780446
cena,40.0,10.0,coluna,168,165,-0.083594,-0.207031,0.800728
cena,40.0,10.0,coluna,168,166,-0.083594,-0.199219,0.838835
cena,40.0,10.0,coluna,168,167,-0.083594,-0.191406,0.862697
cena,40.0,10.0,coluna,168,168,-0.083594,-0.183594,0.888650
cena,40.0,10.0,coluna,168,169,-0.083594,-0.175781,0.916744
cena,40.0,10.0,coluna,168,170,-0.083594,-0.167969,0.935383
cena,40.0,10.0,coluna,168,171,-0.083594,-0.160156,0.961224
cena,40.0,10.0,coluna,168,172,-0.083594,-0.152344,0.978811
cena,40.0,10.0,coluna,168,173,-0.083594,-0.144531,0.998060
cena,40.0,10.0,coluna,168,174,-0.083594,-0.136719,1.000000
cena,40.0,10.0,coluna,168,175,-0.083594,-0.128906,1.000000
cena,40.0,10.0,coluna,168,176,-0.083594,-0.121094,1.000000
cena,40.0,10.0,coluna,168,177,-0.083594,-0.113281,1.000000
cena,40.0,10.0,coluna,168,178,-0.083594,-0.105469,1.000000
cena,40.0,10.0,coluna,168,179,-0.083594,-0.097656,1.000000
cena,40.0,10.0,coluna,168,180,-0.083594,-0.089844,1.000000
cena,40.0,10.0,coluna,168,181,-0.083594,-0.082031,1.000000
cena,40.0,10.0,coluna,168,182,-0.083594,-0.074219,1.000000
cena,40.0,10.0,coluna,168,183,-0.083594,-0.066406,1.000000
cena,40.0,10.0,coluna,168,184,-0.083594,-0.058594,1.000000
cena,40.0,10.0,coluna,168,185,-0.083594,-0.050781,1.000000
cena,40.0,10.0,coluna,168,186,-0.083594,-0.042969,1.000000
cena,40.0,10.0,coluna,168,187,-0.083594,-0.035156,1.000000
cena,40.0,10.0,coluna,168,188,-0.083594,-0.027344,1.000000
cena,40.0,10.0,coluna,168,189,-0.083594,-0.019531,1.000000
cena,40.0,10.0,coluna,168,190,-0.083594,-0.011719,1.000000
cena,40.0,10.0,coluna,168,191,-0.083594,-0.003906,1.000000
cena,40.0,10.0,coluna,168,192,-0.083594,0.003906,1.000000
cena,40.0,10.0,coluna,168,193,-0.083594,0.011719,1.000000
cena,40.0,10.0,coluna,168,194,-0.083594,0.019531,1.000000
cena,40.0,10.0,coluna,168,195,-0.083594,0.027344,1.000000
cena,40.0,10.0,coluna,168,196,-0.083594,0.035156,1.000000
cena,40.0,10.0,coluna,168,197,-0.083594,0.042969,1.000000
cena,40.0,10.0,coluna,168,198,-0.083594,0.050781,1.000000
cena,40.0,10.0,coluna,168,199,-0.083594,0.058594,1.000000
cena,40.0,10.0,coluna,168,200,-0.083594,0.066406,1.000000
cena,40.0,10.0,coluna,168,201,-0.083594,0.074219,1.000000
cena,40.0,10.0,coluna,168,202,-0.083594,0.082031,1.000000
cena,40.0,10.0,coluna,168,203,-0.083594,0.089844,1.000000
cena,40.0,10.0,coluna,168,204,-0.083594,0.097656,1.000000
cena,40.0,10.0,coluna,168,205,-0.083594,0.105469,1.000000
cena,40.0,10.0,coluna,168,206,-0.083594,0.113281,1.000000
cena,40.0,10.0,coluna,168,207,-0.083594,0.121094,1.000000
cena,40.0,10.0,coluna,168,208,-0.083594,0.128906,1.000000
cena,40.0,10.0,coluna,168,209,-0.083594,0.136719,1.000000
cena,40.0,10.0,coluna,168,210,-0.083594,0.144531,0.994147
cena,40.0,10.0,coluna,168,211,-0.083594,0.152344,0.982860
cena,40.0,10.0,coluna,168,212,-0.083594,0.160156,0.961278
cena,40.0,10.0,coluna,168,213,-0.083594,0.167969,0.943418
cena,40.0,10.0,coluna,168,214,-0.083594,0.175781,0.917831
cena,40.0,10.0,coluna,168,215,-0.083594,0.183594,0.893167
cena,40.0,10.0,coluna,168,216,-0.083594,0.191406,0.867698
cena,40.0,10.0,coluna,168,217,-0.083594,0.199219,0.828373
cena,40.0,10.0,coluna,168,218,-0.083594,0.207031,0.799587
cena,40.0,10.0,coluna,168,219,-0.083594,0.214844,0.770629
cena,40.0,10.0,coluna,168,220,-0.083594,0.222656,0.736855
cena,40.0,10.0,coluna,168,221,-0.083594,0.230469,0.719471
cena,40.0,10.0,coluna,168,222,-0.083594,0.238281,0.690271
cena,40.0,10.0,coluna,168,223,-0.083594,0.246094,0.649987
cena,40.0,10.0,coluna,168,224,-0.083594,0.253906,0.614011
cena,40.0,10.0,coluna,168,225,-0.083594,0.261719,0.593433
cena,40.0,10.0,coluna,168,226,-0.083594,0.269531,0.560309
cena,40.0,10.0,coluna,168,227,-0.083594,0.277344,0.524402
cena,40.0,10.0,coluna,168,228,-0.083594,0.285156,0.502042
cena,40.0,10.0,coluna,168,229,-0.083594,0.292969,0.464703
cena,40.0,10.0,coluna,168,230,-0.083594,0.300781,0.434861
cena,40.0,10.0,coluna,168,231,-0.083594,0.308594,0.416055
cena,40.0,10.0,coluna,168,232,-0.083594,0.316406,0.382799
cena,40.0,10.0,coluna,168,233,-0.083594,0.324219,0.349828
cena,40.0,10.0,coluna,168,234,-0.083594,0.332031,0.325349
cena,40.0,10.0,coluna,168,235,-0.083594,0.339844,0.299563
cena,40.0,10.0,coluna,168,236,-0.083594,0.347656,0.267185
cena,40.0,10.0,coluna,168,237,-0.083594,0.355469,0.247494
cena,40.0,10.0,coluna,168,238,-0.083594,0.363281,0.224367
cena,40.0,10.0,coluna,168,239,-0.083594,0.371094,0.200892
cena,40.0,10.0,coluna,168,240,-0.083594,0.378906,0.174738
cena,40.0,10.0,coluna,168,241,-0.083594,0.386719,0.151834
cena,40.0,10.0,coluna,168,242,-0.083594,0.394531,0.130463
cena,40.0,10.0,coluna,168,243,-0.083594,0.402344,0.114644
cena,40.0,10.0,coluna,168,244,-0.083594,0.410156,0.089081
cena,40.0,10.0,coluna,168,245,-0.083594,0.417969,0.071744
cena,40.0,10.0,coluna,168,246,-0.083594,0.425781,0.058285
cena,40.0,10.0,coluna,168,247,-0.083594,0.433594,0.040935
cena,40.0,10.0,coluna,168,248,-0.083594,0.441406,0.031131
cena,40.0,10.0,coluna,168,249,-0.083594,0.449219,0.019463
cena,40.0,10.0,coluna,168,250,-0.083594,0.457031,0.009550
cena,40.0,10.0,coluna,168,251,-0.083594,0.464844,0.001963
cena,40.0,10.0,coluna,168,252,-0.083594,0.472656,0.000000
cena,40.0,10.0,coluna,168,253,-0.083594,0.480469,0.000000
cena,40.0,10.0,coluna,168,254,-0.083594,0.488281,0.000000
cena,40.0,10.0,coluna,168,255,-0.083594,0.496094,0.000000
cena,40.0,10.0,coluna,168,256,-0.083594,0.503906,0.000000
cena,40.0,10.0,coluna,168,257,-0.083594,0.511719,0.000000
cena,40.0,10.0,coluna,168,258,-0.083594,0.519531,0.000000
cena,40.0,10.0,coluna,168,259,-0.083594,0.527344,0.000000
cena,40.0,10.0,coluna,168,260,-0.083594,0.535156,0.000000
cena,40.0,10.0,coluna,168,261,-0.083594,0.542969,0.000000
cena,40.0,10.0,coluna,168,262,-0.083594,0.550781,0.000000
cena,40.0,10.0,coluna,168,263,-0.083594,0.558594,0.000000
cena,40.0,10.0,coluna,168,264,-0.083594,0.566406,0.000000
cena,40.0,10.0,coluna,168,265,-0.083594,0.574219,0.000000
cena,40.0,10.0,coluna,168,266,-0.083594,0.582031,0.000000
cena,40.0,10.0,coluna,168,267,-0.083594,0.589844,0.000000
cena,40.0,10.0,coluna,168,268,-0.083594,0.597656,0.000000
cena,40.0,10.0,coluna,168,269,-0.083594,0.605469,0.000000
cena,40.0,10.0,coluna,168,270,-0.083594,0.613281,0.000000
cena,40.0,10.0,coluna,168,271,-0.083594,0.621094,0.000000
cena,40.0,10.0,coluna,168,272,-0.083594,0.628906,0.000000
cena,40.0,10.0,coluna,168,273,-0.083594,0.636719,0.000000
cena,40.0,10.0,coluna,168,274,-0.083594,0.644531,0.000000
cena,40.0,10.0,coluna,168,275,-0.083594,0.652344,0.000000
cena,40.0,10.0,coluna,168,276,-0.083594,0.660156,0.000000
cena,40.0,10.0,coluna,168,277,-0.083594,0.667969,0.000000
cena,40.0,10.0,coluna,168,278,-0.083594,0.675781,0.000000
cena,40.0,10.0,coluna,168,279,-0.083594,0.683594,0.000000
cena,40.0,10.0,coluna,168,280,-0.083594,0.691406,0.000000
cena,40.0,10.0,coluna,168,281,-0.083594,0.699219,0.000000
cena,40.0,10.0,coluna,168,282,-0.083594,0.707031,0.000000
cena,40.0,10.0,coluna,168,283,-0.083594,0.714844,0.000000
cena,40.0,10.0,coluna,168,284,-0.083594,0.722656,0.000000
cena,40.0,10.0,coluna,168,285,-0.083594,0.730469,0.000000
cena,40.0,10.0,coluna,168,286,-0.083594,0.738281,0.000000
cena,40.0,10.0,coluna,168,287,-0.083594,0.746094,0.000000
cena,40.0,10.0,coluna,168,288,-0.083594,0.753906,0.000000
cena,40.0,10.0,coluna,168,289,-0.083594,0.761719,0.000000
cena,40.0,10.0,coluna,168,290,-0.083594,0.769531,0.000000
cena,40.0,10.0,coluna,168,291,-0.083594,0.777344,0.000000
cena,40.0,10.0,coluna,168,292,-0.083594,0.785156,0.000000
cena,40.0,10.0,coluna,168,293,-0.083594,0.792969,0.000000
cena,40.0,10.0,coluna,168,294,-0.083594,0.800781,0.000000
cena,40.0,10.0,coluna,168,295,-0.083594,0.808594,0.000000
cena,40.0,10.0,coluna,168,296,-0.083594,0.816406,0.000000
cena,40.0,10.0,coluna,168,297,-0.083594,0.824219,0.000000
cena,40.0,10.0,coluna,168,298,-0.083594,0.832031,0.000000
cena,40.0,10.0,coluna,168,299,-0.083594,0.839844,0.000000
cena,40.0,10.0,coluna,168,300,-0.083594,0.847656,0.000000
cena,40.0,10.0,coluna,168,301,-0.083594,0.855469,0.000000
cena,40.0,10.0,coluna,168,302,-0.083594,0.863281,0.000000
cena,40.0,10.0,coluna,168,303,-0.083594,0.871094,0.000000
cena,40.0,10.0,coluna,168,304,-0.083594,0.878906,0.000000
cena,40.0,10.0,coluna,168,305,-0.083594,0.886719,0.000000
cena,40.0,10.0,coluna,168,306,-0.083594,0.894531,0.000000
cena,40.0,10.0,coluna,168,307,-0.083594,0.902344,0.000000
cena,40.0,10.0,coluna,168,308,-0.083594,0.910156,0.000000
cena,40.0,10.0,coluna,168,309,-0.083594,0.917969,0.000000
cena,40.0,10.0,coluna,168,310,-0.083594,0.925781,0.000000
cena,40.0,10.0,coluna,168,311,-0.083594,0.933594,0.000000
cena,40.0,10.0,coluna,168,312,-0.083594,0.941406,0.000000
cena,40.0,10.0,coluna,168,313,-0.083594,0.949219,0.000000
cena,40.0,10.0,coluna,168,314,-0.083594,0.957031,0.000000
cena,40.0,10.0,coluna,168,315,-0.083594,0.964844,0.000000
cena,40.0,10.0,coluna,168,316,-0.083594,0.972656,0.000000
cena,40.0,10.0,coluna,168,317,-0.083594,0.980469,0.000000
cena,40.0,10.0,coluna,168,318,-0.083594,0.988281,0.000000
cena,40.0,10.0,coluna,168,319,-0.083594,0.996094,0.000000
cena,40.0,10.0,coluna,168,320,-0.083594,1.003906,0.000000
cena,40.0,10.0,coluna,168,321,-0.083594,1.011719,0.000000
cena,40.0,10.0,coluna,168,322,-0.083594,1.019531,0.000000
cena,40.0,10.0,coluna,168,323,-0.083594,1.027344,0.000000
cena,40.0,10.0,coluna,168,324,-0.083594,1.035156,0.000000
cena,40.0,10.0,coluna,168,325,-0.083594,1.042969,0.000000
cena,40.0,10.0,coluna,168,326,-0.083594,1.050781,0.000000
cena,40.0,10.0,coluna,168,327,-0.083594,1.058594,0.000000
cena,40.0,10.0,coluna,168,328,-0.083594,1.066406,0.000000
cena,40.0,10.0,coluna,168,329,-0.083594,1.074219,0.000000
cena,40.0,10.0,coluna,168,330,-0.083594,1.082031,0.000000
cena,40.0,10.0,coluna,168,331,-0.083594,1.089844,0.000000
cena,40.0,10.0,coluna,168,332,-0.083594,1.097656,0.000000
cena,40.0,10.0,coluna,168,333,-0.083594,1.105469,0.000000
cena,40.0,10.0,coluna,168,334,-0.083594,1.113281,0.000000
cena,40.0,10.0,coluna,168,335,-0.083594,1.121094,0.000000
cena,40.0,10.0,coluna,168,336,-0.083594,1.128906,0.000000
cena,40.0,10.0,coluna,168,337,-0.083594,1.136719,0.000000
cena,40.0,10.0,coluna,168,338,-0.083594,1.144531,0.000000
cena,40.0,10.0,coluna,168,339,-0.083594,1.152344,0.000000
cena,40.0,10.0,coluna,168,340,-0.083594,1.160156,0.000000
cena,40.0,10.0,coluna,168,341,-0.083594,1.167969,0.000000
cena,40.0,10.0,coluna,168,342,-0.083594,1.175781,0.000000
cena,40.0,10.0,coluna,168,343,-0.083594,1.183594,0.000000
cena,40.0,10.0,coluna,168,344,-0.083594,1.191406,0.000000
cena,40.0,10.0,coluna,168,345,-0.083594,1.199219,0.000000
cena,40.0,10.0,coluna,168,346,-0.083594,1.207031,0.000000
cena,40.0,10.0,coluna,168,347,-0.083594,1.214844,0.000000
cena,40.0,10.0,coluna,168,348,-0.083594,1.222656,0.000000
cena,40.0,10.0,coluna,168,349,-0.083594,1.230469,0.000000
cena,40.0,10.0,coluna,168,350,-0.083594,1.238281,0.000000
cena,40.0,10.0,coluna,168,351,-0.083594,1.246094,0.000000
cena,40.0,10.0,coluna,168,352,-0.083594,1.253906,0.000000
cena,40.0,10.0,coluna,168,353,-0.083594,1.261719,0.000000
cena,40.0,10.0,coluna,168,354,-0.083594,1.269531,0.000000
cena,40.0,10.0,coluna,168,355,-0.083594,1.277344,0.000000
cena,40.0,10.0,coluna,168,356,-0.083594,1.285156,0.000000
cena,40.0,10.0,coluna,168,357,-0.083594,1.292969,0.000000
cena,40.0,10.0,coluna,168,358,-0.083594,1.300781,0.000000
cena,40.0,10.0,coluna,168,359,-0.083594,1.308594,0.000000
cena,40.0,10.0,coluna,168,360,-0.083594,1.316406,0.000000
cena,40.0,10.0,coluna,168,361,-0.083594,1.324219,0.000000
cena,40.0,10.0,coluna,168,362,-0.083594,1.332031,0.000000
cena,40.0,10.0,coluna,168,363,-0.083594,1.339844,0.000000
cena,40.0,10.0,coluna,168,364,-0.083594,1.347656,0.000000
cena,40.0,10.0,coluna,168,365,-0.083594,1.355469,0.000000
cena,40.0,10.0,coluna,168,366,-0.083594,1.363281,0.000000
cena,40.0,10.0,coluna,168,367,-0.083594,1.371094,0.000000
cena,40.0,10.0,coluna,168,368,-0.083594,1.378906,0.000000
cena,40.0,10.0,coluna,168,369,-0.083594,1.386719,0.000000
cena,40.0,10.0,coluna,168,370,-0.083594,1.394531,0.000000
cena,40.0,10.0,coluna,168,371,-0.083594,1.402344,0.000000
cena,40.0,10.0,coluna,168,372,-0.083594,1.410156,0.000000
cena,40.0,10.0,coluna,168,373,-0.083594,1.417969,0.000000
cena,40.0,10.0,coluna,168,374,-0.083594,1.425781,0.000000
cena,40.0,10.0,coluna,168,375,-0.083594,1.433594,0.000000
cena,40.0,10.0,coluna,168,376,-0.083594,1.441406,0.000000
cena,40.0,10.0,coluna,168,377,-0.083594,1.449219,0.000000
cena,40.0,10.0,coluna,168,378,-0.083594,1.457031,0.000000
cena,40.0,10.0,coluna,168,379,-0.083594,1.464844,0.000000
cena,40.0,10.0,coluna,168,380,-0.083594,1.472656,0.000000
cena,40.0,10.0,coluna,168,381,-0.083594,1.480469,0.000000
cena,40.0,10.0,coluna,168,382,-0.083594,1.488281,0.000000
cena,40.0,10.0,coluna,168,383,-0.083594,1.496094,0.000000
perto,40.0,1.0,coluna,96,0,0.825130,-0.249870,0.000000
perto,40.0,1.0,coluna,96,1,0.825130,-0.249609,0.000000
perto,40.0,1.0,coluna,96,2,0.825130,-0.249349,0.000000
perto,40.0,1.0,coluna,96,3,0.825130,-0.249089,0.000000
perto,40.0,1.0,coluna,96,4,0.825130,-0.248828,0.000000
perto,40.0,1.0,coluna,96,5,0.825130,-0.248568,0.000000
perto,40.0,1.0,coluna,96,6,0.825130,-0.248307,0.000000
perto,40.0,1.0,coluna,96,7,0.825130,-0.248047,0.000000
perto,40.0,1.0,coluna,96,8,0.825130,-0.247786,0.000000
perto,40.0,1.0,coluna,96,9,0.825130,-0.247526,0.000000
perto,40.0,1.0,coluna,96,10,0.825130,-0.247266,0.000000
perto,40.0,1.0,coluna,96,11,0.825130,-0.247005,0.000000
perto,40.0,1.0,coluna,96,12,0.825130,-0.246745,0.000000
perto,40.0,1.0,coluna,96,13,0.825130,-0.246484,0.000000
perto,40.0,1.0,coluna,96,14,0.825130,-0.246224,0.000000
perto,40.0,1.0,coluna,96,15,0.825130,-0.245964,0.000000
perto,40.0,1.0,coluna,96,16,0.825130,-0.245703,0.000000
perto,40.0,1.0,coluna,96,17,0.825130,-0.245443,0.000000
perto,40.0,1.0,coluna,96,18,0.825130,-0.245182,0.000000
perto,40.0,1.0,coluna,96,19,0.825130,-0.244922,0.000000
perto,40.0,1.0,coluna,96,20,0.825130,-0.244661,0.000000
perto,40.0,1.0,coluna,96,21,0.825130,-0.244401,0.000000
perto,40.0,1.0,coluna,96,22,0.825130,-0.244141,0.000000
perto,40.0,1.0,coluna,96,23,0.825130,-0.243880,0.000000
perto,40.0,1.0,coluna,96,24,0.825130,-0.243620,0.000000
perto,40.0,1.0,coluna,96,25,0.825130,-0.243359,0.000000
perto,40.0,1.0,coluna,96,26,0.825130,-0.243099,0.000000
perto,40.0,1.0,coluna,96,27,0.825130,-0.242839,0.000000
perto,40.0,1.0,coluna,96,28,0.825130,-0.242578,0.000000
perto,40.0,1.0,coluna,96,29,0.825130,-0.242318,0.000000
perto,40.0,1.0,coluna,96,30,0.825130,-0.242057,0.000000
perto,40.0,1.0,coluna,96,31,0.825130,-0.241797,0.000000
perto,40.0,1.0,coluna,96,32,0.825130,-0.241536,0.000000
perto,40.0,1.0,coluna,96,33,0.825130,-0.241276,0.000000
perto,40.0,1.0,coluna,96,34,0.825130,-0.241016,0.000000
perto,40.0,1.0,coluna,96,35,0.825130,-0.240755,0.000000
perto,40.0,1.0,coluna,96,36,0.825130,-0.240495,0.000000
perto,40.0,1.0,coluna,96,37,0.825130,-0.240234,0.000000
perto,40.0,1.0,coluna,96,38,0.825130,-0.239974,0.000000
perto,40.0,1.0,coluna,96,39,0.825130,-0.239714,0.000000
perto,40.0,1.0,coluna,96,40,0.825130,-0.239453,0.000000
perto,40.0,1.0,coluna,96,41,0.825130,-0.239193,0.000000
perto,40.0,1.0,coluna,96,42,0.825130,-0.238932,0.000000
perto,40.0,1.0,coluna,96,43,0.825130,-0.238672,0.000000
perto,40.0,1.0,coluna,96,44,0.825130,-0.238411,0.000000
perto,40.0,1.0,coluna,96,45,0.825130,-0.238151,0.000000
perto,40.0,1.0,coluna,96,46,0.825130,-0.237891,0.000000
perto,40.0,1.0,coluna,96,47,0.825130,-0.237630,0.000000
perto,40.0,1.0,coluna,96,48,0.825130,-0.237370,0.000000
perto,40.0,1.0,coluna,96,49,0.825130,-0.237109,0.000000
perto,40.0,1.0,coluna,96,50,0.825130,-0.236849,0.000000
perto,40.0,1.0,coluna,96,51,0.825130,-0.236589,0.000000
perto,40.0,1.0,coluna,96,52,0.825130,-0.236328,0.000000
perto,40.0,1.0,coluna,96,53,0.825130,-0.236068,0.000000
perto,40.0,1.0,coluna,96,54,0.825130,-0.235807,0.000000
perto,40.0,1.0,coluna,96,55,0.825130,-0.235547,0.000000
perto,40.0,1.0,coluna,96,56,0.825130,-0.235286,0.000000
perto,40.0,1.0,coluna,96,57,0.825130,-0.235026,0.000000
perto,40.0,1.0,coluna,96,58,0.825130,-0.234766,0.000000
perto,40.0,1.0,coluna,96,59,0.825130,-0.234505,0.000000
perto,40.0,1.0,coluna,96,60,0.825130,-0.234245,0.000000
perto,40.0,1.0,coluna,96,61,0.825130,-0.233984,0.000000
perto,40.0,1.0,coluna,96,62,0.825130,-0.233724,0.000000
perto,40.0,1.0,coluna,96,63,0.825130,-0.233464,0.000000
perto,40.0,1.0,coluna,96,64,0.825130,-0.233203,0.000000
perto,40.0,1.0,coluna,96,65,0.825130,-0.232943,0.000000
perto,40.0,1.0,coluna,96,66,0.825130,-0.232682,0.000000
perto,40.0,1.0,coluna,96,67,0.825130,-0.232422,0.000000
perto,40.0,1.0,coluna,96,68,0.825130,-0.232161,0.000000
perto,40.0,1.0,coluna,96,69,0.825130,-0.231901,0.000000
perto,40.0,1.0,coluna,96,70,0.825130,-0.231641,0.000000
perto,40.0,1.0,coluna,96,71,0.825130,-0.231380,0.000000
perto,40.0,1.0,coluna,96,72,0.825130,-0.231120,0.000000
perto,40.0,1.0,coluna,96,73,0.825130,-0.230859,0.000000
perto,40.0,1.0,coluna,96,74,0.825130,-0.230599,0.000000
perto,40.0,1.0,coluna,96,75,0.825130,-0.230339,0.000000
perto,40.0,1.0,coluna,96,76,0.825130,-0.230078,0.000000
perto,40.0,1.0,coluna,96,77,0.825130,-0.229818,0.000000
perto,40.0,1.0,coluna,96,78,0.825130,-0.229557,0.000000
perto,40.0,1.0,coluna,96,79,0.825130,-0.229297,0.000000
perto,40.0,1.0,coluna,96,80,0.825130,-0.229036,0.000000
perto,40.0,1.0,coluna,96,81,0.825130,-0.228776,0.000000
perto,40.0,1.0,coluna,96,82,0.825130,-0.228516,0.000000
perto,40.0,1.0,coluna,96,83,0.825130,-0.228255,0.000000
perto,40.0,1.0,coluna,96,84,0.825130,-0.227995,0.000000
perto,40.0,1.0,coluna,96,85,0.825130,-0.227734,0.000000
perto,40.0,1.0,coluna,96,86,0.825130,-0.227474,0.000000
perto,40.0,1.0,coluna,96,87,0.825130,-0.227214,0.000000
perto,40.0,1.0,coluna,96,88,0.825130,-0.226953,0.000000
perto,40.0,1.0,coluna,96,89,0.825130,-0.226693,0.000000
perto,40.0,1.0,coluna,96,90,0.825130,-0.226432,0.000000
perto,40.0,1.0,coluna,96,91,0.825130,-0.226172,0.000000
perto,40.0,1.0,coluna,96,92,0.825130,-0.225911,0.000000
perto,40.0,1.0,coluna,96,93,0.825130,-0.225651,0.000000
perto,40.0,1.0,coluna,96,94,0.825130,-0.225391,0.000000
perto,40.0,1.0,coluna,96,95,0.825130,-0.225130,0.000000
perto,40.0,1.0,coluna,96,96,0.825130,-0.224870,0.000000
perto,40.0,1.0,coluna,96,97,0.825130,-0.224609,0.000000
perto,40.0,1.0,coluna,96,98,0.825130,-0.224349,0.000000
perto,40.0,1.0,coluna,96,99,0.825130,-0.224089,0.000000
perto,40.0,1.0,coluna,96,100,0.825130,-0.223828,0.000000
perto,40.0,1.0,coluna,96,101,0.825130,-0.223568,0.000000
perto,40.0,1.0,coluna,96,102,0.825130,-0.223307,0.000000
perto,40.0,1.0,coluna,96,103,0.825130,-0.223047,0.000000
perto,40.0,1.0,coluna,96,104,0.825130,-0.222786,0.000000
perto,40.0,1.0,coluna,96,105,0.825130,-0.222526,0.000000
perto,40.0,1.0,coluna,96,106,0.825130,-0.222266,0.000000
perto,40.0,1.0,coluna,96,107,0.825130,-0.222005,0.000000
perto,40.0,1.0,coluna,96,108,0.825130,-0.221745,0.000000
perto,40.0,1.0,coluna,96,109,0.825130,-0.221484,0.000000
perto,40.0,1.0,coluna,96,110,0.825130,-0.221224,0.000000
perto,40.0,1.0,coluna,96,111,0.825130,-0.220964,0.000000
perto,40.0,1.0,coluna,96,112,0.825130,-0.220703,0.000000
perto,40.0,1.0,coluna,96,113,0.825130,-0.220443,0.000000
perto,40.0,1.0,coluna,96,114,0.825130,-0.220182,0.000000
perto,40.0,1.0,coluna,96,115,0.825130,-0.219922,0.000000
perto,40.0,1.0,coluna,96,116,0.825130,-0.219661,0.000000
perto,40.0,1.0,coluna,96,117,0.825130,-0.219401,0.000000
perto,40.0,1.0,coluna,96,118,0.825130,-0.219141,0.000000
perto,40.0,1.0,coluna,96,119,0.825130,-0.218880,0.000000
perto,40.0,1.0,coluna,96,120,0.825130,-0.218620,0.000000
perto,40.0,1.0,coluna,96,121,0.825130,-0.218359,0.000000
perto,40.0,1.0,coluna,96,122,0.825130,-0.218099,0.000000
perto,40.0,1.0,coluna,96,123,0.825130,-0.217839,0.000000
perto,40.0,1.0,coluna,96,124,0.825130,-0.217578,0.000000
perto,40.0,1.0,coluna,96,125,0.825130,-0.217318,0.000000
perto,40.0,1.0,coluna,96,126,0.825130,-0.217057,0.000000
perto,40.0,1.0,coluna,96,127,0.825130,-0.216797,0.000000
perto,40.0,1.0,coluna,96,128,0.825130,-0.216536,0.000000
perto,40.0,1.0,coluna,96,129,0.825130,-0.216276,0.000000
perto,40.0,1.0,coluna,96,130,0.825130,-0.216016,0.000000
perto,40.0,1.0,coluna,96,131,0.825130,-0.215755,0.000000
perto,40.0,1.0,coluna,96,132,0.825130,-0.215495,0.000000
perto,40.0,1.0,coluna,96,133,0.825130,-0.215234,0.000000
perto,40.0,1.0,coluna,96,134,0.825130,-0.214974,0.000000
perto,40.0,1.0,coluna,96,135,0.825130,-0.214714,0.000000
perto,40.0,1.0,coluna,96,136,0.825130,-0.214453,0.000000
perto,40.0,1.0,coluna,96,137,0.825130,-0.214193,0.000000
perto,40.0,1.0,coluna,96,138,0.825130,-0.213932,0.000000
perto,40.0,1.0,coluna,96,139,0.825130,-0.213672,0.000000
perto,40.0,1.0,coluna,96,140,0.825130,-0.213411,0.000000
perto,40.0,1.0,coluna,96,141,0.825130,-0.213151,0.000000
perto,40.0,1.0,coluna,96,142,0.825130,-0.212891,0.000000
perto,40.0,1.0,coluna,96,143,0.825130,-0.212630,0.000000
perto,40.0,1.0,coluna,96,144,0.825130,-0.212370,0.000000
perto,40.0,1.0,coluna,96,145,0.825130,-0.212109,0.000000
perto,40.0,1.0,coluna,96,146,0.825130,-0.211849,0.000000
perto,40.0,1.0,coluna,96,147,0.825130,-0.211589,0.000000
perto,40.0,1.0,coluna,96,148,0.825130,-0.211328,0.000000
perto,40.0,1.0,coluna,96,149,0.825130,-0.211068,0.000000
perto,40.0,1.0,coluna,96,150,0.825130,-0.210807,0.000000
perto,40.0,1.0,coluna,96,151,0.825130,-0.210547,0.000000
perto,40.0,1.0,coluna,96,152,0.825130,-0.210286,0.000000
perto,40.0,1.0,coluna,96,153,0.825130,-0.210026,0.000000
perto,40.0,1.0,coluna,96,154,0.825130,-0.209766,0.000000
perto,40.0,1.0,coluna,96,155,0.825130,-0.209505,0.001957
perto,40.0,1.0,coluna,96,156,0.825130,-0.209245,0.005870
perto,40.0,1.0,coluna,96,157,0.825130,-0.208984,0.009775
perto,40.0,1.0,coluna,96,158,0.825130,-0.208724,0.017572
perto,40.0,1.0,coluna,96,159,0.825130,-0.208464,0.029308
perto,40.0,1.0,coluna,96,160,0.825130,-0.208203,0.035139
perto,40.0,1.0,coluna,96,161,0.825130,-0.207943,0.046881
perto,40.0,1.0,coluna,96,162,0.825130,-0.207682,0.052772
perto,40.0,1.0,coluna,96,163,0.825130,-0.207422,0.068376
perto,40.0,1.0,coluna,96,164,0.825130,-0.207161,0.080140
perto,40.0,1.0,coluna,96,165,0.825130,-0.206901,0.089826
perto,40.0,1.0,coluna,96,166,0.825130,-0.206641,0.099642
perto,40.0,1.0,coluna,96,167,0.825130,-0.206380,0.113351
perto,40.0,1.0,coluna,96,168,0.825130,-0.206120,0.126992
perto,40.0,1.0,coluna,96,169,0.825130,-0.205859,0.138652
perto,40.0,1.0,coluna,96,170,0.825130,-0.205599,0.150366
perto,40.0,1.0,coluna,96,171,0.825130,-0.205339,0.169919
perto,40.0,1.0,coluna,96,172,0.825130,-0.205078,0.183596
perto,40.0,1.0,coluna,96,173,0.825130,-0.204818,0.193387
perto,40.0,1.0,coluna,96,174,0.825130,-0.204557,0.216831
perto,40.0,1.0,coluna,96,175,0.825130,-0.204297,0.228534
perto,40.0,1.0,coluna,96,176,0.825130,-0.204036,0.244218
perto,40.0,1.0,coluna,96,177,0.825130,-0.203776,0.261773
perto,40.0,1.0,coluna,96,178,0.825130,-0.203516,0.269546
perto,40.0,1.0,coluna,96,179,0.825130,-0.203255,0.287123
perto,40.0,1.0,coluna,96,180,0.825130,-0.202995,0.308713
perto,40.0,1.0,coluna,96,181,0.825130,-0.202734,0.324245
perto,40.0,1.0,coluna,96,182,0.825130,-0.202474,0.341833
perto,40.0,1.0,coluna,96,183,0.825130,-0.202214,0.349641
perto,40.0,1.0,coluna,96,184,0.825130,-0.201953,0.371107
perto,40.0,1.0,coluna,96,185,0.825130,-0.201693,0.396516
perto,40.0,1.0,coluna,96,186,0.825130,-0.201432,0.402257
perto,40.0,1.0,coluna,96,187,0.825130,-0.201172,0.423756
perto,40.0,1.0,coluna,96,188,0.825130,-0.200911,0.439419
perto,40.0,1.0,coluna,96,189,0.825130,-0.200651,0.458993
perto,40.0,1.0,coluna,96,190,0.825130,-0.200391,0.478460
perto,40.0,1.0,coluna,96,191,0.825130,-0.200130,0.492160
perto,40.0,1.0,coluna,96,192,0.825130,-0.199870,0.644549
perto,40.0,1.0,coluna,96,193,0.825130,-0.199609,0.900360
perto,40.0,1.0,coluna,96,194,0.825130,-0.199349,1.000000
perto,40.0,1.0,coluna,96,195,0.825130,-0.199089,1.000000
perto,40.0,1.0,coluna,96,196,0.825130,-0.198828,1.000000
perto,40.0,1.0,coluna,96,197,0.825130,-0.198568,1.000000
perto,40.0,1.0,coluna,96,198,0.825130,-0.198307,1.000000
perto,40.0,1.0,coluna,96,199,0.825130,-0.198047,1.000000
perto,40.0,1.0,coluna,96,200,0.825130,-0.197786,1.000000
perto,40.0,1.0,coluna,96,201,0.825130,-0.197526,1.000000
perto,40.0,1.0,coluna,96,202,0.825130,-0.197266,1.000000
perto,40.0,1.0,coluna,96,203,0.825130,-0.197005,1.000000
perto,40.0,1.0,coluna,96,204,0.825130,-0.196745,1.000000
perto,40.0,1.0,coluna,96,205,0.825130,-0.196484,1.000000
perto,40.0,1.0,coluna,96,206,0.825130,-0.196224,1.000000
perto,40.0,1.0,coluna,96,207,0.825130,-0.195964,1.000000
perto,40.0,1.0,coluna,96,208,0.825130,-0.195703,1.000000
perto,40.0,1.0,coluna,96,209,0.825130,-0.195443,1.000000
perto,40.0,1.0,coluna,96,210,0.825130,-0.195182,1.000000
perto,40.0,1.0,coluna,96,211,0.825130,-0.194922,1.000000
perto,40.0,1.0,coluna,96,212,0.825130,-0.194661,1.000000
perto,40.0,1.0,coluna,96,213,0.825130,-0.194401,1.000000
perto,40.0,1.0,coluna,96,214,0.825130,-0.194141,1.000000
perto,40.0,1.0,coluna,96,215,0.825130,-0.193880,1.000000
perto,40.0,1.0,coluna,96,216,0.825130,-0.193620,1.000000
perto,40.0,1.0,coluna,96,217,0.825130,-0.193359,1.000000
perto,40.0,1.0,coluna,96,218,0.825130,-0.193099,1.000000
perto,40.0,1.0,coluna,96,219,0.825130,-0.192839,1.000000
perto,40.0,1.0,coluna,96,220,0.825130,-0.192578,1.000000
perto,40.0,1.0,coluna,96,221,0.825130,-0.192318,1.000000
perto,40.0,1.0,coluna,96,222,0.825130,-0.192057,1.000000
perto,40.0,1.0,coluna,96,223,0.825130,-0.191797,1.000000
perto,40.0,1.0,coluna,96,224,0.825130,-0.191536,1.000000
perto,40.0,1.0,coluna,96,225,0.825130,-0.191276,1.000000
perto,40.0,1.0,coluna,96,226,0.825130,-0.191016,1.000000
perto,40.0,1.0,coluna,96,227,0.825130,-0.190755,1.000000
perto,40.0,1.0,coluna,96,228,0.825130,-0.190495,1.000000
perto,40.0,1.0,coluna,96,229,0.825130,-0.190234,1.000000
perto,40.0,1.0,coluna,96,230,0.825130,-0.189974,1.000000
perto,40.0,1.0,coluna,96,231,0.825130,-0.189714,1.000000
perto,40.0,1.0,coluna,96,232,0.825130,-0.189453,1.000000
perto,40.0,1.0,coluna,96,233,0.825130,-0.189193,1.000000
perto,40.0,1.0,coluna,96,234,0.825130,-0.188932,1.000000
perto,40.0,1.0,coluna,96,235,0.825130,-0.188672,1.000000
perto,40.0,1.0,coluna,96,236,0.825130,-0.188411,1.000000
perto,40.0,1.0,coluna,96,237,0.825130,-0.188151,1.000000
perto,40.0,1.0,coluna,96,238,0.825130,-0.187891,1.000000
perto,40.0,1.0,coluna,96,239,0.825130,-0.187630,1.000000
perto,40.0,1.0,coluna,96,240,0.825130,-0.187370,1.000000
perto,40.0,1.0,coluna,96,241,0.825130,-0.187109,1.000000
perto,40.0,1.0,coluna,96,242,0.825130,-0.186849,1.000000
perto,40.0,1.0,coluna,96,243,0.825130,-0.186589,1.000000
perto,40.0,1.0,coluna,96,244,0.825130,-0.186328,1.000000
perto,40.0,1.0,coluna,96,245,0.825130,-0.186068,1.000000
perto,40.0,1.0,coluna,96,246,0.825130,-0.185807,1.000000
perto,40.0,1.0,coluna,96,247,0.825130,-0.185547,1.000000
perto,40.0,1.0,coluna,96,248,0.825130,-0.185286,1.000000
perto,40.0,1.0,coluna,96,249,0.825130,-0.185026,1.000000
perto,40.0,1.0,coluna,96,250,0.825130,-0.184766,1.000000
perto,40.0,1.0,coluna,96,251,0.825130,-0.184505,1.000000
perto,40.0,1.0,coluna,96,252,0.825130,-0.184245,1.000000
perto,40.0,1.0,coluna,96,253,0.825130,-0.183984,1.000000
perto,40.0,1.0,coluna,96,254,0.825130,-0.183724,1.000000
perto,40.0,1.0,coluna,96,255,0.825130,-0.183464,1.000000
perto,40.0,1.0,coluna,96,256,0.825130,-0.183203,1.000000
perto,40.0,1.0,coluna,96,257,0.825130,-0.182943,1.000000
perto,40.0,1.0,coluna,96,258,0.825130,-0.182682,1.000000
perto,40.0,1.0,coluna,96,259,0.825130,-0.182422,1.000000
perto,40.0,1.0,coluna,96,260,0.825130,-0.182161,1.000000
perto,40.0,1.0,coluna,96,261,0.825130,-0.181901,1.000000
perto,40.0,1.0,coluna,96,262,0.825130,-0.181641,1.000000
perto,40.0,1.0,coluna,96,263,0.825130,-0.181380,1.000000
perto,40.0,1.0,coluna,96,264,0.825130,-0.181120,1.000000
perto,40.0,1.0,coluna,96,265,0.825130,-0.180859,1.000000
perto,40.0,1.0,coluna,96,266,0.825130,-0.180599,1.000000
perto,40.0,1.0,coluna,96,267,0.825130,-0.180339,1.000000
perto,40.0,1.0,coluna,96,268,0.825130,-0.180078,1.000000
perto,40.0,1.0,coluna,96,269,0.825130,-0.179818,1.000000
perto,40.0,1.0,coluna,96,270,0.825130,-0.179557,1.000000
perto,40.0,1.0,coluna,96,271,0.825130,-0.179297,1.000000
perto,40.0,1.0,coluna,96,272,0.825130,-0.179036,1.000000
perto,40.0,1.0,coluna,96,273,0.825130,-0.178776,1.000000
perto,40.0,1.0,coluna,96,274,0.825130,-0.178516,1.000000
perto,40.0,1.0,coluna,96,275,0.825130,-0.178255,1.000000
perto,40.0,1.0,coluna,96,276,0.825130,-0.177995,1.000000
perto,40.0,1.0,coluna,96,277,0.825130,-0.177734,1.000000
perto,40.0,1.0,coluna,96,278,0.825130,-0.177474,1.000000
perto,40.0,1.0,coluna,96,279,0.825130,-0.177214,1.000000
perto,40.0,1.0,coluna,96,280,0.825130,-0.176953,1.000000
perto,40.0,1.0,coluna,96,281,0.825130,-0.176693,1.000000
perto,40.0,1.0,coluna,96,282,0.825130,-0.176432,1.000000
perto,40.0,1.0,coluna,96,283,0.825130,-0.176172,1.000000
perto,40.0,1.0,coluna,96,284,0.825130,-0.175911,1.000000
perto,40.0,1.0,coluna,96,285,0.825130,-0.175651,1.000000
perto,40.0,1.0,coluna,96,286,0.825130,-0.175391,1.000000
perto,40.0,1.0,coluna,96,287,0.825130,-0.175130,1.000000
perto,40.0,1.0,coluna,96,288,0.825130,-0.174870,1.000000
perto,40.0,1.0,coluna,96,289,0.825130,-0.174609,1.000000
perto,40.0,1.0,coluna,96,290,0.825130,-0.174349,1.000000
perto,40.0,1.0,coluna,96,291,0.825130,-0.174089,1.000000
perto,40.0,1.0,coluna,96,292,0.825130,-0.173828,1.000000
perto,40.0,1.0,coluna,96,293,0.825130,-0.173568,1.000000
perto,40.0,1.0,coluna,96,294,0.825130,-0.173307,1.000000
perto,40.0,1.0,coluna,96,295,0.825130,-0.173047,1.000000
perto,40.0,1.0,coluna,96,296,0.825130,-0.172786,1.000000
perto,40.0,1.0,coluna,96,297,0.825130,-0.172526,1.000000
perto,40.0,1.0,coluna,96,298,0.825130,-0.172266,1.000000
perto,40.0,1.0,coluna,96,299,0.825130,-0.172005,1.000000
perto,40.0,1.0,coluna,96,300,0.825130,-0.171745,1.000000
perto,40.0,1.0,coluna,96,301,0.825130,-0.171484,1.000000
perto,40.0,1.0,coluna,96,302,0.825130,-0.171224,1.000000
perto,40.0,1.0,coluna,96,303,0.825130,-0.170964,1.000000
perto,40.0,1.0,coluna,96,304,0.825130,-0.170703,1.000000
perto,40.0,1.0,coluna,96,305,0.825130,-0.170443,1.000000
perto,40.0,1.0,coluna,96,306,0.825130,-0.170182,1.000000
perto,40.0,1.0,coluna,96,307,0.825130,-0.169922,1.000000
perto,40.0,1.0,coluna,96,308,0.825130,-0.169661,1.000000
perto,40.0,1.0,coluna,96,309,0.825130,-0.169401,1.000000
perto,40.0,1.0,coluna,96,310,0.825130,-0.169141,1.000000
perto,40.0,1.0,coluna,96,311,0.825130,-0.168880,1.000000
perto,40.0,1.0,coluna,96,312,0.825130,-0.168620,1.000000
perto,40.0,1.0,coluna,96,313,0.825130,-0.168359,1.000000
perto,40.0,1.0,coluna,96,314,0.825130,-0.168099,1.000000
perto,40.0,1.0,coluna,96,315,0.825130,-0.167839,1.000000
perto,40.0,1.0,coluna,96,316,0.825130,-0.167578,1.000000
perto,40.0,1.0,coluna,96,317,0.825130,-0.167318,1.000000
perto,40.0,1.0,coluna,96,318,0.825130,-0.167057,1.000000
perto,40.0,1.0,coluna,96,319,0.825130,-0.166797,1.000000
perto,40.0,1.0,coluna,96,320,0.825130,-0.166536,1.000000
perto,40.0,1.0,coluna,96,321,0.825130,-0.166276,1.000000
perto,40.0,1.0,coluna,96,322,0.825130,-0.166016,1.000000
perto,40.0,1.0,coluna,96,323,0.825130,-0.165755,1.000000
perto,40.0,1.0,coluna,96,324,0.825130,-0.165495,1.000000
perto,40.0,1.0,coluna,96,325,0.825130,-0.165234,1.000000
perto,40.0,1.0,coluna,96,326,0.825130,-0.164974,1.000000
perto,40.0,1.0,coluna,96,327,0.825130,-0.164714,1.000000
perto,40.0,1.0,coluna,96,328,0.825130,-0.164453,1.000000
perto,40.0,1.0,coluna,96,329,0.825130,-0.164193,1.000000
perto,40.0,1.0,coluna,96,330,0.825130,-0.163932,1.000000
perto,40.0,1.0,coluna,96,331,0.825130,-0.163672,1.000000
perto,40.0,1.0,coluna,96,332,0.825130,-0.163411,1.000000
perto,40.0,1.0,coluna,96,333,0.825130,-0.163151,1.000000
perto,40.0,1.0,coluna,96,334,0.825130,-0.162891,1.000000
perto,40.0,1.0,coluna,96,335,0.825130,-0.162630,1.000000
perto,40.0,1.0,coluna,96,336,0.825130,-0.162370,1.000000
perto,40.0,1.0,coluna,96,337,0.825130,-0.162109,1.000000
perto,40.0,1.0,coluna,96,338,0.825130,-0.161849,1.000000
perto,40.0,1.0,coluna,96,339,0.825130,-0.161589,1.000000
perto,40.0,1.0,coluna,96,340,0.825130,-0.161328,1.000000
perto,40.0,1.0,coluna,96,341,0.825130,-0.161068,1.000000
perto,40.0,1.0,coluna,96,342,0.825130,-0.160807,1.000000
perto,40.0,1.0,coluna,96,343,0.825130,-0.160547,1.000000
perto,40.0,1.0,coluna,96,344,0.825130,-0.160286,1.000000
perto,40.0,1.0,coluna,96,345,0.825130,-0.160026,1.000000
perto,40.0,1.0,coluna,96,346,0.825130,-0.159766,1.000000
perto,40.0,1.0,coluna,96,347,0.825130,-0.159505,1.000000
perto,40.0,1.0,coluna,96,348,0.825130,-0.159245,1.000000
perto,40.0,1.0,coluna,96,349,0.825130,-0.158984,1.000000
perto,40.0,1.0,coluna,96,350,0.825130,-0.158724,1.000000
perto,40.0,1.0,coluna,96,351,0.825130,-0.158464,1.000000
perto,40.0,1.0,coluna,96,352,0.825130,-0.158203,1.000000
perto,40.0,1.0,coluna,96,353,0.825130,-0.157943,1.000000
perto,40.0,1.0,coluna,96,354,0.825130,-0.157682,1.000000
perto,40.0,1.0,coluna,96,355,0.825130,-0.157422,1.000000
perto,40.0,1.0,coluna,96,356,0.825130,-0.157161,1.000000
perto,40.0,1.0,coluna,96,357,0.825130,-0.156901,1.000000
perto,40.0,1.0,coluna,96,358,0.825130,-0.156641,1.000000
perto,40.0,1.0,coluna,96,359,0.825130,-0.156380,1.000000
perto,40.0,1.0,coluna,96,360,0.825130,-0.156120,1.000000
perto,40.0,1.0,coluna,96,361,0.825130,-0.155859,1.000000
perto,40.0,1.0,coluna,96,362,0.825130,-0.155599,1.000000
perto,40.0,1.0,coluna,96,363,0.825130,-0.155339,1.000000
perto,40.0,1.0,coluna,96,364,0.825130,-0.155078,1.000000
perto,40.0,1.0,coluna,96,365,0.825130,-0.154818,1.000000
perto,40.0,1.0,coluna,96,366,0.825130,-0.154557,1.000000
perto,40.0,1.0,coluna,96,367,0.825130,-0.154297,1.000000
perto,40.0,1.0,coluna,96,368,0.825130,-0.154036,1.000000
perto,40.0,1.0,coluna,96,369,0.825130,-0.153776,1.000000
perto,40.0,1.0,coluna,96,370,0.825130,-0.153516,1.000000
perto,40.0,1.0,coluna,96,371,0.825130,-0.153255,1.000000
perto,40.0,1.0,coluna,96,372,0.825130,-0.152995,1.000000
perto,40.0,1.0,coluna,96,373,0.825130,-0.152734,1.000000
perto,40.0,1.0,coluna,96,374,0.825130,-0.152474,1.000000
perto,40.0,1.0,coluna,96,375,0.825130,-0.152214,1.000000
perto,40.0,1.0,coluna,96,376,0.825130,-0.151953,1.000000
perto,40.0,1.0,coluna,96,377,0.825130,-0.151693,1.000000
perto,40.0,1.0,coluna,96,378,0.825130,-0.151432,1.000000
perto,40.0,1.0,coluna,96,379,0.825130,-0.151172,1.000000
perto,40.0,1.0,coluna,96,380,0.825130,-0.150911,1.000000
perto,40.0,1.0,coluna,96,381,0.825130,-0.150651,1.000000
perto,40.0,1.0,coluna,96,382,0.825130,-0.150391,1.000000
perto,40.0,1.0,coluna,96,383,0.825130,-0.150130,1.000000
perto,40.0,1.0,coluna,192,0,0.850130,-0.249870,0.000000
perto,40.0,1.0,coluna,192,1,0.850130,-0.249609,0.000000
perto,40.0,1.0,coluna,192,2,0.850130,-0.249349,0.000000
perto,40.0,1.0,coluna,192,3,0.850130,-0.249089,0.000000
perto,40.0,1.0,coluna,192,4,0.850130,-0.248828,0.000000
perto,40.0,1.0,coluna,192,5,0.850130,-0.248568,0.000000
perto,40.0,1.0,coluna,192,6,0.850130,-0.248307,0.000000
perto,40.0,1.0,coluna,192,7,0.850130,-0.248047,0.000000
perto,40.0,1.0,coluna,192,8,0.850130,-0.247786,0.000000
perto,40.0,1.0,coluna,192,9,0.850130,-0.247526,0.000000
perto,40.0,1.0,coluna,192,10,0.850130,-0.247266,0.000000
perto,40.0,1.0,coluna,192,11,0.850130,-0.247005,0.000000
perto,40.0,1.0,coluna,192,12,0.850130,-0.246745,0.000000
perto,40.0,1.0,coluna,192,13,0.850130,-0.246484,0.000000
perto,40.0,1.0,coluna,192,14,0.850130,-0.246224,0.000000
perto,40.0,1.0,coluna,192,15,0.850130,-0.245964,0.000000
perto,40.0,1.0,coluna,192,16,0.850130,-0.245703,0.000000
perto,40.0,1.0,coluna,192,17,0.850130,-0.245443,0.000000
perto,40.0,1.0,coluna,192,18,0.850130,-0.245182,0.000000
perto,40.0,1.0,coluna,192,19,0.850130,-0.244922,0.000000
perto,40.0,1.0,coluna,192,20,0.850130,-0.244661,0.000000
perto,40.0,1.0,coluna,192,21,0.850130,-0.244401,0.000000
perto,40.0,1.0,coluna,192,22,0.850130,-0.244141,0.000000
perto,40.0,1.0,coluna,192,23,0.850130,-0.243880,0.000000
perto,40.0,1.0,coluna,192,24,0.850130,-0.243620,0.000000
perto,40.0,1.0,coluna,192,25,0.850130,-0.243359,0.000000
perto,40.0,1.0,coluna,192,26,0.850130,-0.243099,0.000000
perto,40.0,1.0,coluna,192,27,0.850130,-0.242839,0.000000
perto,40.0,1.0,coluna,192,28,0.850130,-0.242578,0.000000
perto,40.0,1.0,coluna,192,29,0.850130,-0.242318,0.000000
perto,40.0,1.0,coluna,192,30,0.850130,-0.242057,0.000000
perto,40.0,1.0,coluna,192,31,0.850130,-0.241797,0.000000
perto,40.0,1.0,coluna,192,32,0.850130,-0.241536,0.000000
perto,40.0,1.0,coluna,192,33,0.850130,-0.241276,0.000000
perto,40.0,1.0,coluna,192,34,0.850130,-0.241016,0.000000
perto,40.0,1.0,coluna,192,35,0.850130,-0.240755,0.000000
perto,40.0,1.0,coluna,192,36,0.850130,-0.240495,0.000000
perto,40.0,1.0,coluna,192,37,0.850130,-0.240234,0.000000
perto,40.0,1.0,coluna,192,38,0.850130,-0.239974,0.000000
perto,40.0,1.0,coluna,192,39,0.850130,-0.239714,0.000000
perto,40.0,1.0,coluna,192,40,0.850130,-0.239453,0.000000
perto,40.0,1.0,coluna,192,41,0.850130,-0.239193,0.000000
perto,40.0,1.0,coluna,192,42,0.850130,-0.238932,0.000000
perto,40.0,1.0,coluna,192,43,0.850130,-0.238672,0.000000
perto,40.0,1.0,coluna,192,44,0.850130,-0.238411,0.000000
perto,40.0,1.0,coluna,192,45,0.850130,-0.238151,0.000000
perto,40.0,1.0,coluna,192,46,0.850130,-0.237891,0.000000
perto,40.0,1.0,coluna,192,47,0.850130,-0.237630,0.000000
perto,40.0,1.0,coluna,192,48,0.850130,-0.237370,0.000000
perto,40.0,1.0,coluna,192,49,0.850130,-0.237109,0.000000
perto,40.0,1.0,coluna,192,50,0.850130,-0.236849,0.000000
perto,40.0,1.0,coluna,192,51,0.850130,-0.236589,0.000000
perto,40.0,1.0,coluna,192,52,0.850130,-0.236328,0.000000
perto,40.0,1.0,coluna,192,53,0.850130,-0.236068,0.000000
perto,40.0,1.0,coluna,192,54,0.850130,-0.235807,0.000000
perto,40.0,1.0,coluna,192,55,0.850130,-0.235547,0.000000
perto,40.0,1.0,coluna,192,56,0.850130,-0.235286,0.000000
perto,40.0,1.0,coluna,192,57,0.850130,-0.235026,0.000000
perto,40.0,1.0,coluna,192,58,0.850130,-0.234766,0.000000
perto,40.0,1.0,coluna,192,59,0.850130,-0.234505,0.000000
perto,40.0,1.0,coluna,192,60,0.850130,-0.234245,0.000000
perto,40.0,1.0,coluna,192,61,0.850130,-0.233984,0.000000
perto,40.0,1.0,coluna,192,62,0.850130,-0.233724,0.000000
perto,40.0,1.0,coluna,192,63,0.850130,-0.233464,0.000000
perto,40.0,1.0,coluna,192,64,0.850130,-0.233203,0.000000
perto,40.0,1.0,coluna,192,65,0.850130,-0.232943,0.000000
perto,40.0,1.0,coluna,192,66,0.850130,-0.232682,0.000000
perto,40.0,1.0,coluna,192,67,0.850130,-0.232422,0.000000
perto,40.0,1.0,coluna,192,68,0.850130,-0.232161,0.000000
perto,40.0,1.0,coluna,192,69,0.850130,-0.231901,0.000000
perto,40.0,1.0,coluna,192,70,0.850130,-0.231641,0.000000
perto,40.0,1.0,coluna,192,71,0.850130,-0.231380,0.000000
perto,40.0,1.0,coluna,192,72,0.850130,-0.231120,0.000000
perto,40.0,1.0,coluna,192,73,0.850130,-0.230859,0.000000
perto,40.0,1.0,coluna,192,74,0.850130,-0.230599,0.000000
perto,40.0,1.0,coluna,192,75,0.850130,-0.230339,0.000000
perto,40.0,1.0,coluna,192,76,0.850130,-0.230078,0.000000
perto,40.0,1.0,coluna,192,77,0.850130,-0.229818,0.000000
perto,40.0,1.0,coluna,192,78,0.850130,-0.229557,0.000000
perto,40.0,1.0,coluna,192,79,0.850130,-0.229297,0.000000
perto,40.0,1.0,coluna,192,80,0.850130,-0.229036,0.000000
perto,40.0,1.0,coluna,192,81,0.850130,-0.228776,0.000000
perto,40.0,1.0,coluna,192,82,0.850130,-0.228516,0.000000
perto,40.0,1.0,coluna,192,83,0.850130,-0.228255,0.000000
perto,40.0,1.0,coluna,192,84,0.850130,-0.227995,0.000000
perto,40.0,1.0,coluna,192,85,0.850130,-0.227734,0.000000
perto,40.0,1.0,coluna,192,86,0.850130,-0.227474,0.000000
perto,40.0,1.0,coluna,192,87,0.850130,-0.227214,0.000000
perto,40.0,1.0,coluna,192,88,0.850130,-0.226953,0.000000
perto,40.0,1.0,coluna,192,89,0.850130,-0.226693,0.000000
perto,40.0,1.0,coluna,192,90,0.850130,-0.226432,0.000000
perto,40.0,1.0,coluna,192,91,0.850130,-0.226172,0.000000
perto,40.0,1.0,coluna,192,92,0.850130,-0.225911,0.000000
perto,40.0,1.0,coluna,192,93,0.850130,-0.225651,0.000000
perto,40.0,1.0,coluna,192,94,0.850130,-0.225391,0.000000
perto,40.0,1.0,coluna,192,95,0.850130,-0.225130,0.000000
perto,40.0,1.0,coluna,192,96,0.850130,-0.224870,0.000000
perto,40.0,1.0,coluna,192,97,0.850130,-0.224609,0.000000
perto,40.0,1.0,coluna,192,98,0.850130,-0.224349,0.000000
perto,40.0,1.0,coluna,192,99,0.850130,-0.224089,0.000000
perto,40.0,1.0,coluna,192,100,0.850130,-0.223828,0.000000
perto,40.0,1.0,coluna,192,101,0.850130,-0.223568,0.000000
perto,40.0,1.0,coluna,192,102,0.850130,-0.223307,0.000000
perto,40.0,1.0,coluna,192,103,0.850130,-0.223047,0.000000
perto,40.0,1.0,coluna,192,104,0.850130,-0.222786,0.000000
perto,40.0,1.0,coluna,192,105,0.850130,-0.222526,0.000000
perto,40.0,1.0,coluna,192,106,0.850130,-0.222266,0.000000
perto,40.0,1.0,coluna,192,107,0.850130,-0.222005,0.000000
perto,40.0,1.0,coluna,192,108,0.850130,-0.221745,0.000000
perto,40.0,1.0,coluna,192,109,0.850130,-0.221484,0.000000
perto,40.0,1.0,coluna,192,110,0.850130,-0.221224,0.000000
perto,40.0,1.0,coluna,192,111,0.850130,-0.220964,0.000000
perto,40.0,1.0,coluna,192,112,0.850130,-0.220703,0.000000
perto,40.0,1.0,coluna,192,113,0.850130,-0.220443,0.000000
perto,40.0,1.0,coluna,192,114,0.850130,-0.220182,0.000000
perto,40.0,1.0,coluna,192,115,0.850130,-0.219922,0.000000
perto,40.0,1.0,coluna,192,116,0.850130,-0.219661,0.000000
perto,40.0,1.0,coluna,192,117,0.850130,-0.219401,0.000000
perto,40.0,1.0,coluna,192,118,0.850130,-0.219141,0.000000
perto,40.0,1.0,coluna,192,119,0.850130,-0.218880,0.000000
perto,40.0,1.0,coluna,192,120,0.850130,-0.218620,0.000000
perto,40.0,1.0,coluna,192,121,0.850130,-0.218359,0.000000
perto,40.0,1.0,coluna,192,122,0.850130,-0.218099,0.000000
perto,40.0,1.0,coluna,192,123,0.850130,-0.217839,0.000000
perto,40.0,1.0,coluna,192,124,0.850130,-0.217578,0.000000
perto,40.0,1.0,coluna,192,125,0.850130,-0.217318,0.000000
perto,40.0,1.0,coluna,192,126,0.850130,-0.217057,0.000000
perto,40.0,1.0,coluna,192,127,0.850130,-0.216797,0.000000
perto,40.0,1.0,coluna,192,128,0.850130,-0.216536,0.000000
perto,40.0,1.0,coluna,192,129,0.850130,-0.216276,0.000000
perto,40.0,1.0,coluna,192,130,0.850130,-0.216016,0.000000
perto,40.0,1.0,coluna,192,131,0.850130,-0.215755,0.000000
perto,40.0,1.0,coluna,192,132,0.850130,-0.215495,0.000000
perto,40.0,1.0,coluna,192,133,0.850130,-0.215234,0.000000
perto,40.0,1.0,coluna,192,134,0.850130,-0.214974,0.000000
perto,40.0,1.0,coluna,192,135,0.850130,-0.214714,0.000000
perto,40.0,1.0,coluna,192,136,0.850130,-0.214453,0.000000
perto,40.0,1.0,coluna,192,137,0.850130,-0.214193,0.000000
perto,40.0,1.0,coluna,192,138,0.850130,-0.213932,0.000000
perto,40.0,1.0,coluna,192,139,0.850130,-0.213672,0.000000
perto,40.0,1.0,coluna,192,140,0.850130,-0.213411,0.000000
perto,40.0,1.0,coluna,192,141,0.850130,-0.213151,0.000000
perto,40.0,1.0,coluna,192,142,0.850130,-0.212891,0.000000
perto,40.0,1.0,coluna,192,143,0.850130,-0.212630,0.000000
perto,40.0,1.0,coluna,192,144,0.850130,-0.212370,0.000000
perto,40.0,1.0,coluna,192,145,0.850130,-0.212109,0.000000
perto,40.0,1.0,coluna,192,146,0.850130,-0.211849,0.000000
perto,40.0,1.0,coluna,192,147,0.850130,-0.211589,0.000000
perto,40.0,1.0,coluna,192,148,0.850130,-0.211328,0.000000
perto,40.0,1.0,coluna,192,149,0.850130,-0.211068,0.000000
perto,40.0,1.0,coluna,192,150,0.850130,-0.210807,0.000000
perto,40.0,1.0,coluna,192,151,0.850130,-0.210547,0.000000
perto,40.0,1.0,coluna,192,152,0.850130,-0.210286,0.000000
perto,40.0,1.0,coluna,192,153,0.850130,-0.210026,0.001955
perto,40.0,1.0,coluna,192,154,0.850130,-0.209766,0.005863
perto,40.0,1.0,coluna,192,155,0.850130,-0.209505,0.011726
perto,40.0,1.0,coluna,192,156,0.850130,-0.209245,0.017564
perto,40.0,1.0,coluna,192,157,0.850130,-0.208984,0.021507
perto,40.0,1.0,coluna,192,158,0.850130,-0.208724,0.033220
perto,40.0,1.0,coluna,192,159,0.850130,-0.208464,0.042994
perto,40.0,1.0,coluna,192,160,0.850130,-0.208203,0.050816
perto,40.0,1.0,coluna,192,161,0.850130,-0.207943,0.062534
perto,40.0,1.0,coluna,192,162,0.850130,-0.207682,0.068380
perto,40.0,1.0,coluna,192,163,0.850130,-0.207422,0.081994
perto,40.0,1.0,coluna,192,164,0.850130,-0.207161,0.093749
perto,40.0,1.0,coluna,192,165,0.850130,-0.206901,0.109342
perto,40.0,1.0,coluna,192,166,0.850130,-0.206641,0.117280
perto,40.0,1.0,coluna,192,167,0.850130,-0.206380,0.132796
perto,40.0,1.0,coluna,192,168,0.850130,-0.206120,0.146562
perto,40.0,1.0,coluna,192,169,0.850130,-0.205859,0.152310
perto,40.0,1.0,coluna,192,170,0.850130,-0.205599,0.167979
perto,40.0,1.0,coluna,192,171,0.850130,-0.205339,0.187551
perto,40.0,1.0,coluna,192,172,0.850130,-0.205078,0.197273
perto,40.0,1.0,coluna,192,173,0.850130,-0.204818,0.214811
perto,40.0,1.0,coluna,192,174,0.850130,-0.204557,0.226588
perto,40.0,1.0,coluna,192,175,0.850130,-0.204297,0.242178
perto,40.0,1.0,coluna,192,176,0.850130,-0.204036,0.257812
perto,40.0,1.0,coluna,192,177,0.850130,-0.203776,0.271549
perto,40.0,1.0,coluna,192,178,0.850130,-0.203516,0.289093
perto,40.0,1.0,coluna,192,179,0.850130,-0.203255,0.298816
perto,40.0,1.0,coluna,192,180,0.850130,-0.202995,0.324279
perto,40.0,1.0,coluna,192,181,0.850130,-0.202734,0.332090
perto,40.0,1.0,coluna,192,182,0.850130,-0.202474,0.355479
perto,40.0,1.0,coluna,192,183,0.850130,-0.202214,0.363217
perto,40.0,1.0,coluna,192,184,0.850130,-0.201953,0.376936
perto,40.0,1.0,coluna,192,185,0.850130,-0.201693,0.396559
perto,40.0,1.0,coluna,192,186,0.850130,-0.201432,0.414094
perto,40.0,1.0,coluna,192,187,0.850130,-0.201172,0.423793
perto,40.0,1.0,coluna,192,188,0.850130,-0.200911,0.443329
perto,40.0,1.0,coluna,192,189,0.850130,-0.200651,0.461006
perto,40.0,1.0,coluna,192,190,0.850130,-0.200391,0.478459
perto,40.0,1.0,coluna,192,191,0.850130,-0.200130,0.490265
perto,40.0,1.0,coluna,192,192,0.850130,-0.199870,0.570283
perto,40.0,1.0,coluna,192,193,0.850130,-0.199609,0.712869
perto,40.0,1.0,coluna,192,194,0.850130,-0.199349,0.841847
perto,40.0,1.0,coluna,192,195,0.850130,-0.199089,0.945313
perto,40.0,1.0,coluna,192,196,0.850130,-0.198828,1.000000
perto,40.0,1.0,coluna,192,197,0.850130,-0.198568,1.000000
perto,40.0,1.0,coluna,192,198,0.850130,-0.198307,1.000000
perto,40.0,1.0,coluna,192,199,0.850130,-0.198047,1.000000
perto,40.0,1.0,coluna,192,200,0.850130,-0.197786,1.000000
perto,40.0,1.0,coluna,192,201,0.850130,-0.197526,1.000000
perto,40.0,1.0,coluna,192,202,0.850130,-0.197266,1.000000
perto,40.0,1.0,coluna,192,203,0.850130,-0.197005,1.000000
perto,40.0,1.0,coluna,192,204,0.850130,-0.196745,1.000000
perto,40.0,1.0,coluna,192,205,0.850130,-0.196484,1.000000
perto,40.0,1.0,coluna,192,206,0.850130,-0.196224,1.000000
perto,40.0,1.0,coluna,192,207,0.850130,-0.195964,1.000000
perto,40.0,1.0,coluna,192,208,0.850130,-0.195703,1.000000
perto,40.0,1.0,coluna,192,209,0.850130,-0.195443,1.000000
perto,40.0,1.0,coluna,192,210,0.850130,-0.195182,1.000000
perto,40.0,1.0,coluna,192,211,0.850130,-0.194922,1.000000
perto,40.0,1.0,coluna,192,212,0.850130,-0.194661,1.000000
perto,40.0,1.0,coluna,192,213,0.850130,-0.194401,1.000000
perto,40.0,1.0,coluna,192,214,0.850130,-0.194141,1.000000
perto,40.0,1.0,coluna,192,215,0.850130,-0.193880,1.000000
perto,40.0,1.0,coluna,192,216,0.850130,-0.193620,1.000000
perto,40.0,1.0,coluna,192,217,0.850130,-0.193359,1.000000
perto,40.0,1.0,coluna,192,218,0.850130,-0.193099,1.000000
perto,40.0,1.0,coluna,192,219,0.850130,-0.192839,1.000000
perto,40.0,1.0,coluna,192,220,0.850130,-0.192578,1.000000
perto,40.0,1.0,coluna,192,221,0.850130,-0.192318,1.000000
perto,40.0,1.0,coluna,192,222,0.850130,-0.192057,1.000000
perto,40.0,1.0,coluna,192,223,0.850130,-0.191797,1.000000
perto,40.0,1.0,coluna,192,224,0.850130,-0.191536,1.000000
perto,40.0,1.0,coluna,192,225,0.850130,-0.191276,1.000000
perto,40.0,1.0,coluna,192,226,0.850130,-0.191016,1.000000
perto,40.0,1.0,coluna,192,227,0.850130,-0.190755,1.000000
perto,40.0,1.0,coluna,192,228,0.850130,-0.190495,1.000000
perto,40.0,1.0,coluna,192,229,0.850130,-0.190234,1.000000
perto,40.0,1.0,coluna,192,230,0.850130,-0.189974,1.000000
perto,40.0,1.0,coluna,192,231,0.850130,-0.189714,1.000000
perto,40.0,1.0,coluna,192,232,0.850130,-0.189453,1.000000
perto,40.0,1.0,coluna,192,233,0.850130,-0.189193,1.000000
perto,40.0,1.0,coluna,192,234,0.850130,-0.188932,1.000000
perto,40.0,1.0,coluna,192,235,0.850130,-0.188672,1.000000
perto,40.0,1.0,coluna,192,236,0.850130,-0.188411,1.000000
perto,40.0,1.0,coluna,192,237,0.850130,-0.188151,1.000000
perto,40.0,1.0,coluna,192,238,0.850130,-0.187891,1.000000
perto,40.0,1.0,coluna,192,239,0.850130,-0.187630,1.000000
perto,40.0,1.0,coluna,192,240,0.850130,-0.187370,1.000000
perto,40.0,1.0,coluna,192,241,0.850130,-0.187109,1.000000
perto,40.0,1.0,coluna,192,242,0.850130,-0.186849,1.000000
perto,40.0,1.0,coluna,192,243,0.850130,-0.186589,1.000000
perto,40.0,1.0,coluna,192,244,0.850130,-0.186328,1.000000
perto,40.0,1.0,coluna,192,245,0.850130,-0.186068,1.000000
perto,40.0,1.0,coluna,192,246,0.850130,-0.185807,1.000000
perto,40.0,1.0,coluna,192,247,0.850130,-0.185547,1.000000
perto,40.0,1.0,coluna,192,248,0.850130,-0.185286,1.000000
perto,40.0,1.0,coluna,192,249,0.850130,-0.185026,1.000000
perto,40.0,1.0,coluna,192,250,0.850130,-0.184766,1.000000
perto,40.0,1.0,coluna,192,251,0.850130,-0.184505,1.000000
perto,40.0,1.0,coluna,192,252,0.850130,-0.184245,1.000000
perto,40.0,1.0,coluna,192,253,0.850130,-0.183984,1.000000
perto,40.0,1.0,coluna,192,254,0.850130,-0.183724,1.000000
perto,40.0,1.0,coluna,192,255,0.850130,-0.183464,1.000000
perto,40.0,1.0,coluna,192,256,0.850130,-0.183203,1.000000
perto,40.0,1.0,coluna,192,257,0.850130,-0.182943,1.000000
perto,40.0,1.0,coluna,192,258,0.850130,-0.182682,1.000000
perto,40.0,1.0,coluna,192,259,0.850130,-0.182422,1.000000
perto,40.0,1.0,coluna,192,260,0.850130,-0.182161,1.000000
perto,40.0,1.0,coluna,192,261,0.850130,-0.181901,1.000000
perto,40.0,1.0,coluna,192,262,0.850130,-0.181641,1.000000
perto,40.0,1.0,coluna,192,263,0.850130,-0.181380,1.000000
perto,40.0,1.0,coluna,192,264,0.850130,-0.181120,1.000000
perto,40.0,1.0,coluna,192,265,0.850130,-0.180859,1.000000
perto,40.0,1.0,coluna,192,266,0.850130,-0.180599,1.000000
perto,40.0,1.0,coluna,192,267,0.850130,-0.180339,1.000000
perto,40.0,1.0,coluna,192,268,0.850130,-0.180078,1.000000
perto,40.0,1.0,coluna,192,269,0.850130,-0.179818,1.000000
perto,40.0,1.0,coluna,192,270,0.850130,-0.179557,1.000000
perto,40.0,1.0,coluna,192,271,0.850130,-0.179297,1.000000
perto,40.0,1.0,coluna,192,272,0.850130,-0.179036,1.000000
perto,40.0,1.0,coluna,192,273,0.850130,-0.178776,1.000000
perto,40.0,1.0,coluna,192,274,0.850130,-0.178516,1.000000
perto,40.0,1.0,coluna,192,275,0.850130,-0.178255,1.000000
perto,40.0,1.0,coluna,192,276,0.850130,-0.177995,1.000000
perto,40.0,1.0,coluna,192,277,0.850130,-0.177734,1.000000
perto,40.0,1.0,coluna,192,278,0.850130,-0.177474,1.000000
perto,40.0,1.0,coluna,192,279,0.850130,-0.177214,1.000000
perto,40.0,1.0,coluna,192,280,0.850130,-0.176953,1.000000
perto,40.0,1.0,coluna,192,281,0.850130,-0.176693,1.000000
perto,40.0,1.0,coluna,192,282,0.850130,-0.176432,1.000000
perto,40.0,1.0,coluna,192,283,0.850130,-0.176172,1.000000
perto,40.0,1.0,coluna,192,284,0.850130,-0.175911,1.000000
perto,40.0,1.0,coluna,192,285,0.850130,-0.175651,1.000000
perto,40.0,1.0,coluna,192,286,0.850130,-0.175391,1.000000
perto,40.0,1.0,coluna,192,287,0.850130,-0.175130,1.000000
perto,40.0,1.0,coluna,192,288,0.850130,-0.174870,1.000000
perto,40.0,1.0,coluna,192,289,0.850130,-0.174609,1.000000
perto,40.0,1.0,coluna,192,290,0.850130,-0.174349,1.000000
perto,40.0,1.0,coluna,192,291,0.850130,-0.174089,1.000000
perto,40.0,1.0,coluna,192,292,0.850130,-0.173828,1.000000
perto,40.0,1.0,coluna,192,293,0.850130,-0.173568,1.000000
perto,40.0,1.0,coluna,192,294,0.850130,-0.173307,1.000000
perto,40.0,1.0,coluna,192,295,0.850130,-0.173047,1.000000
perto,40.0,1.0,coluna,192,296,0.850130,-0.172786,1.000000
perto,40.0,1.0,coluna,192,297,0.850130,-0.172526,1.000000
perto,40.0,1.0,coluna,192,298,0.850130,-0.172266,1.000000
perto,40.0,1.0,coluna,192,299,0.850130,-0.172005,1.000000
perto,40.0,1.0,coluna,192,300,0.850130,-0.171745,1.000000
perto,40.0,1.0,coluna,192,301,0.850130,-0.171484,1.000000
perto,40.0,1.0,coluna,192,302,0.850130,-0.171224,1.000000
perto,40.0,1.0,coluna,192,303,0.850130,-0.170964,1.000000
perto,40.0,1.0,coluna,192,304,0.850130,-0.170703,1.000000
perto,40.0,1.0,coluna,192,305,0.850130,-0.170443,1.000000
perto,40.0,1.0,coluna,192,306,0.850130,-0.170182,1.000000
perto,40.0,1.0,coluna,192,307,0.850130,-0.169922,1.000000
perto,40.0,1.0,coluna,192,308,0.850130,-0.169661,1.000000
perto,40.0,1.0,coluna,192,309,0.850130,-0.169401,1.000000
perto,40.0,1.0,coluna,192,310,0.850130,-0.169141,1.000000
perto,40.0,1.0,coluna,192,311,0.850130,-0.168880,1.000000
perto,40.0,1.0,coluna,192,312,0.850130,-0.168620,1.000000
perto,40.0,1.0,coluna,192,313,0.850130,-0.168359,1.000000
perto,40.0,1.0,coluna,192,314,0.850130,-0.168099,1.000000
perto,40.0,1.0,coluna,192,315,0.850130,-0.167839,1.000000
perto,40.0,1.0,coluna,192,316,0.850130,-0.167578,1.000000
perto,40.0,1.0,coluna,192,317,0.850130,-0.167318,1.000000
perto,40.0,1.0,coluna,192,318,0.850130,-0.167057,1.000000
perto,40.0,1.0,coluna,192,319,0.850130,-0.166797,1.000000
perto,40.0,1.0,coluna,192,320,0.850130,-0.166536,1.000000
perto,40.0,1.0,coluna,192,321,0.850130,-0.166276,1.000000
perto,40.0,1.0,coluna,192,322,0.850130,-0.166016,1.000000
perto,40.0,1.0,coluna,192,323,0.850130,-0.165755,1.000000
perto,40.0,1.0,coluna,192,324,0.850130,-0.165495,1.000000
perto,40.0,1.0,coluna,192,325,0.850130,-0.165234,1.000000
perto,40.0,1.0,coluna,192,326,0.850130,-0.164974,1.000000
perto,40.0,1.0,coluna,192,327,0.850130,-0.164714,1.000000
perto,40.0,1.0,coluna,192,328,0.850130,-0.164453,1.000000
perto,40.0,1.0,coluna,192,329,0.850130,-0.164193,1.000000
perto,40.0,1.0,coluna,192,330,0.850130,-0.163932,1.000000
perto,40.0,1.0,coluna,192,331,0.850130,-0.163672,1.000000
perto,40.0,1.0,coluna,192,332,0.850130,-0.163411,1.000000
perto,40.0,1.0,coluna,192,333,0.850130,-0.163151,1.000000
perto,40.0,1.0,coluna,192,334,0.850130,-0.162891,1.000000
perto,40.0,1.0,coluna,192,335,0.850130,-0.162630,1.000000
perto,40.0,1.0,coluna,192,336,0.850130,-0.162370,1.000000
perto,40.0,1.0,coluna,192,337,0.850130,-0.162109,1.000000
perto,40.0,1.0,coluna,192,338,0.850130,-0.161849,1.000000
perto,40.0,1.0,coluna,192,339,0.850130,-0.161589,1.000000
perto,40.0,1.0,coluna,192,340,0.850130,-0.161328,1.000000
perto,40.0,1.0,coluna,192,341,0.850130,-0.161068,1.000000
perto,40.0,1.0,coluna,192,342,0.850130,-0.160807,1.000000
perto,40.0,1.0,coluna,192,343,0.850130,-0.160547,1.000000
perto,40.0,1.0,coluna,192,344,0.850130,-0.160286,1.000000
perto,40.0,1.0,coluna,192,345,0.850130,-0.160026,1.000000
perto,40.0,1.0,coluna,192,346,0.850130,-0.159766,1.000000
perto,40.0,1.0,coluna,192,347,0.850130,-0.159505,1.000000
perto,40.0,1.0,coluna,192,348,0.850130,-0.159245,1.000000
perto,40.0,1.0,coluna,192,349,0.850130,-0.158984,1.000000
perto,40.0,1.0,coluna,192,350,0.850130,-0.158724,1.000000
perto,40.0,1.0,coluna,192,351,0.850130,-0.158464,1.000000
perto,40.0,1.0,coluna,192,352,0.850130,-0.158203,1.000000
perto,40.0,1.0,coluna,192,353,0.850130,-0.157943,1.000000
perto,40.0,1.0,coluna,192,354,0.850130,-0.157682,1.000000
perto,40.0,1.0,coluna,192,355,0.850130,-0.157422,1.000000
perto,40.0,1.0,coluna,192,356,0.850130,-0.157161,1.000000
perto,40.0,1.0,coluna,192,357,0.850130,-0.156901,1.000000
perto,40.0,1.0,coluna,192,358,0.850130,-0.156641,1.000000
perto,40.0,1.0,coluna,192,359,0.850130,-0.156380,1.000000
perto,40.0,1.0,coluna,192,360,0.850130,-0.156120,1.000000
perto,40.0,1.0,coluna,192,361,0.850130,-0.155859,1.000000
perto,40.0,1.0,coluna,192,362,0.850130,-0.155599,1.000000
perto,40.0,1.0,coluna,192,363,0.850130,-0.155339,1.000000
perto,40.0,1.0,coluna,192,364,0.850130,-0.155078,1.000000
perto,40.0,1.0,coluna,192,365,0.850130,-0.154818,1.000000
perto,40.0,1.0,coluna,192,366,0.850130,-0.154557,1.000000
perto,40.0,1.0,coluna,192,367,0.850130,-0.154297,1.000000
perto,40.0,1.0,coluna,192,368,0.850130,-0.154036,1.000000
perto,40.0,1.0,coluna,192,369,0.850130,-0.153776,1.000000
perto,40.0,1.0,coluna,192,370,0.850130,-0.153516,1.000000
perto,40.0,1.0,coluna,192,371,0.850130,-0.153255,1.000000
perto,40.0,1.0,coluna,192,372,0.850130,-0.152995,1.000000
perto,40.0,1.0,coluna,192,373,0.850130,-0.152734,1.000000
perto,40.0,1.0,coluna,192,374,0.850130,-0.152474,1.000000
perto,40.0,1.0,coluna,192,375,0.850130,-0.152214,1.000000
perto,40.0,1.0,coluna,192,376,0.850130,-0.151953,1.000000
perto,40.0,1.0,coluna,192,377,0.850130,-0.151693,1.000000
perto,40.0,1.0,coluna,192,378,0.850130,-0.151432,1.000000
perto,40.0,1.0,coluna,192,379,0.850130,-0.151172,1.000000
perto,40.0,1.0,coluna,192,380,0.850130,-0.150911,1.000000
perto,40.0,1.0,coluna,192,381,0.850130,-0.150651,1.000000
perto,40.0,1.0,coluna,192,382,0.850130,-0.150391,1.000000
perto,40.0,1.0,coluna,192,383,0.850130,-0.150130,1.000000
perto,40.0,1.0,coluna,288,0,0.875130,-0.249870,0.000000
perto,40.0,1.0,coluna,288,1,0.875130,-0.249609,0.000000
perto,40.0,1.0,coluna,288,2,0.875130,-0.249349,0.000000
perto,40.0,1.0,coluna,288,3,0.875130,-0.249089,0.000000
perto,40.0,1.0,coluna,288,4,0.875130,-0.248828,0.000000
perto,40.0,1.0,coluna,288,5,0.875130,-0.248568,0.000000
perto,40.0,1.0,coluna,288,6,0.875130,-0.248307,0.000000
perto,40.0,1.0,coluna,288,7,0.875130,-0.248047,0.000000
perto,40.0,1.0,coluna,288,8,0.875130,-0.247786,0.000000
perto,40.0,1.0,coluna,288,9,0.875130,-0.247526,0.000000
perto,40.0,1.0,coluna,288,10,0.875130,-0.247266,0.000000
perto,40.0,1.0,coluna,288,11,0.875130,-0.247005,0.000000
perto,40.0,1.0,coluna,288,12,0.875130,-0.246745,0.000000
perto,40.0,1.0,coluna,288,13,0.875130,-0.246484,0.000000
perto,40.0,1.0,coluna,288,14,0.875130,-0.246224,0.000000
perto,40.0,1.0,coluna,288,15,0.875130,-0.245964,0.000000
perto,40.0,1.0,coluna,288,16,0.875130,-0.245703,0.000000
perto,40.0,1.0,coluna,288,17,0.875130,-0.245443,0.000000
perto,40.0,1.0,coluna,288,18,0.875130,-0.245182,0.000000
perto,40.0,1.0,coluna,288,19,0.875130,-0.244922,0.000000
perto,40.0,1.0,coluna,288,20,0.875130,-0.244661,0.000000
perto,40.0,1.0,coluna,288,21,0.875130,-0.244401,0.000000
perto,40.0,1.0,coluna,288,22,0.875130,-0.244141,0.000000
perto,40.0,1.0,coluna,288,23,0.875130,-0.243880,0.000000
perto,40.0,1.0,coluna,288,24,0.875130,-0.243620,0.000000
perto,40.0,1.0,coluna,288,25,0.875130,-0.243359,0.000000
perto,40.0,1.0,coluna,288,26,0.875130,-0.243099,0.000000
perto,40.0,1.0,coluna,288,27,0.875130,-0.242839,0.000000
perto,40.0,1.0,coluna,288,28,0.875130,-0.242578,0.000000
perto,40.0,1.0,coluna,288,29,0.875130,-0.242318,0.000000
perto,40.0,1.0,coluna,288,30,0.875130,-0.242057,0.000000
perto,40.0,1.0,coluna,288,31,0.875130,-0.241797,0.000000
perto,40.0,1.0,coluna,288,32,0.875130,-0.241536,0.000000
perto,40.0,1.0,coluna,288,33,0.875130,-0.241276,0.000000
perto,40.0,1.0,coluna,288,34,0.875130,-0.241016,0.000000
perto,40.0,1.0,coluna,288,35,0.875130,-0.240755,0.000000
perto,40.0,1.0,coluna,288,36,0.875130,-0.240495,0.000000
perto,40.0,1.0,coluna,288,37,0.875130,-0.240234,0.000000
perto,40.0,1.0,coluna,288,38,0.875130,-0.239974,0.000000
perto,40.0,1.0,coluna,288,39,0.875130,-0.239714,0.000000
perto,40.0,1.0,coluna,288,40,0.875130,-0.239453,0.000000
perto,40.0,1.0,coluna,288,41,0.875130,-0.239193,0.000000
perto,40.0,1.0,coluna,288,42,0.875130,-0.238932,0.000000
perto,40.0,1.0,coluna,288,43,0.875130,-0.238672,0.000000
perto,40.0,1.0,coluna,288,44,0.875130,-0.238411,0.000000
perto,40.0,1.0,coluna,288,45,0.875130,-0.238151,0.000000
perto,40.0,1.0,coluna,288,46,0.875130,-0.237891,0.000000
perto,40.0,1.0,coluna,288,47,0.875130,-0.237630,0.000000
perto,40.0,1.0,coluna,288,48,0.875130,-0.237370,0.000000
perto,40.0,1.0,coluna,288,49,0.875130,-0.237109,0.000000
perto,40.0,1.0,coluna,288,50,0.875130,-0.236849,0.000000
perto,40.0,1.0,coluna,288,51,0.875130,-0.236589,0.000000
perto,40.0,1.0,coluna,288,52,0.875130,-0.236328,0.000000
perto,40.0,1.0,coluna,288,53,0.875130,-0.236068,0.000000
perto,40.0,1.0,coluna,288,54,0.875130,-0.235807,0.000000
perto,40.0,1.0,coluna,288,55,0.875130,-0.235547,0.000000
perto,40.0,1.0,coluna,288,56,0.875130,-0.235286,0.000000
perto,40.0,1.0,coluna,288,57,0.875130,-0.235026,0.000000
perto,40.0,1.0,coluna,288,58,0.875130,-0.234766,0.000000
perto,40.0,1.0,coluna,288,59,0.875130,-0.234505,0.000000
perto,40.0,1.0,coluna,288,60,0.875130,-0.234245,0.000000
perto,40.0,1.0,coluna,288,61,0.875130,-0.233984,0.000000
perto,40.0,1.0,coluna,288,62,0.875130,-0.233724,0.000000
perto,40.0,1.0,coluna,288,63,0.875130,-0.233464,0.000000
perto,40.0,1.0,coluna,288,64,0.875130,-0.233203,0.000000
perto,40.0,1.0,coluna,288,65,0.875130,-0.232943,0.000000
perto,40.0,1.0,coluna,288,66,0.875130,-0.232682,0.000000
perto,40.0,1.0,coluna,288,67,0.875130,-0.232422,0.000000
perto,40.0,1.0,coluna,288,68,0.875130,-0.232161,0.000000
perto,40.0,1.0,coluna,288,69,0.875130,-0.231901,0.000000
perto,40.0,1.0,coluna,288,70,0.875130,-0.231641,0.000000
perto,40.0,1.0,coluna,288,71,0.875130,-0.231380,0.000000
perto,40.0,1.0,coluna,288,72,0.875130,-0.231120,0.000000
perto,40.0,1.0,coluna,288,73,0.875130,-0.230859,0.000000
perto,40.0,1.0,coluna,288,74,0.875130,-0.230599,0.000000
perto,40.0,1.0,coluna,288,75,0.875130,-0.230339,0.000000
perto,40.0,1.0,coluna,288,76,0.875130,-0.230078,0.000000
perto,40.0,1.0,coluna,288,77,0.875130,-0.229818,0.000000
perto,40.0,1.0,coluna,288,78,0.875130,-0.229557,0.000000
perto,40.0,1.0,coluna,288,79,0.875130,-0.229297,0.000000
perto,40.0,1.0,coluna,288,80,0.875130,-0.229036,0.000000
perto,40.0,1.0,coluna,288,81,0.875130,-0.228776,0.000000
perto,40.0,1.0,coluna,288,82,0.875130,-0.228516,0.000000
perto,40.0,1.0,coluna,288,83,0.875130,-0.228255,0.000000
perto,40.0,1.0,coluna,288,84,0.875130,-0.227995,0.000000
perto,40.0,1.0,coluna,288,85,0.875130,-0.227734,0.000000
perto,40.0,1.0,coluna,288,86,0.875130,-0.227474,0.000000
perto,40.0,1.0,coluna,288,87,0.875130,-0.227214,0.000000
perto,40.0,1.0,coluna,288,88,0.875130,-0.226953,0.000000
perto,40.0,1.0,coluna,288,89,0.875130,-0.226693,0.000000
perto,40.0,1.0,coluna,288,90,0.875130,-0.226432,0.000000
perto,40.0,1.0,coluna,288,91,0.875130,-0.226172,0.000000
perto,40.0,1.0,coluna,288,92,0.875130,-0.225911,0.000000
perto,40.0,1.0,coluna,288,93,0.875130,-0.225651,0.000000
perto,40.0,1.0,coluna,288,94,0.875130,-0.225391,0.000000
perto,40.0,1.0,coluna,288,95,0.875130,-0.225130,0.000000
perto,40.0,1.0,coluna,288,96,0.875130,-0.224870,0.000000
perto,40.0,1.0,coluna,288,97,0.875130,-0.224609,0.000000
perto,40.0,1.0,coluna,288,98,0.875130,-0.224349,0.000000
perto,40.0,1.0,coluna,288,99,0.875130,-0.224089,0.000000
perto,40.0,1.0,coluna,288,100,0.875130,-0.223828,0.000000
perto,40.0,1.0,coluna,288,101,0.875130,-0.223568,0.000000
perto,40.0,1.0,coluna,288,102,0.875130,-0.223307,0.000000
perto,40.0,1.0,coluna,288,103,0.875130,-0.223047,0.000000
perto,40.0,1.0,coluna,288,104,0.875130,-0.222786,0.000000
perto,40.0,1.0,coluna,288,105,0.875130,-0.222526,0.000000
perto,40.0,1.0,coluna,288,106,0.875130,-0.222266,0.000000
perto,40.0,1.0,coluna,288,107,0.875130,-0.222005,0.000000
perto,40.0,1.0,coluna,288,108,0.875130,-0.221745,0.000000
perto,40.0,1.0,coluna,288,109,0.875130,-0.221484,0.000000
perto,40.0,1.0,coluna,288,110,0.875130,-0.221224,0.000000
perto,40.0,1.0,coluna,288,111,0.875130,-0.220964,0.000000
perto,40.0,1.0,coluna,288,112,0.875130,-0.220703,0.000000
perto,40.0,1.0,coluna,288,113,0.875130,-0.220443,0.000000
perto,40.0,1.0,coluna,288,114,0.875130,-0.220182,0.000000
perto,40.0,1.0,coluna,288,115,0.875130,-0.219922,0.000000
perto,40.0,1.0,coluna,288,116,0.875130,-0.219661,0.000000
perto,40.0,1.0,coluna,288,117,0.875130,-0.219401,0.000000
perto,40.0,1.0,coluna,288,118,0.875130,-0.219141,0.000000
perto,40.0,1.0,coluna,288,119,0.875130,-0.218880,0.000000
perto,40.0,1.0,coluna,288,120,0.875130,-0.218620,0.000000
perto,40.0,1.0,coluna,288,121,0.875130,-0.218359,0.000000
perto,40.0,1.0,coluna,288,122,0.875130,-0.218099,0.000000
perto,40.0,1.0,coluna,288,123,0.875130,-0.217839,0.000000
perto,40.0,1.0,coluna,288,124,0.875130,-0.217578,0.000000
perto,40.0,1.0,coluna,288,125,0.875130,-0.217318,0.000000
perto,40.0,1.0,coluna,288,126,0.875130,-0.217057,0.000000
perto,40.0,1.0,coluna,288,127,0.875130,-0.216797,0.000000
perto,40.0,1.0,coluna,288,128,0.875130,-0.216536,0.000000
perto,40.0,1.0,coluna,288,129,0.875130,-0.216276,0.000000
perto,40.0,1.0,coluna,288,130,0.875130,-0.216016,0.000000
perto,40.0,1.0,coluna,288,131,0.875130,-0.215755,0.000000
perto,40.0,1.0,coluna,288,132,0.875130,-0.215495,0.000000
perto,40.0,1.0,coluna,288,133,0.875130,-0.215234,0.000000
perto,40.0,1.0,coluna,288,134,0.875130,-0.214974,0.000000
perto,40.0,1.0,coluna,288,135,0.875130,-0.214714,0.000000
perto,40.0,1.0,coluna,288,136,0.875130,-0.214453,0.000000
perto,40.0,1.0,coluna,288,137,0.875130,-0.214193,0.000000
perto,40.0,1.0,coluna,288,138,0.875130,-0.213932,0.000000
perto,40.0,1.0,coluna,288,139,0.875130,-0.213672,0.000000
perto,40.0,1.0,coluna,288,140,0.875130,-0.213411,0.000000
perto,40.0,1.0,coluna,288,141,0.875130,-0.213151,0.000000
perto,40.0,1.0,coluna,288,142,0.875130,-0.212891,0.000000
perto,40.0,1.0,coluna,288,143,0.875130,-0.212630,0.000000
perto,40.0,1.0,coluna,288,144,0.875130,-0.212370,0.000000
perto,40.0,1.0,coluna,288,145,0.875130,-0.212109,0.000000
perto,40.0,1.0,coluna,288,146,0.875130,-0.211849,0.000000
perto,40.0,1.0,coluna,288,147,0.875130,-0.211589,0.000000
perto,40.0,1.0,coluna,288,148,0.875130,-0.211328,0.000000
perto,40.0,1.0,coluna,288,149,0.875130,-0.211068,0.000000
perto,40.0,1.0,coluna,288,150,0.875130,-0.210807,0.000000
perto,40.0,1.0,coluna,288,151,0.875130,-0.210547,0.000000
perto,40.0,1.0,coluna,288,152,0.875130,-0.210286,0.007814
perto,40.0,1.0,coluna,288,153,0.875130,-0.210026,0.011714
perto,40.0,1.0,coluna,288,154,0.875130,-0.209766,0.021486
perto,40.0,1.0,coluna,288,155,0.875130,-0.209505,0.021490
perto,40.0,1.0,coluna,288,156,0.875130,-0.209245,0.031256
perto,40.0,1.0,coluna,288,157,0.875130,-0.208984,0.037093
perto,40.0,1.0,coluna,288,158,0.875130,-0.208724,0.046866
perto,40.0,1.0,coluna,288,159,0.875130,-0.208464,0.058609
perto,40.0,1.0,coluna,288,160,0.875130,-0.208203,0.064481
perto,40.0,1.0,coluna,288,161,0.875130,-0.207943,0.080044
perto,40.0,1.0,coluna,288,162,0.875130,-0.207682,0.089876
perto,40.0,1.0,coluna,288,163,0.875130,-0.207422,0.103510
perto,40.0,1.0,coluna,288,164,0.875130,-0.207161,0.109403
perto,40.0,1.0,coluna,288,165,0.875130,-0.206901,0.121120
perto,40.0,1.0,coluna,288,166,0.875130,-0.206641,0.138635
perto,40.0,1.0,coluna,288,167,0.875130,-0.206380,0.142554
perto,40.0,1.0,coluna,288,168,0.875130,-0.206120,0.160135
perto,40.0,1.0,coluna,288,169,0.875130,-0.205859,0.175765
perto,40.0,1.0,coluna,288,170,0.875130,-0.205599,0.185564
perto,40.0,1.0,coluna,288,171,0.875130,-0.205339,0.197227
perto,40.0,1.0,coluna,288,172,0.875130,-0.205078,0.208921
perto,40.0,1.0,coluna,288,173,0.875130,-0.204818,0.226568
perto,40.0,1.0,coluna,288,174,0.875130,-0.204557,0.240164
perto,40.0,1.0,coluna,288,175,0.875130,-0.204297,0.247991
perto,40.0,1.0,coluna,288,176,0.875130,-0.204036,0.259759
perto,40.0,1.0,coluna,288,177,0.875130,-0.203776,0.283207
perto,40.0,1.0,coluna,288,178,0.875130,-0.203516,0.294942
perto,40.0,1.0,coluna,288,179,0.875130,-0.203255,0.314449
perto,40.0,1.0,coluna,288,180,0.875130,-0.202995,0.334018
perto,40.0,1.0,coluna,288,181,0.875130,-0.202734,0.329980
perto,40.0,1.0,coluna,288,182,0.875130,-0.202474,0.349589
perto,40.0,1.0,coluna,288,183,0.875130,-0.202214,0.378991
perto,40.0,1.0,coluna,288,184,0.875130,-0.201953,0.388705
perto,40.0,1.0,coluna,288,185,0.875130,-0.201693,0.402291
perto,40.0,1.0,coluna,288,186,0.875130,-0.201432,0.412088
perto,40.0,1.0,coluna,288,187,0.875130,-0.201172,0.427729
perto,40.0,1.0,coluna,288,188,0.875130,-0.200911,0.443362
perto,40.0,1.0,coluna,288,189,0.875130,-0.200651,0.466890
perto,40.0,1.0,coluna,288,190,0.875130,-0.200391,0.478483
perto,40.0,1.0,coluna,288,191,0.875130,-0.200130,0.488262
perto,40.0,1.0,coluna,288,192,0.875130,-0.199870,0.548869
perto,40.0,1.0,coluna,288,193,0.875130,-0.199609,0.650376
perto,40.0,1.0,coluna,288,194,0.875130,-0.199349,0.736326
perto,40.0,1.0,coluna,288,195,0.875130,-0.199089,0.822223
perto,40.0,1.0,coluna,288,196,0.875130,-0.198828,0.900359
perto,40.0,1.0,coluna,288,197,0.875130,-0.198568,0.962872
perto,40.0,1.0,coluna,288,198,0.875130,-0.198307,1.000000
perto,40.0,1.0,coluna,288,199,0.875130,-0.198047,1.000000
perto,40.0,1.0,coluna,288,200,0.875130,-0.197786,1.000000
perto,40.0,1.0,coluna,288,201,0.875130,-0.197526,1.000000
perto,40.0,1.0,coluna,288,202,0.875130,-0.197266,1.000000
perto,40.0,1.0,coluna,288,203,0.875130,-0.197005,1.000000
perto,40.0,1.0,coluna,288,204,0.875130,-0.196745,1.000000
perto,40.0,1.0,coluna,288,205,0.875130,-0.196484,1.000000
perto,40.0,1.0,coluna,288,206,0.875130,-0.196224,1.000000
perto,40.0,1.0,coluna,288,207,0.875130,-0.195964,1.000000
perto,40.0,1.0,coluna,288,208,0.875130,-0.195703,1.000000
perto,40.0,1.0,coluna,288,209,0.875130,-0.195443,1.000000
perto,40.0,1.0,coluna,288,210,0.875130,-0.195182,1.000000
perto,40.0,1.0,coluna,288,211,0.875130,-0.194922,1.000000
perto,40.0,1.0,coluna,288,212,0.875130,-0.194661,1.000000
perto,40.0,1.0,coluna,288,213,0.875130,-0.194401,1.000000
perto,40.0,1.0,coluna,288,214,0.875130,-0.194141,1.000000
perto,40.0,1.0,coluna,288,215,0.875130,-0.193880,1.000000
perto,40.0,1.0,coluna,288,216,0.875130,-0.193620,1.000000
perto,40.0,1.0,coluna,288,217,0.875130,-0.193359,1.000000
perto,40.0,1.0,coluna,288,218,0.875130,-0.193099,1.000000
perto,40.0,1.0,coluna,288,219,0.875130,-0.192839,1.000000
perto,40.0,1.0,coluna,288,220,0.875130,-0.192578,1.000000
perto,40.0,1.0,coluna,288,221,0.875130,-0.192318,1.000000
perto,40.0,1.0,coluna,288,222,0.875130,-0.192057,1.000000
perto,40.0,1.0,coluna,288,223,0.875130,-0.191797,1.000000
perto,40.0,1.0,coluna,288,224,0.875130,-0.191536,1.000000
perto,40.0,1.0,coluna,288,225,0.875130,-0.191276,1.000000
perto,40.0,1.0,coluna,288,226,0.875130,-0.191016,1.000000
perto,40.0,1.0,coluna,288,227,0.875130,-0.190755,1.000000
perto,40.0,1.0,coluna,288,228,0.875130,-0.190495,1.000000
perto,40.0,1.0,coluna,288,229,0.875130,-0.190234,1.000000
perto,40.0,1.0,coluna,288,230,0.875130,-0.189974,1.000000
perto,40.0,1.0,coluna,288,231,0.875130,-0.189714,1.000000
perto,40.0,1.0,coluna,288,232,0.875130,-0.189453,1.000000
perto,40.0,1.0,coluna,288,233,0.875130,-0.189193,1.000000
perto,40.0,1.0,coluna,288,234,0.875130,-0.188932,1.000000
perto,40.0,1.0,coluna,288,235,0.875130,-0.188672,1.000000
perto,40.0,1.0,coluna,288,236,0.875130,-0.188411,1.000000
perto,40.0,1.0,coluna,288,237,0.875130,-0.188151,1.000000
perto,40.0,1.0,coluna,288,238,0.875130,-0.187891,1.000000
perto,40.0,1.0,coluna,288,239,0.875130,-0.187630,1.000000
perto,40.0,1.0,coluna,288,240,0.875130,-0.187370,1.000000
perto,40.0,1.0,coluna,288,241,0.875130,-0.187109,1.000000
perto,40.0,1.0,coluna,288,242,0.875130,-0.186849,1.000000
perto,40.0,1.0,coluna,288,243,0.875130,-0.186589,1.000000
perto,40.0,1.0,coluna,288,244,0.875130,-0.186328,1.000000
perto,40.0,1.0,coluna,288,245,0.875130,-0.186068,1.000000
perto,40.0,1.0,coluna,288,246,0.875130,-0.185807,1.000000
perto,40.0,1.0,coluna,288,247,0.875130,-0.185547,1.000000
perto,40.0,1.0,coluna,288,248,0.875130,-0.185286,1.000000
perto,40.0,1.0,coluna,288,249,0.875130,-0.185026,1.000000
perto,40.0,1.0,coluna,288,250,0.875130,-0.184766,1.000000
perto,40.0,1.0,coluna,288,251,0.875130,-0.184505,1.000000
perto,40.0,1.0,coluna,288,252,0.875130,-0.184245,1.000000
perto,40.0,1.0,coluna,288,253,0.875130,-0.183984,1.000000
perto,40.0,1.0,coluna,288,254,0.875130,-0.183724,1.000000
perto,40.0,1.0,coluna,288,255,0.875130,-0.183464,1.000000
perto,40.0,1.0,coluna,288,256,0.875130,-0.183203,1.000000
perto,40.0,1.0,coluna,288,257,0.875130,-0.182943,1.000000
perto,40.0,1.0,coluna,288,258,0.875130,-0.182682,1.000000
perto,40.0,1.0,coluna,288,259,0.875130,-0.182422,1.000000
perto,40.0,1.0,coluna,288,260,0.875130,-0.182161,1.000000
perto,40.0,1.0,coluna,288,261,0.875130,-0.181901,1.000000
perto,40.0,1.0,coluna,288,262,0.875130,-0.181641,1.000000
perto,40.0,1.0,coluna,288,263,0.875130,-0.181380,1.000000
perto,40.0,1.0,coluna,288,264,0.875130,-0.181120,1.000000
perto,40.0,1.0,coluna,288,265,0.875130,-0.180859,1.000000
perto,40.0,1.0,coluna,288,266,0.875130,-0.180599,1.000000
perto,40.0,1.0,coluna,288,267,0.875130,-0.180339,1.000000
perto,40.0,1.0,coluna,288,268,0.875130,-0.180078,1.000000
perto,40.0,1.0,coluna,288,269,0.875130,-0.179818,1.000000
perto,40.0,1.0,coluna,288,270,0.875130,-0.179557,1.000000
perto,40.0,1.0,coluna,288,271,0.875130,-0.179297,1.000000
perto,40.0,1.0,coluna,288,272,0.875130,-0.179036,1.000000
perto,40.0,1.0,coluna,288,273,0.875130,-0.178776,1.000000
perto,40.0,1.0,coluna,288,274,0.875130,-0.178516,1.000000
perto,40.0,1.0,coluna,288,275,0.875130,-0.178255,1.000000
perto,40.0,1.0,coluna,288,276,0.875130,-0.177995,1.000000
perto,40.0,1.0,coluna,288,277,0.875130,-0.177734,1.000000
perto,40.0,1.0,coluna,288,278,0.875130,-0.177474,1.000000
perto,40.0,1.0,coluna,288,279,0.875130,-0.177214,1.000000
perto,40.0,1.0,coluna,288,280,0.875130,-0.176953,1.000000
perto,40.0,1.0,coluna,288,281,0.875130,-0.176693,1.000000
perto,40.0,1.0,coluna,288,282,0.875130,-0.176432,1.000000
perto,40.0,1.0,coluna,288,283,0.875130,-0.176172,1.000000
perto,40.0,1.0,coluna,288,284,0.875130,-0.175911,1.000000
perto,40.0,1.0,coluna,288,285,0.875130,-0.175651,1.000000
perto,40.0,1.0,coluna,288,286,0.875130,-0.175391,1.000000
perto,40.0,1.0,coluna,288,287,0.875130,-0.175130,1.000000
perto,40.0,1.0,coluna,288,288,0.875130,-0.174870,1.000000
perto,40.0,1.0,coluna,288,289,0.875130,-0.174609,1.000000
perto,40.0,1.0,coluna,288,290,0.875130,-0.174349,1.000000
perto,40.0,1.0,coluna,288,291,0.875130,-0.174089,1.000000
perto,40.0,1.0,coluna,288,292,0.875130,-0.173828,1.000000
perto,40.0,1.0,coluna,288,293,0.875130,-0.173568,1.000000
perto,40.0,1.0,coluna,288,294,0.875130,-0.173307,1.000000
perto,40.0,1.0,coluna,288,295,0.875130,-0.173047,1.000000
perto,40.0,1.0,coluna,288,296,0.875130,-0.172786,1.000000
perto,40.0,1.0,coluna,288,297,0.875130,-0.172526,1.000000
perto,40.0,1.0,coluna,288,298,0.875130,-0.172266,1.000000
perto,40.0,1.0,coluna,288,299,0.875130,-0.172005,1.000000
perto,40.0,1.0,coluna,288,300,0.875130,-0.171745,1.000000
perto,40.0,1.0,coluna,288,301,0.875130,-0.171484,1.000000
perto,40.0,1.0,coluna,288,302,0.875130,-0.171224,1.000000
perto,40.0,1.0,coluna,288,303,0.875130,-0.170964,1.000000
perto,40.0,1.0,coluna,288,304,0.875130,-0.170703,1.000000
perto,40.0,1.0,coluna,288,305,0.875130,-0.170443,1.000000
perto,40.0,1.0,coluna,288,306,0.875130,-0.170182,1.000000
perto,40.0,1.0,coluna,288,307,0.875130,-0.169922,1.000000
perto,40.0,1.0,coluna,288,308,0.875130,-0.169661,1.000000
perto,40.0,1.0,coluna,288,309,0.875130,-0.169401,1.000000
perto,40.0,1.0,coluna,288,310,0.875130,-0.169141,1.000000
perto,40.0,1.0,coluna,288,311,0.875130,-0.168880,1.000000
perto,40.0,1.0,coluna,288,312,0.875130,-0.168620,1.000000
perto,40.0,1.0,coluna,288,313,0.875130,-0.168359,1.000000
perto,40.0,1.0,coluna,288,314,0.875130,-0.168099,1.000000
perto,40.0,1.0,coluna,288,315,0.875130,-0.167839,1.000000
perto,40.0,1.0,coluna,288,316,0.875130,-0.167578,1.000000
perto,40.0,1.0,coluna,288,317,0.875130,-0.167318,1.000000
perto,40.0,1.0,coluna,288,318,0.875130,-0.167057,1.000000
perto,40.0,1.0,coluna,288,319,0.875130,-0.166797,1.000000
perto,40.0,1.0,coluna,288,320,0.875130,-0.166536,1.000000
perto,40.0,1.0,coluna,288,321,0.875130,-0.166276,1.000000
perto,40.0,1.0,coluna,288,322,0.875130,-0.166016,1.000000
perto,40.0,1.0,coluna,288,323,0.875130,-0.165755,1.000000
perto,40.0,1.0,coluna,288,324,0.875130,-0.165495,1.000000
perto,40.0,1.0,coluna,288,325,0.875130,-0.165234,1.000000
perto,40.0,1.0,coluna,288,326,0.875130,-0.164974,1.000000
perto,40.0,1.0,coluna,288,327,0.875130,-0.164714,1.000000
perto,40.0,1.0,coluna,288,328,0.875130,-0.164453,1.000000
perto,40.0,1.0,coluna,288,329,0.875130,-0.164193,1.000000
perto,40.0,1.0,coluna,288,330,0.875130,-0.163932,1.000000
perto,40.0,1.0,coluna,288,331,0.875130,-0.163672,1.000000
perto,40.0,1.0,coluna,288,332,0.875130,-0.163411,1.000000
perto,40.0,1.0,coluna,288,333,0.875130,-0.163151,1.000000
perto,40.0,1.0,coluna,288,334,0.875130,-0.162891,1.000000
perto,40.0,1.0,coluna,288,335,0.875130,-0.162630,1.000000
perto,40.0,1.0,coluna,288,336,0.875130,-0.162370,1.000000
perto,40.0,1.0,coluna,288,337,0.875130,-0.162109,1.000000
perto,40.0,1.0,coluna,288,338,0.875130,-0.161849,1.000000
perto,40.0,1.0,coluna,288,339,0.875130,-0.161589,1.000000
perto,40.0,1.0,coluna,288,340,0.875130,-0.161328,1.000000
perto,40.0,1.0,coluna,288,341,0.875130,-0.161068,1.000000
perto,40.0,1.0,coluna,288,342,0.875130,-0.160807,1.000000
perto,40.0,1.0,coluna,288,343,0.875130,-0.160547,1.000000
perto,40.0,1.0,coluna,288,344,0.875130,-0.160286,1.000000
perto,40.0,1.0,coluna,288,345,0.875130,-0.160026,1.000000
perto,40.0,1.0,coluna,288,346,0.875130,-0.159766,1.000000
perto,40.0,1.0,coluna,288,347,0.875130,-0.159505,1.000000
perto,40.0,1.0,coluna,288,348,0.875130,-0.159245,1.000000
perto,40.0,1.0,coluna,288,349,0.875130,-0.158984,1.000000
perto,40.0,1.0,coluna,288,350,0.875130,-0.158724,1.000000
perto,40.0,1.0,coluna,288,351,0.875130,-0.158464,1.000000
perto,40.0,1.0,coluna,288,352,0.875130,-0.158203,1.000000
perto,40.0,1.0,coluna,288,353,0.875130,-0.157943,1.000000
perto,40.0,1.0,coluna,288,354,0.875130,-0.157682,1.000000
perto,40.0,1.0,coluna,288,355,0.875130,-0.157422,1.000000
perto,40.0,1.0,coluna,288,356,0.875130,-0.157161,1.000000
perto,40.0,1.0,coluna,288,357,0.875130,-0.156901,1.000000
perto,40.0,1.0,coluna,288,358,0.875130,-0.156641,1.000000
perto,40.0,1.0,coluna,288,359,0.875130,-0.156380,1.000000
perto,40.0,1.0,coluna,288,360,0.875130,-0.156120,1.000000
perto,40.0,1.0,coluna,288,361,0.875130,-0.155859,1.000000
perto,40.0,1.0,coluna,288,362,0.875130,-0.155599,1.000000
perto,40.0,1.0,coluna,288,363,0.875130,-0.155339,1.000000
perto,40.0,1.0,coluna,288,364,0.875130,-0.155078,1.000000
perto,40.0,1.0,coluna,288,365,0.875130,-0.154818,1.000000
perto,40.0,1.0,coluna,288,366,0.875130,-0.154557,1.000000
perto,40.0,1.0,coluna,288,367,0.875130,-0.154297,1.000000
perto,40.0,1.0,coluna,288,368,0.875130,-0.154036,1.000000
perto,40.0,1.0,coluna,288,369,0.875130,-0.153776,1.000000
perto,40.0,1.0,coluna,288,370,0.875130,-0.153516,1.000000
perto,40.0,1.0,coluna,288,371,0.875130,-0.153255,1.000000
perto,40.0,1.0,coluna,288,372,0.875130,-0.152995,1.000000
perto,40.0,1.0,coluna,288,373,0.875130,-0.152734,1.000000
perto,40.0,1.0,coluna,288,374,0.875130,-0.152474,1.000000
perto,40.0,1.0,coluna,288,375,0.875130,-0.152214,1.000000
perto,40.0,1.0,coluna,288,376,0.875130,-0.151953,1.000000
perto,40.0,1.0,coluna,288,377,0.875130,-0.151693,1.000000
perto,40.0,1.0,coluna,288,378,0.875130,-0.151432,1.000000
perto,40.0,1.0,coluna,288,379,0.875130,-0.151172,1.000000
perto,40.0,1.0,coluna,288,380,0.875130,-0.150911,1.000000
perto,40.0,1.0,coluna,288,381,0.875130,-0.150651,1.000000
perto,40.0,1.0,coluna,288,382,0.875130,-0.150391,1.000000
perto,40.0,1.0,coluna,288,383,0.875130,-0.150130,1.000000
