# ORÁCULO: Blender 5.2.2 LTS Cycles CPU, 2048 amostras, sem denoise, luz directa só (max_bounces 0), filtro 0,01 px, difusa branca, céu uniforme 1.
# Gerado por docs/3DModeling/ferramentas/oraculo_contacto_blender.py — NÃO editar à mão.
# CENA lado=256 caixa=((0.0, 0.2, 0.0), 0.4) esferas=[('em_cima', (0.0, 0.6, 0.0), 0.2), ('ao_lado', (0.45, 0.25, 0.0), 0.25), ('perto', (0.0, 0.2, -0.37), 0.15)] de=(1.0, 0.8, -1.3) alvo=(0.15, 0.3, -0.1) meia=0.75
# obj: 1 = caixa, 2.. = as esferas pela ordem; p e n no MUNDO nosso; vis = a fracção do céu vista.
i,j,obj,x,y,z,nx,ny,nz,vis
128,36,2,0.00084,0.77904,0.08910,0.00424,0.89478,0.44538,0.99951
130,36,2,0.00352,0.78861,0.06641,0.01760,0.94307,0.33212,1.00000
132,36,2,-0.00012,0.79313,0.05191,-0.00058,0.96570,0.25967,1.00000
134,36,2,-0.00615,0.79574,0.04054,-0.03077,0.97874,0.20278,1.00000
136,36,2,-0.01378,0.79706,0.03123,-0.06893,0.98531,0.15625,0.99951
138,36,2,-0.02284,0.79725,0.02379,-0.11423,0.98630,0.11899,1.00000
140,36,2,-0.03321,0.79638,0.01805,-0.16612,0.98196,0.09028,1.00000
142,36,2,-0.04508,0.79432,0.01426,-0.22551,0.97163,0.07133,1.00000
144,36,2,-0.05896,0.79065,0.01308,-0.29487,0.95329,0.06539,1.00000
146,36,2,-0.07659,0.78397,0.01678,-0.38304,0.91991,0.08390,1.00000
124,38,2,0.03508,0.77853,0.08304,0.17544,0.89263,0.41526,1.00000
126,38,2,0.03564,0.78641,0.06309,0.17826,0.93202,0.31554,1.00000
128,38,2,0.03265,0.79145,0.04775,0.16331,0.95723,0.23883,1.00000
130,38,2,0.02775,0.79496,0.03491,0.13882,0.97481,0.17461,1.00000
132,38,2,0.02151,0.79740,0.02380,0.10763,0.98705,0.11907,1.00000
134,38,2,0.01422,0.79899,0.01406,0.07115,0.99499,0.07033,0.99951
136,38,2,0.00596,0.79982,0.00557,0.02990,0.99915,0.02790,1.00000
138,38,2,-0.00315,0.79996,-0.00179,-0.01586,0.99985,-0.00904,1.00000
140,38,2,-0.01314,0.79940,-0.00804,-0.06580,0.99704,-0.04025,1.00000
142,38,2,-0.02405,0.79810,-0.01308,-0.12036,0.99059,-0.06545,1.00000
144,38,2,-0.03595,0.79601,-0.01683,-0.17986,0.98009,-0.08421,1.00000
146,38,2,-0.04908,0.79295,-0.01899,-0.24546,0.96474,-0.09499,1.00000
148,38,2,-0.06383,0.78857,-0.01903,-0.31923,0.94288,-0.09517,1.00000
150,38,2,-0.08125,0.78207,-0.01560,-0.40637,0.91037,-0.07806,1.00000
152,38,2,-0.10668,0.76915,-0.00176,-0.53346,0.84577,-0.00881,1.00000
120,40,2,0.05568,0.76711,0.09469,0.27849,0.83557,0.47356,1.00000
122,40,2,0.05923,0.77738,0.07086,0.29622,0.88694,0.35438,1.00000
124,40,2,0.05801,0.78384,0.05323,0.29014,0.91921,0.26621,1.00000
126,40,2,0.05457,0.78852,0.03847,0.27294,0.94260,0.19239,1.00000
128,40,2,0.04966,0.79202,0.02564,0.24840,0.96013,0.12825,1.00000
130,40,2,0.04365,0.79464,0.01423,0.21838,0.97327,0.07116,1.00000
132,40,2,0.03673,0.79654,0.00400,0.18381,0.98277,0.01999,1.00000
134,40,2,0.02903,0.79781,-0.00521,0.14529,0.98903,-0.02606,1.00000
136,40,2,0.02058,0.79848,-0.01345,0.10301,0.99242,-0.06727,1.00000
138,40,2,0.01142,0.79858,-0.02076,0.05717,0.99293,-0.10387,1.00000
140,40,2,0.00156,0.79813,-0.02716,0.00783,0.99070,-0.13591,1.00000
142,40,2,-0.00900,0.79711,-0.03265,-0.04501,0.98555,-0.16334,1.00000
144,40,2,-0.02035,0.79546,-0.03711,-0.10179,0.97732,-0.18564,1.00000
146,40,2,-0.03255,0.79313,-0.04047,-0.16283,0.96567,-0.20243,1.00000
148,40,2,-0.04576,0.78999,-0.04252,-0.22885,0.94995,-0.21265,1.00000
150,40,2,-0.06028,0.78580,-0.04286,-0.30151,0.92906,-0.21438,1.00000
152,40,2,-0.07663,0.78015,-0.04082,-0.38323,0.90080,-0.20420,1.00000
154,40,2,-0.09629,0.77186,-0.03449,-0.48150,0.85930,-0.17251,1.00000
118,42,2,0.07615,0.76302,0.08730,0.38082,0.81509,0.43658,1.00000
120,42,2,0.07814,0.77204,0.06549,0.39080,0.86024,0.32752,1.00000
122,42,2,0.07669,0.77831,0.04816,0.38356,0.89157,0.24081,1.00000
124,42,2,0.07333,0.78306,0.03330,0.36676,0.91528,0.16655,1.00000
126,42,2,0.06866,0.78675,0.02015,0.34343,0.93375,0.10078,1.00000
128,42,2,0.06298,0.78963,0.00833,0.31499,0.94818,0.04165,1.00000
130,42,2,0.05645,0.79184,-0.00240,0.28236,0.95923,-0.01204,1.00000
132,42,2,0.04918,0.79346,-0.01218,0.24604,0.96734,-0.06096,1.00000
134,42,2,0.04125,0.79454,-0.02109,0.20635,0.97277,-0.10550,1.00000
136,42,2,0.03270,0.79514,-0.02920,0.16358,0.97567,-0.14604,1.00000
138,42,2,0.02352,0.79523,-0.03649,0.11769,0.97613,-0.18252,1.00000
140,42,2,0.01374,0.79483,-0.04299,0.06873,0.97419,-0.21503,1.00000
142,42,2,0.00335,0.79395,-0.04870,0.01678,0.96973,-0.24361,1.00000
144,42,2,-0.00771,0.79253,-0.05355,-0.03853,0.96268,-0.26785,1.00000
146,42,2,-0.01947,0.79055,-0.05748,-0.09736,0.95282,-0.28750,1.00000
148,42,2,-0.03202,0.78795,-0.06039,-0.16012,0.93976,-0.30202,1.00000
150,42,2,-0.04550,0.78459,-0.06207,-0.22754,0.92295,-0.31047,1.00000
152,42,2,-0.06017,0.78028,-0.06222,-0.30093,0.90144,-0.31120,1.00000
154,42,2,-0.07646,0.77469,-0.06027,-0.38233,0.87347,-0.30144,1.00000
156,42,2,-0.09538,0.76698,-0.05490,-0.47698,0.83493,-0.27457,1.00000
158,42,2,-0.12102,0.75390,-0.04078,-0.60517,0.76951,-0.20401,0.99951
114,44,2,0.07868,0.73715,0.12245,0.39316,0.68506,0.61169,0.99902
116,44,2,0.09225,0.75542,0.08560,0.46131,0.77714,0.42807,1.00000
118,44,2,0.09424,0.76445,0.06379,0.47130,0.82225,0.31902,1.00000
120,44,2,0.09303,0.77091,0.04614,0.46523,0.85458,0.23076,1.00000
122,44,2,0.08999,0.77591,0.03088,0.45002,0.87957,0.15440,1.00000
124,44,2,0.08566,0.77988,0.01728,0.42844,0.89943,0.08640,0.99951
126,44,2,0.08036,0.78307,0.00495,0.40190,0.91535,0.02474,1.00000
128,44,2,0.07422,0.78559,-0.00629,0.37126,0.92799,-0.03148,1.00000
130,44,2,0.06739,0.78755,-0.01663,0.33705,0.93781,-0.08315,1.00000
132,44,2,0.05991,0.78900,-0.02613,0.29966,0.94505,-0.13069,1.00000
134,44,2,0.05185,0.78999,-0.03487,0.25933,0.94991,-0.17441,1.00000
136,44,2,0.04321,0.79050,-0.04285,0.21613,0.95254,-0.21435,1.00000
138,44,2,0.03402,0.79059,-0.05013,0.17018,0.95298,-0.25076,1.00000
140,44,2,0.02429,0.79023,-0.05671,0.12154,0.95119,-0.28365,1.00000
142,44,2,0.01401,0.78943,-0.06255,0.07006,0.94721,-0.31288,1.00000
144,44,2,0.00315,0.78818,-0.06766,0.01575,0.94088,-0.33837,1.00000
146,44,2,-0.00834,0.78642,-0.07194,-0.04171,0.93210,-0.35981,1.00000
148,44,2,-0.02051,0.78411,-0.07534,-0.10259,0.92059,-0.37682,1.00000
150,44,2,-0.03345,0.78120,-0.07775,-0.16726,0.90600,-0.38883,1.00000
152,44,2,-0.04730,0.77755,-0.07896,-0.23653,0.88775,-0.39490,1.00000
154,44,2,-0.06230,0.77298,-0.07868,-0.31154,0.86492,-0.39351,1.00000
156,44,2,-0.07886,0.76716,-0.07637,-0.39435,0.83582,-0.38197,1.00000
158,44,2,-0.09792,0.75934,-0.07081,-0.48966,0.79676,-0.35413,1.00000
160,44,2,-0.12268,0.74696,-0.05784,-0.61348,0.73482,-0.28928,1.00000
112,46,2,0.08931,0.72518,0.12785,0.44646,0.62560,0.63899,0.99951
114,46,2,0.10552,0.74558,0.08756,0.52769,0.72789,0.43784,1.00000
116,46,2,0.10824,0.75518,0.06481,0.54129,0.77588,0.32407,0.99951
118,46,2,0.10755,0.76206,0.04648,0.53787,0.81035,0.23243,1.00000
120,46,2,0.10498,0.76744,0.03060,0.52503,0.83721,0.15303,1.00000
122,46,2,0.10111,0.77177,0.01642,0.50565,0.85883,0.08209,1.00000
124,46,2,0.09621,0.77528,0.00356,0.48117,0.87645,0.01781,1.00000
126,46,2,0.09050,0.77815,-0.00824,0.45263,0.89075,-0.04119,1.00000
128,46,2,0.08409,0.78044,-0.01912,0.42052,0.90223,-0.09559,1.00000
130,46,2,0.07703,0.78223,-0.02917,0.38527,0.91120,-0.14588,1.00000
132,46,2,0.06941,0.78356,-0.03848,0.34715,0.91785,-0.19243,1.00000
134,46,2,0.06125,0.78447,-0.04709,0.30633,0.92234,-0.23550,1.00000
136,46,2,0.05257,0.78495,-0.05502,0.26291,0.92475,-0.27518,1.00000
138,46,2,0.04337,0.78503,-0.06229,0.21694,0.92514,-0.31155,1.00000
140,46,2,0.03368,0.78470,-0.06891,0.16843,0.92350,-0.34463,1.00000
142,46,2,0.02346,0.78396,-0.07484,0.11735,0.91983,-0.37435,1.00000
144,46,2,0.01273,0.78281,-0.08012,0.06366,0.91401,-0.40067,1.00000
146,46,2,0.00142,0.78119,-0.08464,0.00713,0.90597,-0.42329,1.00000
148,46,2,-0.01049,0.77909,-0.08838,-0.05243,0.89550,-0.44197,1.00000
150,46,2,-0.02306,0.77647,-0.09125,-0.11532,0.88230,-0.45635,1.00000
152,46,2,-0.03642,0.77321,-0.09310,-0.18214,0.86607,-0.46557,1.00000
154,46,2,-0.05070,0.76922,-0.09376,-0.25350,0.84609,-0.46890,1.00000
156,46,2,-0.06615,0.76428,-0.09289,-0.33082,0.82144,-0.46453,0.99951
158,46,2,-0.08322,0.75806,-0.08992,-0.41614,0.79032,-0.44968,1.00000
160,46,2,-0.10291,0.74974,-0.08354,-0.51464,0.74873,-0.41780,1.00000
162,46,2,-0.12875,0.73650,-0.06917,-0.64382,0.68252,-0.34591,1.00000
112,48,2,0.11619,0.73364,0.09291,0.58104,0.66825,0.46459,0.99854
114,48,2,0.12035,0.74440,0.06829,0.60180,0.72197,0.34146,0.99902
116,48,2,0.12049,0.75195,0.04888,0.60255,0.75973,0.24442,0.99951
118,48,2,0.11855,0.75782,0.03218,0.59283,0.78908,0.16094,0.99951
120,48,2,0.11518,0.76256,0.01734,0.57604,0.81281,0.08670,1.00000
122,48,2,0.11078,0.76647,0.00385,0.55396,0.83232,0.01924,1.00000
124,48,2,0.10550,0.76968,-0.00852,0.52762,0.84841,-0.04260,1.00000
126,48,2,0.09951,0.77232,-0.01995,0.49769,0.86160,-0.09977,1.00000
128,48,2,0.09289,0.77445,-0.03056,0.46454,0.87226,-0.15286,1.00000
130,48,2,0.08569,0.77612,-0.04043,0.42855,0.88060,-0.20219,1.00000
132,48,2,0.07796,0.77736,-0.04959,0.38990,0.88683,-0.24801,1.00000
134,48,2,0.06972,0.77821,-0.05810,0.34869,0.89105,-0.29059,1.00000
136,48,2,0.06101,0.77867,-0.06599,0.30510,0.89331,-0.33003,1.00000
138,48,2,0.05181,0.77874,-0.07326,0.25909,0.89368,-0.36633,1.00000
140,48,2,0.04214,0.77843,-0.07990,0.21074,0.89214,-0.39960,0.99951
142,48,2,0.03198,0.77773,-0.08591,0.15994,0.88870,-0.42969,1.00000
144,48,2,0.02133,0.77665,-0.09130,0.10672,0.88324,-0.45662,1.00000
146,48,2,0.01016,0.77514,-0.09599,0.05081,0.87575,-0.48009,1.00000
148,48,2,-0.00156,0.77319,-0.09997,-0.00780,0.86599,-0.50000,1.00000
150,48,2,-0.01390,0.77076,-0.10316,-0.06950,0.85381,-0.51592,1.00000
152,48,2,-0.02692,0.76777,-0.10545,-0.13460,0.83891,-0.52737,1.00000
154,48,2,-0.04073,0.76415,-0.10672,-0.20366,0.82079,-0.53370,1.00000
156,48,2,-0.05551,0.75976,-0.10672,-0.27761,0.79881,-0.53370,1.00000
158,48,2,-0.07153,0.75437,-0.10511,-0.35772,0.77184,-0.52564,1.00000
160,48,2,-0.08934,0.74756,-0.10119,-0.44674,0.73780,-0.50603,1.00000
162,48,2,-0.11012,0.73837,-0.09340,-0.55066,0.69181,-0.46708,1.00000
164,48,2,-0.13912,0.72260,-0.07491,-0.69565,0.61297,-0.37462,1.00000
110,50,2,0.12378,0.71924,0.10227,0.61890,0.59617,0.51142,0.99658
112,50,2,0.13051,0.73206,0.07429,0.65264,0.66033,0.37151,0.99707
114,50,2,0.13187,0.74058,0.05331,0.65945,0.70290,0.26658,0.99805
116,50,2,0.13073,0.74710,0.03557,0.65375,0.73552,0.17784,0.99902
118,50,2,0.12801,0.75235,0.01988,0.64018,0.76176,0.09943,0.99951
120,50,2,0.12414,0.75669,0.00569,0.62083,0.78343,0.02848,0.99951
122,50,2,0.11936,0.76030,-0.00732,0.59692,0.80147,-0.03659,1.00000
124,50,2,0.11383,0.76330,-0.01934,0.56923,0.81647,-0.09670,1.00000
126,50,2,0.10763,0.76577,-0.03050,0.53827,0.82885,-0.15256,1.00000
128,50,2,0.10085,0.76778,-0.04091,0.50435,0.83892,-0.20456,1.00000
130,50,2,0.09354,0.76936,-0.05063,0.46779,0.84680,-0.25317,1.00000
132,50,2,0.08572,0.77054,-0.05968,0.42870,0.85272,-0.29846,1.00000
134,50,2,0.07744,0.77134,-0.06813,0.38727,0.85669,-0.34074,0.99951
136,50,2,0.06869,0.77177,-0.07598,0.34353,0.85883,-0.37999,1.00000
138,50,2,0.05949,0.77184,-0.08324,0.29747,0.85921,-0.41625,1.00000
140,50,2,0.04984,0.77155,-0.08991,0.24924,0.85773,-0.44965,1.00000
142,50,2,0.03972,0.77089,-0.09599,0.19866,0.85446,-0.48004,1.00000
144,50,2,0.02914,0.76986,-0.10145,0.14574,0.84932,-0.50736,1.00000
146,50,2,0.01808,0.76844,-0.10629,0.09043,0.84220,-0.53153,1.00000
148,50,2,0.00649,0.76660,-0.11045,0.03246,0.83301,-0.55231,1.00000
150,50,2,-0.00566,0.76431,-0.11387,-0.02829,0.82155,-0.56943,1.00000
152,50,2,-0.01844,0.76151,-0.11647,-0.09221,0.80760,-0.58248,1.00000
154,50,2,-0.03193,0.75816,-0.11816,-0.15965,0.79079,-0.59090,1.00000
156,50,2,-0.04626,0.75412,-0.11875,-0.23133,0.77059,-0.59387,1.00000
158,50,2,-0.06164,0.74925,-0.11797,-0.30823,0.74629,-0.58996,1.00000
160,50,2,-0.07840,0.74327,-0.11541,-0.39207,0.71637,-0.57714,1.00000
162,50,2,-0.09721,0.73566,-0.11018,-0.48609,0.67832,-0.55100,1.00000
164,50,2,-0.11978,0.72503,-0.10005,-0.59897,0.62519,-0.50037,1.00000
110,51,2,0.13179,0.71913,0.09185,0.65900,0.59562,0.45930,0.99414
108,52,2,0.12544,0.70010,0.11933,0.62695,0.50024,0.59642,0.99170
109,52,2,0.13438,0.71097,0.09809,0.67197,0.55486,0.49048,0.99219
110,52,2,0.13843,0.71792,0.08322,0.69221,0.58963,0.41614,0.99414
111,52,2,0.14059,0.72337,0.07080,0.70300,0.61679,0.35406,0.99365
112,52,2,0.14160,0.72789,0.05988,0.70810,0.63947,0.29945,0.99463
114,52,2,0.14154,0.73528,0.04074,0.70781,0.67639,0.20373,0.99463
116,52,2,0.13962,0.74117,0.02401,0.69815,0.70581,0.12011,0.99707
118,52,2,0.13637,0.74600,0.00902,0.68195,0.73001,0.04512,0.99756
120,52,2,0.13213,0.75004,-0.00469,0.66077,0.75023,-0.02346,0.99902
122,52,2,0.12708,0.75343,-0.01735,0.63554,0.76718,-0.08676,0.99902
124,52,2,0.12134,0.75627,-0.02911,0.60683,0.78138,-0.14557,0.99951
126,52,2,0.11500,0.75863,-0.04008,0.57510,0.79315,-0.20043,0.99951
128,52,2,0.10811,0.76055,-0.05035,0.54064,0.80270,-0.25178,0.99951
130,52,2,0.10070,0.76205,-0.05994,0.50362,0.81026,-0.29973,1.00000
132,52,2,0.09283,0.76319,-0.06892,0.46421,0.81591,-0.34467,1.00000
134,52,2,0.08450,0.76395,-0.07731,0.42255,0.81975,-0.38660,1.00000
136,52,2,0.07572,0.76436,-0.08512,0.37867,0.82183,-0.42569,1.00000
138,52,2,0.06651,0.76443,-0.09237,0.33265,0.82215,-0.46196,1.00000
140,52,2,0.05688,0.76415,-0.09907,0.28447,0.82075,-0.49543,1.00000
142,52,2,0.04681,0.76353,-0.10520,0.23408,0.81759,-0.52606,1.00000
144,52,2,0.03628,0.76253,-0.11073,0.18146,0.81266,-0.55377,1.00000
146,52,2,0.02529,0.76117,-0.11567,0.12651,0.80586,-0.57843,1.00000
148,52,2,0.01381,0.75941,-0.11995,0.06905,0.79711,-0.59988,1.00000
150,52,2,0.00180,0.75724,-0.12356,0.00900,0.78619,-0.61791,1.00000
152,52,2,-0.01079,0.75460,-0.12642,-0.05397,0.77294,-0.63217,1.00000
154,52,2,-0.02404,0.75143,-0.12841,-0.12021,0.75712,-0.64212,0.99951
156,52,2,-0.03806,0.74764,-0.12941,-0.19029,0.73825,-0.64713,1.00000
158,52,2,-0.05299,0.74313,-0.12922,-0.26497,0.71568,-0.64622,1.00000
160,52,2,-0.06907,0.73770,-0.12754,-0.34538,0.68843,-0.63779,1.00000
162,52,2,-0.08676,0.73097,-0.12375,-0.43384,0.65486,-0.61883,1.00000
164,52,2,-0.10701,0.72220,-0.11665,-0.53513,0.61101,-0.58336,1.00000
166,52,2,-0.13281,0.70899,-0.10233,-0.66414,0.54500,-0.51175,1.00000
108,53,2,0.13561,0.70172,0.10611,0.67809,0.50854,0.53064,0.98926
109,53,2,0.14127,0.70996,0.08914,0.70641,0.54979,0.44576,0.99170
110,53,2,0.14422,0.71604,0.07570,0.72119,0.58016,0.37855,0.99219
111,53,2,0.14577,0.72099,0.06407,0.72893,0.60499,0.32037,0.99170
112,53,2,0.14641,0.72522,0.05363,0.73216,0.62611,0.26820,0.99170
113,53,2,0.14640,0.72893,0.04403,0.73209,0.64465,0.22018,0.99365
115,53,2,0.14493,0.73518,0.02672,0.72476,0.67592,0.13364,0.99365
107,54,2,0.13422,0.69037,0.11752,0.67116,0.45181,0.58772,0.98975
108,54,2,0.14304,0.70114,0.09645,0.71529,0.50569,0.48233,0.98779
109,54,2,0.14715,0.70815,0.08149,0.73588,0.54076,0.40749,0.98926
110,54,2,0.14939,0.71365,0.06898,0.74703,0.56831,0.34491,0.98975
111,54,2,0.15052,0.71827,0.05790,0.75268,0.59132,0.28952,0.98926
112,54,2,0.15085,0.72226,0.04785,0.75437,0.61129,0.23928,0.99219
113,54,2,0.15062,0.72578,0.03854,0.75320,0.62891,0.19277,0.99121
114,54,2,0.14992,0.72894,0.02984,0.74972,0.64471,0.14920,0.99268
115,54,2,0.14885,0.73180,0.02163,0.74433,0.65900,0.10814,0.99414
116,54,2,0.14745,0.73440,0.01383,0.73735,0.67197,0.06914,0.99561
117,54,2,0.14576,0.73676,0.00641,0.72893,0.68383,0.03205,0.99365
118,54,2,0.14384,0.73894,-0.00069,0.71932,0.69467,-0.00344,0.99512
120,54,2,0.13933,0.74276,-0.01406,0.69678,0.71383,-0.07030,0.99756
122,54,2,0.13409,0.74600,-0.02646,0.67054,0.72998,-0.13228,0.99707
124,54,2,0.12819,0.74871,-0.03802,0.64104,0.74359,-0.19009,0.99854
126,54,2,0.12173,0.75097,-0.04883,0.60873,0.75487,-0.24418,0.99902
128,54,2,0.11474,0.75281,-0.05896,0.57380,0.76407,-0.29488,1.00000
130,54,2,0.10727,0.75427,-0.06848,0.53647,0.77131,-0.34245,1.00000
132,54,2,0.09934,0.75536,-0.07739,0.49680,0.77680,-0.38700,1.00000
134,54,2,0.09098,0.75609,-0.08573,0.45498,0.78049,-0.42876,1.00000
136,54,2,0.08219,0.75649,-0.09353,0.41103,0.78249,-0.46773,1.00000
138,54,2,0.07298,0.75656,-0.10078,0.36498,0.78280,-0.50399,1.00000
140,54,2,0.06335,0.75629,-0.10748,0.31681,0.78148,-0.53751,1.00000
142,54,2,0.05331,0.75568,-0.11364,0.26660,0.77842,-0.56832,1.00000
144,54,2,0.04283,0.75474,-0.11925,0.21421,0.77365,-0.59630,1.00000
146,54,2,0.03190,0.75342,-0.12425,0.15952,0.76710,-0.62138,1.00000
148,54,2,0.02050,0.75173,-0.12866,0.10252,0.75865,-0.64338,0.99951
150,54,2,0.00859,0.74963,-0.13239,0.04296,0.74819,-0.66210,1.00000
152,54,2,-0.00386,0.74710,-0.13542,-0.01929,0.73553,-0.67722,1.00000
154,54,2,-0.01693,0.74408,-0.13766,-0.08463,0.72039,-0.68838,1.00000
156,54,2,-0.03070,0.74049,-0.13897,-0.15353,0.70242,-0.69501,1.00000
158,54,2,-0.04531,0.73624,-0.13921,-0.22656,0.68120,-0.69616,1.00000
160,54,2,-0.06093,0.73117,-0.13812,-0.30464,0.65590,-0.69065,0.99951
162,54,2,-0.07792,0.72501,-0.13525,-0.38966,0.62507,-0.67635,1.00000
164,54,2,-0.09688,0.71727,-0.12982,-0.48447,0.58637,-0.64920,1.00000
166,54,2,-0.11934,0.70673,-0.11984,-0.59670,0.53369,-0.59926,1.00000
168,54,2,-0.15442,0.68610,-0.09346,-0.77213,0.43054,-0.46739,1.00000
107,55,2,0.14318,0.69102,0.10588,0.71597,0.45506,0.52944,0.98486
108,55,2,0.14920,0.69955,0.08844,0.74609,0.49775,0.44226,0.98486
109,55,2,0.15236,0.70580,0.07471,0.76195,0.52901,0.37361,0.98584
110,55,2,0.15410,0.71090,0.06285,0.77055,0.55451,0.31428,0.98584
111,55,2,0.15488,0.71524,0.05222,0.77447,0.57619,0.26114,0.98877
112,55,2,0.15499,0.71905,0.04247,0.77503,0.59518,0.21236,0.98877
113,55,2,0.15456,0.72242,0.03341,0.77292,0.61211,0.16707,0.98975
114,55,2,0.15372,0.72546,0.02490,0.76873,0.62733,0.12453,0.99072
115,55,2,0.15253,0.72823,0.01684,0.76279,0.64114,0.08421,0.99170
116,55,2,0.15105,0.73075,0.00916,0.75531,0.65377,0.04578,0.99268
117,55,2,0.14928,0.73306,0.00184,0.74652,0.66529,0.00922,0.99365
118,55,2,0.14729,0.73518,-0.00517,0.73654,0.67589,-0.02586,0.99463
119,55,2,0.14508,0.73713,-0.01191,0.72551,0.68563,-0.05958,0.99414
106,56,2,0.13961,0.67793,0.12013,0.69775,0.38946,0.60040,0.98096
107,56,2,0.14996,0.68993,0.09706,0.74984,0.44960,0.48537,0.98193
108,56,2,0.15454,0.69730,0.08150,0.77279,0.48650,0.40757,0.98242
109,56,2,0.15707,0.70305,0.06859,0.78544,0.51520,0.34300,0.98242
110,56,2,0.15840,0.70782,0.05726,0.79207,0.53910,0.28634,0.98340
111,56,2,0.15891,0.71195,0.04698,0.79466,0.55973,0.23497,0.98486
112,56,2,0.15883,0.71560,0.03748,0.79423,0.57799,0.18742,0.98730
113,56,2,0.15827,0.71887,0.02860,0.79140,0.59433,0.14301,0.98730
114,56,2,0.15730,0.72181,0.02024,0.78664,0.60906,0.10123,0.98730
115,56,2,0.15602,0.72450,0.01230,0.78023,0.62246,0.06154,0.98926
116,56,2,0.15445,0.72696,0.00473,0.77233,0.63478,0.02363,0.99219
117,56,2,0.15261,0.72920,-0.00249,0.76321,0.64603,-0.01246,0.99219
118,56,2,0.15056,0.73128,-0.00944,0.75292,0.65642,-0.04718,0.99316
119,56,2,0.14830,0.73319,-0.01611,0.74164,0.66594,-0.08055,0.99316
120,56,2,0.14586,0.73495,-0.02254,0.72939,0.67475,-0.11273,0.99463
122,56,2,0.14046,0.73806,-0.03475,0.70237,0.69028,-0.17374,0.99658
124,56,2,0.13444,0.74067,-0.04614,0.67232,0.70339,-0.23073,0.99756
126,56,2,0.12788,0.74286,-0.05683,0.63954,0.71429,-0.28421,0.99854
128,56,2,0.12083,0.74465,-0.06688,0.60423,0.72323,-0.33444,0.99951
130,56,2,0.11330,0.74605,-0.07632,0.56659,0.73029,-0.38164,1.00000
132,56,2,0.10533,0.74711,-0.08518,0.52678,0.73557,-0.42596,0.99951
134,56,2,0.09695,0.74783,-0.09350,0.48480,0.73917,-0.46753,1.00000
136,56,2,0.08815,0.74822,-0.10128,0.44078,0.74109,-0.50646,1.00000
138,56,2,0.07894,0.74829,-0.10852,0.39474,0.74142,-0.54266,1.00000
140,56,2,0.06932,0.74803,-0.11524,0.34666,0.74010,-0.57627,1.00000
142,56,2,0.05929,0.74743,-0.12142,0.29652,0.73716,-0.60719,1.00000
144,56,2,0.04884,0.74650,-0.12706,0.24426,0.73252,-0.63541,1.00000
146,56,2,0.03797,0.74523,-0.13214,0.18985,0.72618,-0.66077,1.00000
148,56,2,0.02663,0.74359,-0.13662,0.13316,0.71796,-0.68323,1.00000
150,56,2,0.01481,0.74157,-0.14048,0.07407,0.70784,-0.70248,1.00000
152,56,2,0.00246,0.73912,-0.14364,0.01226,0.69560,-0.71832,1.00000
154,56,2,-0.01047,0.73621,-0.14605,-0.05236,0.68103,-0.73038,1.00000
156,56,2,-0.02407,0.73276,-0.14760,-0.12033,0.66385,-0.73812,1.00000
158,56,2,-0.03843,0.72870,-0.14815,-0.19216,0.64354,-0.74090,1.00000
160,56,2,-0.05371,0.72390,-0.14750,-0.26859,0.61954,-0.73759,1.00000
162,56,2,-0.07021,0.71814,-0.14528,-0.35106,0.59072,-0.72650,1.00000
164,56,2,-0.08835,0.71106,-0.14092,-0.44177,0.55527,-0.70464,1.00000
166,56,2,-0.10917,0.70184,-0.13307,-0.54589,0.50914,-0.66542,1.00000
168,56,2,-0.13598,0.68782,-0.11744,-0.67992,0.43909,-0.58728,1.00000
106,57,2,0.14839,0.67844,0.10871,0.74208,0.39218,0.54361,0.97754
107,57,2,0.15559,0.68791,0.08974,0.77806,0.43956,0.44880,0.97803
108,57,2,0.15931,0.69460,0.07530,0.79658,0.47298,0.37649,0.97852
109,57,2,0.16133,0.69994,0.06305,0.80678,0.49969,0.31530,0.97949
110,57,2,0.16236,0.70447,0.05211,0.81192,0.52236,0.26061,0.98047
111,57,2,0.16267,0.70843,0.04210,0.81345,0.54220,0.21054,0.98145
112,57,2,0.16243,0.71196,0.03280,0.81223,0.55980,0.16401,0.98340
113,57,2,0.16175,0.71513,0.02407,0.80880,0.57565,0.12033,0.98584
114,57,2,0.16069,0.71800,0.01584,0.80353,0.58997,0.07922,0.98584
115,57,2,0.15932,0.72062,0.00802,0.79668,0.60307,0.04009,0.98828
116,57,2,0.15768,0.72302,0.00053,0.78847,0.61506,0.00265,0.98877
117,57,2,0.15578,0.72522,-0.00661,0.77904,0.62610,-0.03305,0.98926
118,57,2,0.15368,0.72726,-0.01349,0.76852,0.63626,-0.06747,0.99121
119,57,2,0.15137,0.72912,-0.02010,0.75699,0.64564,-0.10051,0.99170
120,57,2,0.14890,0.73086,-0.02649,0.74456,0.65428,-0.13245,0.99316
121,57,2,0.14624,0.73245,-0.03264,0.73130,0.66224,-0.16324,0.99414
105,58,2,0.13730,0.65934,0.13274,0.68627,0.29653,0.66342,0.97461
106,58,2,0.15490,0.67713,0.10025,0.77460,0.38563,0.50129,0.97412
107,58,2,0.16052,0.68534,0.08333,0.80271,0.42666,0.41667,0.97363
108,58,2,0.16356,0.69149,0.06976,0.81793,0.45745,0.34889,0.97461
109,58,2,0.16525,0.69655,0.05796,0.82639,0.48277,0.28984,0.97607
110,58,2,0.16604,0.70090,0.04732,0.83034,0.50450,0.23666,0.97705
111,58,2,0.16618,0.70473,0.03753,0.83101,0.52364,0.18767,0.97852
112,58,2,0.16581,0.70814,0.02841,0.82913,0.54071,0.14206,0.97998
113,58,2,0.16502,0.71123,0.01982,0.82517,0.55613,0.09910,0.98145
114,58,2,0.16387,0.71403,0.01170,0.81946,0.57013,0.05853,0.98291
115,58,2,0.16243,0.71659,0.00396,0.81228,0.58292,0.01983,0.98486
116,58,2,0.16074,0.71895,-0.00344,0.80377,0.59469,-0.01721,0.98584
117,58,2,0.15879,0.72111,-0.01052,0.79409,0.60552,-0.05261,0.98926
118,58,2,0.15665,0.72311,-0.01735,0.78333,0.61553,-0.08675,0.98828
119,58,2,0.15430,0.72495,-0.02390,0.77162,0.62474,-0.11954,0.99170
120,58,2,0.15179,0.72666,-0.03026,0.75902,0.63325,-0.15126,0.99219
121,58,2,0.14910,0.72822,-0.03636,0.74562,0.64107,-0.18185,0.99316
122,58,2,0.14626,0.72966,-0.04228,0.73142,0.64832,-0.21145,0.99414
123,58,2,0.14328,0.73099,-0.04802,0.71649,0.65496,-0.24015,0.99463
124,58,2,0.14016,0.73221,-0.05357,0.70088,0.66107,-0.26788,0.99609
126,58,2,0.13353,0.73434,-0.06418,0.66771,0.67170,-0.32091,0.99658
128,58,2,0.12641,0.73607,-0.07414,0.63215,0.68040,-0.37073,0.99902
130,58,2,0.11885,0.73746,-0.08353,0.59431,0.68727,-0.41768,0.99854
132,58,2,0.11085,0.73849,-0.09235,0.55433,0.69242,-0.46181,0.99951
134,58,2,0.10243,0.73918,-0.10063,0.51228,0.69592,-0.50325,1.00000
136,58,2,0.09362,0.73957,-0.10840,0.46819,0.69782,-0.54207,1.00000
138,58,2,0.08441,0.73962,-0.11564,0.42213,0.69816,-0.57826,1.00000
140,58,2,0.07480,0.73937,-0.12236,0.37407,0.69687,-0.61193,1.00000
142,58,2,0.06479,0.73880,-0.12858,0.32404,0.69396,-0.64298,1.00000
144,58,2,0.05438,0.73789,-0.13426,0.27195,0.68942,-0.67138,0.99951
146,58,2,0.04353,0.73665,-0.13937,0.21771,0.68322,-0.69700,1.00000
148,58,2,0.03225,0.73505,-0.14393,0.16130,0.67526,-0.71973,1.00000
150,58,2,0.02049,0.73307,-0.14786,0.10247,0.66538,-0.73944,1.00000
152,58,2,0.00823,0.73070,-0.15115,0.04117,0.65350,-0.75581,1.00000
154,58,2,-0.00460,0.72787,-0.15369,-0.02296,0.63936,-0.76856,1.00000
156,58,2,-0.01805,0.72454,-0.15542,-0.09026,0.62270,-0.77723,1.00000
158,58,2,-0.03223,0.72062,-0.15621,-0.16113,0.60318,-0.78116,1.00000
160,58,2,-0.04726,0.71603,-0.15588,-0.23633,0.58012,-0.77949,0.99951
162,58,2,-0.06340,0.71055,-0.15413,-0.31702,0.55274,-0.77070,1.00000
164,58,2,-0.08101,0.70389,-0.15046,-0.40506,0.51948,-0.75238,1.00000
166,58,2,-0.10082,0.69547,-0.14392,-0.50413,0.47738,-0.71970,1.00000
168,58,2,-0.12483,0.68369,-0.13192,-0.62423,0.41847,-0.65971,1.00000
105,59,2,0.15021,0.66314,0.11596,0.75072,0.31551,0.57956,0.96777
106,59,2,0.16024,0.67488,0.09331,0.80131,0.37436,0.46663,0.96826
107,59,2,0.16489,0.68231,0.07765,0.82453,0.41155,0.38830,0.96875
108,59,2,0.16748,0.68810,0.06467,0.83749,0.44048,0.32340,0.96924
109,59,2,0.16887,0.69293,0.05325,0.84449,0.46468,0.26629,0.96973
110,59,2,0.16948,0.69713,0.04286,0.84748,0.48563,0.21432,0.97363
111,59,2,0.16946,0.70083,0.03326,0.84745,0.50414,0.16636,0.97510
112,59,2,0.16898,0.70416,0.02429,0.84499,0.52082,0.12144,0.97656
113,59,2,0.16811,0.70718,0.01581,0.84061,0.53585,0.07906,0.97803
114,59,2,0.16689,0.70992,0.00779,0.83452,0.54960,0.03892,0.98193
115,59,2,0.16539,0.71243,0.00012,0.82704,0.56214,0.00063,0.97998
116,59,2,0.16363,0.71475,-0.00721,0.81825,0.57373,-0.03603,0.98242
117,59,2,0.16164,0.71687,-0.01423,0.80835,0.58438,-0.07117,0.98584
118,59,2,0.15947,0.71884,-0.02101,0.79741,0.59422,-0.10505,0.98633
119,59,2,0.15709,0.72066,-0.02753,0.78554,0.60330,-0.13765,0.98779
120,59,2,0.15454,0.72234,-0.03383,0.77281,0.61168,-0.16915,0.98975
121,59,2,0.15183,0.72388,-0.03991,0.75929,0.61939,-0.19960,0.99023
122,59,2,0.14897,0.72531,-0.04581,0.74498,0.62653,-0.22907,0.99219
123,59,2,0.14597,0.72663,-0.05152,0.72995,0.63309,-0.25763,0.99219
124,59,2,0.14283,0.72782,-0.05704,0.71424,0.63914,-0.28524,0.99414
105,60,2,0.15712,0.66215,0.10697,0.78568,0.31076,0.53491,0.96436
106,60,2,0.16488,0.67207,0.08727,0.82445,0.36033,0.43640,0.96240
107,60,2,0.16880,0.67892,0.07256,0.84414,0.39462,0.36290,0.96387
108,60,2,0.17105,0.68444,0.06003,0.85537,0.42215,0.30021,0.96631
109,60,2,0.17223,0.68910,0.04888,0.86126,0.44551,0.24445,0.96729
110,60,2,0.17268,0.69317,0.03870,0.86345,0.46583,0.19350,0.96924
111,60,2,0.17254,0.69678,0.02927,0.86281,0.48389,0.14634,0.97266
112,60,2,0.17196,0.70003,0.02041,0.85991,0.50015,0.10206,0.97314
113,60,2,0.17101,0.70299,0.01203,0.85515,0.51487,0.06016,0.97607
114,60,2,0.16974,0.70568,0.00408,0.84877,0.52836,0.02042,0.97754
115,60,2,0.16818,0.70815,-0.00351,0.84102,0.54073,-0.01755,0.97852
116,60,2,0.16638,0.71043,-0.01078,0.83202,0.55212,-0.05390,0.98193
117,60,2,0.16436,0.71252,-0.01776,0.82192,0.56264,-0.08880,0.98193
118,60,2,0.16215,0.71447,-0.02450,0.81081,0.57235,-0.12247,0.98584
119,60,2,0.15974,0.71626,-0.03098,0.79880,0.58131,-0.15490,0.98633
120,60,2,0.15716,0.71791,-0.03724,0.78593,0.58961,-0.18620,0.98828
121,60,2,0.15444,0.71945,-0.04331,0.77229,0.59722,-0.21655,0.98828
122,60,2,0.15155,0.72086,-0.04916,0.75788,0.60429,-0.24586,0.99072
123,60,2,0.14853,0.72215,-0.05485,0.74278,0.61077,-0.27429,0.99121
124,60,2,0.14539,0.72335,-0.06037,0.72700,0.61674,-0.30184,0.99316
125,60,2,0.14209,0.72444,-0.06570,0.71060,0.62219,-0.32851,0.99316
126,60,2,0.13869,0.72543,-0.07088,0.69356,0.62717,-0.35445,0.99414
128,60,2,0.13154,0.72714,-0.08080,0.65778,0.63567,-0.40404,0.99561
130,60,2,0.12393,0.72848,-0.09014,0.61977,0.64243,-0.45074,0.99756
132,60,2,0.11591,0.72950,-0.09893,0.57965,0.64751,-0.49472,0.99805
134,60,2,0.10749,0.73019,-0.10720,0.53749,0.65097,-0.53604,0.99902
136,60,2,0.09867,0.73057,-0.11496,0.49339,0.65280,-0.57483,0.99951
138,60,2,0.08946,0.73062,-0.12220,0.44732,0.65310,-0.61104,1.00000
140,60,2,0.07985,0.73037,-0.12893,0.39929,0.65187,-0.64470,1.00000
142,60,2,0.06985,0.72980,-0.13515,0.34931,0.64903,-0.67583,1.00000
144,60,2,0.05945,0.72891,-0.14085,0.29732,0.64458,-0.70436,1.00000
146,60,2,0.04864,0.72770,-0.14602,0.24325,0.63847,-0.73019,1.00000
148,60,2,0.03740,0.72613,-0.15062,0.18703,0.63062,-0.75321,1.00000
150,60,2,0.02569,0.72420,-0.15462,0.12846,0.62099,-0.77322,1.00000
152,60,2,0.01349,0.72187,-0.15798,0.06747,0.60934,-0.79004,1.00000
154,60,2,0.00076,0.71911,-0.16065,0.00382,0.59554,-0.80332,1.00000
156,60,2,-0.01259,0.71586,-0.16252,-0.06297,0.57928,-0.81269,1.00000
158,60,2,-0.02664,0.71206,-0.16348,-0.13319,0.56032,-0.81750,1.00000
160,60,2,-0.04149,0.70760,-0.16339,-0.20747,0.53802,-0.81700,1.00000
162,60,2,-0.05737,0.70233,-0.16196,-0.28685,0.51165,-0.80989,0.99951
164,60,2,-0.07460,0.69598,-0.15879,-0.37300,0.47992,-0.79407,0.99951
166,60,2,-0.09376,0.68808,-0.15310,-0.46883,0.44047,-0.76562,1.00000
168,60,2,-0.11627,0.67751,-0.14306,-0.58135,0.38757,-0.71542,1.00000
170,60,2,-0.14897,0.65878,-0.11977,-0.74488,0.29395,-0.59896,0.99951
105,61,2,0.16247,0.65991,0.10002,0.81246,0.29956,0.50017,0.95752
106,61,2,0.16891,0.66877,0.08204,0.84465,0.34386,0.41027,0.95654
107,61,2,0.17238,0.67526,0.06792,0.86199,0.37629,0.33967,0.95947
108,61,2,0.17434,0.68055,0.05575,0.87183,0.40274,0.27878,0.95996
109,61,2,0.17535,0.68507,0.04483,0.87682,0.42534,0.22420,0.96240
110,61,2,0.17566,0.68903,0.03482,0.87838,0.44512,0.17415,0.96436
111,61,2,0.17542,0.69256,0.02552,0.87722,0.46281,0.12762,0.96680
112,61,2,0.17477,0.69575,0.01676,0.87393,0.47876,0.08383,0.96924
113,61,2,0.17376,0.69866,0.00846,0.86882,0.49331,0.04227,0.97168
114,61,2,0.17242,0.70131,0.00059,0.86222,0.50652,0.00296,0.97363
115,61,2,0.17082,0.70374,-0.00694,0.85425,0.51870,-0.03473,0.97510
116,61,2,0.16899,0.70599,-0.01417,0.84507,0.52995,-0.07083,0.97900
117,61,2,0.16694,0.70807,-0.02112,0.83480,0.54033,-0.10558,0.97949
118,61,2,0.16469,0.70998,-0.02780,0.82356,0.54993,-0.13902,0.98291
119,61,2,0.16226,0.71176,-0.03426,0.81143,0.55879,-0.17129,0.98486
120,61,2,0.15967,0.71340,-0.04049,0.79844,0.56701,-0.20247,0.98486
121,61,2,0.15692,0.71492,-0.04653,0.78469,0.57455,-0.23269,0.98584
122,61,2,0.15402,0.71631,-0.05237,0.77021,0.58155,-0.26187,0.98828
123,61,2,0.15098,0.71760,-0.05803,0.75504,0.58796,-0.29021,0.98877
124,61,2,0.14782,0.71878,-0.06353,0.73916,0.59391,-0.31766,0.98975
125,61,2,0.14452,0.71986,-0.06886,0.72270,0.59930,-0.34430,0.99219
126,61,2,0.14110,0.72084,-0.07402,0.70563,0.60421,-0.37016,0.99268
104,62,2,0.15187,0.64119,0.12341,0.75871,0.20574,0.61650,0.95068
105,62,2,0.16697,0.65699,0.09416,0.83491,0.28497,0.47087,0.95020
106,62,2,0.17253,0.66515,0.07733,0.86275,0.32577,0.38671,0.95117
107,62,2,0.17564,0.67135,0.06368,0.87825,0.35674,0.31845,0.95264
108,62,2,0.17738,0.67646,0.05180,0.88698,0.38232,0.25903,0.95508
109,62,2,0.17824,0.68087,0.04108,0.89126,0.40430,0.20539,0.95605
110,62,2,0.17844,0.68474,0.03121,0.89228,0.42366,0.15604,0.95947
111,62,2,0.17813,0.68821,0.02200,0.89073,0.44101,0.11002,0.96289
112,62,2,0.17740,0.69134,0.01333,0.88711,0.45671,0.06667,0.96484
113,62,2,0.17634,0.69421,0.00511,0.88176,0.47100,0.02553,0.96729
114,62,2,0.17496,0.69682,-0.00270,0.87492,0.48408,-0.01352,0.96826
115,62,2,0.17333,0.69923,-0.01020,0.86674,0.49614,-0.05099,0.97266
116,62,2,0.17146,0.70145,-0.01738,0.85741,0.50724,-0.08691,0.97461
117,62,2,0.16938,0.70350,-0.02429,0.84701,0.51751,-0.12145,0.97705
118,62,2,0.16711,0.70540,-0.03094,0.83568,0.52698,-0.15473,0.97900
119,62,2,0.16467,0.70716,-0.03738,0.82342,0.53577,-0.18693,0.98096
120,62,2,0.16204,0.70878,-0.04358,0.81035,0.54390,-0.21794,0.98340
121,62,2,0.15928,0.71028,-0.04960,0.79651,0.55140,-0.24804,0.98486
122,62,2,0.15637,0.71167,-0.05543,0.78194,0.55834,-0.27718,0.98584
123,62,2,0.15331,0.71294,-0.06106,0.76671,0.56471,-0.30538,0.98779
124,62,2,0.15014,0.71412,-0.06655,0.75080,0.57059,-0.33276,0.98926
125,62,2,0.14684,0.71519,-0.07187,0.73428,0.57593,-0.35936,0.98926
126,62,2,0.14341,0.71617,-0.07702,0.71715,0.58082,-0.38516,0.99268
127,62,2,0.13987,0.71705,-0.08202,0.69947,0.58523,-0.41017,0.99219
128,62,2,0.13622,0.71784,-0.08689,0.68119,0.58923,-0.43450,0.99463
130,62,2,0.12860,0.71918,-0.09621,0.64305,0.59587,-0.48107,0.99609
132,62,2,0.12055,0.72017,-0.10497,0.60286,0.60089,-0.52488,0.99756
134,62,2,0.11211,0.72085,-0.11321,0.56065,0.60427,-0.56615,0.99902
136,62,2,0.10328,0.72122,-0.12095,0.51649,0.60611,-0.60487,0.99902
138,62,2,0.09407,0.72128,-0.12820,0.47044,0.60639,-0.64108,0.99951
140,62,2,0.08447,0.72103,-0.13494,0.42242,0.60517,-0.67478,1.00000
142,62,2,0.07449,0.72047,-0.14118,0.37249,0.60236,-0.70598,1.00000
144,62,2,0.06411,0.71960,-0.14690,0.32056,0.59801,-0.73459,1.00000
146,62,2,0.05332,0.71840,-0.15210,0.26660,0.59199,-0.76058,1.00000
148,62,2,0.04210,0.71685,-0.15673,0.21051,0.58426,-0.78379,1.00000
150,62,2,0.03044,0.71495,-0.16079,0.15221,0.57476,-0.80404,1.00000
152,62,2,0.01828,0.71266,-0.16421,0.09140,0.56333,-0.82116,0.99951
154,62,2,0.00560,0.70995,-0.16695,0.02801,0.54975,-0.83486,1.00000
156,62,2,-0.00766,0.70677,-0.16893,-0.03829,0.53385,-0.84471,0.99951
158,62,2,-0.02160,0.70305,-0.17003,-0.10797,0.51521,-0.85023,0.99951
160,62,2,-0.03633,0.69870,-0.17010,-0.18166,0.49344,-0.85060,0.99951
162,62,2,-0.05203,0.69357,-0.16891,-0.26014,0.46785,-0.84466,0.99902
164,62,2,-0.06897,0.68744,-0.16610,-0.34488,0.43722,-0.83060,0.99902
166,62,2,-0.08769,0.67990,-0.16099,-0.43850,0.39953,-0.80505,0.99756
168,62,2,-0.10931,0.67003,-0.15210,-0.54663,0.35018,-0.76064,0.99854
170,62,2,-0.13793,0.65457,-0.13411,-0.68975,0.27285,-0.67067,0.99902
104,63,2,0.15959,0.64085,0.11337,0.79769,0.20416,0.56659,0.94531
105,63,2,0.17080,0.65354,0.08918,0.85409,0.26766,0.44597,0.94238
106,63,2,0.17579,0.66124,0.07310,0.87901,0.30617,0.36552,0.94434
107,63,2,0.17861,0.66721,0.05982,0.89309,0.33604,0.29910,0.94678
108,63,2,0.18018,0.67218,0.04817,0.90097,0.36088,0.24087,0.94873
109,63,2,0.18092,0.67649,0.03759,0.90466,0.38243,0.18801,0.95215
110,63,2,0.18103,0.68029,0.02784,0.90524,0.40146,0.13922,0.95508
111,63,2,0.18065,0.68370,0.01872,0.90336,0.41854,0.09364,0.95752
112,63,2,0.17987,0.68680,0.01012,0.89949,0.43400,0.05063,0.95947
113,63,2,0.17876,0.68963,0.00195,0.89391,0.44813,0.00979,0.96143
114,63,2,0.17735,0.69221,-0.00582,0.88688,0.46108,-0.02908,0.96582
115,63,2,0.17570,0.69461,-0.01328,0.87855,0.47301,-0.06641,0.96777
116,63,2,0.17379,0.69680,-0.02041,0.86909,0.48401,-0.10208,0.97119
117,63,2,0.17170,0.69884,-0.02730,0.85859,0.49416,-0.13651,0.97266
118,63,2,0.16940,0.70072,-0.03393,0.84714,0.50355,-0.16968,0.97461
119,63,2,0.16694,0.70246,-0.04034,0.83480,0.51228,-0.20170,0.97803
120,63,2,0.16431,0.70407,-0.04652,0.82166,0.52033,-0.23265,0.97998
121,63,2,0.16153,0.70556,-0.05252,0.80774,0.52780,-0.26263,0.98096
122,63,2,0.15861,0.70694,-0.05833,0.79311,0.53470,-0.29168,0.98389
123,63,2,0.15554,0.70821,-0.06396,0.77780,0.54104,-0.31984,0.98486
124,63,2,0.15235,0.70937,-0.06942,0.76186,0.54688,-0.34712,0.98730
125,63,2,0.14904,0.71044,-0.07473,0.74529,0.55217,-0.37371,0.98828
126,63,2,0.14561,0.71141,-0.07988,0.72816,0.55700,-0.39942,0.98975
127,63,2,0.14206,0.71228,-0.08488,0.71040,0.56140,-0.42445,0.99121
128,63,2,0.13840,0.71307,-0.08973,0.69213,0.56535,-0.44870,0.99268
129,63,2,0.13464,0.71378,-0.09445,0.67328,0.56890,-0.47228,0.99365
130,63,2,0.13077,0.71439,-0.09902,0.65394,0.57196,-0.49520,0.99365
131,63,2,0.12680,0.71494,-0.10348,0.63407,0.57465,-0.51744,0.99463
104,64,2,0.16469,0.63841,0.10674,0.82352,0.19201,0.53381,0.93506
105,64,2,0.17413,0.64968,0.08486,0.87075,0.24841,0.42437,0.93750
106,64,2,0.17871,0.65706,0.06929,0.89361,0.28530,0.34650,0.93799
107,64,2,0.18131,0.66286,0.05630,0.90663,0.31428,0.28153,0.93945
108,64,2,0.18276,0.66773,0.04481,0.91385,0.33861,0.22410,0.94287
109,64,2,0.18340,0.67196,0.03437,0.91708,0.35977,0.17185,0.94629
110,64,2,0.18344,0.67570,0.02471,0.91732,0.37852,0.12354,0.94873
111,64,2,0.18301,0.67907,0.01566,0.91518,0.39536,0.07832,0.95166
112,64,2,0.18219,0.68214,0.00711,0.91109,0.41068,0.03554,0.95557
113,64,2,0.18105,0.68494,-0.00102,0.90534,0.42466,-0.00506,0.95752
114,64,2,0.17961,0.68750,-0.00876,0.89815,0.43751,-0.04380,0.96045
115,64,2,0.17793,0.68987,-0.01618,0.88970,0.44933,-0.08087,0.96338
116,64,2,0.17600,0.69204,-0.02328,0.88013,0.46023,-0.11642,0.96582
117,64,2,0.17389,0.69407,-0.03016,0.86951,0.47034,-0.15078,0.96826
118,64,2,0.17157,0.69593,-0.03675,0.85799,0.47967,-0.18375,0.97266
119,64,2,0.16910,0.69767,-0.04314,0.84558,0.48833,-0.21572,0.97412
120,64,2,0.16645,0.69927,-0.04931,0.83238,0.49632,-0.24659,0.97705
121,64,2,0.16366,0.70075,-0.05529,0.81842,0.50374,-0.27647,0.97803
122,64,2,0.16073,0.70212,-0.06109,0.80373,0.51059,-0.30548,0.97900
123,64,2,0.15766,0.70338,-0.06671,0.78839,0.51687,-0.33358,0.98340
124,64,2,0.15446,0.70453,-0.07216,0.77241,0.52268,-0.36083,0.98438
125,64,2,0.15114,0.70559,-0.07745,0.75581,0.52797,-0.38730,0.98682
126,64,2,0.14770,0.70656,-0.08260,0.73860,0.53279,-0.41305,0.98730
127,64,2,0.14415,0.70744,-0.08759,0.72083,0.53718,-0.43799,0.98926
128,64,2,0.14049,0.70822,-0.09244,0.70254,0.54107,-0.46226,0.99072
129,64,2,0.13672,0.70892,-0.09715,0.68368,0.54459,-0.48580,0.99219
130,64,2,0.13284,0.70953,-0.10172,0.66430,0.54769,-0.50866,0.99414
131,64,2,0.12887,0.71007,-0.10617,0.64444,0.55033,-0.53088,0.99414
132,64,2,0.12479,0.71052,-0.11047,0.62405,0.55261,-0.55244,0.99463
134,64,2,0.11635,0.71120,-0.11872,0.58180,0.55595,-0.59366,0.99805
136,64,2,0.10751,0.71156,-0.12645,0.53762,0.55779,-0.63232,0.99707
138,64,2,0.09830,0.71162,-0.13369,0.49155,0.55810,-0.66851,0.99902
140,64,2,0.08871,0.71138,-0.14044,0.44359,0.55685,-0.70225,0.99951
142,64,2,0.07873,0.71082,-0.14669,0.39366,0.55407,-0.73351,1.00000
144,64,2,0.06835,0.70995,-0.15242,0.34178,0.54976,-0.76220,1.00000
146,64,2,0.05757,0.70876,-0.15763,0.28790,0.54383,-0.78827,1.00000
148,64,2,0.04638,0.70724,-0.16230,0.23194,0.53620,-0.81160,0.99951
150,64,2,0.03474,0.70536,-0.16638,0.17373,0.52679,-0.83205,0.99951
152,64,2,0.02263,0.70310,-0.16986,0.11313,0.51551,-0.84938,0.99902
154,64,2,0.00998,0.70042,-0.17265,0.04995,0.50209,-0.86337,0.99854
156,64,2,-0.00323,0.69728,-0.17469,-0.01612,0.48640,-0.87359,0.99902
158,64,2,-0.01709,0.69362,-0.17589,-0.08544,0.46810,-0.87954,0.99854
160,64,2,-0.03173,0.68934,-0.17608,-0.15864,0.44670,-0.88051,0.99805
162,64,2,-0.04730,0.68431,-0.17506,-0.23651,0.42158,-0.87540,0.99756
164,64,2,-0.06407,0.67833,-0.17248,-0.32038,0.39169,-0.86252,0.99707
166,64,2,-0.08249,0.67103,-0.16776,-0.41247,0.35511,-0.83891,0.99707
168,64,2,-0.10354,0.66161,-0.15960,-0.51776,0.30815,-0.79811,0.99707
170,64,2,-0.13030,0.64764,-0.14404,-0.65149,0.23821,-0.72029,0.99707
104,65,2,0.16866,0.63507,0.10158,0.84336,0.17533,0.50794,0.92822
105,65,2,0.17706,0.64550,0.08106,0.88541,0.22749,0.40534,0.92773
106,65,2,0.18133,0.65264,0.06588,0.90675,0.26317,0.32946,0.93066
107,65,2,0.18378,0.65831,0.05310,0.91897,0.29155,0.26551,0.93262
108,65,2,0.18513,0.66311,0.04173,0.92569,0.31553,0.20865,0.93604
109,65,2,0.18570,0.66728,0.03137,0.92858,0.33635,0.15689,0.93896
110,65,2,0.18569,0.67098,0.02179,0.92854,0.35489,0.10894,0.94092
111,65,2,0.18521,0.67432,0.01279,0.92618,0.37160,0.06396,0.94531
112,65,2,0.18437,0.67736,0.00428,0.92193,0.38677,0.02139,0.94922
113,65,2,0.18319,0.68013,-0.00380,0.91604,0.40062,-0.01901,0.95215
114,65,2,0.18172,0.68267,-0.01150,0.90876,0.41334,-0.05752,0.95459
115,65,2,0.18002,0.68503,-0.01890,0.90018,0.42514,-0.09450,0.95752
116,65,2,0.17809,0.68719,-0.02599,0.89052,0.43597,-0.12999,0.96191
117,65,2,0.17595,0.68920,-0.03283,0.87986,0.44598,-0.16414,0.96289
118,65,2,0.17363,0.69106,-0.03942,0.86824,0.45531,-0.19712,0.96631
119,65,2,0.17113,0.69278,-0.04579,0.85579,0.46389,-0.22896,0.97070
120,65,2,0.16849,0.69438,-0.05196,0.84252,0.47188,-0.25981,0.97217
121,65,2,0.16568,0.69585,-0.05792,0.82853,0.47922,-0.28963,0.97461
122,65,2,0.16274,0.69721,-0.06371,0.81381,0.48604,-0.31856,0.97705
123,65,2,0.15967,0.69847,-0.06932,0.79842,0.49230,-0.34665,0.98047
124,65,2,0.15646,0.69962,-0.07476,0.78239,0.49809,-0.37386,0.98096
125,65,2,0.15313,0.70067,-0.08004,0.76579,0.50334,-0.40028,0.98438
126,65,2,0.14969,0.70163,-0.08519,0.74856,0.50816,-0.42595,0.98486
127,65,2,0.14614,0.70250,-0.09017,0.73076,0.51251,-0.45091,0.98828
128,65,2,0.14247,0.70329,-0.09502,0.71244,0.51642,-0.47512,0.98926
129,65,2,0.13869,0.70398,-0.09972,0.69358,0.51989,-0.49865,0.99121
130,65,2,0.13482,0.70459,-0.10429,0.67418,0.52299,-0.52151,0.99121
131,65,2,0.13084,0.70513,-0.10872,0.65428,0.52565,-0.54370,0.99268
132,65,2,0.12676,0.70558,-0.11303,0.63390,0.52790,-0.56524,0.99414
133,65,2,0.12259,0.70596,-0.11722,0.61299,0.52976,-0.58616,0.99463
134,65,2,0.11831,0.70625,-0.12127,0.59163,0.53128,-0.60640,0.99414
168,65,2,-0.10104,0.65709,-0.16286,-0.50526,0.28548,-0.81438,0.99414
169,65,2,-0.11311,0.65115,-0.15677,-0.56564,0.25577,-0.78399,0.99463
170,65,2,-0.12724,0.64357,-0.14802,-0.63620,0.21779,-0.74014,0.99463
171,65,2,-0.14718,0.63133,-0.13171,-0.73595,0.15668,-0.65865,0.99463
104,66,2,0.17186,0.63111,0.09742,0.85935,0.15555,0.48715,0.91895
105,66,2,0.17963,0.64104,0.07771,0.89826,0.20515,0.38865,0.92041
106,66,2,0.18369,0.64800,0.06282,0.91854,0.23997,0.31417,0.92285
107,66,2,0.18603,0.65359,0.05017,0.93020,0.26790,0.25090,0.92578
108,66,2,0.18729,0.65832,0.03892,0.93654,0.29158,0.19461,0.92871
109,66,2,0.18782,0.66245,0.02862,0.93915,0.31227,0.14314,0.93164
110,66,2,0.18777,0.66613,0.01908,0.93893,0.33062,0.09542,0.93555
111,66,2,0.18726,0.66944,0.01013,0.93642,0.34720,0.05064,0.93799
112,66,2,0.18639,0.67245,0.00165,0.93204,0.36226,0.00828,0.94238
113,66,2,0.18518,0.67521,-0.00639,0.92605,0.37603,-0.03197,0.94775
114,66,2,0.18371,0.67774,-0.01409,0.91867,0.38870,-0.07046,0.95068
115,66,2,0.18199,0.68008,-0.02146,0.91005,0.40037,-0.10730,0.95361
116,66,2,0.18004,0.68224,-0.02853,0.90030,0.41121,-0.14268,0.95605
117,66,2,0.17790,0.68424,-0.03536,0.88957,0.42118,-0.17683,0.95947
118,66,2,0.17556,0.68609,-0.04194,0.87792,0.43044,-0.20969,0.96338
119,66,2,0.17306,0.68780,-0.04830,0.86541,0.43902,-0.24149,0.96484
120,66,2,0.17040,0.68939,-0.05445,0.85213,0.44694,-0.27227,0.96875
121,66,2,0.16760,0.69086,-0.06041,0.83807,0.45430,-0.30208,0.97217
122,66,2,0.16464,0.69221,-0.06618,0.82334,0.46107,-0.33094,0.97363
123,66,2,0.16157,0.69347,-0.07179,0.80792,0.46733,-0.35899,0.97656
124,66,2,0.15836,0.69461,-0.07723,0.79187,0.47309,-0.38616,0.97900
125,66,2,0.15503,0.69567,-0.08251,0.77524,0.47830,-0.41260,0.98047
126,66,2,0.15157,0.69662,-0.08763,0.75799,0.48315,-0.43821,0.98389
127,66,2,0.14802,0.69749,-0.09262,0.74018,0.48745,-0.46316,0.98389
128,66,2,0.14435,0.69827,-0.09747,0.72185,0.49132,-0.48738,0.98682
129,66,2,0.14058,0.69897,-0.10216,0.70296,0.49484,-0.51086,0.98779
130,66,2,0.13670,0.69958,-0.10673,0.68356,0.49788,-0.53373,0.98926
131,66,2,0.13271,0.70011,-0.11116,0.66367,0.50056,-0.55586,0.99219
132,66,2,0.12863,0.70056,-0.11547,0.64326,0.50280,-0.57741,0.99268
133,66,2,0.12445,0.70093,-0.11965,0.62237,0.50466,-0.59831,0.99414
134,66,2,0.12018,0.70123,-0.12370,0.60100,0.50613,-0.61858,0.99316
136,66,2,0.11134,0.70159,-0.13143,0.55679,0.50795,-0.65725,0.99658
138,66,2,0.10213,0.70165,-0.13867,0.51071,0.50823,-0.69345,0.99805
140,66,2,0.09254,0.70140,-0.14542,0.46274,0.50702,-0.72718,0.99902
142,66,2,0.08256,0.70085,-0.15167,0.41285,0.50426,-0.75847,1.00000
144,66,2,0.07219,0.69999,-0.15742,0.36103,0.49997,-0.78720,1.00000
146,66,2,0.06144,0.69882,-0.16265,0.30721,0.49407,-0.81334,0.99951
148,66,2,0.05025,0.69730,-0.16733,0.25129,0.48649,-0.83677,0.99902
150,66,2,0.03863,0.69544,-0.17145,0.19318,0.47717,-0.85732,0.99902
152,66,2,0.02654,0.69319,-0.17494,0.13271,0.46594,-0.87481,0.99902
154,66,2,0.01393,0.69053,-0.17777,0.06967,0.45266,-0.88896,0.99756
156,66,2,0.00075,0.68742,-0.17986,0.00373,0.43710,-0.89941,0.99854
158,66,2,-0.01308,0.68379,-0.18111,-0.06538,0.41894,-0.90566,0.99707
160,66,2,-0.02765,0.67956,-0.18138,-0.13828,0.39781,-0.90699,0.99658
162,66,2,-0.04315,0.67459,-0.18045,-0.21579,0.37296,-0.90241,0.99609
164,66,2,-0.05980,0.66871,-0.17803,-0.29900,0.34355,-0.89027,0.99512
165,66,2,-0.06868,0.66531,-0.17609,-0.34344,0.32659,-0.88056,0.99463
166,66,2,-0.07804,0.66154,-0.17353,-0.39024,0.30774,-0.86776,0.99561
167,66,2,-0.08801,0.65729,-0.17019,-0.44007,0.28647,-0.85105,0.99463
168,66,2,-0.09876,0.65240,-0.16581,-0.49383,0.26195,-0.82916,0.99365
170,66,2,-0.12458,0.63917,-0.15147,-0.62292,0.19580,-0.75739,0.99365
171,66,2,-0.14348,0.62777,-0.13652,-0.71742,0.13883,-0.68267,0.99170
104,67,2,0.17446,0.62667,0.09404,0.87239,0.13332,0.47028,0.90820
105,67,2,0.18188,0.63632,0.07479,0.90948,0.18158,0.37399,0.91064
106,67,2,0.18579,0.64317,0.06009,0.92906,0.21582,0.30046,0.91260
107,67,2,0.18806,0.64870,0.04753,0.94035,0.24344,0.23765,0.91699
108,67,2,0.18928,0.65338,0.03634,0.94643,0.26690,0.18171,0.91895
109,67,2,0.18975,0.65748,0.02611,0.94886,0.28741,0.13057,0.92383
110,67,2,0.18967,0.66113,0.01660,0.94850,0.30567,0.08304,0.92725
111,67,2,0.18915,0.66443,0.00767,0.94590,0.32219,0.03834,0.93115
112,67,2,0.18827,0.66744,-0.00080,0.94143,0.33718,-0.00401,0.93555
113,67,2,0.18705,0.67018,-0.00882,0.93537,0.35092,-0.04411,0.93994
114,67,2,0.18556,0.67271,-0.01649,0.92793,0.36351,-0.08247,0.94482
115,67,2,0.18383,0.67503,-0.02385,0.91926,0.37516,-0.11925,0.94824
116,67,2,0.18188,0.67719,-0.03093,0.90948,0.38592,-0.15465,0.95117
117,67,2,0.17972,0.67917,-0.03772,0.89872,0.39586,-0.18865,0.95459
118,67,2,0.17740,0.68103,-0.04432,0.88700,0.40511,-0.22160,0.95752
119,67,2,0.17487,0.68273,-0.05065,0.87450,0.41367,-0.25326,0.96338
120,67,2,0.17222,0.68432,-0.05680,0.86116,0.42157,-0.28404,0.96484
121,67,2,0.16940,0.68578,-0.06276,0.84710,0.42889,-0.31381,0.96729
122,67,2,0.16645,0.68714,-0.06852,0.83233,0.43568,-0.34265,0.97070
123,67,2,0.16336,0.68838,-0.07412,0.81690,0.44189,-0.37067,0.97266
124,67,2,0.16015,0.68953,-0.07956,0.80085,0.44762,-0.39785,0.97559
125,67,2,0.15682,0.69058,-0.08484,0.78419,0.45287,-0.42422,0.97607
126,67,2,0.15336,0.69153,-0.08996,0.76693,0.45767,-0.44985,0.98096
127,67,2,0.14981,0.69240,-0.09494,0.74911,0.46199,-0.47476,0.98193
128,67,2,0.14613,0.69318,-0.09977,0.73077,0.46587,-0.49894,0.98438
129,67,2,0.14236,0.69387,-0.10448,0.71188,0.46933,-0.52245,0.98682
130,67,2,0.13848,0.69449,-0.10905,0.69247,0.47237,-0.54529,0.98730
131,67,2,0.13449,0.69501,-0.11348,0.67255,0.47508,-0.56742,0.98877
132,67,2,0.13041,0.69546,-0.11778,0.65215,0.47730,-0.58897,0.99023
133,67,2,0.12623,0.69583,-0.12195,0.63126,0.47914,-0.60986,0.99316
134,67,2,0.12195,0.69613,-0.12600,0.60987,0.48062,-0.63013,0.99268
135,67,2,0.11759,0.69635,-0.12994,0.58800,0.48174,-0.64976,0.99414
161,67,2,-0.03341,0.67215,-0.18350,-0.16707,0.36069,-0.91760,0.99463
162,67,2,-0.04128,0.66958,-0.18289,-0.20639,0.34784,-0.91456,0.99463
163,67,2,-0.04942,0.66678,-0.18191,-0.24710,0.33389,-0.90965,0.99414
164,67,2,-0.05790,0.66371,-0.18050,-0.28950,0.31859,-0.90260,0.99414
165,67,2,-0.06677,0.66033,-0.17858,-0.33386,0.30171,-0.89303,0.99316
166,67,2,-0.07610,0.65658,-0.17606,-0.38053,0.28290,-0.88043,0.99268
167,67,2,-0.08602,0.65236,-0.17278,-0.43009,0.26181,-0.86399,0.99170
168,67,2,-0.09673,0.64750,-0.16846,-0.48370,0.23751,-0.84239,0.99170
169,67,2,-0.10857,0.64175,-0.16267,-0.54289,0.20868,-0.81346,0.99316
170,67,2,-0.12232,0.63447,-0.15442,-0.61161,0.17237,-0.77216,0.99316
171,67,2,-0.14060,0.62355,-0.14025,-0.70305,0.11770,-0.70134,0.99268
104,68,2,0.17656,0.62183,0.09130,0.88294,0.10916,0.45662,0.90039
105,68,2,0.18380,0.63134,0.07229,0.91910,0.15667,0.36153,0.90088
106,68,2,0.18765,0.63813,0.05767,0.93834,0.19065,0.28839,0.90186
107,68,2,0.18987,0.64362,0.04518,0.94942,0.21807,0.22594,0.90820
108,68,2,0.19107,0.64830,0.03401,0.95539,0.24148,0.17008,0.91016
109,68,2,0.19153,0.65239,0.02379,0.95774,0.26191,0.11899,0.91650
110,68,2,0.19144,0.65603,0.01430,0.95729,0.28012,0.07153,0.91992
111,68,2,0.19091,0.65931,0.00539,0.95462,0.29657,0.02694,0.92480
112,68,2,0.19000,0.66231,-0.00305,0.95010,0.31156,-0.01524,0.92725
113,68,2,0.18878,0.66504,-0.01106,0.94402,0.32522,-0.05530,0.93359
114,68,2,0.18730,0.66757,-0.01875,0.93653,0.33783,-0.09374,0.93750
115,68,2,0.18554,0.66988,-0.02608,0.92785,0.34942,-0.13040,0.94287
116,68,2,0.18359,0.67204,-0.03315,0.91804,0.36015,-0.16579,0.94482
117,68,2,0.18143,0.67402,-0.03995,0.90725,0.37012,-0.19977,0.95020
118,68,2,0.17909,0.67587,-0.04652,0.89555,0.37931,-0.23262,0.95264
119,68,2,0.17658,0.67758,-0.05287,0.88299,0.38787,-0.26436,0.95703
120,68,2,0.17391,0.67915,-0.05900,0.86966,0.39577,-0.29504,0.95996
121,68,2,0.17110,0.68062,-0.06496,0.85557,0.40311,-0.32482,0.96338
122,68,2,0.16814,0.68197,-0.07073,0.84081,0.40984,-0.35366,0.96680
123,68,2,0.16505,0.68321,-0.07632,0.82537,0.41608,-0.38163,0.96826
124,68,2,0.16184,0.68436,-0.08176,0.80929,0.42181,-0.40881,0.97266
125,68,2,0.15851,0.68541,-0.08703,0.79262,0.42701,-0.43521,0.97412
126,68,2,0.15505,0.68636,-0.09216,0.77536,0.43182,-0.46081,0.97705
127,68,2,0.15149,0.68723,-0.09713,0.75754,0.43615,-0.48570,0.97949
128,68,2,0.14781,0.68800,-0.10196,0.73918,0.44004,-0.50988,0.98242
129,68,2,0.14404,0.68870,-0.10667,0.72029,0.44347,-0.53340,0.98486
130,68,2,0.14016,0.68931,-0.11123,0.70086,0.44654,-0.55623,0.98584
131,68,2,0.13618,0.68984,-0.11567,0.68095,0.44918,-0.57840,0.98730
132,68,2,0.13210,0.69029,-0.11998,0.66057,0.45139,-0.59992,0.98828
133,68,2,0.12791,0.69066,-0.12414,0.63966,0.45328,-0.62078,0.98975
134,68,2,0.12364,0.69095,-0.12819,0.61826,0.45476,-0.64106,0.99219
135,68,2,0.11927,0.69117,-0.13212,0.59641,0.45582,-0.66070,0.99365
136,68,2,0.11480,0.69131,-0.13592,0.57407,0.45658,-0.67969,0.99365
137,68,2,0.11024,0.69138,-0.13960,0.55128,0.45689,-0.69810,0.99414
138,68,2,0.10558,0.69137,-0.14316,0.52799,0.45684,-0.71591,0.99561
140,68,2,0.09599,0.69113,-0.14991,0.48003,0.45563,-0.74965,0.99707
142,68,2,0.08602,0.69058,-0.15617,0.43015,0.45289,-0.78094,0.99805
144,68,2,0.07566,0.68973,-0.16193,0.37835,0.44863,-0.80968,0.99854
146,68,2,0.06490,0.68855,-0.16715,0.32454,0.44273,-0.83586,0.99854
148,68,2,0.05372,0.68703,-0.17184,0.26863,0.43517,-0.85934,0.99854
150,68,2,0.04211,0.68518,-0.17597,0.21056,0.42590,-0.87993,0.99805
152,68,2,0.03002,0.68294,-0.17947,0.15013,0.41470,-0.89748,0.99707
154,68,2,0.01743,0.68030,-0.18233,0.08717,0.40147,-0.91172,0.99609
156,68,2,0.00427,0.67720,-0.18444,0.02138,0.38597,-0.92226,0.99512
157,68,2,-0.00255,0.67546,-0.18518,-0.01276,0.37726,-0.92602,0.99463
158,68,2,-0.00954,0.67358,-0.18571,-0.04768,0.36789,-0.92864,0.99463
159,68,2,-0.01671,0.67156,-0.18599,-0.08356,0.35776,-0.93006,0.99463
160,68,2,-0.02410,0.66937,-0.18600,-0.12048,0.34683,-0.93016,0.99316
161,68,2,-0.03169,0.66701,-0.18575,-0.15845,0.33502,-0.92880,0.99316
162,68,2,-0.03955,0.66443,-0.18513,-0.19779,0.32219,-0.92578,0.99365
163,68,2,-0.04769,0.66164,-0.18417,-0.23844,0.30827,-0.92093,0.99268
164,68,2,-0.05614,0.65859,-0.18278,-0.28071,0.29299,-0.91398,0.99219
165,68,2,-0.06500,0.65523,-0.18088,-0.32499,0.27612,-0.90451,0.99023
166,68,2,-0.07431,0.65149,-0.17838,-0.37161,0.25739,-0.89200,0.99219
167,68,2,-0.08422,0.64727,-0.17511,-0.42115,0.23639,-0.87564,0.99121
168,68,2,-0.09491,0.64244,-0.17082,-0.47460,0.21218,-0.85424,0.99121
169,68,2,-0.10672,0.63671,-0.16508,-0.53367,0.18354,-0.82553,0.99023
170,68,2,-0.12036,0.62951,-0.15696,-0.60184,0.14755,-0.78487,0.99023
171,68,2,-0.13839,0.61880,-0.14313,-0.69201,0.09404,-0.71573,0.98926
104,69,2,0.17825,0.61666,0.08911,0.89134,0.08331,0.44561,0.88867
105,69,2,0.18543,0.62612,0.07017,0.92726,0.13058,0.35092,0.89062
106,69,2,0.18926,0.63290,0.05558,0.94640,0.16451,0.27795,0.89453
107,69,2,0.19149,0.63840,0.04307,0.95748,0.19194,0.21539,0.89648
108,69,2,0.19266,0.64305,0.03194,0.96340,0.21525,0.15974,0.90234
109,69,2,0.19312,0.64714,0.02173,0.96572,0.23569,0.10868,0.90576
110,69,2,0.19303,0.65078,0.01224,0.96530,0.25390,0.06121,0.91064
111,69,2,0.19250,0.65407,0.00331,0.96263,0.27035,0.01659,0.91504
112,69,2,0.19160,0.65707,-0.00513,0.95810,0.28531,-0.02561,0.92041
113,69,2,0.19037,0.65980,-0.01314,0.95199,0.29900,-0.06571,0.92627
114,69,2,0.18888,0.66232,-0.02081,0.94450,0.31159,-0.10405,0.92871
115,69,2,0.18714,0.66464,-0.02815,0.93579,0.32322,-0.14078,0.93359
116,69,2,0.18518,0.66679,-0.03522,0.92601,0.33393,-0.17611,0.93945
117,69,2,0.18302,0.66878,-0.04202,0.91520,0.34388,-0.21011,0.94238
118,69,2,0.18067,0.67062,-0.04858,0.90350,0.35308,-0.24294,0.94678
119,69,2,0.17817,0.67233,-0.05494,0.89093,0.36162,-0.27471,0.95166
120,69,2,0.17549,0.67391,-0.06107,0.87760,0.36954,-0.30537,0.95410
121,69,2,0.17269,0.67537,-0.06703,0.86352,0.37683,-0.33515,0.95850
122,69,2,0.16973,0.67672,-0.07279,0.84874,0.38360,-0.36400,0.96240
123,69,2,0.16664,0.67797,-0.07839,0.83331,0.38982,-0.39197,0.96533
124,69,2,0.16342,0.67911,-0.08381,0.81724,0.39555,-0.41912,0.96729
125,69,2,0.16009,0.68016,-0.08909,0.80055,0.40082,-0.44550,0.97021
126,69,2,0.15665,0.68112,-0.09423,0.78327,0.40557,-0.47117,0.97461
127,69,2,0.15307,0.68198,-0.09919,0.76547,0.40991,-0.49601,0.97705
128,69,2,0.14940,0.68275,-0.10403,0.74711,0.41377,-0.52021,0.97852
129,69,2,0.14563,0.68345,-0.10873,0.72822,0.41723,-0.54371,0.98096
130,69,2,0.14174,0.68406,-0.11329,0.70882,0.42027,-0.56652,0.98291
131,69,2,0.13776,0.68459,-0.11773,0.68888,0.42295,-0.58869,0.98535
132,69,2,0.13368,0.68504,-0.12203,0.66848,0.42516,-0.61022,0.98730
133,69,2,0.12950,0.68541,-0.12621,0.64757,0.42707,-0.63108,0.98877
134,69,2,0.12523,0.68571,-0.13026,0.62618,0.42853,-0.65135,0.99072
135,69,2,0.12086,0.68593,-0.13419,0.60434,0.42958,-0.67100,0.98975
136,69,2,0.11639,0.68606,-0.13799,0.58201,0.43033,-0.68999,0.99219
137,69,2,0.11183,0.68613,-0.14167,0.55920,0.43063,-0.70842,0.99316
138,69,2,0.10717,0.68613,-0.14523,0.53593,0.43060,-0.72620,0.99414
154,69,2,0.01901,0.67505,-0.18439,0.09509,0.37524,-0.92203,0.99463
155,69,2,0.01251,0.67355,-0.18554,0.06255,0.36779,-0.92781,0.99414
157,69,2,-0.00096,0.67021,-0.18724,-0.00482,0.35102,-0.93636,0.99414
158,69,2,-0.00795,0.66834,-0.18777,-0.03973,0.34167,-0.93897,0.99219
159,69,2,-0.01512,0.66631,-0.18806,-0.07563,0.33156,-0.94041,0.99219
160,69,2,-0.02250,0.66413,-0.18808,-0.11249,0.32067,-0.94048,0.99121
161,69,2,-0.03010,0.66176,-0.18780,-0.15052,0.30886,-0.93912,0.99072
162,69,2,-0.03795,0.65920,-0.18721,-0.18975,0.29602,-0.93615,0.99219
163,69,2,-0.04609,0.65640,-0.18624,-0.23044,0.28202,-0.93132,0.99072
164,69,2,-0.05454,0.65335,-0.18486,-0.27272,0.26673,-0.92438,0.99023
165,69,2,-0.06340,0.64998,-0.18295,-0.31705,0.24989,-0.91490,0.98975
166,69,2,-0.07272,0.64624,-0.18045,-0.36368,0.23119,-0.90238,0.98877
167,69,2,-0.08262,0.64204,-0.17719,-0.41314,0.21016,-0.88609,0.98877
168,69,2,-0.09330,0.63721,-0.17292,-0.46651,0.18604,-0.86473,0.98828
169,69,2,-0.10509,0.63149,-0.16720,-0.52551,0.15748,-0.83609,0.98730
170,69,2,-0.11872,0.62431,-0.15910,-0.59358,0.12148,-0.79555,0.98828
171,69,2,-0.13671,0.61362,-0.14531,-0.68360,0.06816,-0.72666,0.98486
104,70,2,0.17944,0.61109,0.08757,0.89729,0.05544,0.43794,0.87598
105,70,2,0.18676,0.62067,0.06844,0.93391,0.10332,0.34225,0.88086
106,70,2,0.19063,0.62748,0.05379,0.95329,0.13738,0.26900,0.88281
107,70,2,0.19287,0.63298,0.04128,0.96446,0.16493,0.20643,0.88867
108,70,2,0.19408,0.63767,0.03010,0.97050,0.18832,0.15051,0.89209
109,70,2,0.19456,0.64177,0.01986,0.97290,0.20881,0.09934,0.89697
110,70,2,0.19448,0.64542,0.01036,0.97251,0.22709,0.05180,0.90332
111,70,2,0.19396,0.64872,0.00142,0.96986,0.24355,0.00711,0.90771
112,70,2,0.19305,0.65170,-0.00700,0.96536,0.25852,-0.03501,0.91162
113,70,2,0.19184,0.65445,-0.01504,0.95928,0.27224,-0.07520,0.91553
114,70,2,0.19034,0.65697,-0.02271,0.95182,0.28484,-0.11356,0.92139
115,70,2,0.18860,0.65929,-0.03006,0.94314,0.29647,-0.15030,0.92773
116,70,2,0.18665,0.66145,-0.03713,0.93334,0.30726,-0.18569,0.93213
117,70,2,0.18449,0.66344,-0.04393,0.92257,0.31719,-0.21967,0.93604
118,70,2,0.18216,0.66528,-0.05051,0.91087,0.32641,-0.25255,0.94043
119,70,2,0.17965,0.66699,-0.05685,0.89832,0.33496,-0.28429,0.94531
120,70,2,0.17698,0.66858,-0.06300,0.88499,0.34288,-0.31502,0.95068
121,70,2,0.17416,0.67003,-0.06894,0.87093,0.35017,-0.34476,0.95312
122,70,2,0.17121,0.67139,-0.07472,0.85616,0.35693,-0.37363,0.95605
123,70,2,0.16813,0.67264,-0.08032,0.84071,0.36316,-0.40164,0.96094
124,70,2,0.16491,0.67378,-0.08574,0.82466,0.36888,-0.42879,0.96338
125,70,2,0.16158,0.67483,-0.09103,0.80798,0.37412,-0.45519,0.96680
126,70,2,0.15813,0.67578,-0.09615,0.79073,0.37891,-0.48081,0.97070
127,70,2,0.15457,0.67665,-0.10113,0.77292,0.38324,-0.50568,0.97314
128,70,2,0.15090,0.67743,-0.10597,0.75455,0.38711,-0.52990,0.97559
129,70,2,0.14711,0.67812,-0.11066,0.73568,0.39059,-0.55337,0.97803
130,70,2,0.14323,0.67873,-0.11522,0.71627,0.39366,-0.57618,0.98047
131,70,2,0.13925,0.67926,-0.11966,0.69633,0.39632,-0.59838,0.98340
132,70,2,0.13517,0.67971,-0.12396,0.67594,0.39853,-0.61991,0.98389
133,70,2,0.13099,0.68008,-0.12814,0.65503,0.40039,-0.64079,0.98535
134,70,2,0.12672,0.68038,-0.13220,0.63366,0.40187,-0.66104,0.98828
135,70,2,0.12235,0.68060,-0.13613,0.61180,0.40295,-0.68068,0.98926
136,70,2,0.11788,0.68074,-0.13993,0.58945,0.40369,-0.69970,0.99072
137,70,2,0.11332,0.68081,-0.14361,0.56663,0.40403,-0.71812,0.99268
138,70,2,0.10867,0.68080,-0.14717,0.54338,0.40395,-0.73591,0.99268
139,70,2,0.10391,0.68071,-0.15060,0.51964,0.40357,-0.75307,0.99316
140,70,2,0.09907,0.68055,-0.15392,0.49539,0.40277,-0.76966,0.99414
142,70,2,0.08909,0.68000,-0.16017,0.44551,0.40005,-0.80092,0.99561
144,70,2,0.07873,0.67915,-0.16592,0.39371,0.39572,-0.82970,0.99609
146,70,2,0.06797,0.67797,-0.17115,0.33991,0.38981,-0.85587,0.99707
148,70,2,0.05680,0.67646,-0.17585,0.28403,0.38232,-0.87929,0.99609
150,70,2,0.04518,0.67460,-0.17996,0.22596,0.37300,-0.89990,0.99609
151,70,2,0.03919,0.67352,-0.18179,0.19602,0.36763,-0.90908,0.99463
152,70,2,0.03310,0.67236,-0.18347,0.16552,0.36180,-0.91745,0.99365
153,70,2,0.02687,0.67109,-0.18498,0.13433,0.35546,-0.92499,0.99414
154,70,2,0.02049,0.66971,-0.18631,0.10247,0.34855,-0.93167,0.99414
155,70,2,0.01399,0.66823,-0.18747,0.06999,0.34110,-0.93741,0.99365
156,70,2,0.00733,0.66661,-0.18842,0.03666,0.33305,-0.94219,0.99219
157,70,2,0.00051,0.66487,-0.18916,0.00256,0.32437,-0.94593,0.99219
158,70,2,-0.00647,0.66300,-0.18969,-0.03235,0.31503,-0.94852,0.99170
159,70,2,-0.01365,0.66097,-0.18997,-0.06826,0.30487,-0.94995,0.99121
160,70,2,-0.02103,0.65878,-0.18998,-0.10517,0.29393,-0.95003,0.98926
161,70,2,-0.02864,0.65641,-0.18971,-0.14318,0.28208,-0.94864,0.98926
162,70,2,-0.03649,0.65385,-0.18911,-0.18244,0.26919,-0.94566,0.98926
163,70,2,-0.04464,0.65104,-0.18812,-0.22324,0.25519,-0.94077,0.98877
164,70,2,-0.05310,0.64799,-0.18674,-0.26554,0.23992,-0.93377,0.98730
165,70,2,-0.06196,0.64462,-0.18483,-0.30979,0.22310,-0.92426,0.98730
166,70,2,-0.07129,0.64087,-0.18231,-0.35647,0.20431,-0.91170,0.98584
167,70,2,-0.08121,0.63665,-0.17903,-0.40608,0.18325,-0.89527,0.98730
168,70,2,-0.09191,0.63181,-0.17473,-0.45957,0.15907,-0.87378,0.98438
169,70,2,-0.10373,0.62606,-0.16896,-0.51872,0.13027,-0.84496,0.98584
170,70,2,-0.11743,0.61882,-0.16077,-0.58717,0.09413,-0.80397,0.98438
171,70,2,-0.13560,0.60799,-0.14675,-0.67811,0.03998,-0.73387,0.98242
104,71,2,0.18020,0.60518,0.08658,0.90103,0.02587,0.43298,0.86572
105,71,2,0.18782,0.61499,0.06706,0.93911,0.07495,0.33533,0.86865
106,71,2,0.19177,0.62187,0.05232,0.95895,0.10934,0.26164,0.86865
107,71,2,0.19406,0.62742,0.03973,0.97044,0.13710,0.19867,0.87354
108,71,2,0.19531,0.63214,0.02849,0.97668,0.16069,0.14245,0.88037
109,71,2,0.19582,0.63625,0.01823,0.97921,0.18125,0.09116,0.88477
110,71,2,0.19576,0.63993,0.00869,0.97890,0.19963,0.04343,0.89014
111,71,2,0.19526,0.64324,-0.00027,0.97635,0.21615,-0.00133,0.89648
112,71,2,0.19436,0.64624,-0.00871,0.97193,0.23119,-0.04357,0.90283
113,71,2,0.19316,0.64899,-0.01676,0.96591,0.24494,-0.08382,0.90918
114,71,2,0.19168,0.65152,-0.02444,0.95849,0.25759,-0.12222,0.91357
115,71,2,0.18995,0.65385,-0.03181,0.94984,0.26926,-0.15906,0.91797
116,71,2,0.18799,0.65600,-0.03888,0.94010,0.28005,-0.19438,0.92529
117,71,2,0.18586,0.65801,-0.04571,0.92933,0.29002,-0.22853,0.92969
118,71,2,0.18351,0.65985,-0.05227,0.91768,0.29925,-0.26136,0.93359
119,71,2,0.18101,0.66156,-0.05863,0.90515,0.30782,-0.29317,0.93750
120,71,2,0.17835,0.66315,-0.06478,0.89184,0.31576,-0.32392,0.94336
121,71,2,0.17553,0.66461,-0.07073,0.87781,0.32306,-0.35368,0.94824
122,71,2,0.17259,0.66598,-0.07651,0.86302,0.32986,-0.38260,0.95215
123,71,2,0.16951,0.66722,-0.08211,0.84761,0.33610,-0.41061,0.95752
124,71,2,0.16629,0.66837,-0.08755,0.83156,0.34184,-0.43779,0.95752
125,71,2,0.16296,0.66942,-0.09283,0.81491,0.34706,-0.46419,0.96094
126,71,2,0.15951,0.67037,-0.09795,0.79767,0.35189,-0.48979,0.96436
127,71,2,0.15595,0.67124,-0.10294,0.77985,0.35621,-0.51474,0.97021
128,71,2,0.15229,0.67203,-0.10778,0.76150,0.36009,-0.53894,0.97217
129,71,2,0.14851,0.67271,-0.11247,0.74263,0.36359,-0.56241,0.97461
130,71,2,0.14463,0.67333,-0.11704,0.72324,0.36659,-0.58527,0.97754
131,71,2,0.14065,0.67386,-0.12148,0.70331,0.36928,-0.60745,0.97998
132,71,2,0.13656,0.67430,-0.12577,0.68292,0.37152,-0.62896,0.98145
133,71,2,0.13238,0.67468,-0.12995,0.66201,0.37342,-0.64985,0.98389
134,71,2,0.12811,0.67498,-0.13401,0.64064,0.37486,-0.67012,0.98633
135,71,2,0.12374,0.67519,-0.13794,0.61877,0.37596,-0.68976,0.98730
136,71,2,0.11927,0.67533,-0.14174,0.59645,0.37667,-0.70878,0.98926
137,71,2,0.11471,0.67540,-0.14542,0.57363,0.37700,-0.72720,0.99121
138,71,2,0.11006,0.67540,-0.14898,0.55034,0.37698,-0.74499,0.99219
139,71,2,0.10531,0.67531,-0.15241,0.52662,0.37653,-0.76217,0.99268
140,71,2,0.10046,0.67515,-0.15573,0.50238,0.37576,-0.77872,0.99365
141,71,2,0.09553,0.67492,-0.15892,0.47769,0.37457,-0.79467,0.99414
143,71,2,0.08535,0.67421,-0.16491,0.42686,0.37105,-0.82469,0.99365
147,71,2,0.06383,0.67185,-0.17538,0.31920,0.35925,-0.87695,0.99463
151,71,2,0.04058,0.66812,-0.18360,0.20296,0.34056,-0.91806,0.99414
152,71,2,0.03447,0.66694,-0.18526,0.17241,0.33469,-0.92642,0.99365
153,71,2,0.02824,0.66567,-0.18677,0.14122,0.32834,-0.93395,0.99268
154,71,2,0.02187,0.66429,-0.18809,0.10936,0.32145,-0.94059,0.99219
155,71,2,0.01536,0.66280,-0.18925,0.07684,0.31398,-0.94631,0.99219
156,71,2,0.00870,0.66118,-0.19019,0.04349,0.30591,-0.95106,0.99121
157,71,2,0.00187,0.65944,-0.19093,0.00937,0.29718,-0.95478,0.99023
158,71,2,-0.00511,0.65757,-0.19146,-0.02556,0.28780,-0.95736,0.98975
159,71,2,-0.01231,0.65552,-0.19171,-0.06154,0.27764,-0.95872,0.98926
160,71,2,-0.01968,0.65334,-0.19174,-0.09840,0.26663,-0.95875,0.98730
161,71,2,-0.02731,0.65096,-0.19144,-0.13654,0.25479,-0.95730,0.98779
162,71,2,-0.03517,0.64838,-0.19083,-0.17585,0.24193,-0.95423,0.98682
163,71,2,-0.04332,0.64557,-0.18984,-0.21664,0.22786,-0.94929,0.98535
164,71,2,-0.05180,0.64251,-0.18842,-0.25903,0.21251,-0.94220,0.98535
165,71,2,-0.06067,0.63913,-0.18650,-0.30338,0.19559,-0.93258,0.98486
166,71,2,-0.07003,0.63536,-0.18395,-0.35015,0.17683,-0.91985,0.98340
167,71,2,-0.07997,0.63112,-0.18064,-0.39986,0.15562,-0.90327,0.98340
168,71,2,-0.09072,0.62623,-0.17627,-0.45367,0.13114,-0.88147,0.98242
169,71,2,-0.10260,0.62045,-0.17044,-0.51302,0.10222,-0.85227,0.98291
170,71,2,-0.11645,0.61308,-0.16204,-0.58232,0.06544,-0.81032,0.98096
171,71,2,-0.13505,0.60192,-0.14747,-0.67531,0.00960,-0.73747,0.97656
104,72,2,0.18037,0.59880,0.08636,0.90191,-0.00603,0.43187,0.85303
105,72,2,0.18850,0.60902,0.06618,0.94257,0.04507,0.33097,0.85449
106,72,2,0.19265,0.61605,0.05118,0.96335,0.08026,0.25595,0.85742
107,72,2,0.19505,0.62169,0.03844,0.97534,0.10845,0.19225,0.86328
108,72,2,0.19635,0.62644,0.02715,0.98189,0.13221,0.13576,0.86670
109,72,2,0.19690,0.63060,0.01681,0.98463,0.15299,0.08410,0.87598
110,72,2,0.19689,0.63431,0.00722,0.98451,0.17153,0.03613,0.88135
111,72,2,0.19639,0.63763,-0.00175,0.98210,0.18813,-0.00871,0.88721
112,72,2,0.19554,0.64066,-0.01024,0.97778,0.20328,-0.05119,0.89111
113,72,2,0.19435,0.64343,-0.01831,0.97183,0.21712,-0.09157,0.90039
114,72,2,0.19287,0.64596,-0.02600,0.96451,0.22979,-0.13001,0.90576
115,72,2,0.19117,0.64831,-0.03340,0.95591,0.24156,-0.16701,0.91162
116,72,2,0.18922,0.65047,-0.04047,0.94625,0.25234,-0.20236,0.91602
117,72,2,0.18709,0.65248,-0.04731,0.93553,0.26237,-0.23656,0.92480
118,72,2,0.18476,0.65433,-0.05389,0.92391,0.27162,-0.26946,0.92725
119,72,2,0.18227,0.65605,-0.06026,0.91141,0.28024,-0.30132,0.93115
120,72,2,0.17961,0.65764,-0.06642,0.89813,0.28821,-0.33210,0.93652
121,72,2,0.17680,0.65911,-0.07238,0.88411,0.29553,-0.36195,0.94141
122,72,2,0.17386,0.66047,-0.07816,0.86939,0.30237,-0.39082,0.94678
123,72,2,0.17078,0.66172,-0.08376,0.85400,0.30859,-0.41888,0.95020
124,72,2,0.16758,0.66288,-0.08922,0.83795,0.31435,-0.44612,0.95410
125,72,2,0.16424,0.66392,-0.09449,0.82133,0.31961,-0.47252,0.95850
126,72,2,0.16080,0.66488,-0.09962,0.80410,0.32444,-0.49816,0.95996
127,72,2,0.15724,0.66575,-0.10461,0.78631,0.32875,-0.52310,0.96582
128,72,2,0.15358,0.66654,-0.10945,0.76797,0.33267,-0.54732,0.96680
129,72,2,0.14980,0.66723,-0.11416,0.74910,0.33614,-0.57084,0.97070
130,72,2,0.14593,0.66785,-0.11873,0.72970,0.33922,-0.59369,0.97266
131,72,2,0.14195,0.66838,-0.12316,0.70980,0.34189,-0.61587,0.97656
132,72,2,0.13786,0.66883,-0.12746,0.68939,0.34414,-0.63742,0.97998
133,72,2,0.13368,0.66920,-0.13164,0.66851,0.34601,-0.65831,0.98145
134,72,2,0.12941,0.66950,-0.13570,0.64715,0.34746,-0.67857,0.98340
135,72,2,0.12504,0.66971,-0.13963,0.62529,0.34859,-0.69821,0.98486
136,72,2,0.12057,0.66986,-0.14343,0.60296,0.34928,-0.71725,0.98486
137,72,2,0.11601,0.66992,-0.14711,0.58014,0.34961,-0.73567,0.98877
138,72,2,0.11136,0.66992,-0.15067,0.55686,0.34960,-0.75345,0.98877
139,72,2,0.10661,0.66983,-0.15410,0.53312,0.34914,-0.77064,0.98877
140,72,2,0.10176,0.66967,-0.15742,0.50889,0.34835,-0.78720,0.99023
141,72,2,0.09683,0.66944,-0.16061,0.48418,0.34720,-0.80313,0.99170
142,72,2,0.09179,0.66912,-0.16367,0.45903,0.34561,-0.81844,0.99219
143,72,2,0.08665,0.66873,-0.16661,0.43335,0.34365,-0.83313,0.99414
144,72,2,0.08142,0.66826,-0.16942,0.40719,0.34130,-0.84718,0.99463
145,72,2,0.07610,0.66772,-0.17211,0.38055,0.33855,-0.86056,0.99365
146,72,2,0.07066,0.66708,-0.17465,0.35335,0.33537,-0.87331,0.99268
147,72,2,0.06512,0.66636,-0.17705,0.32564,0.33182,-0.88536,0.99414
148,72,2,0.05948,0.66556,-0.17932,0.29741,0.32783,-0.89671,0.99463
149,72,2,0.05371,0.66467,-0.18145,0.26862,0.32337,-0.90735,0.99316
150,72,2,0.04785,0.66369,-0.18343,0.23926,0.31846,-0.91724,0.99121
151,72,2,0.04187,0.66262,-0.18527,0.20937,0.31312,-0.92635,0.99170
152,72,2,0.03575,0.66144,-0.18692,0.17878,0.30719,-0.93470,0.99268
153,72,2,0.02950,0.66016,-0.18841,0.14755,0.30082,-0.94220,0.99072
154,72,2,0.02314,0.65879,-0.18975,0.11572,0.29390,-0.94881,0.99023
155,72,2,0.01662,0.65728,-0.19088,0.08309,0.28643,-0.95448,0.98975
156,72,2,0.00995,0.65566,-0.19182,0.04974,0.27833,-0.95920,0.98828
157,72,2,0.00312,0.65392,-0.19255,0.01561,0.26957,-0.96286,0.98779
158,72,2,-0.00389,0.65203,-0.19305,-0.01944,0.26011,-0.96538,0.98730
159,72,2,-0.01108,0.64999,-0.19331,-0.05541,0.24993,-0.96668,0.98584
160,72,2,-0.01847,0.64779,-0.19331,-0.09237,0.23895,-0.96663,0.98535
161,72,2,-0.02611,0.64540,-0.19299,-0.13056,0.22698,-0.96510,0.98438
162,72,2,-0.03398,0.64281,-0.19237,-0.16993,0.21401,-0.96193,0.98291
163,72,2,-0.04216,0.63999,-0.19135,-0.21079,0.19991,-0.95688,0.98291
164,72,2,-0.05067,0.63689,-0.18989,-0.25339,0.18446,-0.94961,0.98340
165,72,2,-0.05957,0.63349,-0.18794,-0.29785,0.16752,-0.93980,0.98145
166,72,2,-0.06895,0.62970,-0.18535,-0.34476,0.14850,-0.92687,0.98047
167,72,2,-0.07895,0.62542,-0.18197,-0.39476,0.12707,-0.90995,0.98096
168,72,2,-0.08974,0.62050,-0.17754,-0.44873,0.10250,-0.88777,0.97852
169,72,2,-0.10174,0.61461,-0.17155,-0.50872,0.07313,-0.85782,0.97852
170,72,2,-0.11581,0.60708,-0.16288,-0.57910,0.03540,-0.81449,0.97656
171,72,2,-0.13518,0.59530,-0.14731,-0.67592,-0.02351,-0.73660,0.97412
104,73,2,0.17987,0.59188,0.08701,0.89943,-0.04067,0.43517,0.83789
105,73,2,0.18884,0.60277,0.06574,0.94430,0.01384,0.32878,0.83936
106,73,2,0.19328,0.61004,0.05035,0.96647,0.05020,0.25181,0.84766
107,73,2,0.19580,0.61577,0.03747,0.97912,0.07887,0.18736,0.85010
108,73,2,0.19720,0.62061,0.02604,0.98611,0.10303,0.13020,0.85645
109,73,2,0.19782,0.62482,0.01562,0.98919,0.12408,0.07809,0.86328
110,73,2,0.19784,0.62855,0.00598,0.98929,0.14275,0.02992,0.86914
111,73,2,0.19739,0.63190,-0.00304,0.98707,0.15952,-0.01518,0.87598
112,73,2,0.19656,0.63496,-0.01157,0.98291,0.17476,-0.05785,0.88428
113,73,2,0.19540,0.63774,-0.01967,0.97709,0.18870,-0.09836,0.88867
114,73,2,0.19395,0.64030,-0.02740,0.96986,0.20146,-0.13701,0.89453
115,73,2,0.19225,0.64266,-0.03480,0.96137,0.21327,-0.17401,0.90234
116,73,2,0.19033,0.64483,-0.04191,0.95175,0.22416,-0.20959,0.90625
117,73,2,0.18820,0.64684,-0.04875,0.94113,0.23421,-0.24378,0.91309
118,73,2,0.18589,0.64872,-0.05537,0.92953,0.24355,-0.27686,0.92041
119,73,2,0.18340,0.65044,-0.06173,0.91712,0.25218,-0.30870,0.92676
120,73,2,0.18075,0.65203,-0.06790,0.90389,0.26017,-0.33956,0.92920
121,73,2,0.17797,0.65352,-0.07389,0.88987,0.26758,-0.36950,0.93604
122,73,2,0.17502,0.65488,-0.07967,0.87521,0.27439,-0.39839,0.94141
123,73,2,0.17195,0.65614,-0.08528,0.85986,0.28067,-0.42646,0.94482
124,73,2,0.16875,0.65730,-0.09074,0.84382,0.28647,-0.45377,0.94922
125,73,2,0.16543,0.65835,-0.09603,0.82722,0.29175,-0.48019,0.95264
126,73,2,0.16198,0.65931,-0.10116,0.81002,0.29655,-0.50588,0.95752
127,73,2,0.15843,0.66019,-0.10616,0.79224,0.30094,-0.53084,0.95898
128,73,2,0.15476,0.66097,-0.11100,0.77395,0.30484,-0.55505,0.96387
129,73,2,0.15100,0.66167,-0.11571,0.75508,0.30835,-0.57859,0.96729
130,73,2,0.14713,0.66229,-0.12029,0.73569,0.31141,-0.60148,0.96924
131,73,2,0.14315,0.66282,-0.12473,0.71579,0.31411,-0.62369,0.97217
132,73,2,0.13907,0.66327,-0.12903,0.69541,0.31637,-0.64523,0.97656
133,73,2,0.13489,0.66365,-0.13321,0.67453,0.31823,-0.66614,0.97852
134,73,2,0.13062,0.66395,-0.13727,0.65316,0.31974,-0.68640,0.98145
135,73,2,0.12625,0.66416,-0.14119,0.63133,0.32082,-0.70604,0.98242
136,73,2,0.12178,0.66430,-0.14500,0.60899,0.32152,-0.72509,0.98438
137,73,2,0.11722,0.66437,-0.14868,0.58618,0.32186,-0.74351,0.98633
138,73,2,0.11257,0.66436,-0.15225,0.56288,0.32182,-0.76131,0.98633
139,73,2,0.10781,0.66428,-0.15567,0.53915,0.32139,-0.77848,0.98779
140,73,2,0.10297,0.66412,-0.15899,0.51492,0.32059,-0.79504,0.98877
141,73,2,0.09803,0.66388,-0.16218,0.49021,0.31943,-0.81096,0.98926
142,73,2,0.09300,0.66357,-0.16524,0.46504,0.31780,-0.82628,0.98877
143,73,2,0.08786,0.66317,-0.16817,0.43936,0.31585,-0.84096,0.99170
144,73,2,0.08263,0.66271,-0.17098,0.41319,0.31348,-0.85499,0.99268
145,73,2,0.07730,0.66215,-0.17366,0.38650,0.31079,-0.86835,0.99121
146,73,2,0.07185,0.66152,-0.17619,0.35931,0.30758,-0.88108,0.99023
147,73,2,0.06631,0.66079,-0.17859,0.33159,0.30399,-0.89311,0.99219
148,73,2,0.06066,0.65999,-0.18086,0.30335,0.29997,-0.90443,0.99219
149,73,2,0.05490,0.65910,-0.18299,0.27455,0.29553,-0.91503,0.99023
150,73,2,0.04903,0.65812,-0.18497,0.24516,0.29060,-0.92491,0.99170
151,73,2,0.04303,0.65704,-0.18678,0.21520,0.28520,-0.93399,0.99170
152,73,2,0.03692,0.65586,-0.18844,0.18460,0.27931,-0.94228,0.98926
153,73,2,0.03067,0.65457,-0.18992,0.15336,0.27287,-0.94974,0.98975
154,73,2,0.02430,0.65319,-0.19125,0.12149,0.26594,-0.95630,0.98779
155,73,2,0.01776,0.65168,-0.19236,0.08882,0.25840,-0.96194,0.98730
156,73,2,0.01108,0.65005,-0.19329,0.05543,0.25027,-0.96658,0.98633
157,73,2,0.00425,0.64830,-0.19402,0.02129,0.24151,-0.97017,0.98535
158,73,2,-0.00278,0.64640,-0.19449,-0.01389,0.23197,-0.97263,0.98486
159,73,2,-0.00997,0.64436,-0.19475,-0.04985,0.22177,-0.97383,0.98340
160,73,2,-0.01740,0.64213,-0.19471,-0.08699,0.21063,-0.97368,0.98193
161,73,2,-0.02504,0.63973,-0.19439,-0.12520,0.19862,-0.97205,0.98145
162,73,2,-0.03294,0.63713,-0.19372,-0.16473,0.18560,-0.96873,0.98193
163,73,2,-0.04114,0.63429,-0.19268,-0.20569,0.17149,-0.96348,0.97998
164,73,2,-0.04968,0.63116,-0.19118,-0.24845,0.15584,-0.95603,0.97949
165,73,2,-0.05862,0.62773,-0.18917,-0.29312,0.13863,-0.94597,0.97852
166,73,2,-0.06805,0.62390,-0.18652,-0.34027,0.11945,-0.93271,0.97803
167,73,2,-0.07811,0.61957,-0.18306,-0.39055,0.09788,-0.91536,0.97656
168,73,2,-0.08901,0.61457,-0.17850,-0.44505,0.07288,-0.89254,0.97461
169,73,2,-0.10119,0.60854,-0.17227,-0.50600,0.04269,-0.86147,0.97510
170,73,2,-0.11553,0.60078,-0.16324,-0.57766,0.00392,-0.81627,0.96924
171,73,2,-0.13639,0.58781,-0.14573,-0.68202,-0.06098,-0.72878,0.96533
104,74,2,0.17849,0.58426,0.08880,0.89210,-0.07869,0.44384,0.82031
105,74,2,0.18881,0.59623,0.06577,0.94417,-0.01886,0.32893,0.82812
106,74,2,0.19361,0.60378,0.04993,0.96814,0.01892,0.24969,0.82764
107,74,2,0.19634,0.60968,0.03677,0.98176,0.04838,0.18388,0.83545
108,74,2,0.19786,0.61462,0.02518,0.98936,0.07308,0.12591,0.84082
109,74,2,0.19856,0.61889,0.01466,0.99281,0.09442,0.07333,0.84766
110,74,2,0.19863,0.62267,0.00495,0.99327,0.11332,0.02477,0.85938
111,74,2,0.19823,0.62606,-0.00413,0.99125,0.13028,-0.02065,0.86377
112,74,2,0.19744,0.62914,-0.01271,0.98730,0.14567,-0.06359,0.87158
113,74,2,0.19630,0.63195,-0.02084,0.98165,0.15973,-0.10422,0.87646
114,74,2,0.19490,0.63454,-0.02863,0.97451,0.17269,-0.14313,0.88672
115,74,2,0.19320,0.63690,-0.03604,0.96617,0.18451,-0.18021,0.89160
116,74,2,0.19132,0.63911,-0.04320,0.95663,0.19548,-0.21599,0.90088
117,74,2,0.18919,0.64112,-0.05004,0.94610,0.20559,-0.25025,0.90576
118,74,2,0.18691,0.64301,-0.05668,0.93458,0.21499,-0.28344,0.91162
119,74,2,0.18442,0.64474,-0.06306,0.92224,0.22368,-0.31534,0.91650
120,74,2,0.18179,0.64634,-0.06925,0.90906,0.23171,-0.34629,0.92188
121,74,2,0.17901,0.64783,-0.07524,0.89512,0.23918,-0.37624,0.92773
122,74,2,0.17608,0.64920,-0.08104,0.88048,0.24604,-0.40525,0.93359
123,74,2,0.17301,0.65047,-0.08667,0.86515,0.25235,-0.43339,0.93799
124,74,2,0.16982,0.65163,-0.09213,0.84919,0.25814,-0.46070,0.94385
125,74,2,0.16650,0.65269,-0.09743,0.83260,0.26346,-0.48720,0.94531
126,74,2,0.16307,0.65366,-0.10258,0.81542,0.26831,-0.51293,0.95264
127,74,2,0.15952,0.65454,-0.10757,0.79769,0.27270,-0.53789,0.95654
128,74,2,0.15586,0.65532,-0.11242,0.77940,0.27658,-0.56217,0.95850
129,74,2,0.15209,0.65602,-0.11713,0.76055,0.28014,-0.58574,0.96387
130,74,2,0.14823,0.65665,-0.12172,0.74119,0.28320,-0.60864,0.96484
131,74,2,0.14425,0.65718,-0.12616,0.72132,0.28589,-0.63084,0.96826
132,74,2,0.14017,0.65764,-0.13047,0.70094,0.28818,-0.65240,0.97217
133,74,2,0.13600,0.65802,-0.13466,0.68006,0.29005,-0.67334,0.97510
134,74,2,0.13173,0.65832,-0.13872,0.65870,0.29157,-0.69361,0.97559
135,74,2,0.12736,0.65853,-0.14264,0.63686,0.29265,-0.71328,0.97900
136,74,2,0.12289,0.65867,-0.14645,0.61455,0.29336,-0.73231,0.97900
137,74,2,0.11834,0.65874,-0.15013,0.59174,0.29374,-0.75071,0.98193
138,74,2,0.11368,0.65874,-0.15369,0.56847,0.29366,-0.76851,0.98438
139,74,2,0.10893,0.65865,-0.15712,0.54471,0.29324,-0.78569,0.98389
140,74,2,0.10408,0.65849,-0.16043,0.52048,0.29243,-0.80224,0.98682
141,74,2,0.09914,0.65825,-0.16362,0.49577,0.29126,-0.81815,0.98779
142,74,2,0.09411,0.65794,-0.16669,0.47055,0.28966,-0.83347,0.98877
143,74,2,0.08896,0.65754,-0.16961,0.44486,0.28772,-0.84813,0.98926
144,74,2,0.08372,0.65706,-0.17241,0.41868,0.28531,-0.86215,0.98877
145,74,2,0.07839,0.65651,-0.17508,0.39200,0.28257,-0.87550,0.98926
146,74,2,0.07295,0.65587,-0.17762,0.36481,0.27935,-0.88819,0.98877
147,74,2,0.06740,0.65515,-0.18001,0.33706,0.27575,-0.90019,0.99023
148,74,2,0.06175,0.65434,-0.18228,0.30877,0.27174,-0.91149,0.99023
149,74,2,0.05599,0.65346,-0.18441,0.27997,0.26723,-0.92207,0.98877
150,74,2,0.05010,0.65246,-0.18636,0.25054,0.26227,-0.93190,0.98877
151,74,2,0.04410,0.65137,-0.18816,0.22053,0.25686,-0.94095,0.98828
152,74,2,0.03798,0.65019,-0.18982,0.18991,0.25097,-0.94919,0.98633
153,74,2,0.03173,0.64890,-0.19130,0.15866,0.24451,-0.95657,0.98535
154,74,2,0.02533,0.64750,-0.19259,0.12667,0.23752,-0.96309,0.98535
155,74,2,0.01880,0.64599,-0.19371,0.09401,0.22994,-0.96864,0.98535
156,74,2,0.01210,0.64435,-0.19462,0.06054,0.22178,-0.97322,0.98340
157,74,2,0.00525,0.64259,-0.19533,0.02628,0.21292,-0.97670,0.98291
158,74,2,-0.00179,0.64067,-0.19579,-0.00892,0.20333,-0.97907,0.98096
159,74,2,-0.00900,0.63862,-0.19602,-0.04499,0.19303,-0.98016,0.98047
160,74,2,-0.01645,0.63637,-0.19595,-0.08224,0.18187,-0.97987,0.98047
161,74,2,-0.02410,0.63397,-0.19561,-0.12048,0.16986,-0.97806,0.97900
162,74,2,-0.03205,0.63132,-0.19489,-0.16025,0.15662,-0.97458,0.97754
163,74,2,-0.04027,0.62846,-0.19380,-0.20138,0.14228,-0.96912,0.97852
164,74,2,-0.04885,0.62531,-0.19227,-0.24425,0.12652,-0.96142,0.97559
165,74,2,-0.05784,0.62184,-0.19019,-0.28922,0.10917,-0.95102,0.97510
166,74,2,-0.06734,0.61795,-0.18745,-0.33671,0.08977,-0.93732,0.97412
167,74,2,-0.07750,0.61354,-0.18385,-0.38751,0.06773,-0.91937,0.97217
168,74,2,-0.08854,0.60842,-0.17911,-0.44274,0.04211,-0.89566,0.97119
169,74,2,-0.10092,0.60223,-0.17262,-0.50466,0.01117,-0.86324,0.96924
170,74,2,-0.11572,0.59411,-0.16300,-0.57861,-0.02941,-0.81507,0.96533
171,74,2,-0.13943,0.57886,-0.14178,-0.69721,-0.10570,-0.70902,0.96045
104,75,2,0.17545,0.57530,0.09275,0.87686,-0.12337,0.46360,0.80762
105,75,2,0.18834,0.58933,0.06639,0.94178,-0.05335,0.33197,0.80762
106,75,2,0.19363,0.59728,0.04990,0.96827,-0.01363,0.24954,0.81445
107,75,2,0.19660,0.60337,0.03643,0.98312,0.01682,0.18221,0.82227
108,75,2,0.19828,0.60844,0.02463,0.99148,0.04218,0.12316,0.82959
109,75,2,0.19908,0.61279,0.01398,0.99549,0.06393,0.06995,0.83691
110,75,2,0.19924,0.61663,0.00416,0.99633,0.08316,0.02082,0.84375
111,75,2,0.19892,0.62009,-0.00503,0.99463,0.10044,-0.02513,0.85059
112,75,2,0.19816,0.62320,-0.01365,0.99090,0.11597,-0.06824,0.85986
113,75,2,0.19706,0.62604,-0.02184,0.98547,0.13017,-0.10919,0.86621
114,75,2,0.19569,0.62865,-0.02966,0.97852,0.14324,-0.14828,0.87402
115,75,2,0.19403,0.63104,-0.03711,0.97029,0.15522,-0.18559,0.88135
116,75,2,0.19216,0.63326,-0.04429,0.96089,0.16631,-0.22145,0.88770
117,75,2,0.19007,0.63530,-0.05118,0.95045,0.17650,-0.25592,0.89551
118,75,2,0.18779,0.63719,-0.05783,0.93905,0.18594,-0.28916,0.90283
119,75,2,0.18534,0.63895,-0.06425,0.92675,0.19472,-0.32127,0.90625
120,75,2,0.18272,0.64057,-0.07045,0.91365,0.20281,-0.35229,0.91357
121,75,2,0.17993,0.64206,-0.07645,0.89980,0.21029,-0.38227,0.91895
122,75,2,0.17702,0.64344,-0.08227,0.88520,0.21717,-0.41141,0.92432
123,75,2,0.17397,0.64472,-0.08792,0.86991,0.22359,-0.43961,0.93164
124,75,2,0.17078,0.64588,-0.09338,0.85402,0.22939,-0.46693,0.93701
125,75,2,0.16747,0.64695,-0.09869,0.83748,0.23474,-0.49349,0.94141
126,75,2,0.16405,0.64793,-0.10386,0.82031,0.23965,-0.51928,0.94482
127,75,2,0.16051,0.64881,-0.10885,0.80261,0.24401,-0.54431,0.95166
128,75,2,0.15685,0.64960,-0.11371,0.78436,0.24796,-0.56859,0.95557
129,75,2,0.15309,0.65030,-0.11843,0.76553,0.25149,-0.59222,0.95801
130,75,2,0.14922,0.65092,-0.12301,0.74619,0.25461,-0.61512,0.96191
131,75,2,0.14525,0.65146,-0.12745,0.72632,0.25731,-0.63737,0.96387
132,75,2,0.14117,0.65192,-0.13177,0.70599,0.25959,-0.65893,0.96729
133,75,2,0.13701,0.65230,-0.13597,0.68511,0.26151,-0.67988,0.97119
134,75,2,0.13274,0.65260,-0.14003,0.66375,0.26299,-0.70019,0.97314
135,75,2,0.12837,0.65282,-0.14396,0.64191,0.26410,-0.71987,0.97461
136,75,2,0.12391,0.65297,-0.14776,0.61961,0.26482,-0.73888,0.97803
137,75,2,0.11935,0.65304,-0.15145,0.59680,0.26518,-0.75731,0.97852
138,75,2,0.11470,0.65303,-0.15501,0.57353,0.26509,-0.77511,0.97998
139,75,2,0.10994,0.65294,-0.15844,0.54977,0.26468,-0.79228,0.98242
140,75,2,0.10509,0.65278,-0.16175,0.52552,0.26390,-0.80882,0.98389
141,75,2,0.10015,0.65254,-0.16493,0.50081,0.26270,-0.82473,0.98535
142,75,2,0.09511,0.65222,-0.16799,0.47562,0.26109,-0.84001,0.98633
143,75,2,0.08997,0.65182,-0.17091,0.44991,0.25912,-0.85466,0.98438
144,75,2,0.08472,0.65134,-0.17371,0.42368,0.25674,-0.86866,0.98633
145,75,2,0.07939,0.65079,-0.17638,0.39700,0.25393,-0.88199,0.98682
146,75,2,0.07395,0.65015,-0.17892,0.36977,0.25076,-0.89464,0.98730
147,75,2,0.06839,0.64942,-0.18131,0.34202,0.24710,-0.90662,0.98730
148,75,2,0.06274,0.64861,-0.18356,0.31371,0.24304,-0.91789,0.98633
149,75,2,0.05696,0.64771,-0.18567,0.28486,0.23854,-0.92842,0.98682
150,75,2,0.05107,0.64671,-0.18762,0.25540,0.23356,-0.93821,0.98535
151,75,2,0.04506,0.64562,-0.18941,0.22534,0.22809,-0.94720,0.98633
152,75,2,0.03893,0.64443,-0.19106,0.19468,0.22219,-0.95537,0.98584
153,75,2,0.03267,0.64314,-0.19253,0.16338,0.21568,-0.96270,0.98291
154,75,2,0.02626,0.64172,-0.19380,0.13132,0.20860,-0.96913,0.98389
155,75,2,0.01971,0.64021,-0.19491,0.09858,0.20104,-0.97461,0.98242
156,75,2,0.01301,0.63856,-0.19580,0.06506,0.19277,-0.97909,0.98047
157,75,2,0.00613,0.63677,-0.19647,0.03065,0.18387,-0.98246,0.97949
158,75,2,-0.00091,0.63485,-0.19692,-0.00456,0.17428,-0.98469,0.97852
159,75,2,-0.00816,0.63276,-0.19710,-0.04083,0.16384,-0.98563,0.97656
160,75,2,-0.01562,0.63051,-0.19702,-0.07812,0.15255,-0.98522,0.97607
161,75,2,-0.02332,0.62807,-0.19662,-0.11660,0.14031,-0.98322,0.97412
162,75,2,-0.03129,0.62541,-0.19587,-0.15646,0.12699,-0.97949,0.97510
163,75,2,-0.03956,0.62251,-0.19473,-0.19782,0.11252,-0.97376,0.97314
164,75,2,-0.04818,0.61933,-0.19314,-0.24086,0.09669,-0.96572,0.97119
165,75,2,-0.05724,0.61579,-0.19096,-0.28624,0.07900,-0.95490,0.96973
166,75,2,-0.06683,0.61184,-0.18811,-0.33417,0.05922,-0.94065,0.96924
167,75,2,-0.07710,0.60734,-0.18437,-0.38551,0.03669,-0.92197,0.96729
168,75,2,-0.08831,0.60208,-0.17940,-0.44162,0.01039,-0.89714,0.96631
169,75,2,-0.10096,0.59568,-0.17257,-0.50483,-0.02158,-0.86295,0.96240
170,75,2,-0.11644,0.58701,-0.16205,-0.58228,-0.06497,-0.81039,0.95801
105,76,2,0.18729,0.58197,0.06776,0.93651,-0.09019,0.33885,0.79102
106,76,2,0.19332,0.59051,0.05030,0.96668,-0.04744,0.25154,0.79688
107,76,2,0.19660,0.59685,0.03643,0.98314,-0.01575,0.18218,0.80420
108,76,2,0.19848,0.60208,0.02437,0.99249,0.01036,0.12188,0.81201
109,76,2,0.19941,0.60653,0.01356,0.99718,0.03265,0.06780,0.82080
110,76,2,0.19968,0.61046,0.00360,0.99845,0.05228,0.01801,0.82861
111,76,2,0.19942,0.61397,-0.00567,0.99717,0.06984,-0.02836,0.83398
112,76,2,0.19873,0.61713,-0.01439,0.99373,0.08566,-0.07192,0.84570
113,76,2,0.19769,0.62001,-0.02264,0.98852,0.10008,-0.11322,0.85449
114,76,2,0.19633,0.62265,-0.03050,0.98180,0.11323,-0.15249,0.86084
115,76,2,0.19473,0.62508,-0.03802,0.97373,0.12539,-0.19012,0.87012
116,76,2,0.19287,0.62731,-0.04521,0.96449,0.13653,-0.22610,0.87842
117,76,2,0.19082,0.62939,-0.05216,0.95414,0.14690,-0.26081,0.88525
118,76,2,0.18855,0.63128,-0.05882,0.94288,0.15641,-0.29412,0.89209
119,76,2,0.18612,0.63305,-0.06526,0.93069,0.16526,-0.32635,0.90088
120,76,2,0.18352,0.63469,-0.07150,0.91766,0.17342,-0.35753,0.90479
121,76,2,0.18075,0.63619,-0.07751,0.90390,0.18093,-0.38760,0.91260
122,76,2,0.17785,0.63759,-0.08335,0.88935,0.18794,-0.41681,0.91699
123,76,2,0.17482,0.63887,-0.08902,0.87414,0.19436,-0.44508,0.92432
124,76,2,0.17163,0.64004,-0.09449,0.85829,0.20020,-0.47249,0.92969
125,76,2,0.16834,0.64112,-0.09981,0.84180,0.20560,-0.49910,0.93213
126,76,2,0.16492,0.64210,-0.10498,0.82470,0.21049,-0.52495,0.94092
127,76,2,0.16138,0.64299,-0.10999,0.80701,0.21494,-0.55003,0.94238
128,76,2,0.15774,0.64379,-0.11487,0.78877,0.21896,-0.57438,0.94678
129,76,2,0.15399,0.64450,-0.11960,0.76999,0.22247,-0.59802,0.95068
130,76,2,0.15012,0.64512,-0.12418,0.75069,0.22561,-0.62094,0.95801
131,76,2,0.14615,0.64566,-0.12863,0.73086,0.22829,-0.64322,0.95996
132,76,2,0.14208,0.64612,-0.13295,0.71050,0.23061,-0.66484,0.96289
133,76,2,0.13791,0.64651,-0.13714,0.68965,0.23256,-0.68578,0.96533
134,76,2,0.13365,0.64681,-0.14121,0.66832,0.23403,-0.70610,0.96826
135,76,2,0.12928,0.64703,-0.14514,0.64649,0.23515,-0.72578,0.97070
136,76,2,0.12482,0.64717,-0.14895,0.62416,0.23588,-0.74484,0.97217
137,76,2,0.12026,0.64724,-0.15263,0.60138,0.23621,-0.76325,0.97363
138,76,2,0.11561,0.64724,-0.15620,0.57809,0.23617,-0.78105,0.97705
139,76,2,0.11085,0.64715,-0.15962,0.55433,0.23574,-0.79821,0.97705
140,76,2,0.10600,0.64698,-0.16293,0.53008,0.23491,-0.81476,0.97949
141,76,2,0.10106,0.64674,-0.16611,0.50535,0.23375,-0.83065,0.98096
142,76,2,0.09602,0.64643,-0.16917,0.48014,0.23213,-0.84592,0.98096
143,76,2,0.09087,0.64603,-0.17209,0.45443,0.23015,-0.86054,0.98242
144,76,2,0.08563,0.64555,-0.17488,0.42820,0.22775,-0.87451,0.98291
145,76,2,0.08028,0.64499,-0.17754,0.40148,0.22495,-0.88781,0.98242
146,76,2,0.07484,0.64435,-0.18008,0.37422,0.22173,-0.90044,0.98389
147,76,2,0.06928,0.64362,-0.18246,0.34643,0.21806,-0.91237,0.98486
148,76,2,0.06361,0.64279,-0.18470,0.31807,0.21397,-0.92360,0.98340
149,76,2,0.05783,0.64188,-0.18679,0.28918,0.20943,-0.93408,0.98242
150,76,2,0.05194,0.64089,-0.18874,0.25972,0.20442,-0.94380,0.98096
151,76,2,0.04592,0.63978,-0.19053,0.22963,0.19892,-0.95274,0.98438
152,76,2,0.03977,0.63859,-0.19215,0.19888,0.19295,-0.96083,0.98096
153,76,2,0.03350,0.63728,-0.19360,0.16749,0.18640,-0.96810,0.97998
154,76,2,0.02707,0.63586,-0.19486,0.13539,0.17929,-0.97444,0.97998
155,76,2,0.02052,0.63433,-0.19595,0.10260,0.17164,-0.97981,0.97852
156,76,2,0.01379,0.63266,-0.19681,0.06897,0.16329,-0.98415,0.97705
157,76,2,0.00689,0.63086,-0.19746,0.03447,0.15428,-0.98743,0.97705
158,76,2,-0.00017,0.62893,-0.19789,-0.00084,0.14459,-0.98950,0.97461
159,76,2,-0.00746,0.62681,-0.19802,-0.03726,0.13403,-0.99026,0.97217
160,76,2,-0.01493,0.62455,-0.19792,-0.07463,0.12267,-0.98963,0.97168
161,76,2,-0.02268,0.62206,-0.19745,-0.11341,0.11031,-0.98742,0.97070
162,76,2,-0.03068,0.61938,-0.19666,-0.15339,0.09693,-0.98340,0.96924
163,76,2,-0.03900,0.61644,-0.19545,-0.19501,0.08219,-0.97735,0.96826
164,76,2,-0.04770,0.61319,-0.19376,-0.23853,0.06599,-0.96889,0.96680
165,76,2,-0.05683,0.60961,-0.19150,-0.28415,0.04803,-0.95758,0.96484
166,76,2,-0.06652,0.60557,-0.18852,-0.33260,0.02782,-0.94266,0.96338
167,76,2,-0.07692,0.60096,-0.18460,-0.38463,0.00478,-0.92306,0.96191
168,76,2,-0.08835,0.59553,-0.17935,-0.44178,-0.02234,-0.89685,0.95703
169,76,2,-0.10140,0.58881,-0.17200,-0.50705,-0.05599,-0.86010,0.95508
170,76,2,-0.11780,0.57940,-0.16028,-0.58908,-0.10301,-0.80148,0.95068
105,77,2,0.18546,0.57399,0.07013,0.92740,-0.13007,0.35072,0.77344
106,77,2,0.19257,0.58340,0.05128,0.96299,-0.08305,0.25644,0.78271
107,77,2,0.19632,0.59011,0.03679,0.98169,-0.04946,0.18397,0.78760
108,77,2,0.19845,0.59553,0.02441,0.99228,-0.02239,0.12208,0.79688
109,77,2,0.19954,0.60012,0.01339,0.99777,0.00055,0.06695,0.80664
110,77,2,0.19991,0.60413,0.00330,0.99964,0.02063,0.01649,0.81445
111,77,2,0.19973,0.60770,-0.00609,0.99878,0.03850,-0.03043,0.82324
112,77,2,0.19913,0.61094,-0.01491,0.99572,0.05466,-0.07456,0.83203
113,77,2,0.19814,0.61386,-0.02324,0.99082,0.06931,-0.11619,0.84033
114,77,2,0.19684,0.61653,-0.03115,0.98433,0.08269,-0.15576,0.84814
115,77,2,0.19528,0.61900,-0.03874,0.97645,0.09501,-0.19371,0.85791
116,77,2,0.19345,0.62125,-0.04597,0.96740,0.10629,-0.22987,0.86572
117,77,2,0.19143,0.62335,-0.05295,0.95722,0.11674,-0.26478,0.87354
118,77,2,0.18919,0.62528,-0.05965,0.94607,0.12636,-0.29830,0.88086
119,77,2,0.18678,0.62706,-0.06613,0.93400,0.13528,-0.33067,0.89014
120,77,2,0.18420,0.62871,-0.07238,0.92108,0.14357,-0.36193,0.89697
121,77,2,0.18146,0.63023,-0.07843,0.90739,0.15118,-0.39216,0.90332
122,77,2,0.17857,0.63164,-0.08429,0.89294,0.15819,-0.42147,0.90967
123,77,2,0.17554,0.63293,-0.08996,0.87781,0.16467,-0.44981,0.91748
124,77,2,0.17238,0.63412,-0.09546,0.86199,0.17062,-0.47734,0.92139
125,77,2,0.16910,0.63521,-0.10080,0.84555,0.17602,-0.50404,0.92627
126,77,2,0.16568,0.63619,-0.10597,0.82851,0.18097,-0.52992,0.93262
127,77,2,0.16215,0.63709,-0.11099,0.81090,0.18543,-0.55503,0.93604
128,77,2,0.15852,0.63789,-0.11588,0.79269,0.18944,-0.57944,0.94141
129,77,2,0.15478,0.63862,-0.12063,0.77392,0.19304,-0.60314,0.94531
130,77,2,0.15092,0.63924,-0.12522,0.75463,0.19620,-0.62613,0.94873
131,77,2,0.14695,0.63978,-0.12967,0.73484,0.19888,-0.64842,0.95361
132,77,2,0.14288,0.64025,-0.13400,0.71451,0.20123,-0.67006,0.95947
133,77,2,0.13872,0.64063,-0.13819,0.69368,0.20318,-0.69103,0.95898
134,77,2,0.13446,0.64094,-0.14226,0.67237,0.20467,-0.71136,0.96484
135,77,2,0.13009,0.64116,-0.14619,0.65054,0.20576,-0.73107,0.96729
136,77,2,0.12563,0.64130,-0.15000,0.62825,0.20651,-0.75010,0.96777
137,77,2,0.12107,0.64137,-0.15369,0.60544,0.20685,-0.76854,0.97168
138,77,2,0.11642,0.64137,-0.15725,0.58216,0.20684,-0.78633,0.97217
139,77,2,0.11166,0.64128,-0.16068,0.55838,0.20639,-0.80350,0.97412
140,77,2,0.10681,0.64111,-0.16398,0.53416,0.20556,-0.82001,0.97510
141,77,2,0.10186,0.64087,-0.16716,0.50939,0.20436,-0.83592,0.97754
142,77,2,0.09682,0.64055,-0.17022,0.48416,0.20275,-0.85117,0.97949
143,77,2,0.09168,0.64015,-0.17314,0.45844,0.20075,-0.86576,0.97900
144,77,2,0.08643,0.63967,-0.17592,0.43219,0.19834,-0.87970,0.97900
145,77,2,0.08108,0.63910,-0.17858,0.40544,0.19552,-0.89296,0.97998
146,77,2,0.07563,0.63846,-0.18110,0.37817,0.19229,-0.90554,0.98047
147,77,2,0.07006,0.63772,-0.18347,0.35034,0.18858,-0.91745,0.98047
148,77,2,0.06438,0.63689,-0.18570,0.32195,0.18444,-0.92861,0.97949
149,77,2,0.05859,0.63597,-0.18778,0.29300,0.17987,-0.93904,0.97998
150,77,2,0.05269,0.63497,-0.18973,0.26348,0.17485,-0.94869,0.97998
151,77,2,0.04666,0.63386,-0.19149,0.23333,0.16931,-0.95754,0.97803
152,77,2,0.04049,0.63264,-0.19309,0.20251,0.16324,-0.96558,0.97803
153,77,2,0.03421,0.63133,-0.19453,0.17106,0.15665,-0.97273,0.97607
154,77,2,0.02778,0.62990,-0.19577,0.13888,0.14950,-0.97897,0.97510
155,77,2,0.02119,0.62834,-0.19682,0.10596,0.14174,-0.98423,0.97461
156,77,2,0.01445,0.62667,-0.19767,0.07226,0.13335,-0.98842,0.97412
157,77,2,0.00753,0.62485,-0.19829,0.03766,0.12423,-0.99155,0.97119
158,77,2,0.00043,0.62289,-0.19867,0.00215,0.11441,-0.99342,0.97021
159,77,2,-0.00688,0.62075,-0.19878,-0.03439,0.10377,-0.99402,0.96924
160,77,2,-0.01440,0.61845,-0.19861,-0.07198,0.09231,-0.99314,0.96826
161,77,2,-0.02218,0.61594,-0.19810,-0.11093,0.07974,-0.99061,0.96729
162,77,2,-0.03024,0.61321,-0.19724,-0.15120,0.06607,-0.98631,0.96582
163,77,2,-0.03861,0.61023,-0.19596,-0.19307,0.05116,-0.97986,0.96289
164,77,2,-0.04740,0.60692,-0.19415,-0.23699,0.03458,-0.97090,0.96240
165,77,2,-0.05663,0.60325,-0.19176,-0.28316,0.01622,-0.95893,0.95996
166,77,2,-0.06644,0.59912,-0.18862,-0.33219,-0.00441,-0.94320,0.95801
167,77,2,-0.07702,0.59437,-0.18448,-0.38510,-0.02818,-0.92245,0.95557
168,77,2,-0.08873,0.58871,-0.17886,-0.44369,-0.05647,-0.89440,0.95361
169,77,2,-0.10226,0.58160,-0.17087,-0.51134,-0.09204,-0.85444,0.94678
170,77,2,-0.12020,0.57097,-0.15717,-0.60102,-0.14514,-0.78594,0.94043
105,78,2,0.18246,0.56507,0.07403,0.91236,-0.17469,0.37023,0.75488
106,78,2,0.19139,0.57593,0.05282,0.95695,-0.12035,0.26413,0.76221
107,78,2,0.19567,0.58307,0.03764,0.97847,-0.08466,0.18825,0.77100
108,78,2,0.19811,0.58874,0.02485,0.99064,-0.05632,0.12427,0.77881
109,78,2,0.19941,0.59349,0.01355,0.99718,-0.03253,0.06780,0.78711
110,78,2,0.19993,0.59763,0.00327,0.99978,-0.01189,0.01635,0.79932
111,78,2,0.19987,0.60130,-0.00627,0.99950,0.00646,-0.03133,0.80762
112,78,2,0.19936,0.60460,-0.01521,0.99683,0.02299,-0.07603,0.81543
113,78,2,0.19843,0.60757,-0.02362,0.99229,0.03787,-0.11808,0.82520
114,78,2,0.19720,0.61030,-0.03162,0.98608,0.05149,-0.15810,0.83643
115,78,2,0.19567,0.61280,-0.03925,0.97846,0.06399,-0.19626,0.84814
116,78,2,0.19390,0.61509,-0.04655,0.96960,0.07548,-0.23279,0.85352
117,78,2,0.19190,0.61721,-0.05357,0.95961,0.08606,-0.26786,0.86230
118,78,2,0.18970,0.61917,-0.06032,0.94861,0.09581,-0.30160,0.87061
119,78,2,0.18732,0.62098,-0.06683,0.93666,0.10485,-0.33417,0.87939
120,78,2,0.18475,0.62264,-0.07310,0.92389,0.11317,-0.36555,0.88770
121,78,2,0.18204,0.62418,-0.07919,0.91028,0.12090,-0.39595,0.89307
122,78,2,0.17917,0.62560,-0.08507,0.89593,0.12800,-0.42536,0.90088
123,78,2,0.17615,0.62690,-0.09075,0.88089,0.13449,-0.45382,0.90918
124,78,2,0.17301,0.62810,-0.09627,0.86515,0.14052,-0.48142,0.91309
125,78,2,0.16975,0.62921,-0.10165,0.84875,0.14605,-0.50823,0.91895
126,78,2,0.16634,0.63020,-0.10682,0.83179,0.15100,-0.53416,0.92480
127,78,2,0.16282,0.63110,-0.11186,0.81420,0.15550,-0.55937,0.93115
128,78,2,0.15919,0.63191,-0.11675,0.79606,0.15956,-0.58381,0.93506
129,78,2,0.15545,0.63264,-0.12150,0.77733,0.16319,-0.60755,0.93945
130,78,2,0.15160,0.63327,-0.12610,0.75809,0.16631,-0.63059,0.94238
131,78,2,0.14765,0.63382,-0.13057,0.73832,0.16910,-0.65291,0.94824
132,78,2,0.14359,0.63429,-0.13491,0.71801,0.17144,-0.67459,0.95068
133,78,2,0.13943,0.63468,-0.13911,0.69719,0.17338,-0.69560,0.95459
134,78,2,0.13516,0.63498,-0.14318,0.67588,0.17490,-0.71596,0.95752
135,78,2,0.13080,0.63521,-0.14711,0.65407,0.17602,-0.73567,0.95996
136,78,2,0.12634,0.63535,-0.15093,0.63178,0.17674,-0.75473,0.96436
137,78,2,0.12178,0.63543,-0.15461,0.60898,0.17714,-0.77315,0.96631
138,78,2,0.11713,0.63542,-0.15818,0.58570,0.17708,-0.79095,0.96924
139,78,2,0.11237,0.63533,-0.16160,0.56194,0.17664,-0.80810,0.96973
140,78,2,0.10752,0.63516,-0.16490,0.53768,0.17583,-0.82461,0.97070
141,78,2,0.10257,0.63492,-0.16808,0.51294,0.17457,-0.84049,0.97119
142,78,2,0.09753,0.63460,-0.17113,0.48768,0.17300,-0.85571,0.97266
143,78,2,0.09238,0.63420,-0.17405,0.46191,0.17096,-0.87029,0.97363
144,78,2,0.08712,0.63370,-0.17682,0.43564,0.16851,-0.88421,0.97461
145,78,2,0.08176,0.63313,-0.17947,0.40886,0.16565,-0.89744,0.97607
146,78,2,0.07630,0.63248,-0.18197,0.38155,0.16238,-0.90998,0.97754
147,78,2,0.07073,0.63174,-0.18434,0.35369,0.15866,-0.92181,0.97510
148,78,2,0.06504,0.63090,-0.18656,0.32525,0.15452,-0.93292,0.97510
149,78,2,0.05924,0.62998,-0.18863,0.29625,0.14989,-0.94327,0.97412
150,78,2,0.05333,0.62896,-0.19056,0.26668,0.14479,-0.95285,0.97510
151,78,2,0.04728,0.62784,-0.19230,0.23644,0.13921,-0.96163,0.97510
152,78,2,0.04110,0.62661,-0.19388,0.20557,0.13307,-0.96956,0.97217
153,78,2,0.03480,0.62529,-0.19530,0.17405,0.12641,-0.97658,0.97314
154,78,2,0.02835,0.62384,-0.19652,0.14179,0.11918,-0.98268,0.97021
155,78,2,0.02174,0.62226,-0.19753,0.10871,0.11131,-0.98781,0.96973
156,78,2,0.01498,0.62057,-0.19836,0.07491,0.10286,-0.99186,0.97119
157,78,2,0.00803,0.61873,-0.19894,0.04016,0.09367,-0.99478,0.96875
158,78,2,0.00090,0.61674,-0.19927,0.00448,0.08372,-0.99647,0.96680
159,78,2,-0.00644,0.61459,-0.19935,-0.03218,0.07297,-0.99682,0.96582
160,78,2,-0.01401,0.61224,-0.19911,-0.07006,0.06125,-0.99565,0.96436
161,78,2,-0.02184,0.60970,-0.19855,-0.10917,0.04851,-0.99282,0.96289
162,78,2,-0.02996,0.60692,-0.19760,-0.14981,0.03457,-0.98812,0.96094
163,78,2,-0.03841,0.60387,-0.19622,-0.19207,0.01932,-0.98120,0.95898
164,78,2,-0.04727,0.60050,-0.19431,-0.23636,0.00250,-0.97167,0.95752
165,78,2,-0.05663,0.59673,-0.19176,-0.28315,-0.01638,-0.95893,0.95410
166,78,2,-0.06660,0.59247,-0.18841,-0.33300,-0.03767,-0.94217,0.95410
167,78,2,-0.07741,0.58753,-0.18396,-0.38711,-0.06239,-0.91992,0.94873
168,78,2,-0.08945,0.58161,-0.17792,-0.44726,-0.09195,-0.88966,0.94385
169,78,2,-0.10374,0.57390,-0.16895,-0.51879,-0.13050,-0.84489,0.93945
170,78,2,-0.12446,0.56104,-0.15162,-0.62237,-0.19479,-0.75810,0.92627
105,79,2,0.17669,0.55394,0.08153,0.88315,-0.23024,0.40750,0.73096
106,79,2,0.18946,0.56787,0.05532,0.94744,-0.16068,0.27665,0.74268
107,79,2,0.19466,0.57575,0.03895,0.97332,-0.12129,0.19476,0.75098
108,79,2,0.19748,0.58171,0.02568,0.98750,-0.09145,0.12843,0.76318
109,79,2,0.19904,0.58668,0.01403,0.99531,-0.06661,0.07018,0.77002
110,79,2,0.19974,0.59096,0.00351,0.99880,-0.04522,0.01756,0.77979
111,79,2,0.19982,0.59473,-0.00620,0.99916,-0.02634,-0.03098,0.79053
112,79,2,0.19939,0.59810,-0.01525,0.99706,-0.00950,-0.07624,0.80176
113,79,2,0.19856,0.60116,-0.02378,0.99290,0.00578,-0.11890,0.81006
114,79,2,0.19738,0.60393,-0.03186,0.98705,0.01964,-0.15931,0.81934
115,79,2,0.19592,0.60648,-0.03957,0.97970,0.03235,-0.19786,0.83350
116,79,2,0.19419,0.60881,-0.04693,0.97107,0.04405,-0.23469,0.83936
117,79,2,0.19224,0.61096,-0.05400,0.96129,0.05482,-0.27003,0.84961
118,79,2,0.19007,0.61294,-0.06079,0.95047,0.06470,-0.30399,0.85742
119,79,2,0.18773,0.61479,-0.06736,0.93867,0.07391,-0.33680,0.86621
120,79,2,0.18518,0.61646,-0.07366,0.92604,0.08231,-0.36834,0.87549
121,79,2,0.18249,0.61802,-0.07977,0.91256,0.09015,-0.39889,0.88232
122,79,2,0.17965,0.61947,-0.08569,0.89830,0.09737,-0.42845,0.89111
123,79,2,0.17665,0.62078,-0.09140,0.88336,0.10391,-0.45703,0.89746
124,79,2,0.17352,0.62199,-0.09694,0.86772,0.10994,-0.48475,0.90332
125,79,2,0.17027,0.62311,-0.10232,0.85139,0.11551,-0.51165,0.90869
126,79,2,0.16688,0.62411,-0.10753,0.83447,0.12056,-0.53770,0.91650
127,79,2,0.16337,0.62502,-0.11258,0.81696,0.12512,-0.56295,0.92334
128,79,2,0.15975,0.62584,-0.11748,0.79884,0.12920,-0.58750,0.92676
129,79,2,0.15602,0.62657,-0.12224,0.78020,0.13285,-0.61126,0.93164
130,79,2,0.15217,0.62721,-0.12685,0.76098,0.13606,-0.63434,0.93799
131,79,2,0.14823,0.62777,-0.13133,0.74124,0.13882,-0.65673,0.94141
132,79,2,0.14418,0.62824,-0.13567,0.72097,0.14118,-0.67844,0.94531
133,79,2,0.14003,0.62864,-0.13989,0.70017,0.14318,-0.69947,0.94824
134,79,2,0.13577,0.62894,-0.14396,0.67888,0.14468,-0.71985,0.95361
135,79,2,0.13141,0.62917,-0.14790,0.65709,0.14583,-0.73957,0.95459
136,79,2,0.12695,0.62932,-0.15172,0.63479,0.14660,-0.75865,0.95654
137,79,2,0.12240,0.62939,-0.15541,0.61201,0.14696,-0.77707,0.96094
138,79,2,0.11774,0.62939,-0.15897,0.58872,0.14694,-0.79487,0.96240
139,79,2,0.11298,0.62930,-0.16239,0.56496,0.14647,-0.81201,0.96338
140,79,2,0.10813,0.62913,-0.16569,0.54068,0.14563,-0.82853,0.96436
141,79,2,0.10317,0.62888,-0.16886,0.51591,0.14441,-0.84438,0.96875
142,79,2,0.09812,0.62855,-0.17190,0.49065,0.14278,-0.85958,0.96777
143,79,2,0.09297,0.62814,-0.17481,0.46488,0.14071,-0.87412,0.96973
144,79,2,0.08770,0.62765,-0.17758,0.43858,0.13821,-0.88800,0.96924
145,79,2,0.08234,0.62707,-0.18021,0.41175,0.13533,-0.90119,0.97021
146,79,2,0.07687,0.62641,-0.18271,0.38438,0.13207,-0.91368,0.96924
147,79,2,0.07129,0.62567,-0.18508,0.35650,0.12830,-0.92544,0.97119
148,79,2,0.06560,0.62483,-0.18728,0.32803,0.12411,-0.93648,0.97266
149,79,2,0.05978,0.62389,-0.18933,0.29896,0.11944,-0.94676,0.97070
150,79,2,0.05385,0.62286,-0.19123,0.26928,0.11427,-0.95626,0.97119
151,79,2,0.04779,0.62173,-0.19297,0.23898,0.10865,-0.96494,0.96875
152,79,2,0.04160,0.62049,-0.19453,0.20804,0.10245,-0.97275,0.96826
153,79,2,0.03528,0.61915,-0.19591,0.17639,0.09574,-0.97964,0.96973
154,79,2,0.02880,0.61768,-0.19710,0.14403,0.08839,-0.98561,0.96680
155,79,2,0.02216,0.61609,-0.19809,0.11084,0.08043,-0.99059,0.96533
156,79,2,0.01538,0.61437,-0.19888,0.07692,0.07186,-0.99444,0.96387
157,79,2,0.00839,0.61250,-0.19941,0.04197,0.06249,-0.99718,0.96436
158,79,2,0.00123,0.61048,-0.19970,0.00613,0.05240,-0.99863,0.96191
159,79,2,-0.00616,0.60829,-0.19971,-0.03081,0.04144,-0.99866,0.95947
160,79,2,-0.01378,0.60591,-0.19942,-0.06888,0.02957,-0.99719,0.95898
161,79,2,-0.02167,0.60331,-0.19877,-0.10836,0.01656,-0.99399,0.95654
162,79,2,-0.02984,0.60049,-0.19775,-0.14922,0.00245,-0.98879,0.95508
163,79,2,-0.03840,0.59736,-0.19624,-0.19199,-0.01321,-0.98131,0.95264
164,79,2,-0.04737,0.59390,-0.19419,-0.23685,-0.03048,-0.97107,0.95264
165,79,2,-0.05684,0.59004,-0.19148,-0.28423,-0.04985,-0.95746,0.94873
166,79,2,-0.06700,0.58563,-0.18789,-0.33501,-0.07187,-0.93947,0.94531
167,79,2,-0.07810,0.58046,-0.18306,-0.39054,-0.09775,-0.91538,0.93994
168,79,2,-0.09065,0.57414,-0.17636,-0.45331,-0.12926,-0.88193,0.93604
169,79,2,-0.10592,0.56564,-0.16612,-0.52961,-0.17189,-0.83065,0.92725
106,80,2,0.18665,0.55910,0.05897,0.93337,-0.20452,0.29495,0.71729
107,80,2,0.19308,0.56796,0.04100,0.96555,-0.16022,0.20504,0.72852
108,80,2,0.19649,0.57440,0.02696,0.98256,-0.12801,0.13484,0.73877
109,80,2,0.19839,0.57964,0.01488,0.99203,-0.10182,0.07439,0.75098
110,80,2,0.19930,0.58409,0.00408,0.99660,-0.07959,0.02041,0.76318
111,80,2,0.19953,0.58798,-0.00582,0.99778,-0.06011,-0.02908,0.77100
112,80,2,0.19923,0.59146,-0.01505,0.99624,-0.04270,-0.07523,0.78369
113,80,2,0.19850,0.59459,-0.02371,0.99257,-0.02707,-0.11852,0.79346
114,80,2,0.19740,0.59742,-0.03188,0.98714,-0.01290,-0.15940,0.80518
115,80,2,0.19601,0.60003,-0.03969,0.98011,0.00014,-0.19844,0.81689
116,80,2,0.19433,0.60240,-0.04711,0.97179,0.01201,-0.23558,0.82227
117,80,2,0.19243,0.60460,-0.05425,0.96223,0.02299,-0.27128,0.83594
118,80,2,0.19030,0.60660,-0.06109,0.95163,0.03301,-0.30548,0.84473
119,80,2,0.18799,0.60847,-0.06770,0.94001,0.04234,-0.33851,0.85449
120,80,2,0.18548,0.61019,-0.07405,0.92751,0.05092,-0.37030,0.86035
121,80,2,0.18282,0.61177,-0.08019,0.91419,0.05884,-0.40100,0.87012
122,80,2,0.17999,0.61322,-0.08613,0.90006,0.06608,-0.43071,0.87939
123,80,2,0.17703,0.61456,-0.09189,0.88521,0.07284,-0.45946,0.88623
124,80,2,0.17391,0.61579,-0.09745,0.86965,0.07895,-0.48731,0.89307
125,80,2,0.17067,0.61691,-0.10285,0.85344,0.08454,-0.51428,0.89941
126,80,2,0.16730,0.61793,-0.10807,0.83660,0.08962,-0.54043,0.90723
127,80,2,0.16381,0.61885,-0.11315,0.81915,0.09427,-0.56578,0.91260
128,80,2,0.16021,0.61969,-0.11808,0.80108,0.09845,-0.59040,0.91895
129,80,2,0.15648,0.62042,-0.12284,0.78247,0.10210,-0.61425,0.92285
130,80,2,0.15264,0.62107,-0.12746,0.76332,0.10530,-0.63738,0.92969
131,80,2,0.14870,0.62163,-0.13194,0.74361,0.10812,-0.65982,0.93359
132,80,2,0.14465,0.62211,-0.13630,0.72337,0.11054,-0.68156,0.93896
133,80,2,0.14051,0.62250,-0.14052,0.70260,0.11251,-0.70263,0.94141
134,80,2,0.13625,0.62281,-0.14459,0.68133,0.11405,-0.72304,0.94434
135,80,2,0.13189,0.62304,-0.14854,0.65955,0.11523,-0.74277,0.94873
136,80,2,0.12744,0.62319,-0.15235,0.63729,0.11595,-0.76185,0.95068
137,80,2,0.12288,0.62327,-0.15604,0.61448,0.11632,-0.78031,0.95410
138,80,2,0.11823,0.62326,-0.15961,0.59122,0.11629,-0.79808,0.95410
139,80,2,0.11347,0.62317,-0.16303,0.56741,0.11584,-0.81524,0.95703
140,80,2,0.10861,0.62300,-0.16632,0.54316,0.11497,-0.83172,0.95898
141,80,2,0.10366,0.62275,-0.16949,0.51836,0.11374,-0.84756,0.96240
142,80,2,0.09860,0.62242,-0.17253,0.49307,0.11207,-0.86274,0.96094
143,80,2,0.09344,0.62201,-0.17543,0.46726,0.11002,-0.87725,0.96533
144,80,2,0.08817,0.62151,-0.17819,0.44093,0.10756,-0.89107,0.96631
145,80,2,0.08280,0.62092,-0.18082,0.41406,0.10464,-0.90421,0.96582
146,80,2,0.07733,0.62026,-0.18331,0.38667,0.10128,-0.91664,0.96533
147,80,2,0.07174,0.61951,-0.18566,0.35872,0.09754,-0.92834,0.96680
148,80,2,0.06603,0.61865,-0.18784,0.33019,0.09325,-0.93930,0.96533
149,80,2,0.06020,0.61770,-0.18987,0.30103,0.08850,-0.94949,0.96582
150,80,2,0.05425,0.61666,-0.19175,0.27129,0.08330,-0.95888,0.96582
151,80,2,0.04818,0.61552,-0.19348,0.24094,0.07761,-0.96742,0.96533
152,80,2,0.04197,0.61427,-0.19501,0.20987,0.07134,-0.97511,0.96582
153,80,2,0.03561,0.61290,-0.19635,0.17810,0.06448,-0.98191,0.96484
154,80,2,0.02912,0.61142,-0.19752,0.14562,0.05710,-0.98768,0.96240
155,80,2,0.02246,0.60981,-0.19848,0.11232,0.04905,-0.99245,0.96094
156,80,2,0.01563,0.60805,-0.19920,0.07816,0.04028,-0.99611,0.96094
157,80,2,0.00862,0.60616,-0.19970,0.04309,0.03080,-0.99860,0.95801
158,80,2,0.00140,0.60411,-0.19993,0.00702,0.02052,-0.99976,0.95557
159,80,2,-0.00603,0.60187,-0.19988,-0.03015,0.00934,-0.99951,0.95361
160,80,2,-0.01370,0.59945,-0.19951,-0.06851,-0.00276,-0.99766,0.95410
161,80,2,-0.02167,0.59680,-0.19877,-0.10833,-0.01602,-0.99400,0.95117
162,80,2,-0.02993,0.59390,-0.19764,-0.14966,-0.03052,-0.98827,0.94922
163,80,2,-0.03857,0.59070,-0.19601,-0.19285,-0.04651,-0.98012,0.94727
164,80,2,-0.04768,0.58713,-0.19378,-0.23842,-0.06438,-0.96902,0.94482
165,80,2,-0.05734,0.58312,-0.19084,-0.28670,-0.08443,-0.95429,0.94141
166,80,2,-0.06774,0.57851,-0.18692,-0.33873,-0.10745,-0.93473,0.93457
167,80,2,-0.07920,0.57306,-0.18163,-0.39606,-0.13467,-0.90829,0.93164
168,80,2,-0.09236,0.56625,-0.17415,-0.46176,-0.16877,-0.87080,0.92480
169,80,2,-0.10935,0.55637,-0.16166,-0.54679,-0.21813,-0.80836,0.91162
106,81,2,0.18223,0.54904,0.06472,0.91118,-0.25485,0.32372,0.68945
107,81,2,0.19091,0.55971,0.04382,0.95467,-0.20147,0.21912,0.70605
108,81,2,0.19510,0.56677,0.02877,0.97555,-0.16617,0.14387,0.71582
109,81,2,0.19739,0.57232,0.01619,0.98706,-0.13844,0.08096,0.72852
110,81,2,0.19860,0.57700,0.00500,0.99305,-0.11498,0.02503,0.74170
111,81,2,0.19902,0.58106,-0.00516,0.99516,-0.09473,-0.02580,0.75439
112,81,2,0.19887,0.58465,-0.01457,0.99438,-0.07676,-0.07286,0.76416
113,81,2,0.19823,0.58786,-0.02336,0.99131,-0.06074,-0.11679,0.77686
114,81,2,0.19724,0.59078,-0.03167,0.98631,-0.04612,-0.15837,0.78564
115,81,2,0.19592,0.59343,-0.03957,0.97969,-0.03285,-0.19783,0.79785
116,81,2,0.19431,0.59587,-0.04709,0.97167,-0.02069,-0.23545,0.81006
117,81,2,0.19246,0.59810,-0.05429,0.96240,-0.00951,-0.27147,0.82080
118,81,2,0.19039,0.60016,-0.06121,0.95202,0.00078,-0.30604,0.82959
119,81,2,0.18811,0.60205,-0.06785,0.94063,0.01022,-0.33928,0.83740
120,81,2,0.18564,0.60379,-0.07425,0.92832,0.01893,-0.37131,0.84961
121,81,2,0.18301,0.60540,-0.08045,0.91511,0.02701,-0.40229,0.85742
122,81,2,0.18021,0.60688,-0.08642,0.90115,0.03436,-0.43214,0.86572
123,81,2,0.17726,0.60823,-0.09219,0.88643,0.04114,-0.46103,0.87549
124,81,2,0.17418,0.60949,-0.09780,0.87097,0.04741,-0.48904,0.88330
125,81,2,0.17096,0.61062,-0.10322,0.85486,0.05309,-0.51613,0.89014
126,81,2,0.16760,0.61165,-0.10846,0.83812,0.05827,-0.54237,0.89502
127,81,2,0.16412,0.61258,-0.11355,0.82072,0.06293,-0.56785,0.90283
128,81,2,0.16053,0.61343,-0.11850,0.80273,0.06714,-0.59254,0.90820
129,81,2,0.15682,0.61418,-0.12329,0.78419,0.07090,-0.61646,0.91357
130,81,2,0.15300,0.61483,-0.12792,0.76507,0.07417,-0.63966,0.91797
131,81,2,0.14906,0.61540,-0.13242,0.74541,0.07701,-0.66215,0.92480
132,81,2,0.14502,0.61588,-0.13678,0.72519,0.07940,-0.68395,0.92969
133,81,2,0.14088,0.61628,-0.14100,0.70447,0.08141,-0.70505,0.93359
134,81,2,0.13663,0.61660,-0.14508,0.68323,0.08298,-0.72548,0.93701
135,81,2,0.13227,0.61683,-0.14903,0.66147,0.08413,-0.74524,0.94141
136,81,2,0.12782,0.61698,-0.15285,0.63919,0.08490,-0.76435,0.94238
137,81,2,0.12327,0.61705,-0.15654,0.61641,0.08527,-0.78280,0.94678
138,81,2,0.11861,0.61705,-0.16010,0.59313,0.08525,-0.80058,0.94775
139,81,2,0.11385,0.61695,-0.16352,0.56934,0.08476,-0.81772,0.95215
140,81,2,0.10899,0.61678,-0.16682,0.54506,0.08390,-0.83419,0.95459
141,81,2,0.10403,0.61653,-0.16998,0.52025,0.08262,-0.85001,0.95557
142,81,2,0.09897,0.61620,-0.17301,0.49494,0.08098,-0.86514,0.95654
143,81,2,0.09381,0.61578,-0.17591,0.46908,0.07890,-0.87962,0.95752
144,81,2,0.08854,0.61528,-0.17866,0.44274,0.07636,-0.89339,0.96045
145,81,2,0.08316,0.61469,-0.18128,0.41584,0.07343,-0.90647,0.95996
146,81,2,0.07766,0.61401,-0.18375,0.38837,0.07004,-0.91884,0.96045
147,81,2,0.07206,0.61325,-0.18608,0.36036,0.06622,-0.93045,0.96045
148,81,2,0.06634,0.61238,-0.18825,0.33174,0.06190,-0.94134,0.95996
149,81,2,0.06049,0.61142,-0.19026,0.30252,0.05711,-0.95143,0.96143
150,81,2,0.05454,0.61037,-0.19212,0.27271,0.05186,-0.96070,0.95947
151,81,2,0.04845,0.60921,-0.19382,0.24226,0.04606,-0.96912,0.96045
152,81,2,0.04220,0.60793,-0.19531,0.21105,0.03967,-0.97668,0.95703
153,81,2,0.03582,0.60655,-0.19663,0.17916,0.03273,-0.98328,0.95703
154,81,2,0.02931,0.60505,-0.19777,0.14658,0.02524,-0.98888,0.95508
155,81,2,0.02260,0.60340,-0.19866,0.11305,0.01700,-0.99343,0.95508
156,81,2,0.01574,0.60163,-0.19935,0.07872,0.00811,-0.99685,0.95264
157,81,2,0.00869,0.59970,-0.19980,0.04346,-0.00150,-0.99904,0.95312
158,81,2,0.00142,0.59760,-0.19995,0.00710,-0.01201,-0.99988,0.95117
159,81,2,-0.00606,0.59533,-0.19984,-0.03029,-0.02333,-0.99927,0.94971
160,81,2,-0.01381,0.59284,-0.19937,-0.06906,-0.03577,-0.99696,0.94678
161,81,2,-0.02184,0.59014,-0.19854,-0.10922,-0.04930,-0.99280,0.94531
162,81,2,-0.03022,0.58715,-0.19726,-0.15111,-0.06428,-0.98643,0.94189
163,81,2,-0.03898,0.58386,-0.19549,-0.19488,-0.08076,-0.97750,0.93945
164,81,2,-0.04822,0.58018,-0.19308,-0.24110,-0.09909,-0.96543,0.93604
165,81,2,-0.05810,0.57600,-0.18985,-0.29046,-0.11998,-0.94933,0.93262
166,81,2,-0.06881,0.57114,-0.18554,-0.34406,-0.14428,-0.92780,0.92480
167,81,2,-0.08073,0.56532,-0.17965,-0.40367,-0.17346,-0.89831,0.91943
168,81,2,-0.09486,0.55774,-0.17090,-0.47435,-0.21132,-0.85460,0.90918
169,81,2,-0.11545,0.54497,-0.15373,-0.57732,-0.27513,-0.76877,0.89160
107,82,2,0.18782,0.55071,0.04784,0.93915,-0.24647,0.23925,0.67676
108,82,2,0.19313,0.55868,0.03133,0.96579,-0.20663,0.15669,0.69141
109,82,2,0.19602,0.56470,0.01797,0.98019,-0.17654,0.08983,0.70361
110,82,2,0.19756,0.56965,0.00635,0.98791,-0.15176,0.03176,0.71533
111,82,2,0.19823,0.57390,-0.00413,0.99122,-0.13049,-0.02063,0.73535
112,82,2,0.19824,0.57763,-0.01376,0.99133,-0.11185,-0.06881,0.74463
113,82,2,0.19777,0.58097,-0.02275,0.98892,-0.09519,-0.11377,0.75977
114,82,2,0.19687,0.58396,-0.03120,0.98450,-0.08018,-0.15601,0.76855
115,82,2,0.19565,0.58670,-0.03922,0.97832,-0.06650,-0.19610,0.78125
116,82,2,0.19411,0.58919,-0.04683,0.97069,-0.05407,-0.23418,0.79297
117,82,2,0.19233,0.59148,-0.05412,0.96174,-0.04263,-0.27062,0.80273
118,82,2,0.19030,0.59357,-0.06110,0.95165,-0.03216,-0.30551,0.81543
119,82,2,0.18808,0.59551,-0.06782,0.94047,-0.02246,-0.33912,0.82617
120,82,2,0.18565,0.59728,-0.07427,0.92838,-0.01364,-0.37136,0.83398
121,82,2,0.18306,0.59892,-0.08051,0.91538,-0.00539,-0.40257,0.84375
122,82,2,0.18030,0.60043,-0.08653,0.90155,0.00213,-0.43267,0.85449
123,82,2,0.17737,0.60180,-0.09233,0.88697,0.00901,-0.46173,0.85938
124,82,2,0.17431,0.60307,-0.09797,0.87165,0.01534,-0.48989,0.86719
125,82,2,0.17111,0.60423,-0.10342,0.85564,0.02115,-0.51713,0.87939
126,82,2,0.16778,0.60527,-0.10870,0.83898,0.02636,-0.54352,0.88623
127,82,2,0.16432,0.60622,-0.11381,0.82168,0.03111,-0.56909,0.89111
128,82,2,0.16074,0.60707,-0.11877,0.80378,0.03537,-0.59388,0.89600
129,82,2,0.15704,0.60783,-0.12357,0.78529,0.03912,-0.61789,0.90479
130,82,2,0.15322,0.60849,-0.12822,0.76624,0.04247,-0.64115,0.90967
131,82,2,0.14930,0.60907,-0.13273,0.74660,0.04535,-0.66372,0.91406
132,82,2,0.14528,0.60957,-0.13711,0.72645,0.04783,-0.68556,0.91748
133,82,2,0.14114,0.60997,-0.14134,0.70573,0.04989,-0.70672,0.92432
134,82,2,0.13689,0.61029,-0.14542,0.68452,0.05144,-0.72718,0.93066
135,82,2,0.13254,0.61052,-0.14938,0.66278,0.05260,-0.74696,0.93262
136,82,2,0.12809,0.61068,-0.15320,0.64051,0.05338,-0.76609,0.93555
137,82,2,0.12354,0.61075,-0.15689,0.61775,0.05373,-0.78454,0.93701
138,82,2,0.11889,0.61075,-0.16046,0.59448,0.05372,-0.80231,0.94385
139,82,2,0.11412,0.61065,-0.16388,0.57067,0.05326,-0.81945,0.94385
140,82,2,0.10926,0.61048,-0.16716,0.54636,0.05239,-0.83591,0.94629
141,82,2,0.10430,0.61022,-0.17032,0.52154,0.05109,-0.85169,0.94922
142,82,2,0.09923,0.60989,-0.17335,0.49620,0.04941,-0.86680,0.95215
143,82,2,0.09406,0.60947,-0.17624,0.47036,0.04731,-0.88121,0.95068
144,82,2,0.08877,0.60895,-0.17897,0.44393,0.04470,-0.89495,0.94971
145,82,2,0.08338,0.60835,-0.18157,0.41697,0.04173,-0.90796,0.95215
146,82,2,0.07788,0.60766,-0.18403,0.38945,0.03831,-0.92026,0.95410
147,82,2,0.07227,0.60689,-0.18634,0.36137,0.03443,-0.93178,0.95312
148,82,2,0.06653,0.60601,-0.18849,0.33270,0.03007,-0.94255,0.95361
149,82,2,0.06067,0.60504,-0.19049,0.30339,0.02521,-0.95253,0.95410
150,82,2,0.05468,0.60397,-0.19232,0.27346,0.01985,-0.96167,0.95459
151,82,2,0.04857,0.60279,-0.19398,0.24287,0.01396,-0.96996,0.95361
152,82,2,0.04230,0.60150,-0.19544,0.21155,0.00750,-0.97733,0.95410
153,82,2,0.03591,0.60009,-0.19674,0.17956,0.00045,-0.98376,0.94971
154,82,2,0.02935,0.59856,-0.19782,0.14674,-0.00719,-0.98914,0.94775
155,82,2,0.02261,0.59688,-0.19867,0.11304,-0.01560,-0.99347,0.94873
156,82,2,0.01571,0.59508,-0.19931,0.07857,-0.02458,-0.99659,0.94775
157,82,2,0.00859,0.59311,-0.19967,0.04298,-0.03449,-0.99850,0.94434
158,82,2,0.00128,0.59097,-0.19977,0.00641,-0.04516,-0.99895,0.94580
159,82,2,-0.00628,0.58864,-0.19955,-0.03139,-0.05687,-0.99790,0.94141
160,82,2,-0.01410,0.58610,-0.19900,-0.07047,-0.06954,-0.99510,0.93994
161,82,2,-0.02224,0.58330,-0.19803,-0.11120,-0.08354,-0.99027,0.93408
162,82,2,-0.03071,0.58024,-0.19662,-0.15356,-0.09883,-0.98318,0.93457
163,82,2,-0.03963,0.57682,-0.19464,-0.19817,-0.11588,-0.97329,0.93115
164,82,2,-0.04908,0.57298,-0.19197,-0.24541,-0.13511,-0.95996,0.92676
165,82,2,-0.05921,0.56858,-0.18840,-0.29610,-0.15712,-0.94214,0.92383
166,82,2,-0.07029,0.56344,-0.18362,-0.35145,-0.18281,-0.91818,0.91455
167,82,2,-0.08286,0.55710,-0.17688,-0.41430,-0.21451,-0.88450,0.90625
168,82,2,-0.09845,0.54834,-0.16622,-0.49232,-0.25832,-0.83120,0.88965
107,83,2,0.18311,0.54043,0.05397,0.91562,-0.29793,0.26995,0.64941
108,83,2,0.19049,0.55005,0.03476,0.95257,-0.24979,0.17384,0.66650
109,83,2,0.19418,0.55671,0.02036,0.97097,-0.21645,0.10180,0.67969
110,83,2,0.19617,0.56202,0.00816,0.98095,-0.18991,0.04081,0.69629
111,83,2,0.19714,0.56651,-0.00271,0.98578,-0.16749,-0.01352,0.70557
112,83,2,0.19738,0.57042,-0.01264,0.98697,-0.14791,-0.06317,0.72119
113,83,2,0.19705,0.57387,-0.02182,0.98540,-0.13064,-0.10910,0.73438
114,83,2,0.19630,0.57699,-0.03045,0.98160,-0.11510,-0.15227,0.74902
115,83,2,0.19519,0.57981,-0.03862,0.97597,-0.10096,-0.19306,0.75928
116,83,2,0.19373,0.58236,-0.04633,0.96878,-0.08821,-0.23167,0.77637
117,83,2,0.19203,0.58472,-0.05373,0.96020,-0.07645,-0.26867,0.78564
118,83,2,0.19006,0.58686,-0.06078,0.95043,-0.06574,-0.30393,0.79785
119,83,2,0.18789,0.58884,-0.06757,0.93954,-0.05583,-0.33787,0.81152
120,83,2,0.18551,0.59065,-0.07409,0.92766,-0.04675,-0.37047,0.81934
121,83,2,0.18295,0.59232,-0.08037,0.91487,-0.03840,-0.40191,0.82764
122,83,2,0.18023,0.59385,-0.08644,0.90124,-0.03076,-0.43224,0.83594
123,83,2,0.17734,0.59526,-0.09230,0.88681,-0.02372,-0.46153,0.84668
124,83,2,0.17431,0.59655,-0.09796,0.87163,-0.01726,-0.48985,0.85596
125,83,2,0.17113,0.59772,-0.10344,0.85575,-0.01140,-0.51727,0.86621
126,83,2,0.16782,0.59879,-0.10875,0.83920,-0.00606,-0.54380,0.87354
127,83,2,0.16438,0.59975,-0.11389,0.82199,-0.00122,-0.56950,0.87939
128,83,2,0.16082,0.60062,-0.11888,0.80417,0.00308,-0.59439,0.88574
129,83,2,0.15713,0.60139,-0.12369,0.78576,0.00692,-0.61849,0.89258
130,83,2,0.15333,0.60206,-0.12835,0.76676,0.01028,-0.64185,0.89990
131,83,2,0.14942,0.60264,-0.13288,0.74720,0.01321,-0.66446,0.90479
132,83,2,0.14540,0.60314,-0.13726,0.72708,0.01572,-0.68637,0.91113
133,83,2,0.14127,0.60356,-0.14151,0.70641,0.01776,-0.70758,0.91553
134,83,2,0.13703,0.60388,-0.14560,0.68521,0.01940,-0.72809,0.91895
135,83,2,0.13268,0.60412,-0.14956,0.66348,0.02057,-0.74791,0.92285
136,83,2,0.12824,0.60428,-0.15339,0.64125,0.02138,-0.76704,0.92773
137,83,2,0.12369,0.60435,-0.15709,0.61849,0.02174,-0.78549,0.93213
138,83,2,0.11904,0.60435,-0.16065,0.59519,0.02173,-0.80329,0.93213
139,83,2,0.11427,0.60425,-0.16407,0.57141,0.02125,-0.82039,0.93604
140,83,2,0.10940,0.60407,-0.16735,0.54707,0.02034,-0.83684,0.93750
141,83,2,0.10443,0.60381,-0.17050,0.52222,0.01905,-0.85260,0.93896
142,83,2,0.09936,0.60347,-0.17351,0.49686,0.01733,-0.86766,0.94043
143,83,2,0.09418,0.60304,-0.17639,0.47095,0.01519,-0.88203,0.94238
144,83,2,0.08889,0.60252,-0.17912,0.44450,0.01259,-0.89569,0.94824
145,83,2,0.08348,0.60191,-0.18170,0.41748,0.00955,-0.90864,0.94629
146,83,2,0.07797,0.60122,-0.18415,0.38990,0.00606,-0.92084,0.94678
147,83,2,0.07235,0.60043,-0.18645,0.36175,0.00214,-0.93227,0.94580
148,83,2,0.06659,0.59954,-0.18857,0.33297,-0.00227,-0.94294,0.94678
149,83,2,0.06070,0.59855,-0.19053,0.30356,-0.00725,-0.95278,0.94824
150,83,2,0.05470,0.59746,-0.19233,0.27352,-0.01272,-0.96179,0.94629
151,83,2,0.04856,0.59627,-0.19397,0.24281,-0.01868,-0.96989,0.94238
152,83,2,0.04227,0.59495,-0.19540,0.21139,-0.02525,-0.97706,0.94385
153,83,2,0.03583,0.59351,-0.19663,0.17916,-0.03247,-0.98328,0.94434
154,83,2,0.02924,0.59195,-0.19767,0.14619,-0.04025,-0.98842,0.94287
155,83,2,0.02246,0.59025,-0.19848,0.11234,-0.04874,-0.99246,0.94336
156,83,2,0.01550,0.58840,-0.19904,0.07752,-0.05803,-0.99530,0.93896
157,83,2,0.00834,0.58638,-0.19934,0.04170,-0.06811,-0.99682,0.93945
158,83,2,0.00096,0.58419,-0.19935,0.00477,-0.07907,-0.99684,0.93652
159,83,2,-0.00668,0.58180,-0.19903,-0.03341,-0.09107,-0.99527,0.93555
160,83,2,-0.01459,0.57919,-0.19837,-0.07292,-0.10407,-0.99190,0.93066
161,83,2,-0.02283,0.57630,-0.19725,-0.11418,-0.11842,-0.98637,0.92822
162,83,2,-0.03147,0.57311,-0.19564,-0.15735,-0.13443,-0.97836,0.92773
163,83,2,-0.04055,0.56956,-0.19344,-0.20278,-0.15219,-0.96732,0.91992
164,83,2,-0.05022,0.56554,-0.19048,-0.25111,-0.17232,-0.95250,0.91211
165,83,2,-0.06067,0.56090,-0.18651,-0.30333,-0.19544,-0.93263,0.90967
166,83,2,-0.07228,0.55533,-0.18103,-0.36141,-0.22333,-0.90526,0.90137
167,83,2,-0.08580,0.54822,-0.17305,-0.42907,-0.25886,-0.86538,0.88672
168,83,2,-0.10425,0.53718,-0.15868,-0.52126,-0.31415,-0.79347,0.86523
108,84,2,0.18680,0.54057,0.03956,0.93410,-0.29718,0.19786,0.63281
109,84,2,0.19173,0.54824,0.02354,0.95873,-0.25882,0.11771,0.65430
110,84,2,0.19434,0.55403,0.01054,0.97180,-0.22984,0.05273,0.66748
111,84,2,0.19569,0.55884,-0.00083,0.97858,-0.20583,-0.00416,0.68408
112,84,2,0.19620,0.56296,-0.01110,0.98112,-0.18524,-0.05549,0.70068
113,84,2,0.19609,0.56659,-0.02057,0.98057,-0.16709,-0.10286,0.71436
114,84,2,0.19550,0.56983,-0.02941,0.97755,-0.15088,-0.14705,0.72607
115,84,2,0.19449,0.57273,-0.03771,0.97255,-0.13633,-0.18855,0.74072
116,84,2,0.19316,0.57538,-0.04559,0.96586,-0.12307,-0.22794,0.75244
117,84,2,0.19153,0.57780,-0.05308,0.95772,-0.11102,-0.26542,0.76465
118,84,2,0.18964,0.58000,-0.06024,0.94830,-0.10002,-0.30120,0.77881
119,84,2,0.18753,0.58203,-0.06711,0.93773,-0.08988,-0.33555,0.79053
120,84,2,0.18520,0.58388,-0.07369,0.92614,-0.08061,-0.36847,0.80322
121,84,2,0.18270,0.58560,-0.08005,0.91357,-0.07201,-0.40025,0.81104
122,84,2,0.18001,0.58716,-0.08616,0.90015,-0.06425,-0.43082,0.81982
123,84,2,0.17716,0.58859,-0.09206,0.88590,-0.05706,-0.46034,0.83350
124,84,2,0.17416,0.58991,-0.09778,0.87087,-0.05042,-0.48893,0.84229
125,84,2,0.17101,0.59111,-0.10329,0.85514,-0.04450,-0.51649,0.84961
126,84,2,0.16772,0.59219,-0.10862,0.83871,-0.03906,-0.54317,0.85693
127,84,2,0.16430,0.59317,-0.11379,0.82163,-0.03416,-0.56900,0.86621
128,84,2,0.16077,0.59406,-0.11880,0.80389,-0.02971,-0.59403,0.87305
129,84,2,0.15710,0.59484,-0.12365,0.78555,-0.02582,-0.61826,0.88281
130,84,2,0.15331,0.59552,-0.12833,0.76662,-0.02239,-0.64171,0.88770
131,84,2,0.14941,0.59612,-0.13286,0.74713,-0.01943,-0.66440,0.89160
132,84,2,0.14540,0.59662,-0.13726,0.72705,-0.01690,-0.68638,0.89746
133,84,2,0.14128,0.59704,-0.14151,0.70644,-0.01480,-0.70762,0.90283
134,84,2,0.13704,0.59737,-0.14561,0.68529,-0.01317,-0.72815,0.90625
135,84,2,0.13270,0.59761,-0.14958,0.66359,-0.01195,-0.74800,0.91309
136,84,2,0.12825,0.59777,-0.15341,0.64135,-0.01118,-0.76716,0.91602
137,84,2,0.12370,0.59785,-0.15711,0.61859,-0.01078,-0.78564,0.92139
138,84,2,0.11905,0.59784,-0.16067,0.59530,-0.01081,-0.80343,0.92383
139,84,2,0.11428,0.59774,-0.16409,0.57149,-0.01129,-0.82053,0.92578
140,84,2,0.10941,0.59756,-0.16736,0.54717,-0.01219,-0.83694,0.92969
141,84,2,0.10444,0.59730,-0.17051,0.52229,-0.01353,-0.85266,0.93018
142,84,2,0.09936,0.59695,-0.17352,0.49687,-0.01524,-0.86769,0.93213
143,84,2,0.09418,0.59652,-0.17639,0.47093,-0.01743,-0.88200,0.93359
144,84,2,0.08887,0.59599,-0.17910,0.44441,-0.02007,-0.89560,0.93359
145,84,2,0.08346,0.59537,-0.18167,0.41735,-0.02314,-0.90845,0.93799
146,84,2,0.07793,0.59467,-0.18410,0.38968,-0.02668,-0.92056,0.93701
147,84,2,0.07228,0.59386,-0.18636,0.36144,-0.03072,-0.93189,0.93701
148,84,2,0.06650,0.59296,-0.18846,0.33256,-0.03523,-0.94242,0.93945
149,84,2,0.06060,0.59195,-0.19040,0.30305,-0.04028,-0.95213,0.94092
150,84,2,0.05457,0.59084,-0.19217,0.27290,-0.04579,-0.96095,0.93799
151,84,2,0.04841,0.58963,-0.19377,0.24205,-0.05188,-0.96887,0.93799
152,84,2,0.04207,0.58827,-0.19514,0.21043,-0.05862,-0.97584,0.93604
153,84,2,0.03560,0.58681,-0.19634,0.17801,-0.06598,-0.98181,0.93848
154,84,2,0.02897,0.58522,-0.19733,0.14489,-0.07386,-0.98669,0.93652
155,84,2,0.02214,0.58347,-0.19805,0.11069,-0.08268,-0.99040,0.93555
156,84,2,0.01513,0.58158,-0.19856,0.07566,-0.09212,-0.99288,0.93115
157,84,2,0.00790,0.57951,-0.19877,0.03951,-0.10244,-0.99395,0.92969
158,84,2,0.00044,0.57726,-0.19868,0.00219,-0.11369,-0.99352,0.92773
159,84,2,-0.00728,0.57480,-0.19825,-0.03642,-0.12596,-0.99135,0.92578
160,84,2,-0.01531,0.57209,-0.19743,-0.07652,-0.13952,-0.98726,0.91992
161,84,2,-0.02368,0.56911,-0.19616,-0.11837,-0.15446,-0.98088,0.91699
162,84,2,-0.03246,0.56580,-0.19435,-0.16231,-0.17104,-0.97180,0.91455
163,84,2,-0.04177,0.56206,-0.19185,-0.20889,-0.18964,-0.95937,0.90918
164,84,2,-0.05174,0.55781,-0.18851,-0.25870,-0.21090,-0.94265,0.90381
165,84,2,-0.06263,0.55281,-0.18396,-0.31319,-0.23598,-0.91991,0.89258
166,84,2,-0.07491,0.54670,-0.17760,-0.37457,-0.26648,-0.88808,0.88184
167,84,2,-0.08998,0.53837,-0.16763,-0.44989,-0.30824,-0.83820,0.86182
108,85,2,0.18123,0.52960,0.04680,0.90623,-0.35205,0.23410,0.60010
109,85,2,0.18844,0.53908,0.02782,0.94226,-0.30462,0.13913,0.62158
110,85,2,0.19197,0.54562,0.01362,0.95990,-0.27192,0.06815,0.63867
111,85,2,0.19384,0.55083,0.00158,0.96927,-0.24587,0.00792,0.65527
112,85,2,0.19470,0.55524,-0.00915,0.97355,-0.22381,-0.04574,0.66992
113,85,2,0.19483,0.55906,-0.01893,0.97424,-0.20472,-0.09465,0.68750
114,85,2,0.19441,0.56244,-0.02800,0.97217,-0.18782,-0.14001,0.70410
115,85,2,0.19357,0.56548,-0.03651,0.96791,-0.17263,-0.18254,0.71826
116,85,2,0.19234,0.56821,-0.04453,0.96185,-0.15895,-0.22266,0.73145
117,85,2,0.19083,0.57072,-0.05218,0.95421,-0.14642,-0.26087,0.74365
118,85,2,0.18902,0.57298,-0.05942,0.94522,-0.13509,-0.29715,0.75732
119,85,2,0.18699,0.57508,-0.06640,0.93501,-0.12460,-0.33201,0.77051
120,85,2,0.18472,0.57698,-0.07306,0.92372,-0.11512,-0.36535,0.78223
121,85,2,0.18227,0.57873,-0.07948,0.91144,-0.10635,-0.39745,0.79443
122,85,2,0.17964,0.58034,-0.08568,0.89823,-0.09828,-0.42839,0.80420
123,85,2,0.17682,0.58180,-0.09162,0.88421,-0.09103,-0.45813,0.81445
124,85,2,0.17385,0.58314,-0.09737,0.86938,-0.08430,-0.48691,0.82275
125,85,2,0.17074,0.58437,-0.10294,0.85378,-0.07817,-0.51473,0.83545
126,85,2,0.16748,0.58548,-0.10831,0.83750,-0.07260,-0.54160,0.84668
127,85,2,0.16409,0.58648,-0.11350,0.82053,-0.06763,-0.56759,0.85010
128,85,2,0.16057,0.58738,-0.11854,0.80291,-0.06310,-0.59275,0.85889
129,85,2,0.15692,0.58817,-0.12340,0.78467,-0.05916,-0.61708,0.86816
130,85,2,0.15314,0.58887,-0.12811,0.76582,-0.05567,-0.64064,0.87158
131,85,2,0.14926,0.58948,-0.13267,0.74639,-0.05263,-0.66342,0.88037
132,85,2,0.14527,0.59000,-0.13709,0.72637,-0.05002,-0.68549,0.88525
133,85,2,0.14116,0.59043,-0.14136,0.70580,-0.04786,-0.70679,0.89209
134,85,2,0.13692,0.59076,-0.14546,0.68468,-0.04624,-0.72737,0.89551
135,85,2,0.13258,0.59100,-0.14944,0.66300,-0.04502,-0.74726,0.89990
136,85,2,0.12814,0.59116,-0.15327,0.64080,-0.04422,-0.76643,0.90479
137,85,2,0.12360,0.59124,-0.15697,0.61804,-0.04382,-0.78492,0.90918
138,85,2,0.11894,0.59123,-0.16053,0.59476,-0.04383,-0.80271,0.91309
139,85,2,0.11418,0.59113,-0.16394,0.57094,-0.04432,-0.81980,0.91553
140,85,2,0.10930,0.59095,-0.16722,0.54658,-0.04524,-0.83618,0.91846
141,85,2,0.10432,0.59068,-0.17036,0.52168,-0.04660,-0.85187,0.92139
142,85,2,0.09924,0.59033,-0.17336,0.49625,-0.04833,-0.86683,0.92578
143,85,2,0.09404,0.58989,-0.17621,0.47024,-0.05054,-0.88109,0.92236
144,85,2,0.08872,0.58935,-0.17891,0.44366,-0.05327,-0.89461,0.92822
145,85,2,0.08329,0.58872,-0.18145,0.41651,-0.05643,-0.90738,0.92529
146,85,2,0.07774,0.58800,-0.18385,0.38878,-0.06001,-0.91937,0.92773
147,85,2,0.07208,0.58718,-0.18610,0.36043,-0.06410,-0.93058,0.92969
148,85,2,0.06628,0.58626,-0.18818,0.33146,-0.06871,-0.94096,0.92969
149,85,2,0.06036,0.58524,-0.19009,0.30184,-0.07382,-0.95050,0.92773
150,85,2,0.05429,0.58410,-0.19181,0.27151,-0.07950,-0.95914,0.92920
151,85,2,0.04809,0.58285,-0.19335,0.24047,-0.08575,-0.96686,0.92969
152,85,2,0.04173,0.58148,-0.19469,0.20866,-0.09263,-0.97360,0.92773
153,85,2,0.03522,0.57998,-0.19584,0.17610,-0.10008,-0.97926,0.92920
154,85,2,0.02852,0.57834,-0.19675,0.14263,-0.10830,-0.98384,0.92578
155,85,2,0.02164,0.57656,-0.19741,0.10823,-0.11722,-0.98718,0.92480
156,85,2,0.01458,0.57462,-0.19784,0.07291,-0.12690,-0.98925,0.92383
157,85,2,0.00726,0.57248,-0.19794,0.03631,-0.13762,-0.98983,0.92236
158,85,2,-0.00027,0.57017,-0.19775,-0.00135,-0.14916,-0.98880,0.91846
159,85,2,-0.00812,0.56761,-0.19717,-0.04058,-0.16201,-0.98596,0.91504
160,85,2,-0.01627,0.56481,-0.19618,-0.08133,-0.17603,-0.98102,0.90918
161,85,2,-0.02479,0.56170,-0.19471,-0.12394,-0.19145,-0.97364,0.90674
162,85,2,-0.03378,0.55822,-0.19263,-0.16892,-0.20888,-0.96324,0.90137
163,85,2,-0.04336,0.55428,-0.18979,-0.21679,-0.22863,-0.94907,0.89697
164,85,2,-0.05371,0.54971,-0.18594,-0.26858,-0.25146,-0.92986,0.88574
165,85,2,-0.06517,0.54426,-0.18066,-0.32587,-0.27867,-0.90341,0.87207
166,85,2,-0.07853,0.53729,-0.17290,-0.39263,-0.31363,-0.86457,0.86035
167,85,2,-0.09683,0.52636,-0.15871,-0.48422,-0.36819,-0.79370,0.82764
109,86,2,0.18381,0.52886,0.03384,0.91913,-0.35575,0.16924,0.58252
110,86,2,0.18884,0.53660,0.01768,0.94428,-0.31704,0.08842,0.60449
111,86,2,0.19147,0.54242,0.00466,0.95737,-0.28791,0.02332,0.62695
112,86,2,0.19276,0.54717,-0.00663,0.96390,-0.26416,-0.03315,0.64355
113,86,2,0.19322,0.55125,-0.01684,0.96618,-0.24378,-0.08417,0.65869
114,86,2,0.19303,0.55481,-0.02620,0.96530,-0.22594,-0.13102,0.67578
115,86,2,0.19236,0.55800,-0.03495,0.96194,-0.21004,-0.17474,0.69336
116,86,2,0.19132,0.56087,-0.04319,0.95660,-0.19565,-0.21595,0.70801
117,86,2,0.18989,0.56345,-0.05095,0.94958,-0.18280,-0.25475,0.71875
118,86,2,0.18820,0.56581,-0.05837,0.94106,-0.17094,-0.29184,0.73535
119,86,2,0.18623,0.56795,-0.06542,0.93129,-0.16024,-0.32712,0.74463
120,86,2,0.18405,0.56993,-0.07220,0.92037,-0.15036,-0.36100,0.76074
121,86,2,0.18166,0.57172,-0.07869,0.90840,-0.14137,-0.39348,0.77295
122,86,2,0.17908,0.57337,-0.08494,0.89546,-0.13314,-0.42476,0.78711
123,86,2,0.17631,0.57488,-0.09096,0.88166,-0.12559,-0.45486,0.79834
124,86,2,0.17339,0.57626,-0.09677,0.86703,-0.11872,-0.48390,0.80713
125,86,2,0.17031,0.57751,-0.10238,0.85163,-0.11248,-0.51193,0.81543
126,86,2,0.16708,0.57864,-0.10779,0.83551,-0.10685,-0.53899,0.82520
127,86,2,0.16372,0.57966,-0.11303,0.81867,-0.10171,-0.56519,0.83496
128,86,2,0.16023,0.58059,-0.11810,0.80117,-0.09705,-0.59051,0.84473
129,86,2,0.15659,0.58140,-0.12299,0.78305,-0.09303,-0.61497,0.85449
130,86,2,0.15284,0.58210,-0.12771,0.76428,-0.08949,-0.63865,0.85889
131,86,2,0.14896,0.58272,-0.13229,0.74493,-0.08642,-0.66152,0.86816
132,86,2,0.14498,0.58325,-0.13672,0.72499,-0.08375,-0.68365,0.87061
133,86,2,0.14088,0.58369,-0.14100,0.70446,-0.08155,-0.70504,0.87939
134,86,2,0.13666,0.58403,-0.14512,0.68336,-0.07989,-0.72569,0.88281
135,86,2,0.13233,0.58428,-0.14910,0.66174,-0.07861,-0.74560,0.88867
136,86,2,0.12789,0.58444,-0.15295,0.63955,-0.07780,-0.76481,0.89160
137,86,2,0.12335,0.58452,-0.15665,0.61680,-0.07738,-0.78331,0.89893
138,86,2,0.11870,0.58452,-0.16021,0.59352,-0.07739,-0.80109,0.90283
139,86,2,0.11392,0.58441,-0.16362,0.56968,-0.07794,-0.81816,0.90283
140,86,2,0.10905,0.58423,-0.16688,0.54530,-0.07888,-0.83452,0.90674
141,86,2,0.10406,0.58395,-0.17001,0.52036,-0.08026,-0.85017,0.90918
142,86,2,0.09896,0.58359,-0.17300,0.49487,-0.08207,-0.86509,0.91211
143,86,2,0.09375,0.58314,-0.17584,0.46882,-0.08432,-0.87926,0.91357
144,86,2,0.08842,0.58259,-0.17852,0.44218,-0.08706,-0.89269,0.91699
145,86,2,0.08298,0.58195,-0.18105,0.41495,-0.09027,-0.90536,0.91602
146,86,2,0.07742,0.58122,-0.18343,0.38714,-0.09391,-0.91723,0.91992
147,86,2,0.07174,0.58039,-0.18566,0.35872,-0.09806,-0.92828,0.91846
148,86,2,0.06591,0.57944,-0.18768,0.32956,-0.10281,-0.93852,0.91797
149,86,2,0.05995,0.57839,-0.18955,0.29977,-0.10810,-0.94787,0.92432
150,86,2,0.05385,0.57723,-0.19124,0.26930,-0.11388,-0.95630,0.92139
151,86,2,0.04762,0.57596,-0.19274,0.23812,-0.12020,-0.96376,0.91797
152,86,2,0.04121,0.57454,-0.19402,0.20609,-0.12728,-0.97022,0.91699
153,86,2,0.03464,0.57301,-0.19509,0.17325,-0.13498,-0.97558,0.91553
154,86,2,0.02790,0.57133,-0.19594,0.13953,-0.14337,-0.97978,0.91406
155,86,2,0.02096,0.56949,-0.19652,0.10480,-0.15257,-0.98272,0.91455
156,86,2,0.01381,0.56748,-0.19683,0.06904,-0.16260,-0.98426,0.91406
157,86,2,0.00642,0.56529,-0.19684,0.03208,-0.17358,-0.98429,0.90820
158,86,2,-0.00124,0.56288,-0.19649,-0.00622,-0.18560,-0.98261,0.90723
159,86,2,-0.00918,0.56024,-0.19578,-0.04593,-0.19875,-0.97898,0.90283
160,86,2,-0.01750,0.55730,-0.19458,-0.08748,-0.21351,-0.97302,0.89893
161,86,2,-0.02623,0.55403,-0.19284,-0.13116,-0.22986,-0.96435,0.89209
162,86,2,-0.03547,0.55036,-0.19044,-0.17735,-0.24824,-0.95233,0.88281
163,86,2,-0.04537,0.54615,-0.18717,-0.22688,-0.26923,-0.93597,0.87891
164,86,2,-0.05622,0.54119,-0.18269,-0.28110,-0.29405,-0.91352,0.86670
165,86,2,-0.06853,0.53505,-0.17629,-0.34269,-0.32481,-0.88151,0.85156
166,86,2,-0.08377,0.52658,-0.16609,-0.41885,-0.36710,-0.83054,0.82715
109,87,2,0.17639,0.51640,0.04349,0.88200,-0.41805,0.21751,0.54346
110,87,2,0.18462,0.52670,0.02317,0.92317,-0.36650,0.11590,0.56641
111,87,2,0.18838,0.53343,0.00867,0.94198,-0.33285,0.04340,0.59131
112,87,2,0.19032,0.53869,-0.00345,0.95169,-0.30657,-0.01726,0.60840
113,87,2,0.19120,0.54311,-0.01421,0.95606,-0.28443,-0.07105,0.63037
114,87,2,0.19133,0.54693,-0.02399,0.95667,-0.26534,-0.11991,0.64600
115,87,2,0.19088,0.55029,-0.03301,0.95445,-0.24858,-0.16505,0.66357
116,87,2,0.18997,0.55328,-0.04145,0.94997,-0.23362,-0.20726,0.68018
117,87,2,0.18872,0.55599,-0.04942,0.94367,-0.22005,-0.24714,0.69678
118,87,2,0.18713,0.55844,-0.05698,0.93576,-0.20780,-0.28491,0.71289
119,87,2,0.18528,0.56067,-0.06417,0.92648,-0.19666,-0.32088,0.72510
120,87,2,0.18318,0.56270,-0.07105,0.91597,-0.18650,-0.35528,0.73633
121,87,2,0.18085,0.56456,-0.07764,0.90436,-0.17724,-0.38822,0.75098
122,87,2,0.17834,0.56627,-0.08399,0.89173,-0.16868,-0.41996,0.76367
123,87,2,0.17562,0.56780,-0.09006,0.87821,-0.16100,-0.45035,0.77783
124,87,2,0.17274,0.56922,-0.09593,0.86383,-0.15391,-0.47969,0.78955
125,87,2,0.16972,0.57052,-0.10161,0.84862,-0.14739,-0.50806,0.79980
126,87,2,0.16652,0.57167,-0.10706,0.83268,-0.14165,-0.53534,0.80762
127,87,2,0.16318,0.57271,-0.11233,0.81602,-0.13646,-0.56169,0.81836
128,87,2,0.15971,0.57365,-0.11743,0.79865,-0.13172,-0.58720,0.82568
129,87,2,0.15611,0.57449,-0.12236,0.78063,-0.12754,-0.61185,0.83398
130,87,2,0.15238,0.57522,-0.12712,0.76199,-0.12388,-0.63563,0.84424
131,87,2,0.14853,0.57585,-0.13172,0.74270,-0.12075,-0.65865,0.84766
132,87,2,0.14455,0.57639,-0.13616,0.72283,-0.11809,-0.68086,0.85742
133,87,2,0.14046,0.57683,-0.14046,0.70237,-0.11581,-0.70233,0.86279
134,87,2,0.13625,0.57718,-0.14459,0.68133,-0.11413,-0.72302,0.86963
135,87,2,0.13192,0.57743,-0.14858,0.65972,-0.11286,-0.74299,0.87402
136,87,2,0.12749,0.57760,-0.15242,0.63756,-0.11201,-0.76221,0.87744
137,87,2,0.12295,0.57768,-0.15613,0.61482,-0.11159,-0.78073,0.88477
138,87,2,0.11830,0.57768,-0.15969,0.59154,-0.11160,-0.79852,0.88916
139,87,2,0.11352,0.57757,-0.16309,0.56769,-0.11215,-0.81557,0.89062
140,87,2,0.10864,0.57738,-0.16636,0.54328,-0.11311,-0.83190,0.89307
141,87,2,0.10365,0.57710,-0.16948,0.51831,-0.11449,-0.84749,0.89600
142,87,2,0.09854,0.57674,-0.17245,0.49279,-0.11631,-0.86234,0.89941
143,87,2,0.09333,0.57628,-0.17528,0.46667,-0.11861,-0.87644,0.90283
144,87,2,0.08798,0.57572,-0.17794,0.43995,-0.12142,-0.88978,0.90479
145,87,2,0.08252,0.57506,-0.18045,0.41264,-0.12469,-0.90232,0.90479
146,87,2,0.07693,0.57431,-0.18279,0.38470,-0.12846,-0.91406,0.90771
147,87,2,0.07122,0.57345,-0.18498,0.35612,-0.13273,-0.92496,0.90918
148,87,2,0.06536,0.57248,-0.18698,0.32685,-0.13758,-0.93501,0.91113
149,87,2,0.05938,0.57141,-0.18881,0.29693,-0.14294,-0.94414,0.90723
150,87,2,0.05325,0.57023,-0.19046,0.26628,-0.14888,-0.95233,0.90820
151,87,2,0.04696,0.56891,-0.19188,0.23483,-0.15545,-0.95952,0.90820
152,87,2,0.04051,0.56746,-0.19310,0.20255,-0.16271,-0.96567,0.90918
153,87,2,0.03390,0.56589,-0.19413,0.16953,-0.17053,-0.97067,0.90625
154,87,2,0.02707,0.56414,-0.19486,0.13539,-0.17928,-0.97445,0.90479
155,87,2,0.02006,0.56225,-0.19536,0.10033,-0.18873,-0.97690,0.90234
156,87,2,0.01282,0.56017,-0.19555,0.06411,-0.19915,-0.97788,0.89844
157,87,2,0.00533,0.55790,-0.19543,0.02666,-0.21051,-0.97723,0.89551
158,87,2,-0.00245,0.55539,-0.19492,-0.01224,-0.22304,-0.97473,0.89258
159,87,2,-0.01055,0.55262,-0.19400,-0.05276,-0.23692,-0.97009,0.88721
160,87,2,-0.01904,0.54955,-0.19258,-0.09519,-0.25225,-0.96297,0.88379
161,87,2,-0.02799,0.54610,-0.19055,-0.13998,-0.26945,-0.95279,0.87402
162,87,2,-0.03755,0.54217,-0.18773,-0.18776,-0.28915,-0.93869,0.86621
163,87,2,-0.04793,0.53758,-0.18385,-0.23967,-0.31217,-0.91930,0.85498
164,87,2,-0.05949,0.53205,-0.17844,-0.29744,-0.33974,-0.89225,0.83984
165,87,2,-0.07319,0.52481,-0.17023,-0.36599,-0.37595,-0.85130,0.81641
166,87,2,-0.09338,0.51237,-0.15359,-0.46670,-0.43793,-0.76774,0.77246
110,88,2,0.17842,0.51523,0.03123,0.89213,-0.42390,0.15625,0.52686
111,88,2,0.18433,0.52367,0.01394,0.92165,-0.38170,0.06974,0.55469
112,88,2,0.18721,0.52969,0.00058,0.93616,-0.35157,0.00293,0.57275
113,88,2,0.18865,0.53455,-0.01089,0.94336,-0.32727,-0.05445,0.59229
114,88,2,0.18916,0.53868,-0.02117,0.94592,-0.30667,-0.10583,0.61621
115,88,2,0.18901,0.54228,-0.03059,0.94515,-0.28863,-0.15294,0.63379
116,88,2,0.18833,0.54545,-0.03931,0.94178,-0.27277,-0.19658,0.64844
117,88,2,0.18725,0.54829,-0.04751,0.93633,-0.25853,-0.23759,0.66895
118,88,2,0.18581,0.55086,-0.05526,0.92913,-0.24570,-0.27630,0.68457
119,88,2,0.18406,0.55318,-0.06259,0.92043,-0.23415,-0.31300,0.69775
120,88,2,0.18207,0.55530,-0.06962,0.91042,-0.22350,-0.34810,0.71484
121,88,2,0.17983,0.55722,-0.07631,0.89924,-0.21393,-0.38157,0.72852
122,88,2,0.17738,0.55898,-0.08273,0.88700,-0.20514,-0.41370,0.74023
123,88,2,0.17474,0.56058,-0.08892,0.87376,-0.19710,-0.44462,0.75342
124,88,2,0.17191,0.56203,-0.09485,0.85966,-0.18984,-0.47429,0.76221
125,88,2,0.16892,0.56336,-0.10057,0.84469,-0.18324,-0.50291,0.77734
126,88,2,0.16577,0.56455,-0.10609,0.82895,-0.17723,-0.53050,0.78857
127,88,2,0.16248,0.56563,-0.11142,0.81247,-0.17183,-0.55711,0.79932
128,88,2,0.15904,0.56660,-0.11655,0.79526,-0.16703,-0.58281,0.80664
129,88,2,0.15546,0.56745,-0.12152,0.77738,-0.16273,-0.60761,0.81885
130,88,2,0.15175,0.56820,-0.12630,0.75884,-0.15903,-0.63156,0.82715
131,88,2,0.14791,0.56884,-0.13092,0.73966,-0.15582,-0.65469,0.83447
132,88,2,0.14396,0.56940,-0.13539,0.71987,-0.15305,-0.67702,0.84277
133,88,2,0.13989,0.56985,-0.13971,0.69948,-0.15070,-0.69858,0.84521
134,88,2,0.13569,0.57021,-0.14386,0.67849,-0.14897,-0.71934,0.85303
135,88,2,0.13137,0.57047,-0.14786,0.65692,-0.14767,-0.73936,0.85791
136,88,2,0.12695,0.57065,-0.15172,0.63478,-0.14676,-0.75863,0.86328
137,88,2,0.12241,0.57073,-0.15542,0.61205,-0.14634,-0.77716,0.86621
138,88,2,0.11775,0.57072,-0.15898,0.58878,-0.14634,-0.79494,0.87305
139,88,2,0.11298,0.57062,-0.16238,0.56491,-0.14692,-0.81197,0.87793
140,88,2,0.10809,0.57042,-0.16564,0.54049,-0.14789,-0.82825,0.87988
141,88,2,0.10308,0.57013,-0.16874,0.51548,-0.14931,-0.84379,0.88330
142,88,2,0.09797,0.56976,-0.17170,0.48988,-0.15120,-0.85858,0.88525
143,88,2,0.09273,0.56928,-0.17450,0.46367,-0.15360,-0.87259,0.88721
144,88,2,0.08736,0.56870,-0.17714,0.43689,-0.15651,-0.88580,0.89160
145,88,2,0.08188,0.56803,-0.17962,0.40945,-0.15988,-0.89821,0.89209
146,88,2,0.07627,0.56726,-0.18194,0.38140,-0.16371,-0.90980,0.89404
147,88,2,0.07054,0.56639,-0.18409,0.35271,-0.16807,-0.92052,0.89307
148,88,2,0.06465,0.56540,-0.18605,0.32329,-0.17303,-0.93034,0.89600
149,88,2,0.05862,0.56429,-0.18782,0.29316,-0.17858,-0.93923,0.89551
150,88,2,0.05245,0.56307,-0.18942,0.26229,-0.18466,-0.94715,0.89551
151,88,2,0.04612,0.56171,-0.19079,0.23060,-0.19143,-0.95403,0.89258
152,88,2,0.03961,0.56023,-0.19194,0.19808,-0.19888,-0.95981,0.89600
153,88,2,0.03292,0.55859,-0.19286,0.16463,-0.20707,-0.96437,0.89258
154,88,2,0.02604,0.55680,-0.19351,0.13020,-0.21602,-0.96766,0.88867
155,88,2,0.01894,0.55483,-0.19390,0.09469,-0.22584,-0.96956,0.89209
156,88,2,0.01158,0.55267,-0.19395,0.05792,-0.23669,-0.96985,0.88379
157,88,2,0.00398,0.55029,-0.19367,0.01989,-0.24853,-0.96841,0.88135
158,88,2,-0.00395,0.54767,-0.19297,-0.01974,-0.26162,-0.96497,0.87646
159,88,2,-0.01225,0.54475,-0.19180,-0.06123,-0.27627,-0.95912,0.87207
160,88,2,-0.02096,0.54149,-0.19008,-0.10481,-0.29258,-0.95048,0.86084
161,88,2,-0.03023,0.53779,-0.18764,-0.15115,-0.31110,-0.93828,0.85449
162,88,2,-0.04021,0.53352,-0.18427,-0.20107,-0.33240,-0.92146,0.84326
163,88,2,-0.05121,0.52844,-0.17958,-0.25610,-0.35777,-0.89801,0.82861
164,88,2,-0.06391,0.52200,-0.17269,-0.31959,-0.39006,-0.86355,0.80908
165,88,2,-0.08040,0.51251,-0.16085,-0.40206,-0.43745,-0.80435,0.76953
111,89,2,0.17855,0.51252,0.02145,0.89284,-0.43740,0.10731,0.50781
112,89,2,0.18315,0.51992,0.00586,0.91587,-0.40040,0.02932,0.53418
113,89,2,0.18544,0.52547,-0.00673,0.92734,-0.37270,-0.03363,0.55908
114,89,2,0.18650,0.53003,-0.01771,0.93261,-0.34986,-0.08857,0.58252
115,89,2,0.18673,0.53393,-0.02762,0.93370,-0.33038,-0.13808,0.60059
116,89,2,0.18634,0.53733,-0.03672,0.93173,-0.31333,-0.18361,0.61719
117,89,2,0.18544,0.54033,-0.04517,0.92735,-0.29836,-0.22588,0.63574
118,89,2,0.18418,0.54304,-0.05314,0.92102,-0.28482,-0.26571,0.65332
119,89,2,0.18259,0.54548,-0.06068,0.91303,-0.27259,-0.30343,0.67041
120,89,2,0.18070,0.54768,-0.06783,0.90361,-0.26160,-0.33918,0.68701
121,89,2,0.17857,0.54969,-0.07467,0.89293,-0.25154,-0.37338,0.70361
122,89,2,0.17621,0.55152,-0.08121,0.88110,-0.24240,-0.40607,0.71631
123,89,2,0.17364,0.55318,-0.08748,0.86825,-0.23409,-0.43744,0.72998
124,89,2,0.17087,0.55468,-0.09349,0.85445,-0.22661,-0.46751,0.74219
125,89,2,0.16794,0.55605,-0.09930,0.83975,-0.21972,-0.49652,0.75244
126,89,2,0.16484,0.55729,-0.10487,0.82425,-0.21357,-0.52441,0.76318
127,89,2,0.16157,0.55839,-0.11024,0.80797,-0.20808,-0.55126,0.77393
128,89,2,0.15817,0.55938,-0.11542,0.79094,-0.20308,-0.57721,0.78613
129,89,2,0.15464,0.56027,-0.12044,0.77322,-0.19867,-0.60221,0.79736
130,89,2,0.15095,0.56104,-0.12526,0.75481,-0.19480,-0.62634,0.80322
131,89,2,0.14713,0.56170,-0.12991,0.73575,-0.19151,-0.64961,0.81152
132,89,2,0.14319,0.56226,-0.13440,0.71605,-0.18867,-0.67207,0.82031
133,89,2,0.13913,0.56273,-0.13873,0.69574,-0.18634,-0.69371,0.82617
134,89,2,0.13495,0.56310,-0.14289,0.67482,-0.18451,-0.71455,0.83301
135,89,2,0.13064,0.56337,-0.14690,0.65330,-0.18319,-0.73461,0.84131
136,89,2,0.12621,0.56354,-0.15076,0.63116,-0.18232,-0.75392,0.84424
137,89,2,0.12168,0.56363,-0.15447,0.60846,-0.18188,-0.77246,0.85254
138,89,2,0.11702,0.56362,-0.15804,0.58519,-0.18189,-0.79023,0.85693
139,89,2,0.11224,0.56351,-0.16143,0.56128,-0.18246,-0.80726,0.86084
140,89,2,0.10735,0.56331,-0.16468,0.53683,-0.18346,-0.82350,0.86621
141,89,2,0.10234,0.56302,-0.16777,0.51178,-0.18493,-0.83898,0.86914
142,89,2,0.09721,0.56263,-0.17072,0.48612,-0.18683,-0.85369,0.86865
143,89,2,0.09196,0.56215,-0.17350,0.45984,-0.18927,-0.86760,0.87598
144,89,2,0.08658,0.56156,-0.17612,0.43295,-0.19223,-0.88068,0.87549
145,89,2,0.08108,0.56087,-0.17858,0.40543,-0.19562,-0.89295,0.87793
146,89,2,0.07544,0.56008,-0.18086,0.37722,-0.19963,-0.90435,0.87744
147,89,2,0.06966,0.55917,-0.18295,0.34833,-0.20417,-0.91487,0.88135
148,89,2,0.06374,0.55814,-0.18486,0.31873,-0.20930,-0.92444,0.88184
149,89,2,0.05768,0.55701,-0.18660,0.28842,-0.21496,-0.93307,0.87988
150,89,2,0.05146,0.55575,-0.18812,0.25730,-0.22127,-0.94066,0.88086
151,89,2,0.04505,0.55435,-0.18941,0.22532,-0.22828,-0.94716,0.87793
152,89,2,0.03849,0.55281,-0.19048,0.19248,-0.23594,-0.95251,0.87695
153,89,2,0.03173,0.55112,-0.19130,0.15865,-0.24442,-0.95660,0.88037
154,89,2,0.02475,0.54925,-0.19184,0.12375,-0.25377,-0.95932,0.87646
155,89,2,0.01755,0.54720,-0.19209,0.08774,-0.26402,-0.96052,0.87109
156,89,2,0.01008,0.54494,-0.19199,0.05040,-0.27531,-0.96004,0.86914
157,89,2,0.00231,0.54245,-0.19151,0.01159,-0.28779,-0.95763,0.86230
158,89,2,-0.00580,0.53967,-0.19057,-0.02897,-0.30170,-0.95296,0.85840
159,89,2,-0.01430,0.53659,-0.18913,-0.07148,-0.31712,-0.94569,0.84961
160,89,2,-0.02331,0.53309,-0.18702,-0.11658,-0.33455,-0.93514,0.84033
161,89,2,-0.03300,0.52906,-0.18404,-0.16501,-0.35469,-0.92031,0.83057
162,89,2,-0.04357,0.52431,-0.17990,-0.21789,-0.37844,-0.89962,0.81738
163,89,2,-0.05555,0.51845,-0.17394,-0.27776,-0.40779,-0.86980,0.79688
164,89,2,-0.07032,0.51035,-0.16435,-0.35163,-0.44828,-0.82183,0.76270
110,90,1,0.05069,0.40000,0.19728,0.00000,1.00000,-0.00000,0.65381
111,90,2,0.16848,0.49795,0.03454,0.84168,-0.50877,0.17255,0.44580
112,90,2,0.17757,0.50894,0.01312,0.88789,-0.45535,0.06562,0.48584
113,90,2,0.18131,0.51565,-0.00136,0.90666,-0.42180,-0.00677,0.51367
114,90,2,0.18316,0.52084,-0.01338,0.91589,-0.39582,-0.06686,0.54053
115,90,2,0.18388,0.52514,-0.02392,0.91954,-0.37436,-0.11960,0.56201
116,90,2,0.18386,0.52883,-0.03350,0.91941,-0.35585,-0.16751,0.58154
117,90,2,0.18327,0.53207,-0.04234,0.91640,-0.33968,-0.21171,0.60693
118,90,2,0.18222,0.53495,-0.05058,0.91116,-0.32528,-0.25294,0.62207
119,90,2,0.18080,0.53753,-0.05835,0.90405,-0.31238,-0.29174,0.64014
120,90,2,0.17904,0.53984,-0.06568,0.89534,-0.30084,-0.32843,0.65723
121,90,2,0.17704,0.54196,-0.07269,0.88526,-0.29021,-0.36344,0.67236
122,90,2,0.17476,0.54385,-0.07933,0.87394,-0.28079,-0.39671,0.68701
123,90,2,0.17228,0.54558,-0.08572,0.86151,-0.27212,-0.42866,0.70557
124,90,2,0.16960,0.54715,-0.09185,0.84809,-0.26426,-0.45925,0.71680
125,90,2,0.16672,0.54856,-0.09771,0.83373,-0.25721,-0.48861,0.72803
126,90,2,0.16368,0.54984,-0.10337,0.81850,-0.25075,-0.51690,0.74219
127,90,2,0.16047,0.55099,-0.10881,0.80244,-0.24507,-0.54409,0.75439
128,90,2,0.15711,0.55202,-0.11405,0.78562,-0.23992,-0.57030,0.76416
129,90,2,0.15360,0.55292,-0.11909,0.76809,-0.23538,-0.59551,0.77197
130,90,2,0.14995,0.55372,-0.12396,0.74981,-0.23144,-0.61985,0.78516
131,90,2,0.14616,0.55440,-0.12864,0.73089,-0.22802,-0.64328,0.79053
132,90,2,0.14224,0.55498,-0.13316,0.71130,-0.22512,-0.66586,0.80029
133,90,2,0.13820,0.55547,-0.13752,0.69107,-0.22265,-0.68764,0.80566
134,90,2,0.13403,0.55585,-0.14171,0.67020,-0.22079,-0.70857,0.81201
135,90,2,0.12974,0.55613,-0.14573,0.64873,-0.21939,-0.72871,0.82080
136,90,2,0.12532,0.55631,-0.14960,0.62665,-0.21848,-0.74804,0.82812
137,90,2,0.12078,0.55639,-0.15331,0.60396,-0.21805,-0.76661,0.83203
138,90,2,0.11613,0.55639,-0.15688,0.58069,-0.21803,-0.78439,0.83887
139,90,2,0.11135,0.55628,-0.16027,0.55679,-0.21863,-0.80137,0.84277
140,90,2,0.10644,0.55607,-0.16350,0.53227,-0.21965,-0.81758,0.84766
141,90,2,0.10142,0.55577,-0.16658,0.50718,-0.22115,-0.83299,0.85059
142,90,2,0.09628,0.55537,-0.16951,0.48145,-0.22315,-0.84759,0.85693
143,90,2,0.09100,0.55486,-0.17226,0.45508,-0.22568,-0.86138,0.85840
144,90,2,0.08560,0.55425,-0.17484,0.42806,-0.22874,-0.87433,0.85889
145,90,2,0.08006,0.55354,-0.17726,0.40037,-0.23231,-0.88642,0.86182
146,90,2,0.07440,0.55273,-0.17951,0.37207,-0.23634,-0.89761,0.86426
147,90,2,0.06859,0.55179,-0.18156,0.34298,-0.24104,-0.90789,0.86621
148,90,2,0.06263,0.55074,-0.18342,0.31316,-0.24634,-0.91720,0.86572
149,90,2,0.05651,0.54956,-0.18508,0.28259,-0.25219,-0.92550,0.86279
150,90,2,0.05022,0.54825,-0.18652,0.25117,-0.25877,-0.93272,0.86572
151,90,2,0.04378,0.54680,-0.18774,0.21890,-0.26596,-0.93880,0.86426
152,90,2,0.03713,0.54520,-0.18871,0.18566,-0.27398,-0.94364,0.86182
153,90,2,0.03027,0.54343,-0.18940,0.15135,-0.28288,-0.94714,0.86084
154,90,2,0.02320,0.54149,-0.18983,0.11601,-0.29255,-0.94919,0.85596
155,90,2,0.01585,0.53933,-0.18989,0.07928,-0.30340,-0.94956,0.85156
156,90,2,0.00825,0.53696,-0.18961,0.04126,-0.31520,-0.94813,0.84668
157,90,2,0.00030,0.53432,-0.18889,0.00148,-0.32843,-0.94453,0.84424
158,90,2,-0.00804,0.53136,-0.18766,-0.04020,-0.34318,-0.93841,0.83398
159,90,2,-0.01683,0.52804,-0.18583,-0.08419,-0.35975,-0.92924,0.82520
160,90,2,-0.02625,0.52422,-0.18320,-0.13129,-0.37891,-0.91607,0.81299
161,90,2,-0.03649,0.51975,-0.17951,-0.18244,-0.40128,-0.89760,0.79834
162,90,2,-0.04794,0.51430,-0.17423,-0.23969,-0.42843,-0.87120,0.77637
163,90,2,-0.06172,0.50700,-0.16593,-0.30862,-0.46507,-0.82974,0.74658
164,90,2,-0.08446,0.49251,-0.14597,-0.42189,-0.53591,-0.72924,0.67041
107,91,1,0.07277,0.40000,0.19741,0.00000,1.00000,-0.00000,0.66748
108,91,1,0.06812,0.40000,0.19384,0.00000,1.00000,-0.00000,0.65576
109,91,1,0.06348,0.40000,0.19026,0.00000,1.00000,-0.00000,0.64307
110,91,1,0.05884,0.40000,0.18669,0.00000,1.00000,-0.00000,0.62695
111,91,1,0.05419,0.40000,0.18312,0.00000,1.00000,-0.00000,0.61621
112,91,2,0.16841,0.49509,0.02503,0.84209,-0.52459,0.12524,0.42383
113,91,2,0.17565,0.50460,0.00600,0.87837,-0.47703,0.03004,0.46387
114,91,2,0.17886,0.51088,-0.00778,0.89438,-0.44561,-0.03888,0.49268
115,91,2,0.18035,0.51579,-0.01933,0.90185,-0.42110,-0.09662,0.51807
116,91,2,0.18083,0.51989,-0.02956,0.90426,-0.40060,-0.14780,0.54541
117,91,2,0.18061,0.52343,-0.03889,0.90311,-0.38287,-0.19441,0.56055
118,91,2,0.17982,0.52651,-0.04747,0.89923,-0.36747,-0.23737,0.58545
119,91,2,0.17862,0.52927,-0.05552,0.89321,-0.35368,-0.27762,0.60352
120,91,2,0.17707,0.53174,-0.06311,0.88540,-0.34129,-0.31558,0.62549
121,91,2,0.17518,0.53395,-0.07027,0.87602,-0.33032,-0.35138,0.64111
122,91,2,0.17305,0.53596,-0.07711,0.86533,-0.32021,-0.38557,0.65625
123,91,2,0.17067,0.53776,-0.08362,0.85342,-0.31121,-0.41812,0.67529
124,91,2,0.16807,0.53940,-0.08986,0.84043,-0.30300,-0.44930,0.68555
125,91,2,0.16527,0.54088,-0.09582,0.82644,-0.29563,-0.47916,0.70117
126,91,2,0.16229,0.54221,-0.10157,0.81153,-0.28896,-0.50786,0.71240
127,91,2,0.15914,0.54340,-0.10707,0.79577,-0.28299,-0.53542,0.72754
128,91,2,0.15581,0.54446,-0.11236,0.77920,-0.27772,-0.56188,0.73730
129,91,2,0.15235,0.54541,-0.11747,0.76185,-0.27297,-0.58743,0.74756
130,91,2,0.14875,0.54624,-0.12240,0.74377,-0.26884,-0.61199,0.75537
131,91,2,0.14498,0.54694,-0.12711,0.72499,-0.26529,-0.63562,0.76660
132,91,2,0.14109,0.54754,-0.13166,0.70551,-0.26231,-0.65837,0.77588
133,91,2,0.13706,0.54804,-0.13604,0.68540,-0.25980,-0.68025,0.78125
134,91,2,0.13291,0.54843,-0.14024,0.66461,-0.25787,-0.70128,0.79395
135,91,2,0.12862,0.54871,-0.14428,0.64317,-0.25647,-0.72149,0.79932
136,91,2,0.12421,0.54890,-0.14815,0.62114,-0.25555,-0.74087,0.80518
137,91,2,0.11968,0.54899,-0.15187,0.59846,-0.25505,-0.75947,0.80664
138,91,2,0.11502,0.54898,-0.15543,0.57518,-0.25510,-0.77723,0.81787
139,91,2,0.11023,0.54887,-0.15882,0.55125,-0.25569,-0.79420,0.82422
140,91,2,0.10532,0.54865,-0.16205,0.52670,-0.25674,-0.81035,0.82666
141,91,2,0.10029,0.54834,-0.16512,0.50154,-0.25826,-0.82568,0.83057
142,91,2,0.09514,0.54794,-0.16803,0.47573,-0.26031,-0.84019,0.83496
143,91,2,0.08984,0.54741,-0.17075,0.44925,-0.26294,-0.85384,0.83789
144,91,2,0.08442,0.54679,-0.17331,0.42213,-0.26607,-0.86661,0.84131
145,91,2,0.07885,0.54605,-0.17569,0.39430,-0.26973,-0.87851,0.84424
146,91,2,0.07315,0.54520,-0.17788,0.36576,-0.27398,-0.88947,0.84521
147,91,2,0.06728,0.54423,-0.17986,0.33646,-0.27887,-0.89946,0.84521
148,91,2,0.06128,0.54314,-0.18167,0.30642,-0.28435,-0.90844,0.84863
149,91,2,0.05512,0.54193,-0.18327,0.27562,-0.29033,-0.91637,0.84668
150,91,2,0.04875,0.54055,-0.18460,0.24381,-0.29726,-0.92314,0.84619
151,91,2,0.04222,0.53904,-0.18572,0.21112,-0.30482,-0.92871,0.84619
152,91,2,0.03549,0.53737,-0.18658,0.17745,-0.31316,-0.93298,0.84082
153,91,2,0.02852,0.53551,-0.18713,0.14262,-0.32247,-0.93578,0.83496
154,91,2,0.02131,0.53346,-0.18738,0.10660,-0.33270,-0.93699,0.83691
155,91,2,0.01384,0.53120,-0.18727,0.06920,-0.34402,-0.93641,0.83154
156,91,2,0.00603,0.52867,-0.18673,0.03017,-0.35666,-0.93375,0.82568
157,91,2,-0.00215,0.52583,-0.18570,-0.01076,-0.37086,-0.92862,0.81250
158,91,2,-0.01077,0.52265,-0.18410,-0.05387,-0.38676,-0.92060,0.80713
159,91,2,-0.01997,0.51901,-0.18176,-0.09981,-0.40495,-0.90887,0.79492
160,91,2,-0.02993,0.51476,-0.17842,-0.14967,-0.42619,-0.89217,0.78125
161,91,2,-0.04103,0.50959,-0.17360,-0.20517,-0.45202,-0.86809,0.75635
162,91,2,-0.05410,0.50285,-0.16621,-0.27056,-0.48573,-0.83118,0.72656
163,91,2,-0.07301,0.49144,-0.15125,-0.36489,-0.54206,-0.75599,0.66113
164,91,1,-0.19196,0.40000,-0.00623,0.00000,1.00000,-0.00000,0.62451
165,91,1,-0.19660,0.40000,-0.00980,0.00000,1.00000,-0.00000,0.63721
104,92,1,0.09485,0.40000,0.19753,0.00000,1.00000,-0.00000,0.68604
105,92,1,0.09021,0.40000,0.19396,0.00000,1.00000,-0.00000,0.67529
106,92,1,0.08556,0.40000,0.19039,0.00000,1.00000,-0.00000,0.66357
107,92,1,0.08092,0.40000,0.18681,0.00000,1.00000,-0.00000,0.65088
108,92,1,0.07627,0.40000,0.18324,0.00000,1.00000,-0.00000,0.63818
109,92,1,0.07163,0.40000,0.17967,0.00000,1.00000,-0.00000,0.62354
110,92,1,0.06699,0.40000,0.17610,0.00000,1.00000,-0.00000,0.61035
111,92,1,0.06234,0.40000,0.17252,0.00000,1.00000,-0.00000,0.59424
112,92,1,0.05770,0.40000,0.16895,0.00000,1.00000,-0.00000,0.57812
113,92,2,0.16663,0.49086,0.01773,0.83321,-0.54578,0.08875,0.40186
114,92,2,0.17300,0.49967,-0.00016,0.86507,-0.50165,-0.00075,0.44092
115,92,2,0.17583,0.50565,-0.01345,0.87919,-0.47171,-0.06724,0.47168
116,92,2,0.17706,0.51035,-0.02466,0.88535,-0.44827,-0.12328,0.49805
117,92,2,0.17735,0.51430,-0.03464,0.88678,-0.42851,-0.17320,0.52197
118,92,2,0.17693,0.51768,-0.04372,0.88475,-0.41162,-0.21860,0.54785
119,92,2,0.17601,0.52066,-0.05212,0.88015,-0.39675,-0.26064,0.56592
120,92,2,0.17468,0.52331,-0.06000,0.87347,-0.38345,-0.30004,0.58398
121,92,2,0.17298,0.52567,-0.06741,0.86500,-0.37171,-0.33705,0.60400
122,92,2,0.17100,0.52779,-0.07444,0.85505,-0.36105,-0.37221,0.62207
123,92,2,0.16873,0.52970,-0.08110,0.84377,-0.35155,-0.40555,0.63916
124,92,2,0.16624,0.53142,-0.08748,0.83131,-0.34292,-0.43741,0.65527
125,92,2,0.16354,0.53298,-0.09358,0.81778,-0.33510,-0.46791,0.66748
126,92,2,0.16063,0.53436,-0.09940,0.80325,-0.32821,-0.49706,0.68604
127,92,2,0.15755,0.53561,-0.10501,0.78780,-0.32197,-0.52507,0.69531
128,92,2,0.15429,0.53672,-0.11038,0.77152,-0.31641,-0.55195,0.70898
129,92,2,0.15087,0.53770,-0.11554,0.75441,-0.31151,-0.57778,0.71973
130,92,2,0.14730,0.53856,-0.12051,0.73654,-0.30725,-0.60258,0.73145
131,92,2,0.14357,0.53929,-0.12527,0.71793,-0.30360,-0.62642,0.74170
132,92,2,0.13970,0.53991,-0.12985,0.69861,-0.30046,-0.64936,0.75049
133,92,2,0.13570,0.54043,-0.13427,0.67858,-0.29792,-0.67139,0.75732
134,92,2,0.13157,0.54084,-0.13851,0.65789,-0.29582,-0.69259,0.76416
135,92,2,0.12729,0.54113,-0.14256,0.63655,-0.29435,-0.71286,0.77441
136,92,2,0.12289,0.54133,-0.14645,0.61453,-0.29341,-0.73229,0.78223
137,92,2,0.11837,0.54142,-0.15017,0.59190,-0.29289,-0.75092,0.78857
138,92,2,0.11371,0.54141,-0.15373,0.56859,-0.29291,-0.76871,0.79492
139,92,2,0.10892,0.54129,-0.15711,0.54465,-0.29357,-0.78560,0.80127
140,92,2,0.10400,0.54107,-0.16032,0.52006,-0.29465,-0.80170,0.80664
141,92,2,0.09895,0.54075,-0.16337,0.49481,-0.29626,-0.81694,0.80615
142,92,2,0.09377,0.54032,-0.16625,0.46891,-0.29840,-0.83131,0.81348
143,92,2,0.08845,0.53978,-0.16894,0.44230,-0.30114,-0.84480,0.81738
144,92,2,0.08299,0.53913,-0.17145,0.41501,-0.30439,-0.85739,0.81934
145,92,2,0.07740,0.53837,-0.17380,0.38704,-0.30813,-0.86905,0.82129
146,92,2,0.07165,0.53749,-0.17594,0.35831,-0.31256,-0.87973,0.82324
147,92,2,0.06574,0.53648,-0.17786,0.32875,-0.31763,-0.88940,0.82373
148,92,2,0.05968,0.53534,-0.17958,0.29841,-0.32332,-0.89800,0.82275
149,92,2,0.05343,0.53406,-0.18107,0.26718,-0.32972,-0.90548,0.82275
150,92,2,0.04701,0.53264,-0.18234,0.23509,-0.33677,-0.91176,0.82471
151,92,2,0.04037,0.53104,-0.18332,0.20188,-0.34480,-0.91671,0.82178
152,92,2,0.03352,0.52928,-0.18402,0.16763,-0.35364,-0.92024,0.81543
153,92,2,0.02644,0.52733,-0.18443,0.13221,-0.36335,-0.92222,0.81689
154,92,2,0.01907,0.52515,-0.18446,0.09537,-0.37429,-0.92239,0.80811
155,92,2,0.01140,0.52272,-0.18409,0.05699,-0.38641,-0.92056,0.80469
156,92,2,0.00336,0.52001,-0.18325,0.01680,-0.39997,-0.91637,0.79395
157,92,2,-0.00512,0.51694,-0.18184,-0.02559,-0.41533,-0.90931,0.78613
158,92,2,-0.01414,0.51344,-0.17972,-0.07070,-0.43283,-0.89870,0.77148
159,92,2,-0.02391,0.50934,-0.17664,-0.11954,-0.45331,-0.88330,0.75391
160,92,2,-0.03472,0.50441,-0.17219,-0.17363,-0.47798,-0.86104,0.73047
161,92,2,-0.04736,0.49801,-0.16537,-0.23681,-0.50994,-0.82697,0.69971
162,92,2,-0.06480,0.48778,-0.15231,-0.32405,-0.56116,-0.76163,0.63623
163,92,1,-0.17916,0.40000,-0.01325,0.00000,1.00000,-0.00000,0.58838
164,92,1,-0.18381,0.40000,-0.01682,0.00000,1.00000,-0.00000,0.60449
165,92,1,-0.18845,0.40000,-0.02039,0.00000,1.00000,-0.00000,0.61670
166,92,1,-0.19309,0.40000,-0.02396,0.00000,1.00000,-0.00000,0.62891
167,92,1,-0.19774,0.40000,-0.02754,0.00000,1.00000,-0.00000,0.64502
101,93,1,0.11693,0.40000,0.19766,0.00000,1.00000,-0.00000,0.70605
102,93,1,0.11229,0.40000,0.19408,0.00000,1.00000,-0.00000,0.69434
103,93,1,0.10764,0.40000,0.19051,0.00000,1.00000,-0.00000,0.68604
104,93,1,0.10300,0.40000,0.18694,0.00000,1.00000,-0.00000,0.67285
105,93,1,0.09836,0.40000,0.18337,0.00000,1.00000,-0.00000,0.66260
106,93,1,0.09371,0.40000,0.17979,0.00000,1.00000,-0.00000,0.64795
107,93,1,0.08907,0.40000,0.17622,0.00000,1.00000,-0.00000,0.63672
108,93,1,0.08442,0.40000,0.17265,0.00000,1.00000,-0.00000,0.62061
109,93,1,0.07978,0.40000,0.16908,0.00000,1.00000,-0.00000,0.60596
110,93,1,0.07513,0.40000,0.16550,0.00000,1.00000,-0.00000,0.58984
111,93,1,0.07049,0.40000,0.16193,0.00000,1.00000,-0.00000,0.57471
112,93,1,0.06585,0.40000,0.15836,0.00000,1.00000,-0.00000,0.55566
113,93,1,0.06120,0.40000,0.15479,0.00000,1.00000,-0.00000,0.54004
114,93,2,0.16365,0.48568,0.01199,0.81830,-0.57164,0.06000,0.37207
115,93,2,0.16957,0.49413,-0.00532,0.84795,-0.52941,-0.02654,0.41309
116,93,2,0.17216,0.49991,-0.01829,0.86092,-0.50046,-0.09144,0.44775
117,93,2,0.17324,0.50449,-0.02930,0.86630,-0.47756,-0.14651,0.47510
118,93,2,0.17338,0.50832,-0.03909,0.86697,-0.45841,-0.19549,0.50049
119,93,2,0.17285,0.51161,-0.04801,0.86432,-0.44194,-0.24008,0.52344
120,93,2,0.17181,0.51450,-0.05628,0.85909,-0.42753,-0.28139,0.54297
121,93,2,0.17033,0.51703,-0.06397,0.85179,-0.41490,-0.31987,0.56250
122,93,2,0.16854,0.51931,-0.07125,0.84279,-0.40346,-0.35626,0.58350
123,93,2,0.16644,0.52134,-0.07812,0.83229,-0.39331,-0.39065,0.60107
124,93,2,0.16408,0.52317,-0.08467,0.82048,-0.38415,-0.42337,0.62012
125,93,2,0.16148,0.52481,-0.09090,0.80750,-0.37596,-0.45453,0.63135
126,93,2,0.15866,0.52627,-0.09685,0.79345,-0.36865,-0.48430,0.64697
127,93,2,0.15567,0.52759,-0.10256,0.77840,-0.36207,-0.51283,0.66309
128,93,2,0.15248,0.52875,-0.10802,0.76244,-0.35626,-0.54015,0.67529
129,93,2,0.14910,0.52977,-0.11325,0.74562,-0.35119,-0.56632,0.68701
130,93,2,0.14558,0.53067,-0.11828,0.72800,-0.34669,-0.59146,0.69873
131,93,2,0.14190,0.53144,-0.12311,0.70960,-0.34279,-0.61560,0.70898
132,93,2,0.13807,0.53209,-0.12774,0.69044,-0.33958,-0.63873,0.72119
133,93,2,0.13410,0.53263,-0.13219,0.67056,-0.33684,-0.66098,0.73047
134,93,2,0.12999,0.53305,-0.13645,0.64997,-0.33472,-0.68227,0.73730
135,93,2,0.12572,0.53336,-0.14052,0.62868,-0.33322,-0.70266,0.74854
136,93,2,0.12133,0.53356,-0.14441,0.60671,-0.33222,-0.72217,0.75537
137,93,2,0.11681,0.53366,-0.14814,0.58412,-0.33173,-0.74079,0.76123
138,93,2,0.11215,0.53365,-0.15170,0.56082,-0.33177,-0.75856,0.76855
139,93,2,0.10735,0.53352,-0.15507,0.53682,-0.33240,-0.77546,0.77344
140,93,2,0.10242,0.53329,-0.15828,0.51219,-0.33353,-0.79147,0.77783
141,93,2,0.09737,0.53296,-0.16131,0.48688,-0.33515,-0.80661,0.78564
142,93,2,0.09216,0.53252,-0.16416,0.46084,-0.33738,-0.82085,0.79004
143,93,2,0.08681,0.53195,-0.16681,0.43409,-0.34027,-0.83414,0.79395
144,93,2,0.08132,0.53127,-0.16928,0.40663,-0.34367,-0.84649,0.79736
145,93,2,0.07568,0.53047,-0.17156,0.37842,-0.34764,-0.85787,0.79639
146,93,2,0.06987,0.52955,-0.17362,0.34940,-0.35231,-0.86821,0.79736
147,93,2,0.06392,0.52850,-0.17549,0.31960,-0.35755,-0.87750,0.80078
148,93,2,0.05778,0.52730,-0.17712,0.28894,-0.36348,-0.88566,0.79932
149,93,2,0.05144,0.52595,-0.17849,0.25725,-0.37028,-0.89259,0.79932
150,93,2,0.04493,0.52446,-0.17964,0.22467,-0.37772,-0.89825,0.79736
151,93,2,0.03818,0.52277,-0.18047,0.19091,-0.38617,-0.90246,0.79492
152,93,2,0.03120,0.52090,-0.18101,0.15600,-0.39553,-0.90511,0.79248
153,93,2,0.02395,0.51882,-0.18119,0.11976,-0.40592,-0.90603,0.78809
154,93,2,0.01638,0.51647,-0.18095,0.08188,-0.41769,-0.90489,0.77734
155,93,2,0.00847,0.51386,-0.18029,0.04236,-0.43066,-0.90152,0.77197
156,93,2,0.00012,0.51090,-0.17904,0.00061,-0.44549,-0.89529,0.75977
157,93,2,-0.00878,0.50750,-0.17709,-0.04388,-0.46253,-0.88552,0.74756
158,93,2,-0.01840,0.50352,-0.17419,-0.09199,-0.48244,-0.87109,0.72754
159,93,2,-0.02903,0.49873,-0.16998,-0.14514,-0.50634,-0.85003,0.70215
160,93,2,-0.04140,0.49255,-0.16351,-0.20700,-0.53723,-0.81764,0.66650
161,93,2,-0.05830,0.48274,-0.15114,-0.29142,-0.58554,-0.75542,0.60791
162,93,1,-0.16637,0.40000,-0.02027,0.00000,1.00000,-0.00000,0.54932
163,93,1,-0.17101,0.40000,-0.02384,0.00000,1.00000,-0.00000,0.56592
164,93,1,-0.17566,0.40000,-0.02741,0.00000,1.00000,-0.00000,0.58398
165,93,1,-0.18030,0.40000,-0.03099,0.00000,1.00000,-0.00000,0.59619
166,93,1,-0.18495,0.40000,-0.03456,0.00000,1.00000,-0.00000,0.61426
167,93,1,-0.18959,0.40000,-0.03813,0.00000,1.00000,-0.00000,0.62695
168,93,1,-0.19423,0.40000,-0.04170,0.00000,1.00000,-0.00000,0.64014
169,93,1,-0.19888,0.40000,-0.04528,0.00000,1.00000,-0.00000,0.65723
98,94,1,0.13901,0.40000,0.19778,0.00000,1.00000,-0.00000,0.73096
99,94,1,0.13437,0.40000,0.19421,0.00000,1.00000,-0.00000,0.72363
100,94,1,0.12973,0.40000,0.19063,0.00000,1.00000,-0.00000,0.70996
101,94,1,0.12508,0.40000,0.18706,0.00000,1.00000,-0.00000,0.69824
102,94,1,0.12044,0.40000,0.18349,0.00000,1.00000,-0.00000,0.68555
103,94,1,0.11579,0.40000,0.17992,0.00000,1.00000,-0.00000,0.67529
104,94,1,0.11115,0.40000,0.17634,0.00000,1.00000,-0.00000,0.65967
105,94,1,0.10650,0.40000,0.17277,0.00000,1.00000,-0.00000,0.64746
106,94,1,0.10186,0.40000,0.16920,0.00000,1.00000,-0.00000,0.63184
107,94,1,0.09722,0.40000,0.16563,0.00000,1.00000,-0.00000,0.61768
108,94,1,0.09257,0.40000,0.16205,0.00000,1.00000,-0.00000,0.60205
109,94,1,0.08793,0.40000,0.15848,0.00000,1.00000,-0.00000,0.58447
110,94,1,0.08328,0.40000,0.15491,0.00000,1.00000,-0.00000,0.57178
111,94,1,0.07864,0.40000,0.15134,0.00000,1.00000,-0.00000,0.55518
112,94,1,0.07399,0.40000,0.14776,0.00000,1.00000,-0.00000,0.53320
113,94,1,0.06935,0.40000,0.14419,0.00000,1.00000,-0.00000,0.51904
114,94,1,0.06471,0.40000,0.14062,0.00000,1.00000,-0.00000,0.50098
115,94,2,0.15936,0.47944,0.00796,0.79685,-0.60285,0.03989,0.33838
116,94,2,0.16539,0.48798,-0.00949,0.82703,-0.56015,-0.04741,0.38135
117,94,2,0.16791,0.49371,-0.02238,0.83966,-0.53146,-0.11189,0.41650
118,94,2,0.16890,0.49822,-0.03328,0.84458,-0.50892,-0.16637,0.44775
119,94,2,0.16894,0.50196,-0.04294,0.84477,-0.49018,-0.21467,0.47461
120,94,2,0.16831,0.50517,-0.05172,0.84160,-0.47414,-0.25865,0.49414
121,94,2,0.16716,0.50797,-0.05985,0.83590,-0.46013,-0.29925,0.51855
122,94,2,0.16561,0.51045,-0.06744,0.82813,-0.44778,-0.33718,0.54199
123,94,2,0.16370,0.51263,-0.07456,0.81861,-0.43687,-0.37286,0.55859
124,94,2,0.16153,0.51461,-0.08135,0.80764,-0.42694,-0.40675,0.57617
125,94,2,0.15904,0.51634,-0.08773,0.79532,-0.41836,-0.43868,0.59131
126,94,2,0.15636,0.51791,-0.09385,0.78186,-0.41046,-0.46927,0.60938
127,94,2,0.15344,0.51929,-0.09967,0.76730,-0.40357,-0.49839,0.62354
128,94,2,0.15033,0.52052,-0.10524,0.75176,-0.39742,-0.52623,0.63818
129,94,2,0.14703,0.52160,-0.11056,0.73526,-0.39207,-0.55287,0.65137
130,94,2,0.14357,0.52254,-0.11567,0.71793,-0.38734,-0.57839,0.66553
131,94,2,0.13995,0.52336,-0.12057,0.69980,-0.38319,-0.60286,0.67871
132,94,2,0.13615,0.52403,-0.12524,0.68082,-0.37985,-0.62626,0.68896
133,94,2,0.13220,0.52459,-0.12972,0.66109,-0.37711,-0.64865,0.69727
134,94,2,0.12811,0.52504,-0.13401,0.64062,-0.37484,-0.67015,0.70215
135,94,2,0.12387,0.52536,-0.13811,0.61945,-0.37324,-0.69063,0.71631
136,94,2,0.11949,0.52557,-0.14202,0.59755,-0.37222,-0.71020,0.72412
137,94,2,0.11497,0.52567,-0.14576,0.57494,-0.37169,-0.72889,0.73145
138,94,2,0.11032,0.52566,-0.14932,0.55166,-0.37171,-0.74667,0.73730
139,94,2,0.10551,0.52553,-0.15268,0.52763,-0.37240,-0.76349,0.74854
140,94,2,0.10057,0.52529,-0.15587,0.50293,-0.37356,-0.77943,0.75146
141,94,2,0.09549,0.52495,-0.15888,0.47751,-0.37527,-0.79445,0.75488
142,94,2,0.09026,0.52447,-0.16168,0.45134,-0.37764,-0.80850,0.76172
143,94,2,0.08488,0.52389,-0.16430,0.42445,-0.38058,-0.82158,0.76367
144,94,2,0.07936,0.52318,-0.16673,0.39680,-0.38409,-0.83368,0.76904
145,94,2,0.07365,0.52234,-0.16892,0.36832,-0.38831,-0.84472,0.76904
146,94,2,0.06779,0.52136,-0.17091,0.33899,-0.39325,-0.85466,0.77197
147,94,2,0.06176,0.52025,-0.17269,0.30885,-0.39873,-0.86350,0.76904
148,94,2,0.05554,0.51899,-0.17421,0.27771,-0.40507,-0.87109,0.76855
149,94,2,0.04911,0.51756,-0.17546,0.24558,-0.41217,-0.87739,0.77051
150,94,2,0.04246,0.51596,-0.17642,0.21233,-0.42025,-0.88222,0.76807
151,94,2,0.03559,0.51418,-0.17710,0.17795,-0.42910,-0.88556,0.76172
152,94,2,0.02841,0.51215,-0.17738,0.14209,-0.43928,-0.88704,0.75635
153,94,2,0.02097,0.50991,-0.17731,0.10486,-0.45043,-0.88663,0.75244
154,94,2,0.01314,0.50736,-0.17675,0.06571,-0.46318,-0.88383,0.74121
155,94,2,0.00488,0.50447,-0.17562,0.02441,-0.47764,-0.87822,0.72852
156,94,2,-0.00390,0.50117,-0.17382,-0.01946,-0.49415,-0.86916,0.71680
157,94,2,-0.01341,0.49727,-0.17107,-0.06702,-0.51358,-0.85542,0.69775
158,94,2,-0.02396,0.49254,-0.16695,-0.11984,-0.53727,-0.83485,0.67139
159,94,2,-0.03630,0.48639,-0.16052,-0.18155,-0.56806,-0.80271,0.63281
160,94,2,-0.05345,0.47639,-0.14785,-0.26711,-0.61725,-0.73897,0.55811
161,94,1,-0.15358,0.40000,-0.02729,0.00000,1.00000,-0.00000,0.50928
162,94,1,-0.15822,0.40000,-0.03086,0.00000,1.00000,-0.00000,0.52832
163,94,1,-0.16286,0.40000,-0.03443,0.00000,1.00000,-0.00000,0.54443
164,94,1,-0.16751,0.40000,-0.03801,0.00000,1.00000,-0.00000,0.56494
165,94,1,-0.17215,0.40000,-0.04158,0.00000,1.00000,-0.00000,0.58057
166,94,1,-0.17680,0.40000,-0.04515,0.00000,1.00000,-0.00000,0.59619
167,94,1,-0.18144,0.40000,-0.04872,0.00000,1.00000,-0.00000,0.61475
168,94,1,-0.18609,0.40000,-0.05230,0.00000,1.00000,-0.00000,0.62793
169,94,1,-0.19073,0.40000,-0.05587,0.00000,1.00000,-0.00000,0.64160
170,94,1,-0.19537,0.40000,-0.05944,0.00000,1.00000,-0.00000,0.65869
95,95,1,0.16110,0.40000,0.19790,0.00000,1.00000,-0.00000,0.75488
96,95,1,0.15645,0.40000,0.19433,0.00000,1.00000,-0.00000,0.74658
97,95,1,0.15181,0.40000,0.19076,0.00000,1.00000,-0.00000,0.73291
98,95,1,0.14716,0.40000,0.18719,0.00000,1.00000,-0.00000,0.72510
99,95,1,0.14252,0.40000,0.18361,0.00000,1.00000,-0.00000,0.71045
100,95,1,0.13787,0.40000,0.18004,0.00000,1.00000,-0.00000,0.70361
101,95,1,0.13323,0.40000,0.17647,0.00000,1.00000,-0.00000,0.68896
102,95,1,0.12859,0.40000,0.17290,0.00000,1.00000,-0.00000,0.67676
103,95,1,0.12394,0.40000,0.16932,0.00000,1.00000,-0.00000,0.66357
104,95,1,0.11930,0.40000,0.16575,0.00000,1.00000,-0.00000,0.64795
105,95,1,0.11465,0.40000,0.16218,0.00000,1.00000,-0.00000,0.63428
106,95,1,0.11001,0.40000,0.15861,0.00000,1.00000,-0.00000,0.61914
107,95,1,0.10536,0.40000,0.15503,0.00000,1.00000,-0.00000,0.60449
108,95,1,0.10072,0.40000,0.15146,0.00000,1.00000,-0.00000,0.58789
109,95,1,0.09608,0.40000,0.14789,0.00000,1.00000,-0.00000,0.56885
110,95,1,0.09143,0.40000,0.14432,0.00000,1.00000,-0.00000,0.55322
111,95,1,0.08679,0.40000,0.14074,0.00000,1.00000,-0.00000,0.53223
112,95,1,0.08214,0.40000,0.13717,0.00000,1.00000,-0.00000,0.51562
113,95,1,0.07750,0.40000,0.13360,0.00000,1.00000,-0.00000,0.49609
114,95,1,0.07285,0.40000,0.13003,0.00000,1.00000,-0.00000,0.47852
115,95,1,0.06821,0.40000,0.12645,0.00000,1.00000,-0.00000,0.45996
116,95,2,0.15345,0.47191,0.00603,0.76699,-0.63970,0.03017,0.29785
117,95,2,0.16035,0.48114,-0.01254,0.80177,-0.59433,-0.06269,0.34912
118,95,2,0.16296,0.48695,-0.02555,0.81492,-0.56532,-0.12776,0.38232
119,95,2,0.16396,0.49146,-0.03646,0.81989,-0.54273,-0.18230,0.41797
120,95,2,0.16395,0.49517,-0.04606,0.81986,-0.52420,-0.23031,0.44238
121,95,2,0.16327,0.49834,-0.05478,0.81643,-0.50834,-0.27394,0.46533
122,95,2,0.16207,0.50110,-0.06284,0.81042,-0.49447,-0.31420,0.49561
123,95,2,0.16042,0.50349,-0.07030,0.80222,-0.48255,-0.35155,0.51123
124,95,2,0.15845,0.50563,-0.07735,0.79231,-0.47186,-0.38677,0.53076
125,95,2,0.15616,0.50751,-0.08398,0.78088,-0.46246,-0.41994,0.54834
126,95,2,0.15361,0.50919,-0.09027,0.76815,-0.45406,-0.45142,0.56592
127,95,2,0.15083,0.51068,-0.09627,0.75421,-0.44661,-0.48137,0.58447
128,95,2,0.14781,0.51198,-0.10195,0.73915,-0.44012,-0.50985,0.59766
129,95,2,0.14461,0.51314,-0.10741,0.72313,-0.43431,-0.53708,0.61084
130,95,2,0.14121,0.51413,-0.11260,0.70614,-0.42936,-0.56304,0.62402
131,95,2,0.13764,0.51499,-0.11757,0.68828,-0.42501,-0.58791,0.63623
132,95,2,0.13390,0.51571,-0.12231,0.66955,-0.42148,-0.61160,0.65137
133,95,2,0.12998,0.51630,-0.12683,0.65003,-0.41854,-0.63426,0.66016
134,95,2,0.12593,0.51677,-0.13117,0.62972,-0.41619,-0.65592,0.67041
135,95,2,0.12171,0.51711,-0.13530,0.60864,-0.41448,-0.67658,0.68018
136,95,2,0.11734,0.51733,-0.13923,0.58681,-0.41336,-0.69626,0.69141
137,95,2,0.11283,0.51744,-0.14298,0.56424,-0.41282,-0.71499,0.69775
138,95,2,0.10818,0.51743,-0.14654,0.54094,-0.41288,-0.73274,0.70850
139,95,2,0.10336,0.51729,-0.14988,0.51688,-0.41357,-0.74953,0.70947
140,95,2,0.09840,0.51704,-0.15305,0.49209,-0.41483,-0.76536,0.71729
141,95,2,0.09330,0.51667,-0.15603,0.46655,-0.41661,-0.78023,0.72266
142,95,2,0.08803,0.51617,-0.15879,0.44022,-0.41915,-0.79405,0.72754
143,95,2,0.08261,0.51556,-0.16136,0.41313,-0.42224,-0.80687,0.73145
144,95,2,0.07704,0.51481,-0.16372,0.38524,-0.42591,-0.81865,0.73633
145,95,2,0.07128,0.51392,-0.16584,0.35644,-0.43044,-0.82926,0.73682
146,95,2,0.06534,0.51288,-0.16773,0.32673,-0.43564,-0.83873,0.73682
147,95,2,0.05921,0.51169,-0.16937,0.29611,-0.44154,-0.84697,0.73438
148,95,2,0.05289,0.51035,-0.17077,0.26450,-0.44820,-0.85391,0.73584
149,95,2,0.04633,0.50882,-0.17185,0.23169,-0.45589,-0.85935,0.73242
150,95,2,0.03954,0.50710,-0.17262,0.19771,-0.46448,-0.86323,0.72656
151,95,2,0.03247,0.50516,-0.17304,0.16236,-0.47422,-0.86531,0.72510
152,95,2,0.02508,0.50297,-0.17306,0.12542,-0.48518,-0.86538,0.71924
153,95,2,0.01734,0.50049,-0.17260,0.08673,-0.49753,-0.86310,0.70654
154,95,2,0.00916,0.49766,-0.17157,0.04580,-0.51171,-0.85794,0.69580
155,95,2,0.00041,0.49438,-0.16982,0.00208,-0.52813,-0.84916,0.67871
156,95,2,-0.00907,0.49051,-0.16709,-0.04536,-0.54749,-0.83558,0.65674
157,95,2,-0.01963,0.48577,-0.16298,-0.09817,-0.57112,-0.81498,0.62988
158,95,2,-0.03216,0.47946,-0.15629,-0.16084,-0.60270,-0.78159,0.58496
159,95,2,-0.05103,0.46809,-0.14138,-0.25503,-0.65879,-0.70664,0.49707
160,95,1,-0.14078,0.40000,-0.03431,0.00000,1.00000,-0.00000,0.47070
161,95,1,-0.14543,0.40000,-0.03788,0.00000,1.00000,-0.00000,0.48975
162,95,1,-0.15007,0.40000,-0.04146,0.00000,1.00000,-0.00000,0.50781
163,95,1,-0.15471,0.40000,-0.04503,0.00000,1.00000,-0.00000,0.52734
164,95,1,-0.15936,0.40000,-0.04860,0.00000,1.00000,-0.00000,0.54834
165,95,1,-0.16400,0.40000,-0.05217,0.00000,1.00000,-0.00000,0.56445
166,95,1,-0.16865,0.40000,-0.05575,0.00000,1.00000,-0.00000,0.57959
167,95,1,-0.17329,0.40000,-0.05932,0.00000,1.00000,-0.00000,0.59912
168,95,1,-0.17794,0.40000,-0.06289,0.00000,1.00000,-0.00000,0.61523
169,95,1,-0.18258,0.40000,-0.06646,0.00000,1.00000,-0.00000,0.63135
170,95,1,-0.18722,0.40000,-0.07004,0.00000,1.00000,-0.00000,0.64746
171,95,1,-0.19187,0.40000,-0.07361,0.00000,1.00000,-0.00000,0.66162
172,95,1,-0.19651,0.40000,-0.07718,0.00000,1.00000,-0.00000,0.67236
92,96,1,0.18318,0.40000,0.19803,0.00000,1.00000,-0.00000,0.77490
93,96,1,0.17853,0.40000,0.19445,0.00000,1.00000,-0.00000,0.76807
94,96,1,0.17389,0.40000,0.19088,0.00000,1.00000,-0.00000,0.75732
95,96,1,0.16925,0.40000,0.18731,0.00000,1.00000,-0.00000,0.74805
96,96,1,0.16460,0.40000,0.18374,0.00000,1.00000,-0.00000,0.73584
97,96,1,0.15996,0.40000,0.18016,0.00000,1.00000,-0.00000,0.72559
98,96,1,0.15531,0.40000,0.17659,0.00000,1.00000,-0.00000,0.71680
99,96,1,0.15067,0.40000,0.17302,0.00000,1.00000,-0.00000,0.70410
100,96,1,0.14602,0.40000,0.16945,0.00000,1.00000,-0.00000,0.69531
101,96,1,0.14138,0.40000,0.16587,0.00000,1.00000,-0.00000,0.67871
102,96,1,0.13674,0.40000,0.16230,0.00000,1.00000,-0.00000,0.66650
103,96,1,0.13209,0.40000,0.15873,0.00000,1.00000,-0.00000,0.65527
104,96,1,0.12745,0.40000,0.15516,0.00000,1.00000,-0.00000,0.64258
105,96,1,0.12280,0.40000,0.15158,0.00000,1.00000,-0.00000,0.62500
106,96,1,0.11816,0.40000,0.14801,0.00000,1.00000,-0.00000,0.61084
107,96,1,0.11351,0.40000,0.14444,0.00000,1.00000,-0.00000,0.59424
108,96,1,0.10887,0.40000,0.14087,0.00000,1.00000,-0.00000,0.57275
109,96,1,0.10423,0.40000,0.13729,0.00000,1.00000,-0.00000,0.55713
110,96,1,0.09958,0.40000,0.13372,0.00000,1.00000,-0.00000,0.53955
111,96,1,0.09494,0.40000,0.13015,0.00000,1.00000,-0.00000,0.51953
112,96,1,0.09029,0.40000,0.12658,0.00000,1.00000,-0.00000,0.50098
113,96,1,0.08565,0.40000,0.12300,0.00000,1.00000,-0.00000,0.48145
114,96,1,0.08100,0.40000,0.11943,0.00000,1.00000,-0.00000,0.45752
115,96,1,0.07636,0.40000,0.11586,0.00000,1.00000,-0.00000,0.43848
116,96,1,0.07172,0.40000,0.11229,0.00000,1.00000,-0.00000,0.41846
117,96,2,0.14429,0.46178,0.00833,0.72050,-0.68862,0.04159,0.24609
118,96,2,0.15416,0.47339,-0.01411,0.77085,-0.63310,-0.07053,0.30566
119,96,2,0.15722,0.47955,-0.02770,0.78618,-0.60228,-0.13848,0.34521
120,96,2,0.15834,0.48416,-0.03877,0.79181,-0.57919,-0.19387,0.38135
121,96,2,0.15838,0.48791,-0.04843,0.79197,-0.56049,-0.24215,0.40723
122,96,2,0.15767,0.49106,-0.05712,0.78847,-0.54473,-0.28562,0.43506
123,96,2,0.15644,0.49379,-0.06512,0.78226,-0.53106,-0.32564,0.45898
124,96,2,0.15475,0.49615,-0.07254,0.77382,-0.51926,-0.36272,0.47900
125,96,2,0.15269,0.49822,-0.07948,0.76359,-0.50890,-0.39744,0.49805
126,96,2,0.15034,0.50005,-0.08603,0.75181,-0.49973,-0.43018,0.51660
127,96,2,0.14772,0.50167,-0.09223,0.73865,-0.49165,-0.46116,0.53271
128,96,2,0.14483,0.50308,-0.09809,0.72426,-0.48465,-0.49048,0.55176
129,96,2,0.14173,0.50432,-0.10367,0.70876,-0.47845,-0.51840,0.56348
130,96,2,0.13844,0.50540,-0.10900,0.69225,-0.47302,-0.54501,0.58154
131,96,2,0.13493,0.50631,-0.11405,0.67475,-0.46848,-0.57029,0.59277
132,96,2,0.13126,0.50708,-0.11888,0.65634,-0.46463,-0.59442,0.60742
133,96,2,0.12739,0.50770,-0.12346,0.63704,-0.46154,-0.61739,0.61963
134,96,2,0.12337,0.50820,-0.12784,0.61691,-0.45906,-0.63928,0.62500
135,96,2,0.11919,0.50857,-0.13202,0.59598,-0.45718,-0.66015,0.63965
136,96,2,0.11483,0.50880,-0.13597,0.57424,-0.45604,-0.67991,0.64941
137,96,2,0.11033,0.50892,-0.13972,0.55171,-0.45544,-0.69871,0.65771
138,96,2,0.10567,0.50890,-0.14328,0.52843,-0.45548,-0.71645,0.66357
139,96,2,0.10084,0.50876,-0.14661,0.50430,-0.45622,-0.73317,0.67480
140,96,2,0.09587,0.50849,-0.14976,0.47941,-0.45753,-0.74889,0.68213
141,96,2,0.09073,0.50810,-0.15269,0.45372,-0.45950,-0.76354,0.68555
142,96,2,0.08542,0.50757,-0.15540,0.42718,-0.46220,-0.77711,0.69043
143,96,2,0.07996,0.50691,-0.15791,0.39986,-0.46543,-0.78961,0.69482
144,96,2,0.07432,0.50611,-0.16018,0.37162,-0.46944,-0.80095,0.69531
145,96,2,0.06848,0.50516,-0.16220,0.34244,-0.47419,-0.81109,0.69629
146,96,2,0.06245,0.50405,-0.16397,0.31230,-0.47978,-0.81993,0.69580
147,96,2,0.05621,0.50277,-0.16546,0.28107,-0.48619,-0.82742,0.69629
148,96,2,0.04975,0.50132,-0.16669,0.24881,-0.49335,-0.83348,0.69287
149,96,2,0.04302,0.49965,-0.16754,0.21513,-0.50174,-0.83784,0.69336
150,96,2,0.03603,0.49777,-0.16806,0.18016,-0.51114,-0.84040,0.68359
151,96,2,0.02871,0.49563,-0.16815,0.14356,-0.52186,-0.84086,0.67432
152,96,2,0.02103,0.49320,-0.16778,0.10515,-0.53396,-0.83895,0.66895
153,96,2,0.01285,0.49038,-0.16677,0.06427,-0.54812,-0.83393,0.64941
154,96,2,0.00412,0.48711,-0.16502,0.02060,-0.56447,-0.82519,0.63623
155,96,2,-0.00543,0.48319,-0.16222,-0.02714,-0.58410,-0.81123,0.61279
156,96,2,-0.01617,0.47831,-0.15787,-0.08084,-0.60846,-0.78945,0.57959
157,96,2,-0.02927,0.47155,-0.15045,-0.14636,-0.64229,-0.75236,0.52979
158,96,1,-0.12334,0.40000,-0.03776,-0.00010,0.99918,-0.00034,0.40820
159,96,1,-0.12799,0.40000,-0.04133,0.00000,1.00000,-0.00000,0.42969
160,96,1,-0.13263,0.40000,-0.04490,0.00000,1.00000,-0.00000,0.44873
161,96,1,-0.13728,0.40000,-0.04848,0.00000,1.00000,-0.00000,0.46875
162,96,1,-0.14192,0.40000,-0.05205,0.00000,1.00000,-0.00000,0.49316
163,96,1,-0.14657,0.40000,-0.05562,0.00000,1.00000,-0.00000,0.51074
164,96,1,-0.15121,0.40000,-0.05919,0.00000,1.00000,-0.00000,0.53223
165,96,1,-0.15585,0.40000,-0.06277,0.00000,1.00000,-0.00000,0.55273
166,96,1,-0.16050,0.40000,-0.06634,0.00000,1.00000,-0.00000,0.56934
167,96,1,-0.16514,0.40000,-0.06991,0.00000,1.00000,-0.00000,0.58691
168,96,1,-0.16979,0.40000,-0.07348,0.00000,1.00000,-0.00000,0.60254
169,96,1,-0.17443,0.40000,-0.07706,0.00000,1.00000,-0.00000,0.62158
170,96,1,-0.17908,0.40000,-0.08063,0.00000,1.00000,-0.00000,0.63574
171,96,1,-0.18372,0.40000,-0.08420,0.00000,1.00000,-0.00000,0.65039
172,96,1,-0.18836,0.40000,-0.08778,0.00000,1.00000,-0.00000,0.66602
173,96,1,-0.19301,0.40000,-0.09135,0.00000,1.00000,-0.00000,0.67969
174,96,1,-0.19765,0.40000,-0.09492,0.00000,1.00000,-0.00000,0.69141
90,97,1,0.20000,0.39951,0.19538,0.99951,0.00000,-0.00000,0.63770
91,97,1,0.19597,0.40000,0.19101,0.00000,1.00000,-0.00000,0.77637
92,97,1,0.19133,0.40000,0.18743,0.00000,1.00000,-0.00000,0.77148
93,97,1,0.18668,0.40000,0.18386,0.00000,1.00000,-0.00000,0.76367
94,97,1,0.18204,0.40000,0.18029,0.00000,1.00000,-0.00000,0.75244
95,97,1,0.17739,0.40000,0.17672,0.00000,1.00000,-0.00000,0.74170
96,97,1,0.17275,0.40000,0.17314,0.00000,1.00000,-0.00000,0.73291
97,97,1,0.16811,0.40000,0.16957,0.00000,1.00000,-0.00000,0.72363
98,97,1,0.16346,0.40000,0.16600,0.00000,1.00000,-0.00000,0.71240
99,97,1,0.15882,0.40000,0.16243,0.00000,1.00000,-0.00000,0.70020
100,97,1,0.15417,0.40000,0.15885,0.00000,1.00000,-0.00000,0.68750
101,97,1,0.14953,0.40000,0.15528,0.00000,1.00000,-0.00000,0.67139
102,97,1,0.14488,0.40000,0.15171,0.00000,1.00000,-0.00000,0.66162
103,97,1,0.14024,0.40000,0.14814,0.00000,1.00000,-0.00000,0.64355
104,97,1,0.13560,0.40000,0.14456,0.00000,1.00000,-0.00000,0.63135
105,97,1,0.13095,0.40000,0.14099,0.00000,1.00000,-0.00000,0.61621
106,97,1,0.12631,0.40000,0.13742,0.00000,1.00000,-0.00000,0.59717
107,97,1,0.12166,0.40000,0.13385,0.00000,1.00000,-0.00000,0.58057
108,97,1,0.11702,0.40000,0.13027,0.00000,1.00000,-0.00000,0.56396
109,97,1,0.11237,0.40000,0.12670,0.00000,1.00000,-0.00000,0.54590
110,97,1,0.10773,0.40000,0.12313,0.00000,1.00000,-0.00000,0.52686
111,97,1,0.10309,0.40000,0.11956,0.00000,1.00000,-0.00000,0.50879
112,97,1,0.09844,0.40000,0.11598,0.00000,1.00000,-0.00000,0.48828
113,97,1,0.09380,0.40000,0.11241,0.00000,1.00000,-0.00000,0.46387
114,97,1,0.08915,0.40000,0.10884,0.00000,1.00000,-0.00000,0.44531
115,97,1,0.08451,0.40000,0.10527,0.00000,1.00000,-0.00000,0.42383
116,97,1,0.07986,0.40000,0.10169,0.00000,1.00000,-0.00000,0.39795
117,97,1,0.07522,0.40000,0.09812,0.00000,1.00000,-0.00000,0.37549
118,97,1,0.07058,0.40000,0.09455,0.00000,1.00000,-0.00000,0.35889
119,97,2,0.14621,0.46422,-0.01338,0.73111,-0.67897,-0.06685,0.25879
120,97,2,0.15037,0.47127,-0.02841,0.75196,-0.64373,-0.14202,0.30127
121,97,2,0.15187,0.47618,-0.03996,0.75943,-0.61914,-0.19981,0.34082
122,97,2,0.15207,0.48006,-0.04983,0.76043,-0.59972,-0.24917,0.36719
123,97,2,0.15143,0.48326,-0.05861,0.75721,-0.58374,-0.29306,0.39453
124,97,2,0.15019,0.48599,-0.06662,0.75104,-0.57007,-0.33311,0.41650
125,97,2,0.14849,0.48834,-0.07401,0.74252,-0.55831,-0.37007,0.44092
126,97,2,0.14639,0.49037,-0.08089,0.73204,-0.54818,-0.40450,0.46436
127,97,2,0.14398,0.49216,-0.08737,0.72001,-0.53918,-0.43689,0.47803
128,97,2,0.14128,0.49372,-0.09347,0.70649,-0.53142,-0.46740,0.49609
129,97,2,0.13832,0.49506,-0.09923,0.69169,-0.52473,-0.49620,0.51318
130,97,2,0.13514,0.49624,-0.10471,0.67577,-0.51885,-0.52358,0.53125
131,97,2,0.13175,0.49724,-0.10990,0.65876,-0.51383,-0.54955,0.54297
132,97,2,0.12813,0.49806,-0.11482,0.64073,-0.50972,-0.57415,0.55811
133,97,2,0.12434,0.49874,-0.11949,0.62176,-0.50632,-0.59753,0.57178
134,97,2,0.12036,0.49927,-0.12393,0.60187,-0.50368,-0.61972,0.58203
135,97,2,0.11621,0.49967,-0.12815,0.58113,-0.50164,-0.64082,0.59326
136,97,2,0.11188,0.49992,-0.13213,0.55948,-0.50046,-0.66070,0.60449
137,97,2,0.10739,0.50004,-0.13590,0.53699,-0.49983,-0.67957,0.61230
138,97,2,0.10273,0.50003,-0.13945,0.51369,-0.49986,-0.69732,0.62109
139,97,2,0.09789,0.49987,-0.14277,0.48950,-0.50067,-0.71394,0.62793
140,97,2,0.09289,0.49959,-0.14588,0.46452,-0.50204,-0.72950,0.63525
141,97,2,0.08771,0.49916,-0.14876,0.43861,-0.50423,-0.74389,0.64014
142,97,2,0.08236,0.49860,-0.15141,0.41187,-0.50702,-0.75716,0.64844
143,97,2,0.07683,0.49789,-0.15383,0.38420,-0.51056,-0.76923,0.64990
144,97,2,0.07110,0.49702,-0.15600,0.35553,-0.51492,-0.78004,0.64990
145,97,2,0.06517,0.49599,-0.15789,0.32585,-0.52008,-0.78952,0.65186
146,97,2,0.05900,0.49477,-0.15949,0.29505,-0.52618,-0.79754,0.65137
147,97,2,0.05263,0.49339,-0.16081,0.26316,-0.53304,-0.80412,0.64844
148,97,2,0.04596,0.49177,-0.16176,0.22983,-0.54117,-0.80890,0.64355
149,97,2,0.03902,0.48993,-0.16234,0.19514,-0.55036,-0.81180,0.63965
150,97,2,0.03174,0.48783,-0.16249,0.15874,-0.56086,-0.81255,0.62939
151,97,2,0.02407,0.48541,-0.16213,0.12037,-0.57295,-0.81071,0.61865
152,97,2,0.01589,0.48257,-0.16110,0.07943,-0.58716,-0.80557,0.60449
153,97,2,0.00706,0.47923,-0.15924,0.03533,-0.60387,-0.79630,0.58301
154,97,2,-0.00266,0.47516,-0.15620,-0.01332,-0.62421,-0.78115,0.55664
155,97,2,-0.01384,0.46994,-0.15128,-0.06922,-0.65036,-0.75647,0.51514
156,97,2,-0.02846,0.46196,-0.14189,-0.14231,-0.69019,-0.70949,0.45117
157,97,1,-0.11055,0.40000,-0.04478,0.00000,1.00000,-0.00000,0.36426
158,97,1,-0.11520,0.40000,-0.04835,0.00000,1.00000,-0.00000,0.38574
159,97,1,-0.11984,0.40000,-0.05193,0.00000,1.00000,-0.00000,0.41260
160,97,1,-0.12448,0.40000,-0.05550,0.00000,1.00000,-0.00000,0.43506
161,97,1,-0.12913,0.40000,-0.05907,0.00000,1.00000,-0.00000,0.45703
162,97,1,-0.13377,0.40000,-0.06264,0.00000,1.00000,-0.00000,0.47900
163,97,1,-0.13842,0.40000,-0.06622,0.00000,1.00000,-0.00000,0.50000
164,97,1,-0.14306,0.40000,-0.06979,0.00000,1.00000,-0.00000,0.51855
165,97,1,-0.14771,0.40000,-0.07336,0.00000,1.00000,-0.00000,0.54102
166,97,1,-0.15235,0.40000,-0.07693,0.00000,1.00000,-0.00000,0.55811
167,97,1,-0.15699,0.40000,-0.08051,0.00000,1.00000,-0.00000,0.57812
168,97,1,-0.16164,0.40000,-0.08408,0.00000,1.00000,-0.00000,0.59375
169,97,1,-0.16628,0.40000,-0.08765,0.00000,1.00000,-0.00000,0.61133
170,97,1,-0.17093,0.40000,-0.09122,0.00000,1.00000,-0.00000,0.62939
171,97,1,-0.17557,0.40000,-0.09480,0.00000,1.00000,-0.00000,0.64307
172,97,1,-0.18022,0.40000,-0.09837,0.00000,1.00000,-0.00000,0.66016
173,97,1,-0.18486,0.40000,-0.10194,0.00000,1.00000,-0.00000,0.67383
174,97,1,-0.18950,0.40000,-0.10551,0.00000,1.00000,-0.00000,0.68750
175,97,1,-0.19415,0.40000,-0.10909,0.00000,1.00000,-0.00000,0.70312
176,97,1,-0.19879,0.40000,-0.11266,0.00000,1.00000,-0.00000,0.71289
90,98,1,0.20000,0.39299,0.19538,1.00000,0.00000,-0.00000,0.62744
91,98,1,0.20000,0.39670,0.18577,1.00000,0.00000,-0.00000,0.61670
92,98,1,0.19948,0.40000,0.17684,0.00098,0.99902,-0.00000,0.76660
93,98,1,0.19483,0.40000,0.17327,0.00000,1.00000,-0.00000,0.75928
94,98,1,0.19019,0.40000,0.16970,0.00000,1.00000,-0.00000,0.74658
95,98,1,0.18554,0.40000,0.16612,0.00000,1.00000,-0.00000,0.74268
96,98,1,0.18090,0.40000,0.16255,0.00000,1.00000,-0.00000,0.72852
97,98,1,0.17625,0.40000,0.15898,0.00000,1.00000,-0.00000,0.71680
98,98,1,0.17161,0.40000,0.15540,0.00000,1.00000,-0.00000,0.70557
99,98,1,0.16697,0.40000,0.15183,0.00000,1.00000,-0.00000,0.69580
100,98,1,0.16232,0.40000,0.14826,0.00000,1.00000,-0.00000,0.68457
101,98,1,0.15768,0.40000,0.14469,0.00000,1.00000,-0.00000,0.66797
102,98,1,0.15303,0.40000,0.14111,0.00000,1.00000,-0.00000,0.65674
103,98,1,0.14839,0.40000,0.13754,0.00000,1.00000,-0.00000,0.63916
104,98,1,0.14374,0.40000,0.13397,0.00000,1.00000,-0.00000,0.62061
105,98,1,0.13910,0.40000,0.13040,0.00000,1.00000,-0.00000,0.61133
106,98,1,0.13446,0.40000,0.12682,0.00000,1.00000,-0.00000,0.59229
107,98,1,0.12981,0.40000,0.12325,0.00000,1.00000,-0.00000,0.57422
108,98,1,0.12517,0.40000,0.11968,0.00000,1.00000,-0.00000,0.55762
109,98,1,0.12052,0.40000,0.11611,0.00000,1.00000,-0.00000,0.54248
110,98,1,0.11588,0.40000,0.11253,0.00000,1.00000,-0.00000,0.52002
111,98,1,0.11123,0.40000,0.10896,0.00000,1.00000,-0.00000,0.50000
112,98,1,0.10659,0.40000,0.10539,0.00000,1.00000,-0.00000,0.47949
113,98,1,0.10195,0.40000,0.10182,0.00000,1.00000,-0.00000,0.45605
114,98,1,0.09730,0.40000,0.09824,0.00000,1.00000,-0.00000,0.43359
115,98,1,0.09266,0.40000,0.09467,0.00000,1.00000,-0.00000,0.41357
116,98,1,0.08801,0.40000,0.09110,0.00000,1.00000,-0.00000,0.38867
117,98,1,0.08337,0.40000,0.08753,0.00000,1.00000,-0.00000,0.36523
118,98,1,0.07873,0.40000,0.08395,0.00000,1.00000,-0.00000,0.34033
119,98,1,0.07408,0.40000,0.08038,0.00000,1.00000,-0.00000,0.31787
120,98,2,0.13364,0.45136,-0.00665,0.66724,-0.74067,-0.03315,0.19141
121,98,2,0.14189,0.46168,-0.02700,0.70954,-0.69162,-0.13494,0.25000
122,98,2,0.14424,0.46727,-0.03965,0.72127,-0.66367,-0.19826,0.28662
123,98,2,0.14478,0.47142,-0.04997,0.72402,-0.64294,-0.24987,0.31982
124,98,2,0.14433,0.47478,-0.05899,0.72175,-0.62615,-0.29498,0.34863
125,98,2,0.14319,0.47758,-0.06712,0.71601,-0.61212,-0.33562,0.37354
126,98,2,0.14151,0.47995,-0.07454,0.70762,-0.60028,-0.37273,0.39551
127,98,2,0.13941,0.48198,-0.08142,0.69713,-0.59012,-0.40715,0.41943
128,98,2,0.13696,0.48374,-0.08785,0.68492,-0.58128,-0.43932,0.43359
129,98,2,0.13422,0.48527,-0.09390,0.67116,-0.57367,-0.46953,0.45215
130,98,2,0.13118,0.48655,-0.09955,0.65599,-0.56732,-0.49782,0.47314
131,98,2,0.12792,0.48766,-0.10493,0.63965,-0.56173,-0.52470,0.48828
132,98,2,0.12442,0.48857,-0.10999,0.62215,-0.55719,-0.54998,0.50342
133,98,2,0.12072,0.48932,-0.11479,0.60362,-0.55337,-0.57396,0.51709
134,98,2,0.11679,0.48990,-0.11929,0.58402,-0.55055,-0.59651,0.52686
135,98,2,0.11268,0.49033,-0.12356,0.56347,-0.54840,-0.61787,0.54150
136,98,2,0.10838,0.49060,-0.12758,0.54197,-0.54703,-0.63798,0.54980
137,98,2,0.10390,0.49073,-0.13136,0.51957,-0.54638,-0.65690,0.56152
138,98,2,0.09924,0.49072,-0.13491,0.49624,-0.54643,-0.67465,0.56982
139,98,2,0.09438,0.49055,-0.13821,0.47198,-0.54728,-0.69117,0.57568
140,98,2,0.08936,0.49025,-0.14129,0.44685,-0.54877,-0.70653,0.58203
141,98,2,0.08413,0.48978,-0.14410,0.42070,-0.55113,-0.72060,0.58838
142,98,2,0.07872,0.48917,-0.14668,0.39362,-0.55416,-0.73346,0.59082
143,98,2,0.07309,0.48838,-0.14897,0.36546,-0.55814,-0.74492,0.59521
144,98,2,0.06725,0.48742,-0.15099,0.33628,-0.56292,-0.75501,0.59473
145,98,2,0.06117,0.48627,-0.15269,0.30587,-0.56869,-0.76356,0.59570
146,98,2,0.05487,0.48495,-0.15411,0.27435,-0.57526,-0.77059,0.59082
147,98,2,0.04824,0.48336,-0.15511,0.24124,-0.58321,-0.77567,0.58887
148,98,2,0.04133,0.48155,-0.15573,0.20667,-0.59229,-0.77876,0.58105
149,98,2,0.03404,0.47943,-0.15587,0.17025,-0.60285,-0.77947,0.57422
150,98,2,0.02634,0.47699,-0.15547,0.13174,-0.61505,-0.77740,0.56055
151,98,2,0.01805,0.47407,-0.15430,0.09024,-0.62969,-0.77159,0.54297
152,98,2,0.00902,0.47056,-0.15217,0.04509,-0.64724,-0.76095,0.51904
153,98,2,-0.00113,0.46616,-0.14859,-0.00567,-0.66923,-0.74303,0.48828
154,98,2,-0.01345,0.46002,-0.14219,-0.06727,-0.69993,-0.71103,0.43652
155,98,1,-0.09311,0.40000,-0.04823,-0.00013,0.99830,-0.00064,0.30762
156,98,1,-0.09776,0.40000,-0.05180,0.00000,1.00000,-0.00000,0.32666
157,98,1,-0.10240,0.40000,-0.05537,0.00000,1.00000,-0.00000,0.35303
158,98,1,-0.10705,0.40000,-0.05895,0.00000,1.00000,-0.00000,0.37842
159,98,1,-0.11169,0.40000,-0.06252,0.00000,1.00000,-0.00000,0.40576
160,98,1,-0.11633,0.40000,-0.06609,0.00000,1.00000,-0.00000,0.42578
161,98,1,-0.12098,0.40000,-0.06966,0.00000,1.00000,-0.00000,0.44678
162,98,1,-0.12562,0.40000,-0.07324,0.00000,1.00000,-0.00000,0.46826
163,98,1,-0.13027,0.40000,-0.07681,0.00000,1.00000,-0.00000,0.49316
164,98,1,-0.13491,0.40000,-0.08038,0.00000,1.00000,-0.00000,0.51025
165,98,1,-0.13956,0.40000,-0.08395,0.00000,1.00000,-0.00000,0.53271
166,98,1,-0.14420,0.40000,-0.08753,0.00000,1.00000,-0.00000,0.55322
167,98,1,-0.14884,0.40000,-0.09110,0.00000,1.00000,-0.00000,0.57178
168,98,1,-0.15349,0.40000,-0.09467,0.00000,1.00000,-0.00000,0.58984
169,98,1,-0.15813,0.40000,-0.09824,0.00000,1.00000,-0.00000,0.60840
170,98,1,-0.16278,0.40000,-0.10182,0.00000,1.00000,-0.00000,0.62207
171,98,1,-0.16742,0.40000,-0.10539,0.00000,1.00000,-0.00000,0.64209
172,98,1,-0.17207,0.40000,-0.10896,0.00000,1.00000,-0.00000,0.65527
173,98,1,-0.17671,0.40000,-0.11253,0.00000,1.00000,-0.00000,0.67188
174,98,1,-0.18135,0.40000,-0.11611,0.00000,1.00000,-0.00000,0.68262
175,98,1,-0.18600,0.40000,-0.11968,0.00000,1.00000,-0.00000,0.69971
176,98,1,-0.19064,0.40000,-0.12325,0.00000,1.00000,-0.00000,0.71289
177,98,1,-0.19529,0.40000,-0.12682,0.00000,1.00000,-0.00000,0.72266
90,99,1,0.20000,0.38647,0.19538,1.00000,0.00000,-0.00000,0.62158
91,99,1,0.20000,0.39018,0.18577,1.00000,0.00000,-0.00000,0.60986
92,99,1,0.20000,0.39390,0.17616,1.00000,0.00000,-0.00000,0.59570
93,99,1,0.20000,0.39762,0.16655,1.00000,0.00000,-0.00000,0.58447
94,99,1,0.19834,0.40000,0.15910,0.00098,0.99902,-0.00000,0.74512
95,99,1,0.19369,0.40000,0.15553,0.00000,1.00000,-0.00000,0.73584
96,99,1,0.18905,0.40000,0.15196,0.00000,1.00000,-0.00000,0.72461
97,99,1,0.18440,0.40000,0.14838,0.00000,1.00000,-0.00000,0.71143
98,99,1,0.17976,0.40000,0.14481,0.00000,1.00000,-0.00000,0.70410
99,99,1,0.17512,0.40000,0.14124,0.00000,1.00000,-0.00000,0.68945
100,99,1,0.17047,0.40000,0.13767,0.00000,1.00000,-0.00000,0.67529
101,99,1,0.16583,0.40000,0.13409,0.00000,1.00000,-0.00000,0.66406
102,99,1,0.16118,0.40000,0.13052,0.00000,1.00000,-0.00000,0.65137
103,99,1,0.15654,0.40000,0.12695,0.00000,1.00000,-0.00000,0.63721
104,99,1,0.15189,0.40000,0.12338,0.00000,1.00000,-0.00000,0.62158
105,99,1,0.14725,0.40000,0.11980,0.00000,1.00000,-0.00000,0.60840
106,99,1,0.14261,0.40000,0.11623,0.00000,1.00000,-0.00000,0.58740
107,99,1,0.13796,0.40000,0.11266,0.00000,1.00000,-0.00000,0.57129
108,99,1,0.13332,0.40000,0.10909,0.00000,1.00000,-0.00000,0.55273
109,99,1,0.12867,0.40000,0.10551,0.00000,1.00000,-0.00000,0.53809
110,99,1,0.12403,0.40000,0.10194,0.00000,1.00000,-0.00000,0.51172
111,99,1,0.11938,0.40000,0.09837,0.00000,1.00000,-0.00000,0.49365
112,99,1,0.11474,0.40000,0.09480,0.00000,1.00000,-0.00000,0.47363
113,99,1,0.11010,0.40000,0.09122,0.00000,1.00000,-0.00000,0.45068
114,99,1,0.10545,0.40000,0.08765,0.00000,1.00000,-0.00000,0.42822
115,99,1,0.10081,0.40000,0.08408,0.00000,1.00000,-0.00000,0.40576
116,99,1,0.09616,0.40000,0.08051,0.00000,1.00000,-0.00000,0.38428
117,99,1,0.09152,0.40000,0.07693,0.00000,1.00000,-0.00000,0.36133
118,99,1,0.08687,0.40000,0.07336,0.00000,1.00000,-0.00000,0.33691
119,99,1,0.08223,0.40000,0.06979,0.00000,1.00000,-0.00000,0.31006
120,99,1,0.07759,0.40000,0.06622,0.00000,1.00000,-0.00000,0.28125
121,99,1,0.07294,0.40000,0.06264,0.00000,1.00000,-0.00000,0.26074
122,99,2,0.12940,0.44888,-0.02036,0.64643,-0.75389,-0.10169,0.17969
123,99,2,0.13466,0.45680,-0.03681,0.67337,-0.71603,-0.18403,0.23096
124,99,2,0.13614,0.46170,-0.04834,0.68076,-0.69148,-0.24170,0.26758
125,99,2,0.13609,0.46538,-0.05790,0.68054,-0.67310,-0.28949,0.29590
126,99,2,0.13515,0.46835,-0.06628,0.67586,-0.65831,-0.33142,0.32422
127,99,2,0.13359,0.47081,-0.07386,0.66804,-0.64601,-0.36932,0.34619
128,99,2,0.13156,0.47290,-0.08083,0.65787,-0.63548,-0.40419,0.36719
129,99,2,0.12910,0.47465,-0.08725,0.64561,-0.62678,-0.43627,0.38672
130,99,2,0.12633,0.47615,-0.09326,0.63171,-0.61926,-0.46631,0.40527
131,99,2,0.12325,0.47740,-0.09886,0.61632,-0.61301,-0.49434,0.42529
132,99,2,0.11990,0.47843,-0.10411,0.59957,-0.60784,-0.52062,0.43311
133,99,2,0.11630,0.47927,-0.10904,0.58158,-0.60368,-0.54529,0.45117
134,99,2,0.11248,0.47993,-0.11369,0.56247,-0.60036,-0.56850,0.46436
135,99,2,0.10844,0.48041,-0.11805,0.54226,-0.59793,-0.59028,0.47656
136,99,2,0.10419,0.48073,-0.12213,0.52099,-0.59634,-0.61069,0.48633
137,99,2,0.09973,0.48087,-0.12594,0.49867,-0.59562,-0.62973,0.50049
138,99,2,0.09506,0.48086,-0.12948,0.47533,-0.59571,-0.64745,0.50635
139,99,2,0.09018,0.48067,-0.13275,0.45094,-0.59664,-0.66383,0.51270
140,99,2,0.08510,0.48032,-0.13576,0.42556,-0.59838,-0.67885,0.52100
141,99,2,0.07980,0.47979,-0.13847,0.39904,-0.60106,-0.69245,0.52344
142,99,2,0.07428,0.47910,-0.14091,0.37145,-0.60455,-0.70466,0.52783
143,99,2,0.06854,0.47821,-0.14305,0.34273,-0.60896,-0.71534,0.53271
144,99,2,0.06254,0.47714,-0.14487,0.31276,-0.61429,-0.72445,0.52930
145,99,2,0.05627,0.47583,-0.14632,0.28136,-0.62087,-0.73168,0.52588
146,99,2,0.04968,0.47428,-0.14737,0.24845,-0.62864,-0.73694,0.52441
147,99,2,0.04275,0.47245,-0.14797,0.21380,-0.63777,-0.73996,0.51367
148,99,2,0.03540,0.47029,-0.14803,0.17705,-0.64860,-0.74025,0.50342
149,99,2,0.02754,0.46771,-0.14742,0.13771,-0.66150,-0.73719,0.49170
150,99,2,0.01901,0.46460,-0.14594,0.09507,-0.67700,-0.72981,0.46729
151,99,2,0.00948,0.46070,-0.14317,0.04743,-0.69655,-0.71594,0.44189
152,99,2,-0.00176,0.45542,-0.13816,-0.00880,-0.72291,-0.69089,0.39746
153,99,2,-0.01890,0.44543,-0.12550,-0.09446,-0.77118,-0.62681,0.30762
154,99,1,-0.08032,0.40000,-0.05525,0.00000,1.00000,-0.00000,0.27148
155,99,1,-0.08496,0.40000,-0.05882,0.00000,1.00000,-0.00000,0.29883
156,99,1,-0.08961,0.40000,-0.06240,0.00000,1.00000,-0.00000,0.32178
157,99,1,-0.09425,0.40000,-0.06597,0.00000,1.00000,-0.00000,0.34961
158,99,1,-0.09890,0.40000,-0.06954,0.00000,1.00000,-0.00000,0.37109
159,99,1,-0.10354,0.40000,-0.07311,0.00000,1.00000,-0.00000,0.39648
160,99,1,-0.10819,0.40000,-0.07669,0.00000,1.00000,-0.00000,0.41943
161,99,1,-0.11283,0.40000,-0.08026,0.00000,1.00000,-0.00000,0.43945
162,99,1,-0.11747,0.40000,-0.08383,0.00000,1.00000,-0.00000,0.46338
163,99,1,-0.12212,0.40000,-0.08740,0.00000,1.00000,-0.00000,0.48926
164,99,1,-0.12676,0.40000,-0.09098,0.00000,1.00000,-0.00000,0.50977
165,99,1,-0.13141,0.40000,-0.09455,0.00000,1.00000,-0.00000,0.52881
166,99,1,-0.13605,0.40000,-0.09812,0.00000,1.00000,-0.00000,0.54980
167,99,1,-0.14070,0.40000,-0.10169,0.00000,1.00000,-0.00000,0.57031
168,99,1,-0.14534,0.40000,-0.10527,0.00000,1.00000,-0.00000,0.58447
169,99,1,-0.14998,0.40000,-0.10884,0.00000,1.00000,-0.00000,0.60400
170,99,1,-0.15463,0.40000,-0.11241,0.00000,1.00000,-0.00000,0.62402
171,99,1,-0.15927,0.40000,-0.11598,0.00000,1.00000,-0.00000,0.63818
172,99,1,-0.16392,0.40000,-0.11956,0.00000,1.00000,-0.00000,0.65381
173,99,1,-0.16856,0.40000,-0.12313,0.00000,1.00000,-0.00000,0.66748
174,99,1,-0.17321,0.40000,-0.12670,0.00000,1.00000,-0.00000,0.68262
175,99,1,-0.17785,0.40000,-0.13027,0.00000,1.00000,-0.00000,0.69531
176,99,1,-0.18249,0.40000,-0.13385,0.00000,1.00000,-0.00000,0.71045
177,99,1,-0.18714,0.40000,-0.13742,0.00000,1.00000,-0.00000,0.71924
178,99,1,-0.19178,0.40000,-0.14099,0.00000,1.00000,-0.00000,0.73096
179,99,1,-0.19643,0.40000,-0.14456,0.00000,1.00000,-0.00000,0.74756
90,100,1,0.20000,0.37995,0.19538,1.00000,0.00000,-0.00000,0.61572
91,100,1,0.20000,0.38367,0.18577,1.00000,0.00000,-0.00000,0.59863
92,100,1,0.20000,0.38738,0.17616,1.00000,0.00000,-0.00000,0.58594
93,100,1,0.20000,0.39110,0.16655,1.00000,0.00000,-0.00000,0.57080
94,100,1,0.20000,0.39481,0.15694,1.00000,0.00000,-0.00000,0.56104
95,100,1,0.20000,0.39853,0.14733,1.00000,0.00000,-0.00000,0.54736
96,100,1,0.19720,0.40000,0.14136,0.00049,0.99951,-0.00000,0.72217
97,100,1,0.19255,0.40000,0.13779,0.00000,1.00000,-0.00000,0.71191
98,100,1,0.18791,0.40000,0.13422,0.00000,1.00000,-0.00000,0.70312
99,100,1,0.18326,0.40000,0.13064,0.00000,1.00000,-0.00000,0.68652
100,100,1,0.17862,0.40000,0.12707,0.00000,1.00000,-0.00000,0.67285
101,100,1,0.17398,0.40000,0.12350,0.00000,1.00000,-0.00000,0.66113
102,100,1,0.16933,0.40000,0.11993,0.00000,1.00000,-0.00000,0.64795
103,100,1,0.16469,0.40000,0.11635,0.00000,1.00000,-0.00000,0.63379
104,100,1,0.16004,0.40000,0.11278,0.00000,1.00000,-0.00000,0.61963
105,100,1,0.15540,0.40000,0.10921,0.00000,1.00000,-0.00000,0.60059
106,100,1,0.15075,0.40000,0.10564,0.00000,1.00000,-0.00000,0.58740
107,100,1,0.14611,0.40000,0.10206,0.00000,1.00000,-0.00000,0.56787
108,100,1,0.14147,0.40000,0.09849,0.00000,1.00000,-0.00000,0.55029
109,100,1,0.13682,0.40000,0.09492,0.00000,1.00000,-0.00000,0.53223
110,100,1,0.13218,0.40000,0.09135,0.00000,1.00000,-0.00000,0.51123
111,100,1,0.12753,0.40000,0.08777,0.00000,1.00000,-0.00000,0.49316
112,100,1,0.12289,0.40000,0.08420,0.00000,1.00000,-0.00000,0.47266
113,100,1,0.11824,0.40000,0.08063,0.00000,1.00000,-0.00000,0.45117
114,100,1,0.11360,0.40000,0.07706,0.00000,1.00000,-0.00000,0.42920
115,100,1,0.10896,0.40000,0.07348,0.00000,1.00000,-0.00000,0.40674
116,100,1,0.10431,0.40000,0.06991,0.00000,1.00000,-0.00000,0.38232
117,100,1,0.09967,0.40000,0.06634,0.00000,1.00000,-0.00000,0.36035
118,100,1,0.09502,0.40000,0.06277,0.00000,1.00000,-0.00000,0.33350
119,100,1,0.09038,0.40000,0.05919,0.00000,1.00000,-0.00000,0.31201
120,100,1,0.08573,0.40000,0.05562,0.00000,1.00000,-0.00000,0.28467
121,100,1,0.08109,0.40000,0.05205,0.00000,1.00000,-0.00000,0.25879
122,100,1,0.07645,0.40000,0.04848,0.00000,1.00000,-0.00000,0.23535
123,100,1,0.07180,0.40000,0.04490,0.00000,1.00000,-0.00000,0.21240
124,100,2,0.11948,0.44186,-0.02668,0.59690,-0.78896,-0.13330,0.14648
125,100,2,0.12478,0.44982,-0.04319,0.62401,-0.75098,-0.21597,0.19873
126,100,2,0.12594,0.45446,-0.05431,0.62980,-0.72774,-0.27157,0.23193
127,100,2,0.12559,0.45789,-0.06347,0.62806,-0.71051,-0.31736,0.25977
128,100,2,0.12432,0.46059,-0.07143,0.62171,-0.69707,-0.35716,0.28369
129,100,2,0.12245,0.46281,-0.07861,0.61234,-0.68596,-0.39306,0.30225
130,100,2,0.12009,0.46464,-0.08514,0.60055,-0.67681,-0.42576,0.32715
131,100,2,0.11734,0.46615,-0.09118,0.58676,-0.66921,-0.45592,0.34668
132,100,2,0.11421,0.46737,-0.09672,0.57115,-0.66321,-0.48368,0.36279
133,100,2,0.11081,0.46836,-0.10190,0.55412,-0.65822,-0.50961,0.37695
134,100,2,0.10714,0.46914,-0.10674,0.53574,-0.65429,-0.53375,0.39014
135,100,2,0.10318,0.46969,-0.11121,0.51596,-0.65156,-0.55610,0.40527
136,100,2,0.09899,0.47005,-0.11537,0.49501,-0.64976,-0.57687,0.41553
137,100,2,0.09454,0.47021,-0.11920,0.47277,-0.64901,-0.59605,0.42529
138,100,2,0.08987,0.47019,-0.12274,0.44944,-0.64907,-0.61377,0.43311
139,100,2,0.08497,0.46998,-0.12598,0.42492,-0.65011,-0.62993,0.43750
140,100,2,0.07982,0.46958,-0.12890,0.39917,-0.65209,-0.64454,0.44824
141,100,2,0.07443,0.46898,-0.13150,0.37218,-0.65508,-0.65753,0.45068
142,100,2,0.06875,0.46815,-0.13372,0.34380,-0.65927,-0.66870,0.45264
143,100,2,0.06280,0.46711,-0.13560,0.31406,-0.66450,-0.67809,0.45361
144,100,2,0.05657,0.46584,-0.13711,0.28289,-0.67077,-0.68560,0.44727
145,100,2,0.04994,0.46425,-0.13810,0.24973,-0.67878,-0.69058,0.44336
146,100,2,0.04293,0.46235,-0.13859,0.21465,-0.68824,-0.69300,0.43652
147,100,2,0.03537,0.46003,-0.13838,0.17688,-0.69991,-0.69198,0.42090
148,100,2,0.02717,0.45718,-0.13732,0.13585,-0.71414,-0.68670,0.40137
149,100,2,0.01796,0.45352,-0.13496,0.08977,-0.73243,-0.67490,0.37646
150,100,2,0.00704,0.44851,-0.13038,0.03517,-0.75661,-0.65161,0.33447
151,100,2,-0.01203,0.43696,-0.11519,-0.05965,-0.79924,-0.57098,0.23438
152,100,1,-0.06288,0.40000,-0.05870,0.00000,1.00000,-0.00000,0.22266
153,100,1,-0.06753,0.40000,-0.06227,0.00000,1.00000,-0.00000,0.25146
154,100,1,-0.07217,0.40000,-0.06584,0.00000,1.00000,-0.00000,0.27393
155,100,1,-0.07682,0.40000,-0.06942,0.00000,1.00000,-0.00000,0.29932
156,100,1,-0.08146,0.40000,-0.07299,0.00000,1.00000,-0.00000,0.32373
157,100,1,-0.08610,0.40000,-0.07656,0.00000,1.00000,-0.00000,0.34766
158,100,1,-0.09075,0.40000,-0.08013,0.00000,1.00000,-0.00000,0.37158
159,100,1,-0.09539,0.40000,-0.08371,0.00000,1.00000,-0.00000,0.39941
160,100,1,-0.10004,0.40000,-0.08728,0.00000,1.00000,-0.00000,0.42188
161,100,1,-0.10468,0.40000,-0.09085,0.00000,1.00000,-0.00000,0.44189
162,100,1,-0.10933,0.40000,-0.09442,0.00000,1.00000,-0.00000,0.46826
163,100,1,-0.11397,0.40000,-0.09800,0.00000,1.00000,-0.00000,0.48877
164,100,1,-0.11861,0.40000,-0.10157,0.00000,1.00000,-0.00000,0.50928
165,100,1,-0.12326,0.40000,-0.10514,0.00000,1.00000,-0.00000,0.53027
166,100,1,-0.12790,0.40000,-0.10871,0.00000,1.00000,-0.00000,0.54785
167,100,1,-0.13255,0.40000,-0.11229,0.00000,1.00000,-0.00000,0.57178
168,100,1,-0.13719,0.40000,-0.11586,0.00000,1.00000,-0.00000,0.58447
169,100,1,-0.14184,0.40000,-0.11943,0.00000,1.00000,-0.00000,0.60498
170,100,1,-0.14648,0.40000,-0.12301,0.00000,1.00000,-0.00000,0.62109
171,100,1,-0.15112,0.40000,-0.12658,0.00000,1.00000,-0.00000,0.63916
172,100,1,-0.15577,0.40000,-0.13015,0.00000,1.00000,-0.00000,0.65332
173,100,1,-0.16041,0.40000,-0.13372,0.00000,1.00000,-0.00000,0.66602
174,100,1,-0.16506,0.40000,-0.13730,0.00000,1.00000,-0.00000,0.68506
175,100,1,-0.16970,0.40000,-0.14087,0.00000,1.00000,-0.00000,0.69385
176,100,1,-0.17435,0.40000,-0.14444,0.00000,1.00000,-0.00000,0.71045
177,100,1,-0.17899,0.40000,-0.14801,0.00000,1.00000,-0.00000,0.72314
178,100,1,-0.18363,0.40000,-0.15158,0.00000,1.00000,-0.00000,0.73193
179,100,1,-0.18828,0.40000,-0.15516,0.00000,1.00000,-0.00000,0.74365
180,100,1,-0.19292,0.40000,-0.15873,0.00000,1.00000,-0.00000,0.75684
181,100,1,-0.19757,0.40000,-0.16230,0.00000,1.00000,-0.00000,0.76611
69,101,3,0.42714,0.47712,0.10191,-0.09146,0.90850,0.40775,0.94971
70,101,3,0.42896,0.48229,0.08993,-0.08414,0.92922,0.35980,0.94922
71,101,3,0.42820,0.48540,0.08131,-0.08720,0.94157,0.32533,0.94580
72,101,3,0.42618,0.48750,0.07432,-0.09527,0.95000,0.29735,0.94092
73,101,3,0.42342,0.48901,0.06830,-0.10633,0.95604,0.27326,0.93945
74,101,3,0.42007,0.49004,0.06305,-0.11972,0.96023,0.25225,0.93359
75,101,3,0.41630,0.49074,0.05833,-0.13481,0.96299,0.23341,0.92578
76,101,3,0.41208,0.49108,0.05421,-0.15171,0.96433,0.21690,0.91846
77,101,3,0.40744,0.49108,0.05064,-0.17029,0.96434,0.20260,0.91260
78,101,3,0.40239,0.49076,0.04759,-0.19047,0.96305,0.19040,0.90674
79,101,3,0.39687,0.49006,0.04515,-0.21258,0.96029,0.18068,0.89746
80,101,3,0.39095,0.48904,0.04324,-0.23624,0.95617,0.17301,0.88525
81,101,3,0.38443,0.48754,0.04211,-0.26233,0.95016,0.16845,0.87598
82,101,3,0.37718,0.48545,0.04193,-0.29133,0.94181,0.16772,0.86475
83,101,3,0.36871,0.48239,0.04332,-0.32522,0.92962,0.17331,0.84766
84,101,3,0.35767,0.47727,0.04807,-0.36938,0.90916,0.19229,0.82617
90,101,1,0.20000,0.37343,0.19538,1.00000,0.00000,-0.00000,0.60303
91,101,1,0.20000,0.37715,0.18577,1.00000,0.00000,-0.00000,0.59131
92,101,1,0.20000,0.38086,0.17616,1.00000,0.00000,-0.00000,0.57715
93,101,1,0.20000,0.38458,0.16655,1.00000,0.00000,-0.00000,0.56152
94,101,1,0.20000,0.38829,0.15694,1.00000,0.00000,-0.00000,0.54785
95,101,1,0.20000,0.39201,0.14733,1.00000,0.00000,-0.00000,0.53906
96,101,1,0.20000,0.39572,0.13772,1.00000,0.00000,-0.00000,0.52637
97,101,1,0.20000,0.39944,0.12811,1.00000,0.00000,-0.00000,0.51416
98,101,1,0.19606,0.40000,0.12362,0.00000,1.00000,-0.00000,0.70068
99,101,1,0.19141,0.40000,0.12005,0.00000,1.00000,-0.00000,0.68701
100,101,1,0.18677,0.40000,0.11648,0.00000,1.00000,-0.00000,0.67480
101,101,1,0.18212,0.40000,0.11291,0.00000,1.00000,-0.00000,0.65918
102,101,1,0.17748,0.40000,0.10933,0.00000,1.00000,-0.00000,0.65137
103,101,1,0.17284,0.40000,0.10576,0.00000,1.00000,-0.00000,0.63721
104,101,1,0.16819,0.40000,0.10219,0.00000,1.00000,-0.00000,0.62354
105,101,1,0.16355,0.40000,0.09862,0.00000,1.00000,-0.00000,0.60254
106,101,1,0.15890,0.40000,0.09504,0.00000,1.00000,-0.00000,0.58691
107,101,1,0.15426,0.40000,0.09147,0.00000,1.00000,-0.00000,0.57080
108,101,1,0.14961,0.40000,0.08790,0.00000,1.00000,-0.00000,0.55420
109,101,1,0.14497,0.40000,0.08433,0.00000,1.00000,-0.00000,0.53271
110,101,1,0.14033,0.40000,0.08075,0.00000,1.00000,-0.00000,0.51514
111,101,1,0.13568,0.40000,0.07718,0.00000,1.00000,-0.00000,0.49512
112,101,1,0.13104,0.40000,0.07361,0.00000,1.00000,-0.00000,0.47754
113,101,1,0.12639,0.40000,0.07004,0.00000,1.00000,-0.00000,0.45361
114,101,1,0.12175,0.40000,0.06646,0.00000,1.00000,-0.00000,0.43555
115,101,1,0.11710,0.40000,0.06289,0.00000,1.00000,-0.00000,0.41211
116,101,1,0.11246,0.40000,0.05932,0.00000,1.00000,-0.00000,0.39111
117,101,1,0.10782,0.40000,0.05575,0.00000,1.00000,-0.00000,0.36279
118,101,1,0.10317,0.40000,0.05217,0.00000,1.00000,-0.00000,0.34229
119,101,1,0.09853,0.40000,0.04860,0.00000,1.00000,-0.00000,0.31641
120,101,1,0.09388,0.40000,0.04503,0.00000,1.00000,-0.00000,0.29297
121,101,1,0.08924,0.40000,0.04146,0.00000,1.00000,-0.00000,0.26807
122,101,1,0.08459,0.40000,0.03788,0.00000,1.00000,-0.00000,0.24316
123,101,1,0.07995,0.40000,0.03431,0.00000,1.00000,-0.00000,0.21826
124,101,1,0.07531,0.40000,0.03074,0.00000,1.00000,-0.00000,0.19629
125,101,1,0.07066,0.40000,0.02716,0.00000,1.00000,-0.00000,0.17529
126,101,1,0.06602,0.40000,0.02359,0.00000,1.00000,-0.00000,0.15332
127,101,2,0.11099,0.43969,-0.04448,0.55475,-0.80068,-0.22228,0.14453
128,101,2,0.11294,0.44497,-0.05662,0.56474,-0.77519,-0.28310,0.18408
129,101,2,0.11267,0.44847,-0.06588,0.56338,-0.75768,-0.32942,0.21045
130,101,2,0.11129,0.45108,-0.07370,0.55651,-0.74464,-0.36851,0.23291
131,101,2,0.10920,0.45312,-0.08060,0.54608,-0.73443,-0.40301,0.25537
132,101,2,0.10659,0.45475,-0.08682,0.53304,-0.72624,-0.43410,0.27539
133,101,2,0.10352,0.45601,-0.09243,0.51768,-0.71999,-0.46219,0.28857
134,101,2,0.10007,0.45697,-0.09756,0.50045,-0.71521,-0.48787,0.30566
135,101,2,0.09631,0.45767,-0.10228,0.48160,-0.71168,-0.51143,0.31885
136,101,2,0.09224,0.45813,-0.10659,0.46122,-0.70937,-0.53298,0.32910
137,101,2,0.08784,0.45833,-0.11049,0.43927,-0.70835,-0.55252,0.33887
138,101,2,0.08317,0.45831,-0.11402,0.41587,-0.70849,-0.57017,0.34912
139,101,2,0.07820,0.45805,-0.11718,0.39105,-0.70977,-0.58592,0.35205
140,101,2,0.07291,0.45753,-0.11991,0.36462,-0.71238,-0.59963,0.35840
141,101,2,0.06732,0.45677,-0.12225,0.33665,-0.71620,-0.61133,0.36279
142,101,2,0.06140,0.45575,-0.12416,0.30702,-0.72126,-0.62090,0.36035
143,101,2,0.05508,0.45441,-0.12556,0.27544,-0.72795,-0.62787,0.35352
144,101,2,0.04830,0.45270,-0.12635,0.24151,-0.73653,-0.63182,0.34717
145,101,2,0.04093,0.45052,-0.12639,0.20470,-0.74741,-0.63204,0.33643
146,101,2,0.03280,0.44774,-0.12543,0.16403,-0.76135,-0.62724,0.31689
147,101,2,0.02342,0.44395,-0.12285,0.11712,-0.78032,-0.61432,0.28906
148,101,2,0.01118,0.43787,-0.11654,0.05591,-0.80979,-0.58253,0.23926
149,101,1,-0.04080,0.40000,-0.05858,0.00000,1.00000,-0.00000,0.16162
150,101,1,-0.04544,0.40000,-0.06215,0.00000,1.00000,-0.00000,0.18457
151,101,1,-0.05009,0.40000,-0.06572,0.00000,1.00000,-0.00000,0.20850
152,101,1,-0.05473,0.40000,-0.06929,0.00000,1.00000,-0.00000,0.23438
153,101,1,-0.05938,0.40000,-0.07287,0.00000,1.00000,-0.00000,0.25635
154,101,1,-0.06402,0.40000,-0.07644,0.00000,1.00000,-0.00000,0.28174
155,101,1,-0.06867,0.40000,-0.08001,0.00000,1.00000,-0.00000,0.30762
156,101,1,-0.07331,0.40000,-0.08358,0.00000,1.00000,-0.00000,0.32764
157,101,1,-0.07795,0.40000,-0.08716,0.00000,1.00000,-0.00000,0.35742
158,101,1,-0.08260,0.40000,-0.09073,0.00000,1.00000,-0.00000,0.37939
159,101,1,-0.08724,0.40000,-0.09430,0.00000,1.00000,-0.00000,0.40234
160,101,1,-0.09189,0.40000,-0.09787,0.00000,1.00000,-0.00000,0.42383
161,101,1,-0.09653,0.40000,-0.10145,0.00000,1.00000,-0.00000,0.45068
162,101,1,-0.10118,0.40000,-0.10502,0.00000,1.00000,-0.00000,0.46973
163,101,1,-0.10582,0.40000,-0.10859,0.00000,1.00000,-0.00000,0.49316
164,101,1,-0.11047,0.40000,-0.11216,0.00000,1.00000,-0.00000,0.51416
165,101,1,-0.11511,0.40000,-0.11574,0.00000,1.00000,-0.00000,0.53662
166,101,1,-0.11975,0.40000,-0.11931,0.00000,1.00000,-0.00000,0.55127
167,101,1,-0.12440,0.40000,-0.12288,0.00000,1.00000,-0.00000,0.57178
168,101,1,-0.12904,0.40000,-0.12645,0.00000,1.00000,-0.00000,0.58740
169,101,1,-0.13369,0.40000,-0.13003,0.00000,1.00000,-0.00000,0.60791
170,101,1,-0.13833,0.40000,-0.13360,0.00000,1.00000,-0.00000,0.62354
171,101,1,-0.14297,0.40000,-0.13717,0.00000,1.00000,-0.00000,0.63770
172,101,1,-0.14762,0.40000,-0.14074,0.00000,1.00000,-0.00000,0.65625
173,101,1,-0.15226,0.40000,-0.14432,0.00000,1.00000,-0.00000,0.66797
174,101,1,-0.15691,0.40000,-0.14789,0.00000,1.00000,-0.00000,0.68457
175,101,1,-0.16155,0.40000,-0.15146,0.00000,1.00000,-0.00000,0.69678
176,101,1,-0.16620,0.40000,-0.15503,0.00000,1.00000,-0.00000,0.71143
177,101,1,-0.17084,0.40000,-0.15861,0.00000,1.00000,-0.00000,0.72314
178,101,1,-0.17548,0.40000,-0.16218,0.00000,1.00000,-0.00000,0.73682
179,101,1,-0.18013,0.40000,-0.16575,0.00000,1.00000,-0.00000,0.74951
180,101,1,-0.18477,0.40000,-0.16932,0.00000,1.00000,-0.00000,0.75830
181,101,1,-0.18942,0.40000,-0.17290,0.00000,1.00000,-0.00000,0.76562
182,101,1,-0.19406,0.40000,-0.17647,0.00000,1.00000,-0.00000,0.77588
183,101,1,-0.19871,0.40000,-0.18004,0.00000,1.00000,-0.00000,0.78662
65,102,3,0.45084,0.47470,0.10953,0.00340,0.89885,0.43824,0.97119
66,102,3,0.45372,0.48071,0.09619,0.01487,0.92286,0.38483,0.96875
67,102,3,0.45386,0.48455,0.08639,0.01547,0.93823,0.34565,0.96777
68,102,3,0.45289,0.48748,0.07805,0.01156,0.94992,0.31228,0.96582
69,102,3,0.45107,0.48975,0.07079,0.00433,0.95903,0.28329,0.96240
70,102,3,0.44873,0.49158,0.06424,-0.00508,0.96638,0.25707,0.96094
71,102,3,0.44593,0.49306,0.05826,-0.01627,0.97231,0.23313,0.95605
72,102,3,0.44277,0.49425,0.05277,-0.02894,0.97702,0.21116,0.95312
73,102,3,0.43928,0.49517,0.04768,-0.04288,0.98069,0.19082,0.94922
74,102,3,0.43543,0.49581,0.04308,-0.05829,0.98330,0.17242,0.94482
75,102,3,0.43136,0.49627,0.03876,-0.07458,0.98508,0.15513,0.93994
76,102,3,0.42697,0.49647,0.03485,-0.09215,0.98593,0.13950,0.93555
77,102,3,0.42233,0.49648,0.03128,-0.11072,0.98594,0.12519,0.92871
78,102,3,0.41744,0.49628,0.02803,-0.13031,0.98511,0.11215,0.92188
79,102,3,0.41223,0.49582,0.02519,-0.15118,0.98335,0.10084,0.91650
80,102,3,0.40680,0.49519,0.02264,-0.17287,0.98077,0.09060,0.90771
81,102,3,0.40100,0.49427,0.02057,-0.19609,0.97712,0.08232,0.90039
82,102,3,0.39488,0.49309,0.01891,-0.22056,0.97243,0.07567,0.88818
83,102,3,0.38840,0.49162,0.01773,-0.24649,0.96654,0.07094,0.87695
84,102,3,0.38147,0.48980,0.01713,-0.27421,0.95923,0.06851,0.86572
85,102,3,0.37401,0.48754,0.01722,-0.30404,0.95017,0.06886,0.85205
86,102,3,0.36572,0.48463,0.01838,-0.33720,0.93856,0.07353,0.83496
87,102,3,0.35634,0.48084,0.02096,-0.37470,0.92335,0.08384,0.81299
88,102,3,0.34428,0.47491,0.02703,-0.42295,0.89968,0.10812,0.78271
90,102,1,0.20000,0.36691,0.19538,1.00000,0.00000,-0.00000,0.59912
91,102,1,0.20000,0.37063,0.18577,1.00000,0.00000,-0.00000,0.58105
92,102,1,0.20000,0.37434,0.17616,1.00000,0.00000,-0.00000,0.56592
93,102,1,0.20000,0.37806,0.16655,1.00000,0.00000,-0.00000,0.55273
94,102,1,0.20000,0.38177,0.15694,1.00000,0.00000,-0.00000,0.54053
95,102,1,0.20000,0.38549,0.14733,1.00000,0.00000,-0.00000,0.52441
96,102,1,0.20000,0.38920,0.13772,1.00000,0.00000,-0.00000,0.51221
97,102,1,0.20000,0.39292,0.12811,1.00000,0.00000,-0.00000,0.49902
98,102,1,0.20000,0.39663,0.11850,1.00000,0.00000,-0.00000,0.48779
99,102,1,0.19956,0.40000,0.10946,0.00146,0.99854,-0.00000,0.69043
100,102,1,0.19492,0.40000,0.10588,0.00000,1.00000,-0.00000,0.67529
101,102,1,0.19027,0.40000,0.10231,0.00000,1.00000,-0.00000,0.66406
102,102,1,0.18563,0.40000,0.09874,0.00000,1.00000,-0.00000,0.64941
103,102,1,0.18099,0.40000,0.09517,0.00000,1.00000,-0.00000,0.63525
104,102,1,0.17634,0.40000,0.09159,0.00000,1.00000,-0.00000,0.62256
105,102,1,0.17170,0.40000,0.08802,0.00000,1.00000,-0.00000,0.60205
106,102,1,0.16705,0.40000,0.08445,0.00000,1.00000,-0.00000,0.59375
107,102,1,0.16241,0.40000,0.08088,0.00000,1.00000,-0.00000,0.57520
108,102,1,0.15776,0.40000,0.07730,0.00000,1.00000,-0.00000,0.55957
109,102,1,0.15312,0.40000,0.07373,0.00000,1.00000,-0.00000,0.54346
110,102,1,0.14848,0.40000,0.07016,0.00000,1.00000,-0.00000,0.52295
111,102,1,0.14383,0.40000,0.06659,0.00000,1.00000,-0.00000,0.50342
112,102,1,0.13919,0.40000,0.06301,0.00000,1.00000,-0.00000,0.47998
113,102,1,0.13454,0.40000,0.05944,0.00000,1.00000,-0.00000,0.46387
114,102,1,0.12990,0.40000,0.05587,0.00000,1.00000,-0.00000,0.44189
115,102,1,0.12525,0.40000,0.05230,0.00000,1.00000,-0.00000,0.42090
116,102,1,0.12061,0.40000,0.04872,0.00000,1.00000,-0.00000,0.40186
117,102,1,0.11597,0.40000,0.04515,0.00000,1.00000,-0.00000,0.37500
118,102,1,0.11132,0.40000,0.04158,0.00000,1.00000,-0.00000,0.35254
119,102,1,0.10668,0.40000,0.03801,0.00000,1.00000,-0.00000,0.32568
120,102,1,0.10203,0.40000,0.03443,0.00000,1.00000,-0.00000,0.30469
121,102,1,0.09739,0.40000,0.03086,0.00000,1.00000,-0.00000,0.28516
122,102,1,0.09274,0.40000,0.02729,0.00000,1.00000,-0.00000,0.26318
123,102,1,0.08810,0.40000,0.02372,0.00000,1.00000,-0.00000,0.23779
124,102,1,0.08346,0.40000,0.02014,0.00000,1.00000,-0.00000,0.21289
125,102,1,0.07881,0.40000,0.01657,0.00000,1.00000,-0.00000,0.19336
126,102,1,0.07417,0.40000,0.01300,0.00000,1.00000,-0.00000,0.17139
127,102,1,0.06952,0.40000,0.00943,0.00000,1.00000,-0.00000,0.15283
128,102,1,0.06488,0.40000,0.00585,0.00000,1.00000,-0.00000,0.12939
129,102,1,0.06023,0.40000,0.00228,0.00000,1.00000,-0.00000,0.11475
130,102,2,0.09120,0.42849,-0.04759,0.45527,-0.85494,-0.23741,0.09570
131,102,2,0.09456,0.43489,-0.06156,0.47267,-0.82469,-0.30771,0.13770
132,102,2,0.09402,0.43817,-0.07047,0.47015,-0.80919,-0.35236,0.16260
133,102,2,0.09213,0.44038,-0.07762,0.46072,-0.79816,-0.38817,0.18359
134,102,2,0.08945,0.44195,-0.08375,0.44730,-0.79028,-0.41879,0.20068
135,102,2,0.08613,0.44301,-0.08905,0.43072,-0.78499,-0.44528,0.21436
136,102,2,0.08231,0.44367,-0.09369,0.41161,-0.78172,-0.46850,0.22266
137,102,2,0.07805,0.44397,-0.09776,0.39031,-0.78018,-0.48886,0.23486
138,102,2,0.07335,0.44393,-0.10126,0.36681,-0.78039,-0.50640,0.24219
139,102,2,0.06823,0.44355,-0.10421,0.34119,-0.78231,-0.52112,0.24463
140,102,2,0.06266,0.44281,-0.10658,0.31334,-0.78598,-0.53297,0.24219
141,102,2,0.05654,0.44163,-0.10824,0.28275,-0.79188,-0.54127,0.24463
142,102,2,0.04979,0.43995,-0.10908,0.24899,-0.80030,-0.54545,0.23438
143,102,2,0.04215,0.43755,-0.10875,0.21079,-0.81228,-0.54384,0.22070
144,102,2,0.03298,0.43393,-0.10644,0.16485,-0.82946,-0.53201,0.19629
145,102,1,-0.01407,0.40000,-0.05488,0.00012,0.99819,-0.00049,0.10498
146,102,1,-0.01872,0.40000,-0.05845,0.00000,1.00000,-0.00000,0.12598
147,102,1,-0.02336,0.40000,-0.06202,0.00000,1.00000,-0.00000,0.14209
148,102,1,-0.02801,0.40000,-0.06560,0.00000,1.00000,-0.00000,0.16406
149,102,1,-0.03265,0.40000,-0.06917,0.00000,1.00000,-0.00000,0.18262
150,102,1,-0.03730,0.40000,-0.07274,0.00000,1.00000,-0.00000,0.20605
151,102,1,-0.04194,0.40000,-0.07631,0.00000,1.00000,-0.00000,0.22607
152,102,1,-0.04658,0.40000,-0.07989,0.00000,1.00000,-0.00000,0.24658
153,102,1,-0.05123,0.40000,-0.08346,0.00000,1.00000,-0.00000,0.27441
154,102,1,-0.05587,0.40000,-0.08703,0.00000,1.00000,-0.00000,0.29688
155,102,1,-0.06052,0.40000,-0.09060,0.00000,1.00000,-0.00000,0.32129
156,102,1,-0.06516,0.40000,-0.09418,0.00000,1.00000,-0.00000,0.34521
157,102,1,-0.06981,0.40000,-0.09775,0.00000,1.00000,-0.00000,0.36523
158,102,1,-0.07445,0.40000,-0.10132,0.00000,1.00000,-0.00000,0.39160
159,102,1,-0.07909,0.40000,-0.10489,0.00000,1.00000,-0.00000,0.41553
160,102,1,-0.08374,0.40000,-0.10847,0.00000,1.00000,-0.00000,0.43896
161,102,1,-0.08838,0.40000,-0.11204,0.00000,1.00000,-0.00000,0.45703
162,102,1,-0.09303,0.40000,-0.11561,0.00000,1.00000,-0.00000,0.48340
163,102,1,-0.09767,0.40000,-0.11918,0.00000,1.00000,-0.00000,0.50146
164,102,1,-0.10232,0.40000,-0.12276,0.00000,1.00000,-0.00000,0.52051
165,102,1,-0.10696,0.40000,-0.12633,0.00000,1.00000,-0.00000,0.54297
166,102,1,-0.11160,0.40000,-0.12990,0.00000,1.00000,-0.00000,0.55908
167,102,1,-0.11625,0.40000,-0.13347,0.00000,1.00000,-0.00000,0.57959
168,102,1,-0.12089,0.40000,-0.13705,0.00000,1.00000,-0.00000,0.59814
169,102,1,-0.12554,0.40000,-0.14062,0.00000,1.00000,-0.00000,0.61328
170,102,1,-0.13018,0.40000,-0.14419,0.00000,1.00000,-0.00000,0.63232
171,102,1,-0.13483,0.40000,-0.14776,0.00000,1.00000,-0.00000,0.64355
172,102,1,-0.13947,0.40000,-0.15134,0.00000,1.00000,-0.00000,0.65967
173,102,1,-0.14411,0.40000,-0.15491,0.00000,1.00000,-0.00000,0.67627
174,102,1,-0.14876,0.40000,-0.15848,0.00000,1.00000,-0.00000,0.69141
175,102,1,-0.15340,0.40000,-0.16206,0.00000,1.00000,-0.00000,0.70068
176,102,1,-0.15805,0.40000,-0.16563,0.00000,1.00000,-0.00000,0.71240
177,102,1,-0.16269,0.40000,-0.16920,0.00000,1.00000,-0.00000,0.72607
178,102,1,-0.16734,0.40000,-0.17277,0.00000,1.00000,-0.00000,0.73975
179,102,1,-0.17198,0.40000,-0.17634,0.00000,1.00000,-0.00000,0.74609
180,102,1,-0.17662,0.40000,-0.17992,0.00000,1.00000,-0.00000,0.76123
181,102,1,-0.18127,0.40000,-0.18349,0.00000,1.00000,-0.00000,0.76758
182,102,1,-0.18591,0.40000,-0.18706,0.00000,1.00000,-0.00000,0.77783
183,102,1,-0.19056,0.40000,-0.19064,0.00000,1.00000,-0.00000,0.78711
184,102,1,-0.19520,0.40000,-0.19421,0.00000,1.00000,-0.00000,0.79492
185,102,1,-0.19985,0.40000,-0.19778,0.00000,0.99902,-0.00098,0.80762
62,103,3,0.46765,0.47048,0.11652,0.07059,0.88185,0.46620,0.97998
63,103,3,0.47142,0.47721,0.10201,0.08572,0.90889,0.40812,0.98096
64,103,3,0.47238,0.48169,0.09115,0.08956,0.92681,0.36469,0.97852
65,103,3,0.47203,0.48513,0.08199,0.08816,0.94054,0.32805,0.97803
66,103,3,0.47083,0.48789,0.07394,0.08338,0.95159,0.29584,0.97705
67,103,3,0.46905,0.49018,0.06664,0.07624,0.96076,0.26668,0.97363
68,103,3,0.46682,0.49211,0.05993,0.06735,0.96848,0.23982,0.97217
69,103,3,0.46421,0.49374,0.05372,0.05689,0.97497,0.21495,0.96875
70,103,3,0.46127,0.49510,0.04793,0.04511,0.98039,0.19183,0.96631
71,103,3,0.45802,0.49622,0.04254,0.03212,0.98487,0.17026,0.96436
72,103,3,0.45451,0.49712,0.03750,0.01803,0.98851,0.15010,0.96191
73,103,3,0.45074,0.49782,0.03279,0.00298,0.99134,0.13125,0.95703
74,103,3,0.44675,0.49835,0.02836,-0.01299,0.99344,0.11354,0.95508
75,103,3,0.44255,0.49870,0.02421,-0.02978,0.99486,0.09691,0.94824
76,103,3,0.43813,0.49888,0.02036,-0.04754,0.99554,0.08149,0.94678
77,103,3,0.43348,0.49888,0.01678,-0.06611,0.99555,0.06718,0.94043
78,103,3,0.42863,0.49871,0.01348,-0.08554,0.99487,0.05396,0.93457
79,103,3,0.42354,0.49836,0.01048,-0.10591,0.99350,0.04196,0.92725
80,103,3,0.41825,0.49784,0.00776,-0.12710,0.99141,0.03104,0.92188
81,103,3,0.41273,0.49714,0.00532,-0.14914,0.98859,0.02127,0.91504
82,103,3,0.40697,0.49624,0.00320,-0.17222,0.98498,0.01279,0.90771
83,103,3,0.40093,0.49513,0.00144,-0.19636,0.98051,0.00574,0.89795
84,103,3,0.39460,0.49378,0.00006,-0.22168,0.97512,0.00023,0.88672
85,103,3,0.38792,0.49215,-0.00087,-0.24840,0.96865,-0.00351,0.87695
86,103,3,0.38087,0.49023,-0.00132,-0.27661,0.96097,-0.00529,0.86328
87,103,3,0.37338,0.48795,-0.00118,-0.30659,0.95183,-0.00475,0.84961
88,103,3,0.36531,0.48521,-0.00031,-0.33883,0.94085,-0.00126,0.83594
89,103,3,0.35638,0.48178,0.00169,-0.37456,0.92718,0.00674,0.80908
90,103,3,0.34619,0.47734,0.00534,-0.41532,0.90942,0.02131,0.78369
91,103,3,0.33320,0.47067,0.01261,-0.46725,0.88269,0.05038,0.74756
92,103,1,0.20000,0.36782,0.17616,0.99928,0.00043,0.00001,0.55420
93,103,1,0.20000,0.37154,0.16655,1.00000,0.00000,-0.00000,0.54150
94,103,1,0.20000,0.37525,0.15694,1.00000,0.00000,-0.00000,0.52734
95,103,1,0.20000,0.37897,0.14733,1.00000,0.00000,-0.00000,0.51025
96,103,1,0.20000,0.38268,0.13772,1.00000,0.00000,-0.00000,0.49902
97,103,1,0.20000,0.38640,0.12811,1.00000,0.00000,-0.00000,0.48975
98,103,1,0.20000,0.39012,0.11850,1.00000,0.00000,-0.00000,0.47852
99,103,1,0.20000,0.39383,0.10889,1.00000,0.00000,-0.00000,0.47021
100,103,1,0.20000,0.39755,0.09928,1.00000,0.00000,-0.00000,0.45752
101,103,1,0.19842,0.40000,0.09172,0.00098,0.99902,-0.00000,0.66504
102,103,1,0.19378,0.40000,0.08815,0.00000,1.00000,-0.00000,0.65088
103,103,1,0.18913,0.40000,0.08457,0.00000,1.00000,-0.00000,0.64014
104,103,1,0.18449,0.40000,0.08100,0.00000,1.00000,-0.00000,0.62305
105,103,1,0.17985,0.40000,0.07743,0.00000,1.00000,-0.00000,0.61182
106,103,1,0.17520,0.40000,0.07386,0.00000,1.00000,-0.00000,0.59619
107,103,1,0.17056,0.40000,0.07028,0.00000,1.00000,-0.00000,0.58105
108,103,1,0.16591,0.40000,0.06671,0.00000,1.00000,-0.00000,0.56738
109,103,1,0.16127,0.40000,0.06314,0.00000,1.00000,-0.00000,0.54736
110,103,1,0.15662,0.40000,0.05957,0.00000,1.00000,-0.00000,0.53223
111,103,1,0.15198,0.40000,0.05599,0.00000,1.00000,-0.00000,0.51416
112,103,1,0.14734,0.40000,0.05242,0.00000,1.00000,-0.00000,0.49512
113,103,1,0.14269,0.40000,0.04885,0.00000,1.00000,-0.00000,0.47510
114,103,1,0.13805,0.40000,0.04528,0.00000,1.00000,-0.00000,0.45605
115,103,1,0.13340,0.40000,0.04170,0.00000,1.00000,-0.00000,0.43359
116,103,1,0.12876,0.40000,0.03813,0.00000,1.00000,-0.00000,0.41602
117,103,1,0.12411,0.40000,0.03456,0.00000,1.00000,-0.00000,0.39209
118,103,1,0.11947,0.40000,0.03098,0.00000,1.00000,-0.00000,0.37500
119,103,1,0.11483,0.40000,0.02741,0.00000,1.00000,-0.00000,0.35254
120,103,1,0.11018,0.40000,0.02384,0.00000,1.00000,-0.00000,0.32666
121,103,1,0.10554,0.40000,0.02027,0.00000,1.00000,-0.00000,0.30518
122,103,1,0.10089,0.40000,0.01670,0.00000,1.00000,-0.00000,0.28027
123,103,1,0.09625,0.40000,0.01312,0.00000,1.00000,-0.00000,0.26318
124,103,1,0.09160,0.40000,0.00955,0.00000,1.00000,-0.00000,0.24268
125,103,1,0.08696,0.40000,0.00598,0.00000,1.00000,-0.00000,0.21826
126,103,1,0.08232,0.40000,0.00240,0.00000,1.00000,-0.00000,0.20215
127,103,1,0.07767,0.40000,-0.00117,0.00000,1.00000,-0.00000,0.18164
128,103,1,0.07303,0.40000,-0.00474,0.00000,1.00000,-0.00000,0.16455
129,103,1,0.06838,0.40000,-0.00831,0.00000,1.00000,-0.00000,0.14795
130,103,1,0.06374,0.40000,-0.01189,0.00000,1.00000,-0.00000,0.12988
131,103,1,0.05909,0.40000,-0.01546,0.00000,1.00000,-0.00000,0.11670
132,103,1,0.05445,0.40000,-0.01903,0.00000,1.00000,-0.00000,0.10547
133,103,1,0.04981,0.40000,-0.02260,0.00000,1.00000,-0.00000,0.09619
134,103,1,0.04516,0.40000,-0.02618,0.00000,1.00000,-0.00000,0.08740
135,103,1,0.04052,0.40000,-0.02975,0.00000,1.00000,-0.00000,0.08105
136,103,1,0.03587,0.40000,-0.03332,0.00000,1.00000,-0.00000,0.07959
137,103,1,0.03123,0.40000,-0.03689,0.00000,1.00000,-0.00000,0.07568
138,103,1,0.02658,0.40000,-0.04047,0.00000,1.00000,-0.00000,0.07715
139,103,1,0.02194,0.40000,-0.04404,0.00000,1.00000,-0.00000,0.08154
140,103,1,0.01730,0.40000,-0.04761,0.00000,1.00000,-0.00000,0.08203
141,103,1,0.01265,0.40000,-0.05118,0.00000,1.00000,-0.00000,0.09326
142,103,1,0.00801,0.40000,-0.05476,0.00000,1.00000,-0.00000,0.10059
143,103,1,0.00336,0.40000,-0.05833,0.00000,1.00000,-0.00000,0.11133
144,103,1,-0.00128,0.40000,-0.06190,0.00000,1.00000,-0.00000,0.12354
145,103,1,-0.00593,0.40000,-0.06547,0.00000,1.00000,-0.00000,0.14160
146,103,1,-0.01057,0.40000,-0.06905,0.00000,1.00000,-0.00000,0.15479
147,103,1,-0.01521,0.40000,-0.07262,0.00000,1.00000,-0.00000,0.17236
148,103,1,-0.01986,0.40000,-0.07619,0.00000,1.00000,-0.00000,0.19189
149,103,1,-0.02450,0.40000,-0.07976,0.00000,1.00000,-0.00000,0.21045
150,103,1,-0.02915,0.40000,-0.08334,0.00000,1.00000,-0.00000,0.23242
151,103,1,-0.03379,0.40000,-0.08691,0.00000,1.00000,-0.00000,0.25049
152,103,1,-0.03844,0.40000,-0.09048,0.00000,1.00000,-0.00000,0.27441
153,103,1,-0.04308,0.40000,-0.09405,0.00000,1.00000,-0.00000,0.29688
154,103,1,-0.04772,0.40000,-0.09763,0.00000,1.00000,-0.00000,0.31885
155,103,1,-0.05237,0.40000,-0.10120,0.00000,1.00000,-0.00000,0.34229
156,103,1,-0.05701,0.40000,-0.10477,0.00000,1.00000,-0.00000,0.36475
157,103,1,-0.06166,0.40000,-0.10834,0.00000,1.00000,-0.00000,0.38623
158,103,1,-0.06630,0.40000,-0.11192,0.00000,1.00000,-0.00000,0.40869
159,103,1,-0.07095,0.40000,-0.11549,0.00000,1.00000,-0.00000,0.42920
160,103,1,-0.07559,0.40000,-0.11906,0.00000,1.00000,-0.00000,0.45166
161,103,1,-0.08023,0.40000,-0.12263,0.00000,1.00000,-0.00000,0.47266
162,103,1,-0.08488,0.40000,-0.12621,0.00000,1.00000,-0.00000,0.49268
163,103,1,-0.08952,0.40000,-0.12978,0.00000,1.00000,-0.00000,0.51465
164,103,1,-0.09417,0.40000,-0.13335,0.00000,1.00000,-0.00000,0.53271
165,103,1,-0.09881,0.40000,-0.13692,0.00000,1.00000,-0.00000,0.55420
166,103,1,-0.10346,0.40000,-0.14050,0.00000,1.00000,-0.00000,0.56982
167,103,1,-0.10810,0.40000,-0.14407,0.00000,1.00000,-0.00000,0.58691
168,103,1,-0.11274,0.40000,-0.14764,0.00000,1.00000,-0.00000,0.60498
169,103,1,-0.11739,0.40000,-0.15121,0.00000,1.00000,-0.00000,0.61963
170,103,1,-0.12203,0.40000,-0.15479,0.00000,1.00000,-0.00000,0.63623
171,103,1,-0.12668,0.40000,-0.15836,0.00000,1.00000,-0.00000,0.65234
172,103,1,-0.13132,0.40000,-0.16193,0.00000,1.00000,-0.00000,0.66699
173,103,1,-0.13597,0.40000,-0.16550,0.00000,1.00000,-0.00000,0.68115
174,103,1,-0.14061,0.40000,-0.16908,0.00000,1.00000,-0.00000,0.69385
175,103,1,-0.14525,0.40000,-0.17265,0.00000,1.00000,-0.00000,0.70459
176,103,1,-0.14990,0.40000,-0.17622,0.00000,1.00000,-0.00000,0.72314
177,103,1,-0.15454,0.40000,-0.17979,0.00000,1.00000,-0.00000,0.73145
178,103,1,-0.15919,0.40000,-0.18337,0.00000,1.00000,-0.00000,0.74268
179,103,1,-0.16383,0.40000,-0.18694,0.00000,1.00000,-0.00000,0.75000
180,103,1,-0.16848,0.40000,-0.19051,0.00000,1.00000,-0.00000,0.75781
181,103,1,-0.17312,0.40000,-0.19408,0.00000,1.00000,-0.00000,0.77344
182,103,1,-0.17776,0.40000,-0.19766,0.00000,0.99951,-0.00049,0.77979
183,103,1,-0.18335,0.39924,-0.20000,0.00000,0.00000,-1.00000,0.88379
184,103,1,-0.19075,0.39704,-0.20000,0.00000,0.00000,-1.00000,0.88623
185,103,1,-0.19814,0.39485,-0.20000,0.00000,0.00000,-1.00000,0.89062
60,104,3,0.48400,0.46961,0.11448,0.13603,0.87847,0.45803,0.98779
61,104,3,0.48687,0.47562,0.10114,0.14755,0.90250,0.40462,0.98633
62,104,3,0.48764,0.47995,0.09053,0.15061,0.91985,0.36220,0.98535
63,104,3,0.48735,0.48343,0.08130,0.14943,0.93373,0.32530,0.98535
64,104,3,0.48627,0.48629,0.07309,0.14516,0.94519,0.29246,0.98291
65,104,3,0.48468,0.48873,0.06555,0.13879,0.95496,0.26227,0.98193
66,104,3,0.48266,0.49083,0.05856,0.13072,0.96334,0.23430,0.98096
67,104,3,0.48027,0.49263,0.05207,0.12112,0.97053,0.20835,0.97949
68,104,3,0.47755,0.49417,0.04599,0.11024,0.97671,0.18402,0.97754
69,104,3,0.47456,0.49550,0.04027,0.09831,0.98204,0.16114,0.97461
70,104,3,0.47132,0.49662,0.03486,0.08535,0.98654,0.13954,0.97412
71,104,3,0.46785,0.49756,0.02976,0.07148,0.99031,0.11914,0.96973
72,104,3,0.46417,0.49833,0.02494,0.05675,0.99340,0.09983,0.96729
73,104,3,0.46029,0.49894,0.02038,0.04120,0.99583,0.08159,0.96484
74,104,3,0.45621,0.49939,0.01607,0.02490,0.99761,0.06436,0.96045
75,104,3,0.45195,0.49970,0.01199,0.00785,0.99880,0.04805,0.95898
76,104,3,0.44747,0.49983,0.00821,-0.01014,0.99939,0.03292,0.95410
77,104,3,0.44283,0.49984,0.00463,-0.02877,0.99940,0.01856,0.94971
78,104,3,0.43802,0.49971,0.00127,-0.04800,0.99882,0.00509,0.94434
79,104,3,0.43300,0.49940,-0.00181,-0.06809,0.99767,-0.00725,0.94043
80,104,3,0.42779,0.49895,-0.00465,-0.08892,0.99585,-0.01863,0.93359
81,104,3,0.42239,0.49835,-0.00724,-0.11052,0.99344,-0.02899,0.92725
82,104,3,0.41679,0.49758,-0.00957,-0.13293,0.99037,-0.03830,0.91992
83,104,3,0.41097,0.49664,-0.01162,-0.15618,0.98663,-0.04652,0.91211
84,104,3,0.40493,0.49552,-0.01337,-0.18036,0.98215,-0.05352,0.90430
85,104,3,0.39864,0.49420,-0.01480,-0.20555,0.97684,-0.05924,0.89551
86,104,3,0.39207,0.49267,-0.01588,-0.23179,0.97070,-0.06353,0.88428
87,104,3,0.38520,0.49088,-0.01655,-0.25929,0.96352,-0.06623,0.87256
88,104,3,0.37793,0.48879,-0.01671,-0.28837,0.95518,-0.06686,0.86084
89,104,3,0.37024,0.48635,-0.01633,-0.31913,0.94545,-0.06535,0.84326
90,104,3,0.36205,0.48351,-0.01528,-0.35187,0.93405,-0.06114,0.82422
91,104,3,0.35307,0.48004,-0.01322,-0.38783,0.92021,-0.05290,0.80469
92,104,3,0.34305,0.47575,-0.00981,-0.42787,0.90299,-0.03928,0.77686
93,104,3,0.33097,0.46979,-0.00371,-0.47620,0.87921,-0.01486,0.74072
94,104,1,0.20000,0.36873,0.15694,0.98400,0.00846,0.00059,0.51904
95,104,1,0.20000,0.37245,0.14733,1.00000,0.00000,-0.00000,0.50098
96,104,1,0.20000,0.37617,0.13772,1.00000,0.00000,-0.00000,0.48730
97,104,1,0.20000,0.37988,0.12811,1.00000,0.00000,-0.00000,0.47412
98,104,1,0.20000,0.38360,0.11850,1.00000,0.00000,-0.00000,0.46289
99,104,1,0.20000,0.38731,0.10889,1.00000,0.00000,-0.00000,0.44873
100,104,1,0.20000,0.39103,0.09928,1.00000,0.00000,-0.00000,0.44287
101,104,1,0.20000,0.39474,0.08967,1.00000,0.00000,-0.00000,0.44092
102,104,1,0.20000,0.39846,0.08006,1.00000,0.00000,-0.00000,0.42773
103,104,1,0.19728,0.40000,0.07398,0.00049,0.99951,-0.00000,0.64014
104,104,1,0.19264,0.40000,0.07041,0.00000,1.00000,-0.00000,0.63086
105,104,1,0.18799,0.40000,0.06683,0.00000,1.00000,-0.00000,0.61816
106,104,1,0.18335,0.40000,0.06326,0.00000,1.00000,-0.00000,0.60400
107,104,1,0.17871,0.40000,0.05969,0.00000,1.00000,-0.00000,0.58936
108,104,1,0.17406,0.40000,0.05612,0.00000,1.00000,-0.00000,0.57520
109,104,1,0.16942,0.40000,0.05254,0.00000,1.00000,-0.00000,0.56055
110,104,1,0.16477,0.40000,0.04897,0.00000,1.00000,-0.00000,0.54004
111,104,1,0.16013,0.40000,0.04540,0.00000,1.00000,-0.00000,0.52344
112,104,1,0.15548,0.40000,0.04183,0.00000,1.00000,-0.00000,0.50830
113,104,1,0.15084,0.40000,0.03825,0.00000,1.00000,-0.00000,0.49170
114,104,1,0.14620,0.40000,0.03468,0.00000,1.00000,-0.00000,0.46924
115,104,1,0.14155,0.40000,0.03111,0.00000,1.00000,-0.00000,0.45020
116,104,1,0.13691,0.40000,0.02754,0.00000,1.00000,-0.00000,0.43359
117,104,1,0.13226,0.40000,0.02396,0.00000,1.00000,-0.00000,0.41357
118,104,1,0.12762,0.40000,0.02039,0.00000,1.00000,-0.00000,0.39307
119,104,1,0.12297,0.40000,0.01682,0.00000,1.00000,-0.00000,0.36963
120,104,1,0.11833,0.40000,0.01325,0.00000,1.00000,-0.00000,0.35400
121,104,1,0.11369,0.40000,0.00967,0.00000,1.00000,-0.00000,0.33105
122,104,1,0.10904,0.40000,0.00610,0.00000,1.00000,-0.00000,0.31348
123,104,1,0.10440,0.40000,0.00253,0.00000,1.00000,-0.00000,0.29053
124,104,1,0.09975,0.40000,-0.00104,0.00000,1.00000,-0.00000,0.27148
125,104,1,0.09511,0.40000,-0.00462,0.00000,1.00000,-0.00000,0.25732
126,104,1,0.09047,0.40000,-0.00819,0.00000,1.00000,-0.00000,0.23535
127,104,1,0.08582,0.40000,-0.01176,0.00000,1.00000,-0.00000,0.21582
128,104,1,0.08118,0.40000,-0.01533,0.00000,1.00000,-0.00000,0.20264
129,104,1,0.07653,0.40000,-0.01891,0.00000,1.00000,-0.00000,0.18750
130,104,1,0.07189,0.40000,-0.02248,0.00000,1.00000,-0.00000,0.17188
131,104,1,0.06724,0.40000,-0.02605,0.00000,1.00000,-0.00000,0.15918
132,104,1,0.06260,0.40000,-0.02962,0.00000,1.00000,-0.00000,0.14844
133,104,1,0.05796,0.40000,-0.03320,0.00000,1.00000,-0.00000,0.14258
134,104,1,0.05331,0.40000,-0.03677,0.00000,1.00000,-0.00000,0.12988
135,104,1,0.04867,0.40000,-0.04034,0.00000,1.00000,-0.00000,0.12646
136,104,1,0.04402,0.40000,-0.04391,0.00000,1.00000,-0.00000,0.12451
137,104,1,0.03938,0.40000,-0.04749,0.00000,1.00000,-0.00000,0.12158
138,104,1,0.03473,0.40000,-0.05106,0.00000,1.00000,-0.00000,0.11719
139,104,1,0.03009,0.40000,-0.05463,0.00000,1.00000,-0.00000,0.12793
140,104,1,0.02544,0.40000,-0.05820,0.00000,1.00000,-0.00000,0.12939
141,104,1,0.02080,0.40000,-0.06178,0.00000,1.00000,-0.00000,0.13428
142,104,1,0.01616,0.40000,-0.06535,0.00000,1.00000,-0.00000,0.14160
143,104,1,0.01151,0.40000,-0.06892,0.00000,1.00000,-0.00000,0.15332
144,104,1,0.00687,0.40000,-0.07249,0.00000,1.00000,-0.00000,0.16553
145,104,1,0.00222,0.40000,-0.07607,0.00000,1.00000,-0.00000,0.17920
146,104,1,-0.00242,0.40000,-0.07964,0.00000,1.00000,-0.00000,0.19189
147,104,1,-0.00707,0.40000,-0.08321,0.00000,1.00000,-0.00000,0.21045
148,104,1,-0.01171,0.40000,-0.08678,0.00000,1.00000,-0.00000,0.22949
149,104,1,-0.01635,0.40000,-0.09036,0.00000,1.00000,-0.00000,0.24658
150,104,1,-0.02100,0.40000,-0.09393,0.00000,1.00000,-0.00000,0.26318
151,104,1,-0.02564,0.40000,-0.09750,0.00000,1.00000,-0.00000,0.28076
152,104,1,-0.03029,0.40000,-0.10107,0.00000,1.00000,-0.00000,0.30420
153,104,1,-0.03493,0.40000,-0.10465,0.00000,1.00000,-0.00000,0.32471
154,104,1,-0.03958,0.40000,-0.10822,0.00000,1.00000,-0.00000,0.34424
155,104,1,-0.04422,0.40000,-0.11179,0.00000,1.00000,-0.00000,0.36719
156,104,1,-0.04886,0.40000,-0.11536,0.00000,1.00000,-0.00000,0.39160
157,104,1,-0.05351,0.40000,-0.11894,0.00000,1.00000,-0.00000,0.41113
158,104,1,-0.05815,0.40000,-0.12251,0.00000,1.00000,-0.00000,0.43115
159,104,1,-0.06280,0.40000,-0.12608,0.00000,1.00000,-0.00000,0.44922
160,104,1,-0.06744,0.40000,-0.12965,0.00000,1.00000,-0.00000,0.47412
161,104,1,-0.07208,0.40000,-0.13323,0.00000,1.00000,-0.00000,0.48877
162,104,1,-0.07673,0.40000,-0.13680,0.00000,1.00000,-0.00000,0.51074
163,104,1,-0.08137,0.40000,-0.14037,0.00000,1.00000,-0.00000,0.52637
164,104,1,-0.08602,0.40000,-0.14394,0.00000,1.00000,-0.00000,0.54736
165,104,1,-0.09066,0.40000,-0.14752,0.00000,1.00000,-0.00000,0.56592
166,104,1,-0.09531,0.40000,-0.15109,0.00000,1.00000,-0.00000,0.58545
167,104,1,-0.09995,0.40000,-0.15466,0.00000,1.00000,-0.00000,0.60010
168,104,1,-0.10459,0.40000,-0.15823,0.00000,1.00000,-0.00000,0.61523
169,104,1,-0.10924,0.40000,-0.16181,0.00000,1.00000,-0.00000,0.63281
170,104,1,-0.11388,0.40000,-0.16538,0.00000,1.00000,-0.00000,0.64453
171,104,1,-0.11853,0.40000,-0.16895,0.00000,1.00000,-0.00000,0.66064
172,104,1,-0.12317,0.40000,-0.17253,0.00000,1.00000,-0.00000,0.67432
173,104,1,-0.12782,0.40000,-0.17610,0.00000,1.00000,-0.00000,0.68652
174,104,1,-0.13246,0.40000,-0.17967,0.00000,1.00000,-0.00000,0.70264
175,104,1,-0.13710,0.40000,-0.18324,0.00000,1.00000,-0.00000,0.71094
176,104,1,-0.14175,0.40000,-0.18682,0.00000,1.00000,-0.00000,0.72412
177,104,1,-0.14639,0.40000,-0.19039,0.00000,1.00000,-0.00000,0.73486
178,104,1,-0.15104,0.40000,-0.19396,0.00000,1.00000,-0.00000,0.74463
179,104,1,-0.15568,0.40000,-0.19753,0.00000,0.99951,-0.00049,0.75537
180,104,1,-0.16118,0.39932,-0.20000,0.00000,0.00049,-0.99951,0.86914
181,104,1,-0.16857,0.39712,-0.20000,0.00000,0.00000,-1.00000,0.87158
182,104,1,-0.17596,0.39492,-0.20000,0.00000,0.00000,-1.00000,0.87500
183,104,1,-0.18335,0.39272,-0.20000,0.00000,0.00000,-1.00000,0.87500
184,104,1,-0.19075,0.39053,-0.20000,0.00000,0.00000,-1.00000,0.87891
185,104,1,-0.19814,0.38833,-0.20000,0.00000,0.00000,-1.00000,0.88330
57,105,3,0.48459,0.45242,0.14254,0.13828,0.80892,0.56970,0.99072
58,105,3,0.49666,0.46579,0.11724,0.18671,0.86321,0.46904,0.99268
59,105,3,0.49978,0.47200,0.10358,0.19915,0.88802,0.41444,0.99219
60,105,3,0.50086,0.47658,0.09257,0.20349,0.90632,0.37037,0.99023
61,105,3,0.50081,0.48025,0.08302,0.20332,0.92105,0.33216,0.99023
62,105,3,0.50005,0.48336,0.07440,0.20026,0.93344,0.29765,0.98877
63,105,3,0.49869,0.48599,0.06655,0.19485,0.94398,0.26631,0.98877
64,105,3,0.49691,0.48828,0.05926,0.18773,0.95316,0.23712,0.98633
65,105,3,0.49477,0.49029,0.05243,0.17919,0.96118,0.20980,0.98633
66,105,3,0.49232,0.49204,0.04600,0.16937,0.96822,0.18407,0.98535
67,105,3,0.48960,0.49358,0.03993,0.15848,0.97435,0.15980,0.98193
68,105,3,0.48662,0.49491,0.03419,0.14658,0.97970,0.13683,0.98145
69,105,3,0.48342,0.49607,0.02874,0.13379,0.98432,0.11500,0.97900
70,105,3,0.48001,0.49706,0.02356,0.12016,0.98828,0.09431,0.97656
71,105,3,0.47641,0.49789,0.01864,0.10573,0.99158,0.07463,0.97412
72,105,3,0.47262,0.49857,0.01397,0.09054,0.99432,0.05591,0.97217
73,105,3,0.46864,0.49910,0.00952,0.07467,0.99647,0.03811,0.96924
74,105,3,0.46450,0.49950,0.00529,0.05810,0.99807,0.02120,0.96777
75,105,3,0.46020,0.49977,0.00129,0.04086,0.99915,0.00516,0.96387
76,105,3,0.45573,0.49992,-0.00253,0.02300,0.99966,-0.01014,0.95996
77,105,3,0.45109,0.49992,-0.00610,0.00441,0.99967,-0.02451,0.95654
78,105,3,0.44626,0.49978,-0.00944,-0.01498,0.99915,-0.03785,0.95264
79,105,3,0.44129,0.49951,-0.01258,-0.03491,0.99814,-0.05042,0.94824
80,105,3,0.43615,0.49912,-0.01551,-0.05549,0.99654,-0.06212,0.94189
81,105,3,0.43084,0.49858,-0.01821,-0.07673,0.99438,-0.07294,0.93652
82,105,3,0.42534,0.49790,-0.02069,-0.09868,0.99168,-0.08283,0.93213
83,105,3,0.41967,0.49708,-0.02292,-0.12140,0.98837,-0.09174,0.92627
84,105,3,0.41379,0.49610,-0.02489,-0.14491,0.98440,-0.09964,0.91650
85,105,3,0.40771,0.49495,-0.02660,-0.16923,0.97982,-0.10645,0.91113
86,105,3,0.40140,0.49361,-0.02800,-0.19447,0.97449,-0.11205,0.90137
87,105,3,0.39484,0.49208,-0.02909,-0.22070,0.96838,-0.11641,0.89160
88,105,3,0.38801,0.49033,-0.02982,-0.24802,0.96138,-0.11931,0.87695
89,105,3,0.38087,0.48833,-0.03014,-0.27663,0.95338,-0.12062,0.86621
90,105,3,0.37337,0.48605,-0.03000,-0.30662,0.94423,-0.12005,0.85303
91,105,3,0.36544,0.48343,-0.02931,-0.33829,0.93371,-0.11729,0.83545
92,105,3,0.35694,0.48034,-0.02787,-0.37232,0.92138,-0.11152,0.81396
93,105,3,0.34772,0.47667,-0.02549,-0.40922,0.90672,-0.10199,0.79199
94,105,3,0.33738,0.47212,-0.02166,-0.45057,0.88853,-0.08666,0.76172
95,105,3,0.32506,0.46598,-0.01526,-0.49983,0.86397,-0.06107,0.72314
96,105,3,0.30472,0.45342,0.00159,-0.58117,0.81375,0.00625,0.65088
97,105,1,0.20000,0.37336,0.12811,1.00000,0.00000,-0.00000,0.45898
98,105,1,0.20000,0.37708,0.11850,1.00000,0.00000,-0.00000,0.44727
99,105,1,0.20000,0.38079,0.10889,1.00000,0.00000,-0.00000,0.43799
100,105,1,0.20000,0.38451,0.09928,1.00000,0.00000,-0.00000,0.42773
101,105,1,0.20000,0.38822,0.08967,1.00000,0.00000,-0.00000,0.41699
102,105,1,0.20000,0.39194,0.08006,1.00000,0.00000,-0.00000,0.41504
103,105,1,0.20000,0.39565,0.07045,1.00000,0.00000,-0.00000,0.40869
104,105,1,0.20000,0.39937,0.06084,1.00000,0.00000,-0.00000,0.40625
105,105,1,0.19614,0.40000,0.05624,0.00000,1.00000,-0.00000,0.62549
106,105,1,0.19150,0.40000,0.05267,0.00000,1.00000,-0.00000,0.61328
107,105,1,0.18686,0.40000,0.04910,0.00000,1.00000,-0.00000,0.59863
108,105,1,0.18221,0.40000,0.04552,0.00000,1.00000,-0.00000,0.58496
109,105,1,0.17757,0.40000,0.04195,0.00000,1.00000,-0.00000,0.57471
110,105,1,0.17292,0.40000,0.03838,0.00000,1.00000,-0.00000,0.55811
111,105,1,0.16828,0.40000,0.03481,0.00000,1.00000,-0.00000,0.54248
112,105,1,0.16363,0.40000,0.03123,0.00000,1.00000,-0.00000,0.52490
113,105,1,0.15899,0.40000,0.02766,0.00000,1.00000,-0.00000,0.50928
114,105,1,0.15435,0.40000,0.02409,0.00000,1.00000,-0.00000,0.49365
115,105,1,0.14970,0.40000,0.02052,0.00000,1.00000,-0.00000,0.47510
116,105,1,0.14506,0.40000,0.01694,0.00000,1.00000,-0.00000,0.45410
117,105,1,0.14041,0.40000,0.01337,0.00000,1.00000,-0.00000,0.43701
118,105,1,0.13577,0.40000,0.00980,0.00000,1.00000,-0.00000,0.41895
119,105,1,0.13112,0.40000,0.00623,0.00000,1.00000,-0.00000,0.40332
120,105,1,0.12648,0.40000,0.00265,0.00000,1.00000,-0.00000,0.38184
121,105,1,0.12184,0.40000,-0.00092,0.00000,1.00000,-0.00000,0.36377
122,105,1,0.11719,0.40000,-0.00449,0.00000,1.00000,-0.00000,0.34717
123,105,1,0.11255,0.40000,-0.00806,0.00000,1.00000,-0.00000,0.33008
124,105,1,0.10790,0.40000,-0.01164,0.00000,1.00000,-0.00000,0.30908
125,105,1,0.10326,0.40000,-0.01521,0.00000,1.00000,-0.00000,0.29443
126,105,1,0.09861,0.40000,-0.01878,0.00000,1.00000,-0.00000,0.27637
127,105,1,0.09397,0.40000,-0.02236,0.00000,1.00000,-0.00000,0.26074
128,105,1,0.08933,0.40000,-0.02593,0.00000,1.00000,-0.00000,0.24609
129,105,1,0.08468,0.40000,-0.02950,0.00000,1.00000,-0.00000,0.22754
130,105,1,0.08004,0.40000,-0.03307,0.00000,1.00000,-0.00000,0.21680
131,105,1,0.07539,0.40000,-0.03664,0.00000,1.00000,-0.00000,0.20654
132,105,1,0.07075,0.40000,-0.04022,0.00000,1.00000,-0.00000,0.19922
133,105,1,0.06610,0.40000,-0.04379,0.00000,1.00000,-0.00000,0.18896
134,105,1,0.06146,0.40000,-0.04736,0.00000,1.00000,-0.00000,0.18164
135,105,1,0.05682,0.40000,-0.05094,0.00000,1.00000,-0.00000,0.17578
136,105,1,0.05217,0.40000,-0.05451,0.00000,1.00000,-0.00000,0.17529
137,105,1,0.04753,0.40000,-0.05808,0.00000,1.00000,-0.00000,0.17188
138,105,1,0.04288,0.40000,-0.06165,0.00000,1.00000,-0.00000,0.17432
139,105,1,0.03824,0.40000,-0.06523,0.00000,1.00000,-0.00000,0.17236
140,105,1,0.03359,0.40000,-0.06880,0.00000,1.00000,-0.00000,0.18164
141,105,1,0.02895,0.40000,-0.07237,0.00000,1.00000,-0.00000,0.18701
142,105,1,0.02431,0.40000,-0.07594,0.00000,1.00000,-0.00000,0.19189
143,105,1,0.01966,0.40000,-0.07952,0.00000,1.00000,-0.00000,0.20166
144,105,1,0.01502,0.40000,-0.08309,0.00000,1.00000,-0.00000,0.21533
145,105,1,0.01037,0.40000,-0.08666,0.00000,1.00000,-0.00000,0.22656
146,105,1,0.00573,0.40000,-0.09023,0.00000,1.00000,-0.00000,0.24023
147,105,1,0.00108,0.40000,-0.09381,0.00000,1.00000,-0.00000,0.25342
148,105,1,-0.00356,0.40000,-0.09738,0.00000,1.00000,-0.00000,0.27148
149,105,1,-0.00820,0.40000,-0.10095,0.00000,1.00000,-0.00000,0.28809
150,105,1,-0.01285,0.40000,-0.10452,0.00000,1.00000,-0.00000,0.30615
151,105,1,-0.01749,0.40000,-0.10810,0.00000,1.00000,-0.00000,0.32080
152,105,1,-0.02214,0.40000,-0.11167,0.00000,1.00000,-0.00000,0.34033
153,105,1,-0.02678,0.40000,-0.11524,0.00000,1.00000,-0.00000,0.35889
154,105,1,-0.03143,0.40000,-0.11881,0.00000,1.00000,-0.00000,0.37793
155,105,1,-0.03607,0.40000,-0.12239,0.00000,1.00000,-0.00000,0.39746
156,105,1,-0.04071,0.40000,-0.12596,0.00000,1.00000,-0.00000,0.41895
157,105,1,-0.04536,0.40000,-0.12953,0.00000,1.00000,-0.00000,0.43701
158,105,1,-0.05000,0.40000,-0.13310,0.00000,1.00000,-0.00000,0.45703
159,105,1,-0.05465,0.40000,-0.13668,0.00000,1.00000,-0.00000,0.47607
160,105,1,-0.05929,0.40000,-0.14025,0.00000,1.00000,-0.00000,0.49463
161,105,1,-0.06394,0.40000,-0.14382,0.00000,1.00000,-0.00000,0.51221
162,105,1,-0.06858,0.40000,-0.14739,0.00000,1.00000,-0.00000,0.52734
163,105,1,-0.07322,0.40000,-0.15097,0.00000,1.00000,-0.00000,0.54736
164,105,1,-0.07787,0.40000,-0.15454,0.00000,1.00000,-0.00000,0.56494
165,105,1,-0.08251,0.40000,-0.15811,0.00000,1.00000,-0.00000,0.58105
166,105,1,-0.08716,0.40000,-0.16168,0.00000,1.00000,-0.00000,0.59814
167,105,1,-0.09180,0.40000,-0.16526,0.00000,1.00000,-0.00000,0.61084
168,105,1,-0.09645,0.40000,-0.16883,0.00000,1.00000,-0.00000,0.62988
169,105,1,-0.10109,0.40000,-0.17240,0.00000,1.00000,-0.00000,0.64502
170,105,1,-0.10573,0.40000,-0.17597,0.00000,1.00000,-0.00000,0.65869
171,105,1,-0.11038,0.40000,-0.17955,0.00000,1.00000,-0.00000,0.67285
172,105,1,-0.11502,0.40000,-0.18312,0.00000,1.00000,-0.00000,0.68115
173,105,1,-0.11967,0.40000,-0.18669,0.00000,1.00000,-0.00000,0.69873
174,105,1,-0.12431,0.40000,-0.19026,0.00000,1.00000,-0.00000,0.71045
175,105,1,-0.12896,0.40000,-0.19384,0.00000,1.00000,-0.00000,0.71924
176,105,1,-0.13360,0.40000,-0.19741,0.00000,0.99951,-0.00049,0.73193
177,105,1,-0.13900,0.39940,-0.20000,0.00000,0.00049,-0.99951,0.85205
178,105,1,-0.14639,0.39720,-0.20000,0.00000,0.00000,-1.00000,0.85547
179,105,1,-0.15378,0.39500,-0.20000,0.00000,0.00000,-1.00000,0.86182
180,105,1,-0.16118,0.39280,-0.20000,0.00000,0.00000,-1.00000,0.86230
181,105,1,-0.16857,0.39060,-0.20000,0.00000,0.00000,-1.00000,0.86621
182,105,1,-0.17596,0.38840,-0.20000,0.00000,0.00000,-1.00000,0.86914
183,105,1,-0.18335,0.38621,-0.20000,0.00000,0.00000,-1.00000,0.87500
184,105,1,-0.19075,0.38401,-0.20000,0.00000,0.00000,-1.00000,0.87646
185,105,1,-0.19814,0.38181,-0.20000,0.00000,0.00000,-1.00000,0.88037
56,106,3,0.50668,0.45985,0.12344,0.22678,0.83945,0.49386,0.99463
57,106,3,0.51079,0.46686,0.10848,0.24324,0.86745,0.43402,0.99414
58,106,3,0.51243,0.47188,0.09675,0.24979,0.88756,0.38709,0.99365
59,106,3,0.51286,0.47595,0.08657,0.25150,0.90377,0.34635,0.99365
60,106,3,0.51242,0.47931,0.07753,0.24978,0.91726,0.31023,0.99316
61,106,3,0.51141,0.48222,0.06924,0.24572,0.92892,0.27702,0.99170
62,106,3,0.50994,0.48476,0.06153,0.23985,0.93908,0.24618,0.99219
63,106,3,0.50810,0.48700,0.05433,0.23248,0.94800,0.21736,0.99072
64,106,3,0.50592,0.48897,0.04754,0.22378,0.95590,0.19024,0.98975
65,106,3,0.50346,0.49072,0.04113,0.21395,0.96288,0.16459,0.98926
66,106,3,0.50075,0.49226,0.03505,0.20307,0.96908,0.14026,0.98877
67,106,3,0.49780,0.49362,0.02927,0.19131,0.97450,0.11712,0.98633
68,106,3,0.49465,0.49481,0.02376,0.17869,0.97930,0.09507,0.98340
69,106,3,0.49130,0.49585,0.01850,0.16531,0.98346,0.07404,0.98291
70,106,3,0.48777,0.49674,0.01348,0.15121,0.98704,0.05394,0.98047
71,106,3,0.48408,0.49750,0.00868,0.13642,0.99003,0.03472,0.97900
72,106,3,0.48022,0.49813,0.00408,0.12097,0.99254,0.01632,0.97754
73,106,3,0.47617,0.49861,-0.00027,0.10480,0.99450,-0.00112,0.97510
74,106,3,0.47199,0.49897,-0.00444,0.08806,0.99597,-0.01778,0.97217
75,106,3,0.46765,0.49922,-0.00841,0.07069,0.99694,-0.03371,0.96729
76,106,3,0.46316,0.49935,-0.01219,0.05272,0.99743,-0.04885,0.96533
77,106,3,0.45852,0.49935,-0.01577,0.03416,0.99743,-0.06317,0.96191
78,106,3,0.45372,0.49923,-0.01914,0.01492,0.99695,-0.07667,0.95898
79,106,3,0.44877,0.49898,-0.02231,-0.00489,0.99598,-0.08936,0.95459
80,106,3,0.44368,0.49862,-0.02530,-0.02531,0.99452,-0.10129,0.95166
81,106,3,0.43844,0.49814,-0.02810,-0.04630,0.99256,-0.11247,0.94531
82,106,3,0.43301,0.49752,-0.03065,-0.06800,0.99011,-0.12268,0.93994
83,106,3,0.42742,0.49676,-0.03300,-0.09036,0.98710,-0.13209,0.93506
84,106,3,0.42166,0.49587,-0.03513,-0.11340,0.98354,-0.14059,0.92822
85,106,3,0.41573,0.49484,-0.03702,-0.13714,0.97939,-0.14816,0.92383
86,106,3,0.40960,0.49365,-0.03866,-0.16166,0.97463,-0.15473,0.91504
87,106,3,0.40326,0.49230,-0.04003,-0.18700,0.96922,-0.16019,0.90527
88,106,3,0.39669,0.49076,-0.04110,-0.21331,0.96303,-0.16450,0.89453
89,106,3,0.38987,0.48902,-0.04184,-0.24057,0.95607,-0.16743,0.88525
90,106,3,0.38277,0.48705,-0.04222,-0.26901,0.94822,-0.16892,0.87305
91,106,3,0.37533,0.48482,-0.04217,-0.29874,0.93931,-0.16874,0.85986
92,106,3,0.36752,0.48228,-0.04162,-0.32997,0.92919,-0.16654,0.84277
93,106,3,0.35926,0.47939,-0.04048,-0.36306,0.91758,-0.16200,0.82471
94,106,3,0.35043,0.47604,-0.03862,-0.39832,0.90414,-0.15450,0.80127
95,106,3,0.34072,0.47199,-0.03561,-0.43717,0.88801,-0.14252,0.77734
96,106,3,0.32984,0.46700,-0.03107,-0.48072,0.86802,-0.12434,0.74170
97,106,3,0.31655,0.46008,-0.02340,-0.53389,0.84035,-0.09366,0.69531
98,106,1,0.20000,0.37056,0.11850,0.99768,0.00118,-0.00008,0.43213
99,106,1,0.20000,0.37427,0.10889,1.00000,0.00000,-0.00000,0.41455
100,106,1,0.20000,0.37799,0.09928,1.00000,0.00000,-0.00000,0.40869
101,106,1,0.20000,0.38170,0.08967,1.00000,0.00000,-0.00000,0.40039
102,106,1,0.20000,0.38542,0.08006,1.00000,0.00000,-0.00000,0.39502
103,106,1,0.20000,0.38914,0.07045,1.00000,0.00000,-0.00000,0.38867
104,106,1,0.20000,0.39285,0.06084,1.00000,0.00000,-0.00000,0.38525
105,106,1,0.20000,0.39657,0.05123,1.00000,0.00000,-0.00000,0.38525
106,106,1,0.19965,0.40000,0.04207,0.00195,0.99805,-0.00000,0.62305
107,106,1,0.19500,0.40000,0.03850,0.00000,1.00000,-0.00000,0.60742
108,106,1,0.19036,0.40000,0.03493,0.00000,1.00000,-0.00000,0.59521
109,106,1,0.18572,0.40000,0.03136,0.00000,1.00000,-0.00000,0.58447
110,106,1,0.18107,0.40000,0.02778,0.00000,1.00000,-0.00000,0.57471
111,106,1,0.17643,0.40000,0.02421,0.00000,1.00000,-0.00000,0.55615
112,106,1,0.17178,0.40000,0.02064,0.00000,1.00000,-0.00000,0.54199
113,106,1,0.16714,0.40000,0.01707,0.00000,1.00000,-0.00000,0.52979
114,106,1,0.16249,0.40000,0.01349,0.00000,1.00000,-0.00000,0.51367
115,106,1,0.15785,0.40000,0.00992,0.00000,1.00000,-0.00000,0.49756
116,106,1,0.15321,0.40000,0.00635,0.00000,1.00000,-0.00000,0.48242
117,106,1,0.14856,0.40000,0.00278,0.00000,1.00000,-0.00000,0.46680
118,106,1,0.14392,0.40000,-0.00080,0.00000,1.00000,-0.00000,0.44971
119,106,1,0.13927,0.40000,-0.00437,0.00000,1.00000,-0.00000,0.42822
120,106,1,0.13463,0.40000,-0.00794,0.00000,1.00000,-0.00000,0.41699
121,106,1,0.12998,0.40000,-0.01151,0.00000,1.00000,-0.00000,0.39600
122,106,1,0.12534,0.40000,-0.01509,0.00000,1.00000,-0.00000,0.38477
123,106,1,0.12070,0.40000,-0.01866,0.00000,1.00000,-0.00000,0.36719
124,106,1,0.11605,0.40000,-0.02223,0.00000,1.00000,-0.00000,0.34863
125,106,1,0.11141,0.40000,-0.02580,0.00000,1.00000,-0.00000,0.33350
126,106,1,0.10676,0.40000,-0.02938,0.00000,1.00000,-0.00000,0.32080
127,106,1,0.10212,0.40000,-0.03295,0.00000,1.00000,-0.00000,0.30518
128,106,1,0.09747,0.40000,-0.03652,0.00000,1.00000,-0.00000,0.29199
129,106,1,0.09283,0.40000,-0.04009,0.00000,1.00000,-0.00000,0.27832
130,106,1,0.08819,0.40000,-0.04367,0.00000,1.00000,-0.00000,0.26416
131,106,1,0.08354,0.40000,-0.04724,0.00000,1.00000,-0.00000,0.25879
132,106,1,0.07890,0.40000,-0.05081,0.00000,1.00000,-0.00000,0.24951
133,106,1,0.07425,0.40000,-0.05438,0.00000,1.00000,-0.00000,0.24268
134,106,1,0.06961,0.40000,-0.05796,0.00000,1.00000,-0.00000,0.23340
135,106,1,0.06496,0.40000,-0.06153,0.00000,1.00000,-0.00000,0.23340
136,106,1,0.06032,0.40000,-0.06510,0.00000,1.00000,-0.00000,0.22900
137,106,1,0.05568,0.40000,-0.06867,0.00000,1.00000,-0.00000,0.22705
138,106,1,0.05103,0.40000,-0.07225,0.00000,1.00000,-0.00000,0.22949
139,106,1,0.04639,0.40000,-0.07582,0.00000,1.00000,-0.00000,0.23096
140,106,1,0.04174,0.40000,-0.07939,0.00000,1.00000,-0.00000,0.23486
141,106,1,0.03710,0.40000,-0.08296,0.00000,1.00000,-0.00000,0.24121
142,106,1,0.03245,0.40000,-0.08654,0.00000,1.00000,-0.00000,0.24609
143,106,1,0.02781,0.40000,-0.09011,0.00000,1.00000,-0.00000,0.25293
144,106,1,0.02317,0.40000,-0.09368,0.00000,1.00000,-0.00000,0.26611
145,106,1,0.01852,0.40000,-0.09725,0.00000,1.00000,-0.00000,0.27393
146,106,1,0.01388,0.40000,-0.10083,0.00000,1.00000,-0.00000,0.28662
147,106,1,0.00923,0.40000,-0.10440,0.00000,1.00000,-0.00000,0.29932
148,106,1,0.00459,0.40000,-0.10797,0.00000,1.00000,-0.00000,0.31641
149,106,1,-0.00006,0.40000,-0.11154,0.00000,1.00000,-0.00000,0.32764
150,106,1,-0.00470,0.40000,-0.11512,0.00000,1.00000,-0.00000,0.34473
151,106,1,-0.00934,0.40000,-0.11869,0.00000,1.00000,-0.00000,0.36035
152,106,1,-0.01399,0.40000,-0.12226,0.00000,1.00000,-0.00000,0.37695
153,106,1,-0.01863,0.40000,-0.12583,0.00000,1.00000,-0.00000,0.39844
154,106,1,-0.02328,0.40000,-0.12941,0.00000,1.00000,-0.00000,0.41309
155,106,1,-0.02792,0.40000,-0.13298,0.00000,1.00000,-0.00000,0.43262
156,106,1,-0.03257,0.40000,-0.13655,0.00000,1.00000,-0.00000,0.44775
157,106,1,-0.03721,0.40000,-0.14012,0.00000,1.00000,-0.00000,0.46582
158,106,1,-0.04185,0.40000,-0.14370,0.00000,1.00000,-0.00000,0.48584
159,106,1,-0.04650,0.40000,-0.14727,0.00000,1.00000,-0.00000,0.49854
160,106,1,-0.05114,0.40000,-0.15084,0.00000,1.00000,-0.00000,0.51660
161,106,1,-0.05579,0.40000,-0.15441,0.00000,1.00000,-0.00000,0.53076
162,106,1,-0.06043,0.40000,-0.15799,0.00000,1.00000,-0.00000,0.55469
163,106,1,-0.06508,0.40000,-0.16156,0.00000,1.00000,-0.00000,0.56885
164,106,1,-0.06972,0.40000,-0.16513,0.00000,1.00000,-0.00000,0.58252
165,106,1,-0.07436,0.40000,-0.16870,0.00000,1.00000,-0.00000,0.60254
166,106,1,-0.07901,0.40000,-0.17228,0.00000,1.00000,-0.00000,0.61670
167,106,1,-0.08365,0.40000,-0.17585,0.00000,1.00000,-0.00000,0.62939
168,106,1,-0.08830,0.40000,-0.17942,0.00000,1.00000,-0.00000,0.64062
169,106,1,-0.09294,0.40000,-0.18299,0.00000,1.00000,-0.00000,0.65674
170,106,1,-0.09759,0.40000,-0.18657,0.00000,1.00000,-0.00000,0.67041
171,106,1,-0.10223,0.40000,-0.19014,0.00000,1.00000,-0.00000,0.68457
172,106,1,-0.10687,0.40000,-0.19371,0.00000,1.00000,-0.00000,0.69922
173,106,1,-0.11152,0.40000,-0.19729,0.00000,0.99951,-0.00049,0.70801
174,106,1,-0.11682,0.39947,-0.20000,0.00000,0.00049,-0.99951,0.84082
175,106,1,-0.12421,0.39727,-0.20000,0.00000,0.00000,-1.00000,0.84180
176,106,1,-0.13161,0.39508,-0.20000,0.00000,0.00000,-1.00000,0.84326
177,106,1,-0.13900,0.39288,-0.20000,0.00000,0.00000,-1.00000,0.84375
178,106,1,-0.14639,0.39068,-0.20000,0.00000,0.00000,-1.00000,0.84961
179,106,1,-0.15378,0.38848,-0.20000,0.00000,0.00000,-1.00000,0.85400
180,106,1,-0.16118,0.38628,-0.20000,0.00000,0.00000,-1.00000,0.85449
181,106,1,-0.16857,0.38408,-0.20000,0.00000,0.00000,-1.00000,0.85889
182,106,1,-0.17596,0.38188,-0.20000,0.00000,0.00000,-1.00000,0.86328
183,106,1,-0.18335,0.37969,-0.20000,0.00000,0.00000,-1.00000,0.87109
184,106,1,-0.19075,0.37749,-0.20000,0.00000,0.00000,-1.00000,0.87109
185,106,1,-0.19814,0.37529,-0.20000,0.00000,0.00000,-1.00000,0.87646
61,107,3,0.52037,0.48286,0.05759,0.28155,0.93148,0.23039,0.99414
62,107,3,0.51849,0.48508,0.05042,0.27408,0.94031,0.20175,0.99365
63,107,3,0.51631,0.48705,0.04365,0.26534,0.94821,0.17465,0.99268
64,107,3,0.51387,0.48881,0.03722,0.25556,0.95525,0.14892,0.99121
65,107,3,0.51118,0.49038,0.03109,0.24484,0.96155,0.12442,0.99170
66,107,3,0.50829,0.49178,0.02525,0.23326,0.96716,0.10103,0.98975
67,107,3,0.50520,0.49302,0.01965,0.22091,0.97213,0.07866,0.98828
68,107,3,0.50193,0.49412,0.01429,0.20784,0.97648,0.05721,0.98779
69,107,3,0.49848,0.49508,0.00917,0.19402,0.98033,0.03667,0.98584
70,107,3,0.49485,0.49589,0.00427,0.17953,0.98362,0.01709,0.98389
71,107,3,0.49108,0.49659,-0.00043,0.16444,0.98638,-0.00175,0.98242
72,107,3,0.48716,0.49716,-0.00495,0.14873,0.98866,-0.01979,0.98145
73,107,3,0.48307,0.49761,-0.00925,0.13241,0.99049,-0.03701,0.97803
74,107,3,0.47886,0.49796,-0.01338,0.11554,0.99184,-0.05356,0.97656
75,107,3,0.47450,0.49819,-0.01732,0.09810,0.99277,-0.06936,0.97217
76,107,3,0.46999,0.49829,-0.02107,0.08004,0.99321,-0.08436,0.96973
77,107,3,0.46535,0.49829,-0.02464,0.06147,0.99322,-0.09866,0.96826
78,107,3,0.46057,0.49819,-0.02805,0.04234,0.99279,-0.11229,0.96484
79,107,3,0.45565,0.49796,-0.03125,0.02261,0.99189,-0.12512,0.96143
80,107,3,0.45058,0.49762,-0.03427,0.00232,0.99055,-0.13719,0.95752
81,107,3,0.44538,0.49718,-0.03712,-0.01849,0.98874,-0.14857,0.95361
82,107,3,0.44001,0.49660,-0.03975,-0.03999,0.98645,-0.15914,0.95020
83,107,3,0.43450,0.49591,-0.04220,-0.06203,0.98366,-0.16891,0.94336
84,107,3,0.42884,0.49510,-0.04446,-0.08463,0.98039,-0.17794,0.93848
85,107,3,0.42300,0.49414,-0.04648,-0.10800,0.97658,-0.18600,0.93164
86,107,3,0.41699,0.49305,-0.04827,-0.13209,0.97224,-0.19316,0.92480
87,107,3,0.41080,0.49181,-0.04983,-0.15688,0.96728,-0.19941,0.91650
88,107,3,0.40441,0.49041,-0.05113,-0.18243,0.96168,-0.20462,0.90820
89,107,3,0.39781,0.48885,-0.05217,-0.20881,0.95543,-0.20874,0.89990
90,107,3,0.39097,0.48709,-0.05289,-0.23615,0.94838,-0.21162,0.88867
91,107,3,0.38387,0.48513,-0.05326,-0.26456,0.94054,-0.21311,0.87939
92,107,3,0.37647,0.48292,-0.05325,-0.29421,0.93168,-0.21307,0.86719
93,107,3,0.36871,0.48043,-0.05278,-0.32521,0.92176,-0.21118,0.84961
94,107,3,0.36054,0.47761,-0.05177,-0.35792,0.91049,-0.20715,0.83252
95,107,3,0.35187,0.47439,-0.05010,-0.39259,0.89759,-0.20048,0.81152
96,107,3,0.34256,0.47065,-0.04760,-0.42981,0.88260,-0.19045,0.78760
97,107,3,0.33222,0.46610,-0.04378,-0.47120,0.86445,-0.17519,0.75439
98,107,3,0.32039,0.46035,-0.03800,-0.51854,0.84142,-0.15207,0.71143
99,107,3,0.30498,0.45174,-0.02758,-0.58015,0.80700,-0.11038,0.65479
100,107,1,0.20000,0.37147,0.09928,1.00000,0.00000,-0.00000,0.39209
101,107,1,0.20000,0.37518,0.08967,1.00000,0.00000,-0.00000,0.38330
102,107,1,0.20000,0.37890,0.08006,1.00000,0.00000,-0.00000,0.37549
103,107,1,0.20000,0.38262,0.07045,1.00000,0.00000,-0.00000,0.37061
104,107,1,0.20000,0.38633,0.06084,1.00000,0.00000,-0.00000,0.36523
105,107,1,0.20000,0.39005,0.05123,1.00000,0.00000,-0.00000,0.36572
106,107,1,0.20000,0.39376,0.04162,1.00000,0.00000,-0.00000,0.36865
107,107,1,0.20000,0.39748,0.03201,1.00000,0.00000,-0.00000,0.37305
108,107,1,0.19851,0.40000,0.02434,0.00146,0.99854,-0.00000,0.61084
109,107,1,0.19386,0.40000,0.02076,0.00000,1.00000,-0.00000,0.60107
110,107,1,0.18922,0.40000,0.01719,0.00000,1.00000,-0.00000,0.58740
111,107,1,0.18458,0.40000,0.01362,0.00000,1.00000,-0.00000,0.57715
112,107,1,0.17993,0.40000,0.01005,0.00000,1.00000,-0.00000,0.56396
113,107,1,0.17529,0.40000,0.00647,0.00000,1.00000,-0.00000,0.55078
114,107,1,0.17064,0.40000,0.00290,0.00000,1.00000,-0.00000,0.53613
115,107,1,0.16600,0.40000,-0.00067,0.00000,1.00000,-0.00000,0.52148
116,107,1,0.16135,0.40000,-0.00424,0.00000,1.00000,-0.00000,0.50781
117,107,1,0.15671,0.40000,-0.00782,0.00000,1.00000,-0.00000,0.49170
118,107,1,0.15207,0.40000,-0.01139,0.00000,1.00000,-0.00000,0.48096
119,107,1,0.14742,0.40000,-0.01496,0.00000,1.00000,-0.00000,0.46045
120,107,1,0.14278,0.40000,-0.01853,0.00000,1.00000,-0.00000,0.44873
121,107,1,0.13813,0.40000,-0.02211,0.00000,1.00000,-0.00000,0.43359
122,107,1,0.13349,0.40000,-0.02568,0.00000,1.00000,-0.00000,0.41504
123,107,1,0.12884,0.40000,-0.02925,0.00000,1.00000,-0.00000,0.40234
124,107,1,0.12420,0.40000,-0.03283,0.00000,1.00000,-0.00000,0.39307
125,107,1,0.11956,0.40000,-0.03640,0.00000,1.00000,-0.00000,0.37939
126,107,1,0.11491,0.40000,-0.03997,0.00000,1.00000,-0.00000,0.36572
127,107,1,0.11027,0.40000,-0.04354,0.00000,1.00000,-0.00000,0.35254
128,107,1,0.10562,0.40000,-0.04711,0.00000,1.00000,-0.00000,0.33984
129,107,1,0.10098,0.40000,-0.05069,0.00000,1.00000,-0.00000,0.33008
130,107,1,0.09633,0.40000,-0.05426,0.00000,1.00000,-0.00000,0.32178
131,107,1,0.09169,0.40000,-0.05783,0.00000,1.00000,-0.00000,0.31201
132,107,1,0.08705,0.40000,-0.06141,0.00000,1.00000,-0.00000,0.30420
133,107,1,0.08240,0.40000,-0.06498,0.00000,1.00000,-0.00000,0.29688
134,107,1,0.07776,0.40000,-0.06855,0.00000,1.00000,-0.00000,0.29346
135,107,1,0.07311,0.40000,-0.07212,0.00000,1.00000,-0.00000,0.28809
136,107,1,0.06847,0.40000,-0.07570,0.00000,1.00000,-0.00000,0.28613
137,107,1,0.06382,0.40000,-0.07927,0.00000,1.00000,-0.00000,0.28760
138,107,1,0.05918,0.40000,-0.08284,0.00000,1.00000,-0.00000,0.28369
139,107,1,0.05454,0.40000,-0.08641,0.00000,1.00000,-0.00000,0.28857
140,107,1,0.04989,0.40000,-0.08999,0.00000,1.00000,-0.00000,0.29150
141,107,1,0.04525,0.40000,-0.09356,0.00000,1.00000,-0.00000,0.29834
142,107,1,0.04060,0.40000,-0.09713,0.00000,1.00000,-0.00000,0.30078
143,107,1,0.03596,0.40000,-0.10070,0.00000,1.00000,-0.00000,0.31104
144,107,1,0.03131,0.40000,-0.10428,0.00000,1.00000,-0.00000,0.31836
145,107,1,0.02667,0.40000,-0.10785,0.00000,1.00000,-0.00000,0.32764
146,107,1,0.02203,0.40000,-0.11142,0.00000,1.00000,-0.00000,0.33691
147,107,1,0.01738,0.40000,-0.11499,0.00000,1.00000,-0.00000,0.34814
148,107,1,0.01274,0.40000,-0.11857,0.00000,1.00000,-0.00000,0.36035
149,107,1,0.00809,0.40000,-0.12214,0.00000,1.00000,-0.00000,0.37549
150,107,1,0.00345,0.40000,-0.12571,0.00000,1.00000,-0.00000,0.39160
151,107,1,-0.00120,0.40000,-0.12928,0.00000,1.00000,-0.00000,0.40283
152,107,1,-0.00584,0.40000,-0.13286,0.00000,1.00000,-0.00000,0.42041
153,107,1,-0.01048,0.40000,-0.13643,0.00000,1.00000,-0.00000,0.43555
154,107,1,-0.01513,0.40000,-0.14000,0.00000,1.00000,-0.00000,0.44824
155,107,1,-0.01977,0.40000,-0.14357,0.00000,1.00000,-0.00000,0.46436
156,107,1,-0.02442,0.40000,-0.14715,0.00000,1.00000,-0.00000,0.48291
157,107,1,-0.02906,0.40000,-0.15072,0.00000,1.00000,-0.00000,0.49902
158,107,1,-0.03371,0.40000,-0.15429,0.00000,1.00000,-0.00000,0.51221
159,107,1,-0.03835,0.40000,-0.15786,0.00000,1.00000,-0.00000,0.53125
160,107,1,-0.04299,0.40000,-0.16144,0.00000,1.00000,-0.00000,0.54736
161,107,1,-0.04764,0.40000,-0.16501,0.00000,1.00000,-0.00000,0.56396
162,107,1,-0.05228,0.40000,-0.16858,0.00000,1.00000,-0.00000,0.57471
163,107,1,-0.05693,0.40000,-0.17215,0.00000,1.00000,-0.00000,0.59082
164,107,1,-0.06157,0.40000,-0.17573,0.00000,1.00000,-0.00000,0.60596
165,107,1,-0.06622,0.40000,-0.17930,0.00000,1.00000,-0.00000,0.61914
166,107,1,-0.07086,0.40000,-0.18287,0.00000,1.00000,-0.00000,0.63184
167,107,1,-0.07550,0.40000,-0.18644,0.00000,1.00000,-0.00000,0.64600
168,107,1,-0.08015,0.40000,-0.19002,0.00000,1.00000,-0.00000,0.66260
169,107,1,-0.08479,0.40000,-0.19359,0.00000,1.00000,-0.00000,0.67285
170,107,1,-0.08944,0.40000,-0.19716,0.00000,0.99951,-0.00049,0.68359
171,107,1,-0.09464,0.39955,-0.20000,0.00000,0.00049,-0.99951,0.82373
172,107,1,-0.10204,0.39735,-0.20000,0.00000,0.00000,-1.00000,0.82373
173,107,1,-0.10943,0.39515,-0.20000,0.00000,0.00000,-1.00000,0.82568
174,107,1,-0.11682,0.39295,-0.20000,0.00000,0.00000,-1.00000,0.82568
175,107,1,-0.12421,0.39075,-0.20000,0.00000,0.00000,-1.00000,0.83252
176,107,1,-0.13161,0.38856,-0.20000,0.00000,0.00000,-1.00000,0.83398
177,107,1,-0.13900,0.38636,-0.20000,0.00000,0.00000,-1.00000,0.84082
178,107,1,-0.14639,0.38416,-0.20000,0.00000,0.00000,-1.00000,0.84277
179,107,1,-0.15378,0.38196,-0.20000,0.00000,0.00000,-1.00000,0.84766
180,107,1,-0.16118,0.37976,-0.20000,0.00000,0.00000,-1.00000,0.85254
181,107,1,-0.16857,0.37756,-0.20000,0.00000,0.00000,-1.00000,0.85303
182,107,1,-0.17596,0.37537,-0.20000,0.00000,0.00000,-1.00000,0.85889
183,107,1,-0.18335,0.37317,-0.20000,0.00000,0.00000,-1.00000,0.86621
184,107,1,-0.19075,0.37097,-0.20000,0.00000,0.00000,-1.00000,0.86670
185,107,1,-0.19814,0.36877,-0.20000,0.00000,0.00000,-1.00000,0.87305
54,108,3,0.53092,0.45878,0.11114,0.32375,0.83515,0.44465,0.99756
56,108,3,0.53361,0.46836,0.08843,0.33453,0.87346,0.35377,0.99805
58,108,3,0.53283,0.47516,0.07023,0.33140,0.90067,0.28100,0.99756
60,108,3,0.53013,0.48043,0.05452,0.32060,0.92175,0.21812,0.99561
62,108,3,0.52610,0.48464,0.04053,0.30449,0.93860,0.16219,0.99512
63,108,3,0.52369,0.48643,0.03405,0.29487,0.94578,0.13627,0.99414
64,108,3,0.52106,0.48804,0.02786,0.28436,0.95222,0.11148,0.99316
65,108,3,0.51823,0.48950,0.02193,0.27303,0.95800,0.08774,0.99170
66,108,3,0.51521,0.49079,0.01625,0.26094,0.96315,0.06504,0.99268
67,108,3,0.51199,0.49193,0.01083,0.24807,0.96777,0.04331,0.99023
68,108,3,0.50862,0.49295,0.00560,0.23458,0.97183,0.02240,0.98828
69,108,3,0.50509,0.49385,0.00057,0.22047,0.97538,0.00225,0.98926
70,108,3,0.50140,0.49460,-0.00423,0.20569,0.97848,-0.01695,0.98730
71,108,3,0.49758,0.49527,-0.00888,0.19041,0.98107,-0.03554,0.98584
72,108,3,0.49359,0.49579,-0.01331,0.17447,0.98323,-0.05326,0.98340
73,108,3,0.48949,0.49623,-0.01759,0.15807,0.98491,-0.07040,0.98047
74,108,3,0.48524,0.49654,-0.02167,0.14105,0.98620,-0.08674,0.97998
75,108,3,0.48085,0.49675,-0.02558,0.12350,0.98705,-0.10239,0.97803
76,108,3,0.47634,0.49685,-0.02932,0.10546,0.98746,-0.11739,0.97510
77,108,3,0.47170,0.49685,-0.03290,0.08686,0.98747,-0.13169,0.97217
78,108,3,0.46693,0.49675,-0.03630,0.06776,0.98706,-0.14532,0.96973
79,108,3,0.46202,0.49655,-0.03954,0.04814,0.98621,-0.15826,0.96631
80,108,3,0.45699,0.49624,-0.04261,0.02802,0.98496,-0.17056,0.96387
81,108,3,0.45181,0.49580,-0.04548,0.00724,0.98327,-0.18203,0.95898
82,108,3,0.44651,0.49528,-0.04820,-0.01397,0.98111,-0.19289,0.95557
83,108,3,0.44104,0.49462,-0.05070,-0.03586,0.97852,-0.20294,0.95068
84,108,3,0.43546,0.49387,-0.05305,-0.05820,0.97546,-0.21233,0.94531
85,108,3,0.42969,0.49297,-0.05517,-0.08127,0.97193,-0.22079,0.94043
86,108,3,0.42378,0.49196,-0.05709,-0.10491,0.96789,-0.22848,0.93506
87,108,3,0.41771,0.49082,-0.05882,-0.12917,0.96327,-0.23536,0.93018
88,108,3,0.41145,0.48953,-0.06029,-0.15423,0.95813,-0.24126,0.92090
89,108,3,0.40500,0.48808,-0.06151,-0.18006,0.95238,-0.24612,0.91406
90,108,3,0.39835,0.48647,-0.06247,-0.20667,0.94593,-0.24998,0.90576
91,108,3,0.39147,0.48469,-0.06314,-0.23418,0.93880,-0.25264,0.89258
92,108,3,0.38434,0.48270,-0.06349,-0.26267,0.93085,-0.25402,0.88086
93,108,3,0.37694,0.48049,-0.06347,-0.29231,0.92199,-0.25394,0.86816
94,108,3,0.36920,0.47802,-0.06303,-0.32323,0.91210,-0.25217,0.85352
95,108,3,0.36108,0.47524,-0.06207,-0.35575,0.90098,-0.24836,0.83740
96,108,3,0.35248,0.47208,-0.06051,-0.39015,0.88835,-0.24211,0.81641
97,108,3,0.34331,0.46845,-0.05819,-0.42684,0.87384,-0.23282,0.79004
98,108,3,0.33334,0.46420,-0.05485,-0.46665,0.85678,-0.21945,0.76367
99,108,3,0.32211,0.45892,-0.04986,-0.51163,0.83573,-0.19951,0.72949
100,108,3,0.30863,0.45185,-0.04194,-0.56553,0.80747,-0.16782,0.67822
101,108,3,0.28448,0.43625,-0.02015,-0.66227,0.74492,-0.08050,0.56738
102,108,1,0.20000,0.37238,0.08006,1.00000,0.00000,-0.00000,0.35889
103,108,1,0.20000,0.37610,0.07045,1.00000,0.00000,-0.00000,0.35156
104,108,1,0.20000,0.37981,0.06084,1.00000,0.00000,-0.00000,0.34326
105,108,1,0.20000,0.38353,0.05123,1.00000,0.00000,-0.00000,0.34424
106,108,1,0.20000,0.38724,0.04162,1.00000,0.00000,-0.00000,0.34717
107,108,1,0.20000,0.39096,0.03201,1.00000,0.00000,-0.00000,0.34912
108,108,1,0.20000,0.39467,0.02240,1.00000,0.00000,-0.00000,0.35889
109,108,1,0.20000,0.39839,0.01279,1.00000,0.00000,-0.00000,0.36523
110,108,1,0.19737,0.40000,0.00660,0.00049,0.99951,-0.00000,0.60107
111,108,1,0.19272,0.40000,0.00302,0.00000,1.00000,-0.00000,0.59424
112,108,1,0.18808,0.40000,-0.00055,0.00000,1.00000,-0.00000,0.58398
113,108,1,0.18344,0.40000,-0.00412,0.00000,1.00000,-0.00000,0.56982
114,108,1,0.17879,0.40000,-0.00769,0.00000,1.00000,-0.00000,0.55957
115,108,1,0.17415,0.40000,-0.01127,0.00000,1.00000,-0.00000,0.54980
116,108,1,0.16950,0.40000,-0.01484,0.00000,1.00000,-0.00000,0.53564
117,108,1,0.16486,0.40000,-0.01841,0.00000,1.00000,-0.00000,0.52393
118,108,1,0.16022,0.40000,-0.02198,0.00000,1.00000,-0.00000,0.50928
119,108,1,0.15557,0.40000,-0.02556,0.00000,1.00000,-0.00000,0.49951
120,108,1,0.15093,0.40000,-0.02913,0.00000,1.00000,-0.00000,0.48340
121,108,1,0.14628,0.40000,-0.03270,0.00000,1.00000,-0.00000,0.47168
122,108,1,0.14164,0.40000,-0.03627,0.00000,1.00000,-0.00000,0.45898
123,108,1,0.13699,0.40000,-0.03985,0.00000,1.00000,-0.00000,0.44385
124,108,1,0.13235,0.40000,-0.04342,0.00000,1.00000,-0.00000,0.43311
125,108,1,0.12771,0.40000,-0.04699,0.00000,1.00000,-0.00000,0.42139
126,108,1,0.12306,0.40000,-0.05056,0.00000,1.00000,-0.00000,0.41064
127,108,1,0.11842,0.40000,-0.05414,0.00000,1.00000,-0.00000,0.39990
128,108,1,0.11377,0.40000,-0.05771,0.00000,1.00000,-0.00000,0.39062
129,108,1,0.10913,0.40000,-0.06128,0.00000,1.00000,-0.00000,0.38135
130,108,1,0.10448,0.40000,-0.06485,0.00000,1.00000,-0.00000,0.37451
131,108,1,0.09984,0.40000,-0.06843,0.00000,1.00000,-0.00000,0.36377
132,108,1,0.09520,0.40000,-0.07200,0.00000,1.00000,-0.00000,0.35645
133,108,1,0.09055,0.40000,-0.07557,0.00000,1.00000,-0.00000,0.35352
134,108,1,0.08591,0.40000,-0.07914,0.00000,1.00000,-0.00000,0.34570
135,108,1,0.08126,0.40000,-0.08272,0.00000,1.00000,-0.00000,0.34424
136,108,1,0.07662,0.40000,-0.08629,0.00000,1.00000,-0.00000,0.34180
137,108,1,0.07197,0.40000,-0.08986,0.00000,1.00000,-0.00000,0.33984
138,108,1,0.06733,0.40000,-0.09343,0.00000,1.00000,-0.00000,0.34229
139,108,1,0.06269,0.40000,-0.09701,0.00000,1.00000,-0.00000,0.34619
140,108,1,0.05804,0.40000,-0.10058,0.00000,1.00000,-0.00000,0.34619
141,108,1,0.05340,0.40000,-0.10415,0.00000,1.00000,-0.00000,0.35303
142,108,1,0.04875,0.40000,-0.10772,0.00000,1.00000,-0.00000,0.35547
143,108,1,0.04411,0.40000,-0.11130,0.00000,1.00000,-0.00000,0.36621
144,108,1,0.03946,0.40000,-0.11487,0.00000,1.00000,-0.00000,0.37305
145,108,1,0.03482,0.40000,-0.11844,0.00000,1.00000,-0.00000,0.37891
146,108,1,0.03018,0.40000,-0.12201,0.00000,1.00000,-0.00000,0.39062
147,108,1,0.02553,0.40000,-0.12559,0.00000,1.00000,-0.00000,0.39844
148,108,1,0.02089,0.40000,-0.12916,0.00000,1.00000,-0.00000,0.40723
149,108,1,0.01624,0.40000,-0.13273,0.00000,1.00000,-0.00000,0.42041
150,108,1,0.01160,0.40000,-0.13630,0.00000,1.00000,-0.00000,0.43359
151,108,1,0.00695,0.40000,-0.13988,0.00000,1.00000,-0.00000,0.44971
152,108,1,0.00231,0.40000,-0.14345,0.00000,1.00000,-0.00000,0.45996
153,108,1,-0.00233,0.40000,-0.14702,0.00000,1.00000,-0.00000,0.47461
154,108,1,-0.00698,0.40000,-0.15059,0.00000,1.00000,-0.00000,0.48828
155,108,1,-0.01162,0.40000,-0.15417,0.00000,1.00000,-0.00000,0.50293
156,108,1,-0.01627,0.40000,-0.15774,0.00000,1.00000,-0.00000,0.51660
157,108,1,-0.02091,0.40000,-0.16131,0.00000,1.00000,-0.00000,0.53076
158,108,1,-0.02556,0.40000,-0.16488,0.00000,1.00000,-0.00000,0.54395
159,108,1,-0.03020,0.40000,-0.16846,0.00000,1.00000,-0.00000,0.55859
160,108,1,-0.03484,0.40000,-0.17203,0.00000,1.00000,-0.00000,0.56982
161,108,1,-0.03949,0.40000,-0.17560,0.00000,1.00000,-0.00000,0.58643
162,108,1,-0.04413,0.40000,-0.17917,0.00000,1.00000,-0.00000,0.60205
163,108,1,-0.04878,0.40000,-0.18275,0.00000,1.00000,-0.00000,0.60938
164,108,1,-0.05342,0.40000,-0.18632,0.00000,1.00000,-0.00000,0.62793
165,108,1,-0.05807,0.40000,-0.18989,0.00000,1.00000,-0.00000,0.64062
166,108,1,-0.06271,0.40000,-0.19346,0.00000,1.00000,-0.00000,0.65430
167,108,1,-0.06735,0.40000,-0.19704,0.00000,0.99951,-0.00049,0.66406
168,108,1,-0.07247,0.39962,-0.20000,0.00000,0.00049,-0.99951,0.80713
169,108,1,-0.07986,0.39743,-0.20000,0.00000,0.00000,-1.00000,0.81104
170,108,1,-0.08725,0.39523,-0.20000,0.00000,0.00000,-1.00000,0.81445
171,108,1,-0.09464,0.39303,-0.20000,0.00000,0.00000,-1.00000,0.81299
172,108,1,-0.10204,0.39083,-0.20000,0.00000,0.00000,-1.00000,0.81543
173,108,1,-0.10943,0.38863,-0.20000,0.00000,0.00000,-1.00000,0.81934
174,108,1,-0.11682,0.38643,-0.20000,0.00000,0.00000,-1.00000,0.81885
175,108,1,-0.12421,0.38424,-0.20000,0.00000,0.00000,-1.00000,0.82422
176,108,1,-0.13161,0.38204,-0.20000,0.00000,0.00000,-1.00000,0.82715
177,108,1,-0.13900,0.37984,-0.20000,0.00000,0.00000,-1.00000,0.83594
178,108,1,-0.14639,0.37764,-0.20000,0.00000,0.00000,-1.00000,0.83643
179,108,1,-0.15378,0.37544,-0.20000,0.00000,0.00000,-1.00000,0.84082
180,108,1,-0.16118,0.37324,-0.20000,0.00000,0.00000,-1.00000,0.84717
181,108,1,-0.16857,0.37104,-0.20000,0.00000,0.00000,-1.00000,0.85010
182,108,1,-0.17596,0.36885,-0.20000,0.00000,0.00000,-1.00000,0.85303
183,108,1,-0.18335,0.36665,-0.20000,0.00000,0.00000,-1.00000,0.85645
184,108,1,-0.19075,0.36445,-0.20000,0.00000,0.00000,-1.00000,0.86572
185,108,1,-0.19814,0.36225,-0.20000,0.00000,0.00000,-1.00000,0.86816
63,109,3,0.53048,0.48534,0.02523,0.32200,0.94134,0.10096,0.99463
64,109,3,0.52769,0.48682,0.01925,0.31088,0.94732,0.07702,0.99414
65,109,3,0.52472,0.48817,0.01349,0.29901,0.95273,0.05398,0.99365
66,109,3,0.52160,0.48939,0.00794,0.28651,0.95754,0.03176,0.99316
67,109,3,0.51830,0.49046,0.00263,0.27332,0.96187,0.01052,0.99219
68,109,3,0.51485,0.49141,-0.00250,0.25952,0.96569,-0.01001,0.99121
69,109,3,0.51125,0.49226,-0.00744,0.24511,0.96903,-0.02976,0.99072
70,109,3,0.50751,0.49297,-0.01218,0.23014,0.97193,-0.04874,0.98926
71,109,3,0.50363,0.49359,-0.01675,0.21464,0.97438,-0.06705,0.98730
72,109,3,0.49963,0.49410,-0.02115,0.19861,0.97642,-0.08466,0.98535
73,109,3,0.49548,0.49450,-0.02537,0.18201,0.97803,-0.10153,0.98535
74,109,3,0.49121,0.49480,-0.02944,0.16495,0.97924,-0.11780,0.98340
75,109,3,0.48682,0.49500,-0.03334,0.14738,0.98004,-0.13344,0.98145
76,109,3,0.48231,0.49511,-0.03708,0.12930,0.98045,-0.14840,0.97900
77,109,3,0.47767,0.49511,-0.04066,0.11074,0.98045,-0.16273,0.97754
78,109,3,0.47290,0.49501,-0.04406,0.09163,0.98006,-0.17634,0.97412
79,109,3,0.46800,0.49481,-0.04731,0.07203,0.97926,-0.18935,0.97217
80,109,3,0.46298,0.49450,-0.05039,0.05195,0.97807,-0.20167,0.96826
81,109,3,0.45784,0.49411,-0.05332,0.03139,0.97645,-0.21341,0.96436
82,109,3,0.45256,0.49360,-0.05607,0.01027,0.97445,-0.22440,0.96094
83,109,3,0.44715,0.49299,-0.05865,-0.01140,0.97201,-0.23470,0.95801
84,109,3,0.44161,0.49227,-0.06106,-0.03355,0.96912,-0.24432,0.95312
85,109,3,0.43592,0.49143,-0.06327,-0.05634,0.96579,-0.25316,0.94922
86,109,3,0.43009,0.49048,-0.06529,-0.07967,0.96197,-0.26127,0.94385
87,109,3,0.42411,0.48942,-0.06713,-0.10361,0.95766,-0.26859,0.93701
88,109,3,0.41794,0.48820,-0.06873,-0.12827,0.95285,-0.27501,0.93115
89,109,3,0.41162,0.48686,-0.07012,-0.15357,0.94747,-0.28058,0.92383
90,109,3,0.40513,0.48538,-0.07129,-0.17953,0.94150,-0.28524,0.91602
91,109,3,0.39841,0.48372,-0.07216,-0.20642,0.93490,-0.28873,0.90967
92,109,3,0.39147,0.48189,-0.07276,-0.23417,0.92759,-0.29113,0.89697
93,109,3,0.38430,0.47987,-0.07305,-0.26286,0.91950,-0.29228,0.88623
94,109,3,0.37686,0.47763,-0.07299,-0.29260,0.91054,-0.29204,0.87500
95,109,3,0.36911,0.47514,-0.07252,-0.32360,0.90061,-0.29015,0.85938
96,109,3,0.36099,0.47236,-0.07157,-0.35609,0.88949,-0.28637,0.84131
97,109,3,0.35243,0.46923,-0.07005,-0.39037,0.87695,-0.28030,0.81934
98,109,3,0.34333,0.46566,-0.06783,-0.42676,0.86268,-0.27139,0.79639
99,109,3,0.33351,0.46152,-0.06467,-0.46602,0.84610,-0.25873,0.77051
100,109,3,0.32260,0.45651,-0.06011,-0.50965,0.82608,-0.24051,0.73242
101,109,3,0.30994,0.45010,-0.05325,-0.56030,0.80041,-0.21308,0.68896
102,109,3,0.29273,0.44005,-0.04049,-0.62913,0.76022,-0.16204,0.61328
103,109,1,0.20000,0.36958,0.07045,1.00000,0.00000,-0.00000,0.33252
104,109,1,0.20000,0.37329,0.06084,1.00000,0.00000,-0.00000,0.32812
105,109,1,0.20000,0.37701,0.05123,1.00000,0.00000,-0.00000,0.32715
106,109,1,0.20000,0.38072,0.04162,1.00000,0.00000,-0.00000,0.32275
107,109,1,0.20000,0.38444,0.03201,1.00000,0.00000,-0.00000,0.33008
108,109,1,0.20000,0.38815,0.02240,1.00000,0.00000,-0.00000,0.33545
109,109,1,0.20000,0.39187,0.01279,1.00000,0.00000,-0.00000,0.34375
110,109,1,0.20000,0.39558,0.00318,1.00000,0.00000,-0.00000,0.35498
111,109,1,0.20000,0.39930,-0.00643,1.00000,0.00000,-0.00000,0.36914
112,109,1,0.19623,0.40000,-0.01114,0.00000,1.00000,-0.00000,0.60303
113,109,1,0.19159,0.40000,-0.01471,0.00000,1.00000,-0.00000,0.58984
114,109,1,0.18694,0.40000,-0.01829,0.00000,1.00000,-0.00000,0.58057
115,109,1,0.18230,0.40000,-0.02186,0.00000,1.00000,-0.00000,0.57373
116,109,1,0.17765,0.40000,-0.02543,0.00000,1.00000,-0.00000,0.56201
117,109,1,0.17301,0.40000,-0.02901,0.00000,1.00000,-0.00000,0.55078
118,109,1,0.16836,0.40000,-0.03258,0.00000,1.00000,-0.00000,0.54004
119,109,1,0.16372,0.40000,-0.03615,0.00000,1.00000,-0.00000,0.53027
120,109,1,0.15908,0.40000,-0.03972,0.00000,1.00000,-0.00000,0.51904
121,109,1,0.15443,0.40000,-0.04330,0.00000,1.00000,-0.00000,0.50537
122,109,1,0.14979,0.40000,-0.04687,0.00000,1.00000,-0.00000,0.49316
123,109,1,0.14514,0.40000,-0.05044,0.00000,1.00000,-0.00000,0.48584
124,109,1,0.14050,0.40000,-0.05401,0.00000,1.00000,-0.00000,0.47412
125,109,1,0.13585,0.40000,-0.05759,0.00000,1.00000,-0.00000,0.46436
126,109,1,0.13121,0.40000,-0.06116,0.00000,1.00000,-0.00000,0.45312
127,109,1,0.12657,0.40000,-0.06473,0.00000,1.00000,-0.00000,0.44873
128,109,1,0.12192,0.40000,-0.06830,0.00000,1.00000,-0.00000,0.43750
129,109,1,0.11728,0.40000,-0.07188,0.00000,1.00000,-0.00000,0.43066
130,109,1,0.11263,0.40000,-0.07545,0.00000,1.00000,-0.00000,0.42041
131,109,1,0.10799,0.40000,-0.07902,0.00000,1.00000,-0.00000,0.41455
132,109,1,0.10334,0.40000,-0.08259,0.00000,1.00000,-0.00000,0.41260
133,109,1,0.09870,0.40000,-0.08617,0.00000,1.00000,-0.00000,0.40283
134,109,1,0.09406,0.40000,-0.08974,0.00000,1.00000,-0.00000,0.39990
135,109,1,0.08941,0.40000,-0.09331,0.00000,1.00000,-0.00000,0.40186
136,109,1,0.08477,0.40000,-0.09688,0.00000,1.00000,-0.00000,0.39893
137,109,1,0.08012,0.40000,-0.10046,0.00000,1.00000,-0.00000,0.39648
138,109,1,0.07548,0.40000,-0.10403,0.00000,1.00000,-0.00000,0.39893
139,109,1,0.07083,0.40000,-0.10760,0.00000,1.00000,-0.00000,0.39844
140,109,1,0.06619,0.40000,-0.11117,0.00000,1.00000,-0.00000,0.40137
141,109,1,0.06155,0.40000,-0.11475,0.00000,1.00000,-0.00000,0.40479
142,109,1,0.05690,0.40000,-0.11832,0.00000,1.00000,-0.00000,0.41016
143,109,1,0.05226,0.40000,-0.12189,0.00000,1.00000,-0.00000,0.41162
144,109,1,0.04761,0.40000,-0.12546,0.00000,1.00000,-0.00000,0.42236
145,109,1,0.04297,0.40000,-0.12904,0.00000,1.00000,-0.00000,0.43066
146,109,1,0.03832,0.40000,-0.13261,0.00000,1.00000,-0.00000,0.44043
147,109,1,0.03368,0.40000,-0.13618,0.00000,1.00000,-0.00000,0.44385
148,109,1,0.02904,0.40000,-0.13975,0.00000,1.00000,-0.00000,0.45605
149,109,1,0.02439,0.40000,-0.14333,0.00000,1.00000,-0.00000,0.46631
150,109,1,0.01975,0.40000,-0.14690,0.00000,1.00000,-0.00000,0.47607
151,109,1,0.01510,0.40000,-0.15047,0.00000,1.00000,-0.00000,0.48926
152,109,1,0.01046,0.40000,-0.15404,0.00000,1.00000,-0.00000,0.49707
153,109,1,0.00581,0.40000,-0.15762,0.00000,1.00000,-0.00000,0.51270
154,109,1,0.00117,0.40000,-0.16119,0.00000,1.00000,-0.00000,0.52393
155,109,1,-0.00347,0.40000,-0.16476,0.00000,1.00000,-0.00000,0.53516
156,109,1,-0.00812,0.40000,-0.16833,0.00000,1.00000,-0.00000,0.54785
157,109,1,-0.01276,0.40000,-0.17191,0.00000,1.00000,-0.00000,0.56152
158,109,1,-0.01741,0.40000,-0.17548,0.00000,1.00000,-0.00000,0.57617
159,109,1,-0.02205,0.40000,-0.17905,0.00000,1.00000,-0.00000,0.58838
160,109,1,-0.02670,0.40000,-0.18262,0.00000,1.00000,-0.00000,0.60010
161,109,1,-0.03134,0.40000,-0.18620,0.00000,1.00000,-0.00000,0.61328
162,109,1,-0.03598,0.40000,-0.18977,0.00000,1.00000,-0.00000,0.62695
163,109,1,-0.04063,0.40000,-0.19334,0.00000,1.00000,-0.00000,0.63818
164,109,1,-0.04527,0.40000,-0.19691,0.00000,0.99951,-0.00049,0.64941
165,109,1,-0.05029,0.39970,-0.20000,0.00000,0.00098,-0.99902,0.79980
166,109,1,-0.05768,0.39750,-0.20000,0.00000,0.00000,-1.00000,0.79932
167,109,1,-0.06508,0.39530,-0.20000,0.00000,0.00000,-1.00000,0.79932
168,109,1,-0.07247,0.39311,-0.20000,0.00000,0.00000,-1.00000,0.79785
169,109,1,-0.07986,0.39091,-0.20000,0.00000,0.00000,-1.00000,0.80225
170,109,1,-0.08725,0.38871,-0.20000,0.00000,0.00000,-1.00000,0.80518
171,109,1,-0.09464,0.38651,-0.20000,0.00000,0.00000,-1.00000,0.80273
172,109,1,-0.10204,0.38431,-0.20000,0.00000,0.00000,-1.00000,0.80762
173,109,1,-0.10943,0.38211,-0.20000,0.00000,0.00000,-1.00000,0.80957
174,109,1,-0.11682,0.37991,-0.20000,0.00000,0.00000,-1.00000,0.81348
175,109,1,-0.12421,0.37772,-0.20000,0.00000,0.00000,-1.00000,0.81738
176,109,1,-0.13161,0.37552,-0.20000,0.00000,0.00000,-1.00000,0.82275
177,109,1,-0.13900,0.37332,-0.20000,0.00000,0.00000,-1.00000,0.82471
178,109,1,-0.14639,0.37112,-0.20000,0.00000,0.00000,-1.00000,0.82959
179,109,1,-0.15378,0.36892,-0.20000,0.00000,0.00000,-1.00000,0.83496
180,109,1,-0.16118,0.36672,-0.20000,0.00000,0.00000,-1.00000,0.83594
181,109,1,-0.16857,0.36452,-0.20000,0.00000,0.00000,-1.00000,0.84229
182,109,1,-0.17596,0.36233,-0.20000,0.00000,0.00000,-1.00000,0.84814
183,109,1,-0.18335,0.36013,-0.20000,0.00000,0.00000,-1.00000,0.85400
184,109,1,-0.19075,0.35793,-0.20000,0.00000,0.00000,-1.00000,0.85889
185,109,1,-0.19814,0.35573,-0.20000,0.00000,0.00000,-1.00000,0.86133
50,110,3,0.54006,0.43819,0.13770,0.36031,0.75280,0.55088,0.99951
52,110,3,0.54962,0.45327,0.10606,0.39856,0.81309,0.42431,0.99902
54,110,3,0.55161,0.46229,0.08425,0.40651,0.84921,0.33705,0.99951
56,110,3,0.55072,0.46901,0.06619,0.40298,0.87606,0.26482,0.99951
58,110,3,0.54810,0.47434,0.05038,0.39248,0.89741,0.20156,0.99854
60,110,3,0.54426,0.47870,0.03614,0.37713,0.91480,0.14459,0.99805
62,110,3,0.53944,0.48228,0.02319,0.35788,0.92915,0.09279,0.99805
64,110,3,0.53386,0.48524,0.01123,0.33552,0.94095,0.04493,0.99658
65,110,3,0.53078,0.48650,0.00561,0.32327,0.94604,0.02245,0.99463
66,110,3,0.52758,0.48765,0.00017,0.31041,0.95059,0.00070,0.99512
67,110,3,0.52420,0.48866,-0.00505,0.29693,0.95469,-0.02022,0.99365
68,110,3,0.52069,0.48957,-0.01010,0.28287,0.95830,-0.04040,0.99316
69,110,3,0.51704,0.49036,-0.01496,0.26825,0.96149,-0.05984,0.99268
70,110,3,0.51326,0.49106,-0.01966,0.25313,0.96423,-0.07867,0.99121
71,110,3,0.50933,0.49163,-0.02416,0.23745,0.96657,-0.09671,0.98975
72,110,3,0.50530,0.49212,-0.02853,0.22128,0.96850,-0.11415,0.98926
73,110,3,0.50115,0.49251,-0.03274,0.20466,0.97002,-0.13102,0.98682
74,110,3,0.49685,0.49279,-0.03676,0.18748,0.97119,-0.14713,0.98584
75,110,3,0.49244,0.49298,-0.04064,0.16986,0.97195,-0.16264,0.98438
76,110,3,0.48792,0.49307,-0.04437,0.15173,0.97234,-0.17755,0.98145
77,110,3,0.48327,0.49307,-0.04794,0.13317,0.97234,-0.19186,0.97949
78,110,3,0.47851,0.49298,-0.05137,0.11409,0.97197,-0.20555,0.97705
79,110,3,0.47363,0.49280,-0.05464,0.09460,0.97120,-0.21864,0.97314
80,110,3,0.46864,0.49252,-0.05776,0.07463,0.97006,-0.23114,0.97266
81,110,3,0.46351,0.49213,-0.06070,0.05408,0.96854,-0.24289,0.97021
82,110,3,0.45826,0.49164,-0.06348,0.03307,0.96664,-0.25403,0.96631
83,110,3,0.45290,0.49107,-0.06612,0.01164,0.96428,-0.26462,0.96338
84,110,3,0.44739,0.49038,-0.06857,-0.01043,0.96155,-0.27441,0.96094
85,110,3,0.44176,0.48959,-0.07086,-0.03295,0.95838,-0.28355,0.95410
86,110,3,0.43599,0.48869,-0.07297,-0.05605,0.95478,-0.29198,0.95166
87,110,3,0.43008,0.48767,-0.07489,-0.07972,0.95069,-0.29969,0.94580
88,110,3,0.42400,0.48653,-0.07660,-0.10402,0.94617,-0.30652,0.93994
89,110,3,0.41779,0.48528,-0.07814,-0.12884,0.94109,-0.31264,0.93408
90,110,3,0.41138,0.48386,-0.07942,-0.15449,0.93550,-0.31778,0.92920
91,110,3,0.40480,0.48232,-0.08048,-0.18081,0.92931,-0.32202,0.91992
92,110,3,0.39804,0.48062,-0.08129,-0.20788,0.92249,-0.32526,0.90967
93,110,3,0.39106,0.47875,-0.08182,-0.23581,0.91499,-0.32740,0.90283
94,110,3,0.38382,0.47668,-0.08203,-0.26476,0.90674,-0.32822,0.89014
95,110,3,0.37633,0.47440,-0.08190,-0.29475,0.89763,-0.32769,0.87744
96,110,3,0.36854,0.47188,-0.08138,-0.32589,0.88757,-0.32559,0.86133
97,110,3,0.36039,0.46908,-0.08040,-0.35852,0.87635,-0.32168,0.84375
98,110,3,0.35182,0.46594,-0.07887,-0.39278,0.86380,-0.31556,0.82617
99,110,3,0.34273,0.46238,-0.07666,-0.42916,0.84956,-0.30671,0.80322
100,110,3,0.33297,0.45829,-0.07358,-0.46819,0.83313,-0.29442,0.77246
101,110,3,0.32221,0.45340,-0.06921,-0.51122,0.81362,-0.27691,0.73877
102,110,3,0.30995,0.44730,-0.06288,-0.56024,0.78920,-0.25159,0.69336
103,110,3,0.29429,0.43849,-0.05213,-0.62289,0.75398,-0.20859,0.63135
104,110,1,0.20000,0.36677,0.06084,1.00000,0.00000,-0.00000,0.30664
105,110,1,0.20000,0.37049,0.05123,1.00000,0.00000,-0.00000,0.30322
106,110,1,0.20000,0.37420,0.04162,1.00000,0.00000,-0.00000,0.30518
107,110,1,0.20000,0.37792,0.03201,1.00000,0.00000,-0.00000,0.30664
108,110,1,0.20000,0.38164,0.02240,1.00000,0.00000,-0.00000,0.31494
109,110,1,0.20000,0.38535,0.01279,1.00000,0.00000,-0.00000,0.32227
110,110,1,0.20000,0.38907,0.00318,1.00000,0.00000,-0.00000,0.33252
111,110,1,0.20000,0.39278,-0.00643,1.00000,0.00000,-0.00000,0.34619
112,110,1,0.20000,0.39650,-0.01604,1.00000,0.00000,-0.00000,0.36230
113,110,1,0.19973,0.40000,-0.02531,0.00195,0.99805,-0.00000,0.61182
114,110,1,0.19509,0.40000,-0.02888,0.00000,1.00000,-0.00000,0.60645
115,110,1,0.19045,0.40000,-0.03245,0.00000,1.00000,-0.00000,0.59521
116,110,1,0.18580,0.40000,-0.03603,0.00000,1.00000,-0.00000,0.58887
117,110,1,0.18116,0.40000,-0.03960,0.00000,1.00000,-0.00000,0.57910
118,110,1,0.17651,0.40000,-0.04317,0.00000,1.00000,-0.00000,0.57227
119,110,1,0.17187,0.40000,-0.04674,0.00000,1.00000,-0.00000,0.56104
120,110,1,0.16722,0.40000,-0.05032,0.00000,1.00000,-0.00000,0.55127
121,110,1,0.16258,0.40000,-0.05389,0.00000,1.00000,-0.00000,0.54346
122,110,1,0.15794,0.40000,-0.05746,0.00000,1.00000,-0.00000,0.53418
123,110,1,0.15329,0.40000,-0.06103,0.00000,1.00000,-0.00000,0.52344
124,110,1,0.14865,0.40000,-0.06461,0.00000,1.00000,-0.00000,0.51416
125,110,1,0.14400,0.40000,-0.06818,0.00000,1.00000,-0.00000,0.50488
126,110,1,0.13936,0.40000,-0.07175,0.00000,1.00000,-0.00000,0.49951
127,110,1,0.13471,0.40000,-0.07532,0.00000,1.00000,-0.00000,0.49072
128,110,1,0.13007,0.40000,-0.07890,0.00000,1.00000,-0.00000,0.48389
129,110,1,0.12543,0.40000,-0.08247,0.00000,1.00000,-0.00000,0.47510
130,110,1,0.12078,0.40000,-0.08604,0.00000,1.00000,-0.00000,0.47070
131,110,1,0.11614,0.40000,-0.08961,0.00000,1.00000,-0.00000,0.46387
132,110,1,0.11149,0.40000,-0.09319,0.00000,1.00000,-0.00000,0.46094
133,110,1,0.10685,0.40000,-0.09676,0.00000,1.00000,-0.00000,0.45752
134,110,1,0.10221,0.40000,-0.10033,0.00000,1.00000,-0.00000,0.45215
135,110,1,0.09756,0.40000,-0.10390,0.00000,1.00000,-0.00000,0.45166
136,110,1,0.09292,0.40000,-0.10748,0.00000,1.00000,-0.00000,0.45020
137,110,1,0.08827,0.40000,-0.11105,0.00000,1.00000,-0.00000,0.45020
138,110,1,0.08363,0.40000,-0.11462,0.00000,1.00000,-0.00000,0.45020
139,110,1,0.07898,0.40000,-0.11819,0.00000,1.00000,-0.00000,0.45020
140,110,1,0.07434,0.40000,-0.12177,0.00000,1.00000,-0.00000,0.45312
141,110,1,0.06969,0.40000,-0.12534,0.00000,1.00000,-0.00000,0.45752
142,110,1,0.06505,0.40000,-0.12891,0.00000,1.00000,-0.00000,0.45801
143,110,1,0.06041,0.40000,-0.13248,0.00000,1.00000,-0.00000,0.46826
144,110,1,0.05576,0.40000,-0.13606,0.00000,1.00000,-0.00000,0.47217
145,110,1,0.05112,0.40000,-0.13963,0.00000,1.00000,-0.00000,0.47998
146,110,1,0.04647,0.40000,-0.14320,0.00000,1.00000,-0.00000,0.48340
147,110,1,0.04183,0.40000,-0.14677,0.00000,1.00000,-0.00000,0.49365
148,110,1,0.03719,0.40000,-0.15035,0.00000,1.00000,-0.00000,0.49951
149,110,1,0.03254,0.40000,-0.15392,0.00000,1.00000,-0.00000,0.51025
150,110,1,0.02790,0.40000,-0.15749,0.00000,1.00000,-0.00000,0.51953
151,110,1,0.02325,0.40000,-0.16106,0.00000,1.00000,-0.00000,0.52979
152,110,1,0.01861,0.40000,-0.16464,0.00000,1.00000,-0.00000,0.54199
153,110,1,0.01396,0.40000,-0.16821,0.00000,1.00000,-0.00000,0.55029
154,110,1,0.00932,0.40000,-0.17178,0.00000,1.00000,-0.00000,0.56445
155,110,1,0.00467,0.40000,-0.17535,0.00000,1.00000,-0.00000,0.57031
156,110,1,0.00003,0.40000,-0.17893,0.00000,1.00000,-0.00000,0.58301
157,110,1,-0.00461,0.40000,-0.18250,0.00000,1.00000,-0.00000,0.59473
158,110,1,-0.00926,0.40000,-0.18607,0.00000,1.00000,-0.00000,0.60547
159,110,1,-0.01390,0.40000,-0.18964,0.00000,1.00000,-0.00000,0.61719
160,110,1,-0.01855,0.40000,-0.19322,0.00000,1.00000,-0.00000,0.62744
161,110,1,-0.02319,0.40000,-0.19679,0.00000,1.00000,-0.00000,0.63770
162,110,1,-0.02811,0.39978,-0.20000,0.00000,0.00049,-0.99951,0.79395
163,110,1,-0.03551,0.39758,-0.20000,0.00000,0.00000,-1.00000,0.78906
164,110,1,-0.04290,0.39538,-0.20000,0.00000,0.00000,-1.00000,0.78564
165,110,1,-0.05029,0.39318,-0.20000,0.00000,0.00000,-1.00000,0.78955
166,110,1,-0.05768,0.39098,-0.20000,0.00000,0.00000,-1.00000,0.78516
167,110,1,-0.06508,0.38878,-0.20000,0.00000,0.00000,-1.00000,0.78809
168,110,1,-0.07247,0.38659,-0.20000,0.00000,0.00000,-1.00000,0.78906
169,110,1,-0.07986,0.38439,-0.20000,0.00000,0.00000,-1.00000,0.78857
170,110,1,-0.08725,0.38219,-0.20000,0.00000,0.00000,-1.00000,0.79053
171,110,1,-0.09464,0.37999,-0.20000,0.00000,0.00000,-1.00000,0.79492
172,110,1,-0.10204,0.37779,-0.20000,0.00000,0.00000,-1.00000,0.79834
173,110,1,-0.10943,0.37559,-0.20000,0.00000,0.00000,-1.00000,0.79980
174,110,1,-0.11682,0.37340,-0.20000,0.00000,0.00000,-1.00000,0.80322
175,110,1,-0.12421,0.37120,-0.20000,0.00000,0.00000,-1.00000,0.80859
176,110,1,-0.13161,0.36900,-0.20000,0.00000,0.00000,-1.00000,0.81250
177,110,1,-0.13900,0.36680,-0.20000,0.00000,0.00000,-1.00000,0.81641
178,110,1,-0.14639,0.36460,-0.20000,0.00000,0.00000,-1.00000,0.82129
179,110,1,-0.15378,0.36240,-0.20000,0.00000,0.00000,-1.00000,0.82666
180,110,1,-0.16118,0.36020,-0.20000,0.00000,0.00000,-1.00000,0.83203
181,110,1,-0.16857,0.35801,-0.20000,0.00000,0.00000,-1.00000,0.83936
182,110,1,-0.17596,0.35581,-0.20000,0.00000,0.00000,-1.00000,0.84277
183,110,1,-0.18335,0.35361,-0.20000,0.00000,0.00000,-1.00000,0.84912
184,110,1,-0.19075,0.35141,-0.20000,0.00000,0.00000,-1.00000,0.85400
185,110,1,-0.19814,0.34921,-0.20000,0.00000,0.00000,-1.00000,0.85889
67,111,3,0.52976,0.48659,-0.01228,0.31916,0.94642,-0.04916,0.99463
68,111,3,0.52621,0.48747,-0.01728,0.30494,0.94985,-0.06911,0.99463
69,111,3,0.52250,0.48822,-0.02206,0.29011,0.95291,-0.08827,0.99365
70,111,3,0.51869,0.48888,-0.02671,0.27483,0.95554,-0.10689,0.99365
71,111,3,0.51474,0.48944,-0.03119,0.25906,0.95776,-0.12481,0.99072
72,111,3,0.51067,0.48989,-0.03551,0.24276,0.95962,-0.14209,0.99121
73,111,3,0.50648,0.49026,-0.03968,0.22604,0.96108,-0.15877,0.98926
74,111,3,0.50219,0.49054,-0.04370,0.20884,0.96218,-0.17489,0.98828
75,111,3,0.49778,0.49073,-0.04758,0.19117,0.96291,-0.19038,0.98682
76,111,3,0.49325,0.49082,-0.05130,0.17307,0.96327,-0.20530,0.98486
77,111,3,0.48861,0.49082,-0.05488,0.15449,0.96328,-0.21957,0.98340
78,111,3,0.48385,0.49073,-0.05830,0.13544,0.96292,-0.23330,0.98096
79,111,3,0.47897,0.49055,-0.06157,0.11593,0.96221,-0.24638,0.97900
80,111,3,0.47398,0.49027,-0.06470,0.09598,0.96112,-0.25890,0.97559
81,111,3,0.46888,0.48990,-0.06768,0.07555,0.95967,-0.27081,0.97412
82,111,3,0.46367,0.48945,-0.07051,0.05471,0.95780,-0.28215,0.97070
83,111,3,0.45833,0.48889,-0.07318,0.03333,0.95558,-0.29281,0.96729
84,111,3,0.45286,0.48823,-0.07568,0.01145,0.95298,-0.30283,0.96533
85,111,3,0.44728,0.48749,-0.07804,-0.01086,0.94994,-0.31225,0.96143
86,111,3,0.44155,0.48662,-0.08020,-0.03380,0.94651,-0.32091,0.95801
87,111,3,0.43570,0.48566,-0.08221,-0.05721,0.94263,-0.32891,0.95264
88,111,3,0.42970,0.48456,-0.08401,-0.08122,0.93830,-0.33615,0.94873
89,111,3,0.42356,0.48337,-0.08564,-0.10575,0.93348,-0.34265,0.94189
90,111,3,0.41725,0.48204,-0.08704,-0.13104,0.92819,-0.34828,0.93457
91,111,3,0.41079,0.48058,-0.08825,-0.15690,0.92234,-0.35311,0.92871
92,111,3,0.40413,0.47898,-0.08922,-0.18350,0.91591,-0.35696,0.92188
93,111,3,0.39728,0.47721,-0.08992,-0.21090,0.90889,-0.35979,0.91357
94,111,3,0.39023,0.47529,-0.09036,-0.23913,0.90116,-0.36155,0.90234
95,111,3,0.38296,0.47318,-0.09052,-0.26821,0.89271,-0.36213,0.89307
96,111,3,0.37540,0.47085,-0.09030,-0.29844,0.88341,-0.36129,0.87939
97,111,3,0.36754,0.46828,-0.08970,-0.32989,0.87314,-0.35890,0.86279
98,111,3,0.35934,0.46543,-0.08865,-0.36271,0.86176,-0.35469,0.84961
99,111,3,0.35073,0.46226,-0.08706,-0.39716,0.84908,-0.34833,0.82617
100,111,3,0.34162,0.45869,-0.08483,-0.43361,0.83475,-0.33937,0.80273
101,111,3,0.33185,0.45458,-0.08173,-0.47267,0.81832,-0.32701,0.77637
102,111,3,0.32113,0.44973,-0.07742,-0.51550,0.79895,-0.30973,0.73828
103,111,3,0.30901,0.44375,-0.07127,-0.56405,0.77495,-0.28513,0.69629
104,111,3,0.29400,0.43546,-0.06136,-0.62403,0.74183,-0.24551,0.63574
105,111,1,0.20000,0.36397,0.05123,0.99836,0.00069,-0.00019,0.28223
106,111,1,0.20000,0.36768,0.04162,1.00000,0.00000,-0.00000,0.28271
107,111,1,0.20000,0.37140,0.03201,1.00000,0.00000,-0.00000,0.28711
108,111,1,0.20000,0.37512,0.02240,1.00000,0.00000,-0.00000,0.29150
109,111,1,0.20000,0.37883,0.01279,1.00000,0.00000,-0.00000,0.30078
110,111,1,0.20000,0.38255,0.00318,1.00000,0.00000,-0.00000,0.31104
111,111,1,0.20000,0.38626,-0.00643,1.00000,0.00000,-0.00000,0.32324
112,111,1,0.20000,0.38998,-0.01604,1.00000,0.00000,-0.00000,0.33838
113,111,1,0.20000,0.39369,-0.02565,1.00000,0.00000,-0.00000,0.35547
114,111,1,0.20000,0.39741,-0.03526,1.00000,0.00000,-0.00000,0.37451
115,111,1,0.19860,0.40000,-0.04305,0.00098,0.99902,-0.00000,0.62012
116,111,1,0.19395,0.40000,-0.04662,0.00000,1.00000,-0.00000,0.61377
117,111,1,0.18931,0.40000,-0.05019,0.00000,1.00000,-0.00000,0.60645
118,111,1,0.18466,0.40000,-0.05377,0.00000,1.00000,-0.00000,0.60059
119,111,1,0.18002,0.40000,-0.05734,0.00000,1.00000,-0.00000,0.58936
120,111,1,0.17537,0.40000,-0.06091,0.00000,1.00000,-0.00000,0.58545
121,111,1,0.17073,0.40000,-0.06448,0.00000,1.00000,-0.00000,0.57422
122,111,1,0.16609,0.40000,-0.06805,0.00000,1.00000,-0.00000,0.56689
123,111,1,0.16144,0.40000,-0.07163,0.00000,1.00000,-0.00000,0.56250
124,111,1,0.15680,0.40000,-0.07520,0.00000,1.00000,-0.00000,0.54785
125,111,1,0.15215,0.40000,-0.07877,0.00000,1.00000,-0.00000,0.54590
126,111,1,0.14751,0.40000,-0.08235,0.00000,1.00000,-0.00000,0.53711
127,111,1,0.14286,0.40000,-0.08592,0.00000,1.00000,-0.00000,0.53223
128,111,1,0.13822,0.40000,-0.08949,0.00000,1.00000,-0.00000,0.52686
129,111,1,0.13358,0.40000,-0.09306,0.00000,1.00000,-0.00000,0.52002
130,111,1,0.12893,0.40000,-0.09664,0.00000,1.00000,-0.00000,0.51611
131,111,1,0.12429,0.40000,-0.10021,0.00000,1.00000,-0.00000,0.50928
132,111,1,0.11964,0.40000,-0.10378,0.00000,1.00000,-0.00000,0.50439
133,111,1,0.11500,0.40000,-0.10735,0.00000,1.00000,-0.00000,0.50342
134,111,1,0.11035,0.40000,-0.11093,0.00000,1.00000,-0.00000,0.50439
135,111,1,0.10571,0.40000,-0.11450,0.00000,1.00000,-0.00000,0.49951
136,111,1,0.10107,0.40000,-0.11807,0.00000,1.00000,-0.00000,0.49707
137,111,1,0.09642,0.40000,-0.12164,0.00000,1.00000,-0.00000,0.50049
138,111,1,0.09178,0.40000,-0.12522,0.00000,1.00000,-0.00000,0.49854
139,111,1,0.08713,0.40000,-0.12879,0.00000,1.00000,-0.00000,0.50146
140,111,1,0.08249,0.40000,-0.13236,0.00000,1.00000,-0.00000,0.50244
141,111,1,0.07784,0.40000,-0.13593,0.00000,1.00000,-0.00000,0.50342
142,111,1,0.07320,0.40000,-0.13951,0.00000,1.00000,-0.00000,0.50781
143,111,1,0.06856,0.40000,-0.14308,0.00000,1.00000,-0.00000,0.51270
144,111,1,0.06391,0.40000,-0.14665,0.00000,1.00000,-0.00000,0.51709
145,111,1,0.05927,0.40000,-0.15022,0.00000,1.00000,-0.00000,0.52197
146,111,1,0.05462,0.40000,-0.15380,0.00000,1.00000,-0.00000,0.52979
147,111,1,0.04998,0.40000,-0.15737,0.00000,1.00000,-0.00000,0.53516
148,111,1,0.04533,0.40000,-0.16094,0.00000,1.00000,-0.00000,0.54346
149,111,1,0.04069,0.40000,-0.16451,0.00000,1.00000,-0.00000,0.54980
150,111,1,0.03605,0.40000,-0.16809,0.00000,1.00000,-0.00000,0.56201
151,111,1,0.03140,0.40000,-0.17166,0.00000,1.00000,-0.00000,0.56738
152,111,1,0.02676,0.40000,-0.17523,0.00000,1.00000,-0.00000,0.57471
153,111,1,0.02211,0.40000,-0.17880,0.00000,1.00000,-0.00000,0.58398
154,111,1,0.01747,0.40000,-0.18238,0.00000,1.00000,-0.00000,0.59521
155,111,1,0.01282,0.40000,-0.18595,0.00000,1.00000,-0.00000,0.60547
156,111,1,0.00818,0.40000,-0.18952,0.00000,1.00000,-0.00000,0.61426
157,111,1,0.00354,0.40000,-0.19309,0.00000,1.00000,-0.00000,0.62354
158,111,1,-0.00111,0.40000,-0.19667,0.00000,0.99951,-0.00049,0.63525
159,111,1,-0.00594,0.39985,-0.20000,0.00000,0.00098,-0.99902,0.78906
160,111,1,-0.01333,0.39765,-0.20000,0.00000,0.00000,-1.00000,0.78320
161,111,1,-0.02072,0.39546,-0.20000,0.00000,0.00000,-1.00000,0.77930
162,111,1,-0.02811,0.39326,-0.20000,0.00000,0.00000,-1.00000,0.77832
163,111,1,-0.03551,0.39106,-0.20000,0.00000,0.00000,-1.00000,0.77881
164,111,1,-0.04290,0.38886,-0.20000,0.00000,0.00000,-1.00000,0.77588
165,111,1,-0.05029,0.38666,-0.20000,0.00000,0.00000,-1.00000,0.77490
166,111,1,-0.05768,0.38446,-0.20000,0.00000,0.00000,-1.00000,0.77588
167,111,1,-0.06508,0.38227,-0.20000,0.00000,0.00000,-1.00000,0.77539
168,111,1,-0.07247,0.38007,-0.20000,0.00000,0.00000,-1.00000,0.77686
169,111,1,-0.07986,0.37787,-0.20000,0.00000,0.00000,-1.00000,0.77930
170,111,1,-0.08725,0.37567,-0.20000,0.00000,0.00000,-1.00000,0.78174
171,111,1,-0.09464,0.37347,-0.20000,0.00000,0.00000,-1.00000,0.78418
172,111,1,-0.10204,0.37127,-0.20000,0.00000,0.00000,-1.00000,0.78809
173,111,1,-0.10943,0.36907,-0.20000,0.00000,0.00000,-1.00000,0.78906
174,111,1,-0.11682,0.36688,-0.20000,0.00000,0.00000,-1.00000,0.79443
175,111,1,-0.12421,0.36468,-0.20000,0.00000,0.00000,-1.00000,0.79932
176,111,1,-0.13161,0.36248,-0.20000,0.00000,0.00000,-1.00000,0.80469
177,111,1,-0.13900,0.36028,-0.20000,0.00000,0.00000,-1.00000,0.81055
178,111,1,-0.14639,0.35808,-0.20000,0.00000,0.00000,-1.00000,0.81299
179,111,1,-0.15378,0.35588,-0.20000,0.00000,0.00000,-1.00000,0.82129
180,111,1,-0.16118,0.35368,-0.20000,0.00000,0.00000,-1.00000,0.82520
181,111,1,-0.16857,0.35149,-0.20000,0.00000,0.00000,-1.00000,0.83252
182,111,1,-0.17596,0.34929,-0.20000,0.00000,0.00000,-1.00000,0.83643
183,111,1,-0.18335,0.34709,-0.20000,0.00000,0.00000,-1.00000,0.84521
184,111,1,-0.19075,0.34489,-0.20000,0.00000,0.00000,-1.00000,0.84961
185,111,1,-0.19814,0.34269,-0.20000,0.00000,0.00000,-1.00000,0.85352
48,112,3,0.55692,0.43121,0.13500,0.42773,0.72482,0.54008,1.00000
50,112,3,0.56543,0.44545,0.10472,0.46181,0.78179,0.41897,1.00000
52,112,3,0.56750,0.45453,0.08281,0.47007,0.81809,0.33130,1.00000
54,112,3,0.56680,0.46141,0.06450,0.46730,0.84560,0.25805,1.00000
56,112,3,0.56442,0.46693,0.04837,0.45780,0.86774,0.19353,0.99951
58,112,3,0.56084,0.47150,0.03381,0.44348,0.88602,0.13524,1.00000
60,112,3,0.55633,0.47532,0.02046,0.42543,0.90128,0.08186,0.99902
62,112,3,0.55104,0.47852,0.00810,0.40428,0.91406,0.03242,0.99756
64,112,3,0.54508,0.48118,-0.00336,0.38041,0.92472,-0.01344,0.99805
66,112,3,0.53853,0.48337,-0.01406,0.35422,0.93347,-0.05627,0.99658
68,112,3,0.53143,0.48513,-0.02406,0.32586,0.94051,-0.09627,0.99658
69,112,3,0.52769,0.48585,-0.02881,0.31088,0.94343,-0.11528,0.99463
70,112,3,0.52384,0.48648,-0.03341,0.29544,0.94596,-0.13366,0.99414
71,112,3,0.51987,0.48702,-0.03786,0.27957,0.94810,-0.15150,0.99365
72,112,3,0.51579,0.48747,-0.04216,0.26324,0.94986,-0.16869,0.99170
73,112,3,0.51158,0.48782,-0.04630,0.24639,0.95129,-0.18528,0.99023
74,112,3,0.50726,0.48808,-0.05030,0.22912,0.95237,-0.20127,0.98975
75,112,3,0.50283,0.48826,-0.05415,0.21141,0.95307,-0.21671,0.98877
76,112,3,0.49830,0.48834,-0.05787,0.19329,0.95342,-0.23157,0.98730
77,112,3,0.49366,0.48835,-0.06145,0.17471,0.95343,-0.24587,0.98584
78,112,3,0.48891,0.48826,-0.06488,0.15570,0.95309,-0.25960,0.98340
79,112,3,0.48405,0.48809,-0.06817,0.13626,0.95238,-0.27279,0.98145
80,112,3,0.47908,0.48783,-0.07132,0.11636,0.95132,-0.28539,0.98096
81,112,3,0.47400,0.48748,-0.07433,0.09603,0.94992,-0.29740,0.97559
82,112,3,0.46880,0.48703,-0.07718,0.07523,0.94813,-0.30882,0.97412
83,112,3,0.46348,0.48649,-0.07987,0.05395,0.94602,-0.31960,0.97217
84,112,3,0.45805,0.48587,-0.08243,0.03223,0.94349,-0.32981,0.96973
85,112,3,0.45250,0.48515,-0.08483,0.01003,0.94058,-0.33942,0.96582
86,112,3,0.44682,0.48431,-0.08705,-0.01271,0.93729,-0.34831,0.96289
87,112,3,0.44103,0.48339,-0.08913,-0.03588,0.93357,-0.35660,0.95850
88,112,3,0.43508,0.48235,-0.09100,-0.05970,0.92944,-0.36411,0.95312
89,112,3,0.42901,0.48121,-0.09272,-0.08398,0.92482,-0.37100,0.94971
90,112,3,0.42277,0.47993,-0.09422,-0.10894,0.91978,-0.37702,0.94434
91,112,3,0.41641,0.47856,-0.09556,-0.13439,0.91420,-0.38232,0.93652
92,112,3,0.40984,0.47702,-0.09664,-0.16068,0.90812,-0.38664,0.93311
93,112,3,0.40312,0.47536,-0.09750,-0.18757,0.90146,-0.39012,0.92188
94,112,3,0.39620,0.47354,-0.09813,-0.21522,0.89417,-0.39260,0.91406
95,112,3,0.38906,0.47155,-0.09845,-0.24379,0.88622,-0.39393,0.90332
96,112,3,0.38170,0.46937,-0.09849,-0.27326,0.87752,-0.39407,0.89355
97,112,3,0.37408,0.46699,-0.09820,-0.30370,0.86800,-0.39287,0.88086
98,112,3,0.36618,0.46438,-0.09753,-0.33533,0.85751,-0.39017,0.86475
99,112,3,0.35790,0.46148,-0.09639,-0.36840,0.84593,-0.38559,0.84961
100,112,3,0.34922,0.45825,-0.09471,-0.40319,0.83298,-0.37893,0.82715
101,112,3,0.34004,0.45462,-0.09238,-0.43991,0.81846,-0.36960,0.80371
102,112,3,0.33020,0.45047,-0.08921,-0.47921,0.80187,-0.35688,0.77686
103,112,3,0.31943,0.44557,-0.08482,-0.52237,0.78229,-0.33934,0.73975
104,112,3,0.30732,0.43959,-0.07868,-0.57074,0.75840,-0.31478,0.69824
105,112,3,0.29250,0.43145,-0.06902,-0.63005,0.72580,-0.27613,0.63672
106,112,1,0.20000,0.36117,0.04162,0.99668,0.00132,-0.00042,0.26465
107,112,1,0.20000,0.36488,0.03201,1.00000,0.00000,-0.00000,0.26807
108,112,1,0.20000,0.36860,0.02240,1.00000,0.00000,-0.00000,0.27051
109,112,1,0.20000,0.37231,0.01279,1.00000,0.00000,-0.00000,0.27637
110,112,1,0.20000,0.37603,0.00318,1.00000,0.00000,-0.00000,0.28906
111,112,1,0.20000,0.37974,-0.00643,1.00000,0.00000,-0.00000,0.30127
112,112,1,0.20000,0.38346,-0.01604,1.00000,0.00000,-0.00000,0.31738
113,112,1,0.20000,0.38717,-0.02565,1.00000,0.00000,-0.00000,0.33447
114,112,1,0.20000,0.39089,-0.03526,1.00000,0.00000,-0.00000,0.35596
115,112,1,0.20000,0.39460,-0.04487,1.00000,0.00000,-0.00000,0.37256
116,112,1,0.20000,0.39832,-0.05448,1.00000,0.00000,-0.00000,0.39746
117,112,1,0.19746,0.40000,-0.06079,0.00000,1.00000,-0.00000,0.63232
118,112,1,0.19281,0.40000,-0.06436,0.00000,1.00000,-0.00000,0.62842
119,112,1,0.18817,0.40000,-0.06793,0.00000,1.00000,-0.00000,0.61963
120,112,1,0.18352,0.40000,-0.07150,0.00000,1.00000,-0.00000,0.61328
121,112,1,0.17888,0.40000,-0.07508,0.00000,1.00000,-0.00000,0.60742
122,112,1,0.17423,0.40000,-0.07865,0.00000,1.00000,-0.00000,0.60059
123,112,1,0.16959,0.40000,-0.08222,0.00000,1.00000,-0.00000,0.59570
124,112,1,0.16495,0.40000,-0.08579,0.00000,1.00000,-0.00000,0.59033
125,112,1,0.16030,0.40000,-0.08937,0.00000,1.00000,-0.00000,0.58252
126,112,1,0.15566,0.40000,-0.09294,0.00000,1.00000,-0.00000,0.57959
127,112,1,0.15101,0.40000,-0.09651,0.00000,1.00000,-0.00000,0.57080
128,112,1,0.14637,0.40000,-0.10008,0.00000,1.00000,-0.00000,0.56787
129,112,1,0.14172,0.40000,-0.10366,0.00000,1.00000,-0.00000,0.56250
130,112,1,0.13708,0.40000,-0.10723,0.00000,1.00000,-0.00000,0.55762
131,112,1,0.13244,0.40000,-0.11080,0.00000,1.00000,-0.00000,0.55420
132,112,1,0.12779,0.40000,-0.11437,0.00000,1.00000,-0.00000,0.54785
133,112,1,0.12315,0.40000,-0.11795,0.00000,1.00000,-0.00000,0.54834
134,112,1,0.11850,0.40000,-0.12152,0.00000,1.00000,-0.00000,0.54932
135,112,1,0.11386,0.40000,-0.12509,0.00000,1.00000,-0.00000,0.54688
136,112,1,0.10921,0.40000,-0.12866,0.00000,1.00000,-0.00000,0.54248
137,112,1,0.10457,0.40000,-0.13224,0.00000,1.00000,-0.00000,0.54541
138,112,1,0.09993,0.40000,-0.13581,0.00000,1.00000,-0.00000,0.54590
139,112,1,0.09528,0.40000,-0.13938,0.00000,1.00000,-0.00000,0.54736
140,112,1,0.09064,0.40000,-0.14295,0.00000,1.00000,-0.00000,0.54883
141,112,1,0.08599,0.40000,-0.14653,0.00000,1.00000,-0.00000,0.54883
142,112,1,0.08135,0.40000,-0.15010,0.00000,1.00000,-0.00000,0.55518
143,112,1,0.07670,0.40000,-0.15367,0.00000,1.00000,-0.00000,0.55615
144,112,1,0.07206,0.40000,-0.15724,0.00000,1.00000,-0.00000,0.56250
145,112,1,0.06742,0.40000,-0.16082,0.00000,1.00000,-0.00000,0.56494
146,112,1,0.06277,0.40000,-0.16439,0.00000,1.00000,-0.00000,0.56934
147,112,1,0.05813,0.40000,-0.16796,0.00000,1.00000,-0.00000,0.57568
148,112,1,0.05348,0.40000,-0.17154,0.00000,1.00000,-0.00000,0.58447
149,112,1,0.04884,0.40000,-0.17511,0.00000,1.00000,-0.00000,0.58838
150,112,1,0.04419,0.40000,-0.17868,0.00000,1.00000,-0.00000,0.59570
151,112,1,0.03955,0.40000,-0.18225,0.00000,1.00000,-0.00000,0.60352
152,112,1,0.03491,0.40000,-0.18582,0.00000,1.00000,-0.00000,0.61084
153,112,1,0.03026,0.40000,-0.18940,0.00000,1.00000,-0.00000,0.62158
154,112,1,0.02562,0.40000,-0.19297,0.00000,1.00000,-0.00000,0.62988
155,112,1,0.02097,0.40000,-0.19654,0.00000,0.99951,-0.00049,0.63623
156,112,1,0.01624,0.39993,-0.20000,0.00000,0.00098,-0.99902,0.79150
157,112,1,0.00885,0.39773,-0.20000,0.00000,0.00000,-1.00000,0.78467
158,112,1,0.00146,0.39553,-0.20000,0.00000,0.00000,-1.00000,0.78076
159,112,1,-0.00594,0.39333,-0.20000,0.00000,0.00000,-1.00000,0.77588
160,112,1,-0.01333,0.39114,-0.20000,0.00000,0.00000,-1.00000,0.77197
161,112,1,-0.02072,0.38894,-0.20000,0.00000,0.00000,-1.00000,0.77002
162,112,1,-0.02811,0.38674,-0.20000,0.00000,0.00000,-1.00000,0.76318
163,112,1,-0.03551,0.38454,-0.20000,0.00000,0.00000,-1.00000,0.76709
164,112,1,-0.04290,0.38234,-0.20000,0.00000,0.00000,-1.00000,0.76318
165,112,1,-0.05029,0.38014,-0.20000,0.00000,0.00000,-1.00000,0.76172
166,112,1,-0.05768,0.37794,-0.20000,0.00000,0.00000,-1.00000,0.76270
167,112,1,-0.06508,0.37575,-0.20000,0.00000,0.00000,-1.00000,0.76465
168,112,1,-0.07247,0.37355,-0.20000,0.00000,0.00000,-1.00000,0.76221
169,112,1,-0.07986,0.37135,-0.20000,0.00000,0.00000,-1.00000,0.76318
170,112,1,-0.08725,0.36915,-0.20000,0.00000,0.00000,-1.00000,0.76904
171,112,1,-0.09464,0.36695,-0.20000,0.00000,0.00000,-1.00000,0.77100
172,112,1,-0.10204,0.36475,-0.20000,0.00000,0.00000,-1.00000,0.77734
173,112,1,-0.10943,0.36256,-0.20000,0.00000,0.00000,-1.00000,0.78027
174,112,1,-0.11682,0.36036,-0.20000,0.00000,0.00000,-1.00000,0.78516
175,112,1,-0.12421,0.35816,-0.20000,0.00000,0.00000,-1.00000,0.79004
176,112,1,-0.13161,0.35596,-0.20000,0.00000,0.00000,-1.00000,0.79492
177,112,1,-0.13900,0.35376,-0.20000,0.00000,0.00000,-1.00000,0.80518
178,112,1,-0.14639,0.35156,-0.20000,0.00000,0.00000,-1.00000,0.80615
179,112,1,-0.15378,0.34936,-0.20000,0.00000,0.00000,-1.00000,0.81396
180,112,1,-0.16118,0.34717,-0.20000,0.00000,0.00000,-1.00000,0.81934
181,112,1,-0.16857,0.34497,-0.20000,0.00000,0.00000,-1.00000,0.82520
182,112,1,-0.17596,0.34277,-0.20000,0.00000,0.00000,-1.00000,0.82861
183,112,1,-0.18335,0.34057,-0.20000,0.00000,0.00000,-1.00000,0.83789
184,112,1,-0.19075,0.33837,-0.20000,0.00000,0.00000,-1.00000,0.84521
185,112,1,-0.19814,0.33617,-0.20000,0.00000,0.00000,-1.00000,0.84961
71,113,3,0.52475,0.48441,-0.04421,0.29913,0.93767,-0.17690,0.99463
72,113,3,0.52065,0.48484,-0.04848,0.28269,0.93939,-0.19400,0.99414
73,113,3,0.51644,0.48519,-0.05262,0.26584,0.94075,-0.21053,0.99268
74,113,3,0.51212,0.48545,-0.05661,0.24853,0.94177,-0.22652,0.99268
75,113,3,0.50768,0.48561,-0.06046,0.23079,0.94246,-0.24188,0.99072
76,113,3,0.50314,0.48570,-0.06416,0.21263,0.94280,-0.25672,0.98877
77,113,3,0.49850,0.48570,-0.06774,0.19405,0.94281,-0.27103,0.98779
78,113,3,0.49375,0.48562,-0.07118,0.17506,0.94247,-0.28479,0.98682
79,113,3,0.48890,0.48545,-0.07448,0.15566,0.94178,-0.29801,0.98389
80,113,3,0.48394,0.48520,-0.07764,0.13581,0.94078,-0.31064,0.98291
81,113,3,0.47886,0.48485,-0.08065,0.11549,0.93943,-0.32270,0.98047
82,113,3,0.47368,0.48442,-0.08352,0.09475,0.93772,-0.33422,0.97803
83,113,3,0.46839,0.48391,-0.08626,0.07360,0.93566,-0.34516,0.97559
84,113,3,0.46300,0.48331,-0.08886,0.05202,0.93321,-0.35555,0.97412
85,113,3,0.45747,0.48260,-0.09128,0.02991,0.93043,-0.36525,0.97168
86,113,3,0.45183,0.48180,-0.09356,0.00734,0.92725,-0.37438,0.96729
87,113,3,0.44608,0.48092,-0.09570,-0.01565,0.92367,-0.38287,0.96387
88,113,3,0.44018,0.47991,-0.09764,-0.03927,0.91969,-0.39066,0.96045
89,113,3,0.43417,0.47882,-0.09943,-0.06334,0.91527,-0.39783,0.95410
90,113,3,0.42800,0.47760,-0.10102,-0.08801,0.91043,-0.40419,0.94971
91,113,3,0.42170,0.47628,-0.10244,-0.11322,0.90510,-0.40985,0.94482
92,113,3,0.41523,0.47481,-0.10364,-0.13912,0.89928,-0.41467,0.93994
93,113,3,0.40861,0.47323,-0.10465,-0.16559,0.89292,-0.41868,0.93066
94,113,3,0.40179,0.47149,-0.10539,-0.19288,0.88600,-0.42165,0.92432
95,113,3,0.39479,0.46961,-0.10590,-0.22088,0.87846,-0.42370,0.91504
96,113,3,0.38759,0.46757,-0.10615,-0.24967,0.87023,-0.42470,0.90674
97,113,3,0.38013,0.46531,-0.10606,-0.27951,0.86129,-0.42434,0.89600
98,113,3,0.37242,0.46286,-0.10565,-0.31036,0.85147,-0.42269,0.88135
99,113,3,0.36442,0.46017,-0.10485,-0.34239,0.84071,-0.41950,0.86816
100,113,3,0.35607,0.45721,-0.10361,-0.37580,0.82883,-0.41452,0.84961
101,113,3,0.34730,0.45391,-0.10182,-0.41087,0.81561,-0.40738,0.83154
102,113,3,0.33801,0.45020,-0.09936,-0.44800,0.80081,-0.39749,0.80322
103,113,3,0.32807,0.44596,-0.09604,-0.48778,0.78385,-0.38425,0.77686
104,113,3,0.31721,0.44098,-0.09154,-0.53123,0.76399,-0.36623,0.74316
105,113,3,0.30499,0.43492,-0.08526,-0.58008,0.73970,-0.34111,0.69873
106,113,3,0.29008,0.42671,-0.07548,-0.63973,0.70679,-0.30200,0.63086
107,113,1,0.20000,0.35836,0.03201,0.99750,0.00097,-0.00036,0.24658
108,113,1,0.20000,0.36208,0.02240,1.00000,0.00000,-0.00000,0.24756
109,113,1,0.20000,0.36579,0.01279,1.00000,0.00000,-0.00000,0.25635
110,113,1,0.20000,0.36951,0.00318,1.00000,0.00000,-0.00000,0.26416
111,113,1,0.20000,0.37322,-0.00643,1.00000,0.00000,-0.00000,0.28125
112,113,1,0.20000,0.37694,-0.01604,1.00000,0.00000,-0.00000,0.29395
113,113,1,0.20000,0.38065,-0.02565,1.00000,0.00000,-0.00000,0.31299
114,113,1,0.20000,0.38437,-0.03526,1.00000,0.00000,-0.00000,0.33154
115,113,1,0.20000,0.38808,-0.04487,1.00000,0.00000,-0.00000,0.35303
116,113,1,0.20000,0.39180,-0.05448,1.00000,0.00000,-0.00000,0.37305
117,113,1,0.20000,0.39552,-0.06409,1.00000,0.00000,-0.00000,0.40137
118,113,1,0.20000,0.39923,-0.07370,1.00000,0.00000,-0.00000,0.42090
119,113,1,0.19632,0.40000,-0.07853,0.00000,1.00000,-0.00000,0.64502
120,113,1,0.19167,0.40000,-0.08210,0.00000,1.00000,-0.00000,0.64307
121,113,1,0.18703,0.40000,-0.08567,0.00000,1.00000,-0.00000,0.63721
122,113,1,0.18238,0.40000,-0.08924,0.00000,1.00000,-0.00000,0.63184
123,113,1,0.17774,0.40000,-0.09282,0.00000,1.00000,-0.00000,0.62451
124,113,1,0.17309,0.40000,-0.09639,0.00000,1.00000,-0.00000,0.62451
125,113,1,0.16845,0.40000,-0.09996,0.00000,1.00000,-0.00000,0.61670
126,113,1,0.16381,0.40000,-0.10353,0.00000,1.00000,-0.00000,0.61230
127,113,1,0.15916,0.40000,-0.10711,0.00000,1.00000,-0.00000,0.61084
128,113,1,0.15452,0.40000,-0.11068,0.00000,1.00000,-0.00000,0.60254
129,113,1,0.14987,0.40000,-0.11425,0.00000,1.00000,-0.00000,0.60059
130,113,1,0.14523,0.40000,-0.11782,0.00000,1.00000,-0.00000,0.59668
131,113,1,0.14059,0.40000,-0.12140,0.00000,1.00000,-0.00000,0.59570
132,113,1,0.13594,0.40000,-0.12497,0.00000,1.00000,-0.00000,0.59082
133,113,1,0.13130,0.40000,-0.12854,0.00000,1.00000,-0.00000,0.59033
134,113,1,0.12665,0.40000,-0.13211,0.00000,1.00000,-0.00000,0.58691
135,113,1,0.12201,0.40000,-0.13569,0.00000,1.00000,-0.00000,0.58691
136,113,1,0.11736,0.40000,-0.13926,0.00000,1.00000,-0.00000,0.58643
137,113,1,0.11272,0.40000,-0.14283,0.00000,1.00000,-0.00000,0.58545
138,113,1,0.10807,0.40000,-0.14640,0.00000,1.00000,-0.00000,0.58740
139,113,1,0.10343,0.40000,-0.14998,0.00000,1.00000,-0.00000,0.58643
140,113,1,0.09879,0.40000,-0.15355,0.00000,1.00000,-0.00000,0.58984
141,113,1,0.09414,0.40000,-0.15712,0.00000,1.00000,-0.00000,0.58936
142,113,1,0.08950,0.40000,-0.16069,0.00000,1.00000,-0.00000,0.59277
143,113,1,0.08485,0.40000,-0.16427,0.00000,1.00000,-0.00000,0.59717
144,113,1,0.08021,0.40000,-0.16784,0.00000,1.00000,-0.00000,0.60010
145,113,1,0.07557,0.40000,-0.17141,0.00000,1.00000,-0.00000,0.60645
146,113,1,0.07092,0.40000,-0.17498,0.00000,1.00000,-0.00000,0.61035
147,113,1,0.06628,0.40000,-0.17856,0.00000,1.00000,-0.00000,0.61621
148,113,1,0.06163,0.40000,-0.18213,0.00000,1.00000,-0.00000,0.61963
149,113,1,0.05699,0.40000,-0.18570,0.00000,1.00000,-0.00000,0.62744
150,113,1,0.05234,0.40000,-0.18927,0.00000,1.00000,-0.00000,0.63184
151,113,1,0.04770,0.40000,-0.19285,0.00000,1.00000,-0.00000,0.63721
152,113,1,0.04306,0.40000,-0.19642,0.00000,1.00000,-0.00000,0.64355
153,113,1,0.03841,0.40000,-0.19999,0.00000,0.60840,-0.39160,0.71484
154,113,1,0.03103,0.39781,-0.20000,0.00000,0.00000,-1.00000,0.78906
155,113,1,0.02363,0.39561,-0.20000,0.00000,0.00000,-1.00000,0.78320
156,113,1,0.01624,0.39341,-0.20000,0.00000,0.00000,-1.00000,0.77930
157,113,1,0.00885,0.39121,-0.20000,0.00000,0.00000,-1.00000,0.76953
158,113,1,0.00146,0.38901,-0.20000,0.00000,0.00000,-1.00000,0.76660
159,113,1,-0.00594,0.38681,-0.20000,0.00000,0.00000,-1.00000,0.76367
160,113,1,-0.01333,0.38462,-0.20000,0.00000,0.00000,-1.00000,0.75928
161,113,1,-0.02072,0.38242,-0.20000,0.00000,0.00000,-1.00000,0.75391
162,113,1,-0.02811,0.38022,-0.20000,0.00000,0.00000,-1.00000,0.75195
163,113,1,-0.03551,0.37802,-0.20000,0.00000,0.00000,-1.00000,0.74902
164,113,1,-0.04290,0.37582,-0.20000,0.00000,0.00000,-1.00000,0.75000
165,113,1,-0.05029,0.37362,-0.20000,0.00000,0.00000,-1.00000,0.74854
166,113,1,-0.05768,0.37143,-0.20000,0.00000,0.00000,-1.00000,0.74902
167,113,1,-0.06508,0.36923,-0.20000,0.00000,0.00000,-1.00000,0.74951
168,113,1,-0.07247,0.36703,-0.20000,0.00000,0.00000,-1.00000,0.75244
169,113,1,-0.07986,0.36483,-0.20000,0.00000,0.00000,-1.00000,0.75781
170,113,1,-0.08725,0.36263,-0.20000,0.00000,0.00000,-1.00000,0.75488
171,113,1,-0.09464,0.36043,-0.20000,0.00000,0.00000,-1.00000,0.76465
172,113,1,-0.10204,0.35823,-0.20000,0.00000,0.00000,-1.00000,0.76562
173,113,1,-0.10943,0.35604,-0.20000,0.00000,0.00000,-1.00000,0.76855
174,113,1,-0.11682,0.35384,-0.20000,0.00000,0.00000,-1.00000,0.77637
175,113,1,-0.12421,0.35164,-0.20000,0.00000,0.00000,-1.00000,0.78125
176,113,1,-0.13161,0.34944,-0.20000,0.00000,0.00000,-1.00000,0.78564
177,113,1,-0.13900,0.34724,-0.20000,0.00000,0.00000,-1.00000,0.79297
178,113,1,-0.14639,0.34504,-0.20000,0.00000,0.00000,-1.00000,0.79785
179,113,1,-0.15378,0.34284,-0.20000,0.00000,0.00000,-1.00000,0.80615
180,113,1,-0.16118,0.34065,-0.20000,0.00000,0.00000,-1.00000,0.81152
181,113,1,-0.16857,0.33845,-0.20000,0.00000,0.00000,-1.00000,0.82080
182,113,1,-0.17596,0.33625,-0.20000,0.00000,0.00000,-1.00000,0.82715
183,113,1,-0.18335,0.33405,-0.20000,0.00000,0.00000,-1.00000,0.83350
184,113,1,-0.19075,0.33185,-0.20000,0.00000,0.00000,-1.00000,0.83887
185,113,1,-0.19814,0.32965,-0.20000,0.00000,0.00000,-1.00000,0.84570
46,114,3,0.56967,0.42094,0.13765,0.47878,0.68374,0.55069,1.00000
48,114,3,0.57907,0.43589,0.10621,0.51636,0.74353,0.42490,1.00000
50,114,3,0.58162,0.44536,0.08368,0.52658,0.78144,0.33478,1.00000
52,114,3,0.58135,0.45257,0.06481,0.52552,0.81030,0.25931,1.00000
54,114,3,0.57936,0.45842,0.04817,0.51755,0.83366,0.19273,1.00000
56,114,3,0.57613,0.46326,0.03315,0.50465,0.85307,0.13263,0.99951
58,114,3,0.57197,0.46736,0.01934,0.48796,0.86942,0.07739,0.99951
60,114,3,0.56700,0.47082,0.00658,0.46811,0.88328,0.02631,0.99902
62,114,3,0.56137,0.47375,-0.00532,0.44558,0.89499,-0.02128,0.99951
64,114,3,0.55515,0.47620,-0.01646,0.42070,0.90480,-0.06586,0.99951
66,114,3,0.54840,0.47823,-0.02690,0.39370,0.91292,-0.10764,0.99805
68,114,3,0.54115,0.47986,-0.03669,0.36470,0.91948,-0.14680,0.99707
70,114,3,0.53345,0.48114,-0.04591,0.33391,0.92454,-0.18369,0.99658
72,114,3,0.52530,0.48204,-0.05453,0.30131,0.92822,-0.21819,0.99512
73,114,3,0.52107,0.48238,-0.05865,0.28439,0.92955,-0.23467,0.99414
74,114,3,0.51674,0.48263,-0.06262,0.26705,0.93054,-0.25057,0.99414
75,114,3,0.51231,0.48279,-0.06647,0.24929,0.93120,-0.26593,0.99316
76,114,3,0.50777,0.48288,-0.07018,0.23116,0.93152,-0.28078,0.99170
77,114,3,0.50312,0.48288,-0.07375,0.21257,0.93152,-0.29510,0.98975
78,114,3,0.49838,0.48280,-0.07719,0.19360,0.93120,-0.30885,0.98828
79,114,3,0.49353,0.48263,-0.08049,0.17417,0.93055,-0.32209,0.98730
80,114,3,0.48857,0.48238,-0.08366,0.15434,0.92957,-0.33477,0.98535
81,114,3,0.48352,0.48206,-0.08670,0.13411,0.92825,-0.34693,0.98389
82,114,3,0.47836,0.48164,-0.08960,0.11347,0.92660,-0.35854,0.98145
83,114,3,0.47310,0.48115,-0.09238,0.09243,0.92458,-0.36960,0.97900
84,114,3,0.46771,0.48056,-0.09499,0.07087,0.92224,-0.38005,0.97803
85,114,3,0.46222,0.47988,-0.09745,0.04889,0.91955,-0.38993,0.97510
86,114,3,0.45662,0.47911,-0.09978,0.02647,0.91647,-0.39923,0.97217
87,114,3,0.45090,0.47825,-0.10196,0.00359,0.91300,-0.40794,0.96875
88,114,3,0.44504,0.47728,-0.10396,-0.01981,0.90917,-0.41595,0.96387
89,114,3,0.43908,0.47623,-0.10582,-0.04368,0.90490,-0.42337,0.96143
90,114,3,0.43297,0.47505,-0.10748,-0.06815,0.90026,-0.43000,0.95654
91,114,3,0.42673,0.47378,-0.10897,-0.09310,0.89512,-0.43600,0.95215
92,114,3,0.42033,0.47237,-0.11027,-0.11870,0.88953,-0.44120,0.94678
93,114,3,0.41379,0.47086,-0.11138,-0.14484,0.88344,-0.44559,0.93994
94,114,3,0.40707,0.46920,-0.11225,-0.17175,0.87681,-0.44912,0.93506
95,114,3,0.40019,0.46741,-0.11292,-0.19928,0.86960,-0.45176,0.92725
96,114,3,0.39309,0.46544,-0.11330,-0.22766,0.86181,-0.45328,0.91748
97,114,3,0.38579,0.46332,-0.11342,-0.25688,0.85330,-0.45374,0.90723
98,114,3,0.37826,0.46102,-0.11324,-0.28695,0.84404,-0.45304,0.89355
99,114,3,0.37045,0.45848,-0.11270,-0.31824,0.83390,-0.45092,0.87842
100,114,3,0.36234,0.45571,-0.11176,-0.35069,0.82285,-0.44714,0.86621
101,114,3,0.35387,0.45265,-0.11037,-0.38454,0.81064,-0.44157,0.84961
102,114,3,0.34499,0.44926,-0.10843,-0.42011,0.79706,-0.43383,0.82520
103,114,3,0.33558,0.44545,-0.10581,-0.45775,0.78181,-0.42336,0.80273
104,114,3,0.32551,0.44111,-0.10233,-0.49801,0.76445,-0.40939,0.77100
105,114,3,0.31450,0.43601,-0.09762,-0.54205,0.74407,-0.39056,0.73779
106,114,3,0.30202,0.42974,-0.09100,-0.59203,0.71898,-0.36410,0.69189
107,114,3,0.28669,0.42119,-0.08069,-0.65333,0.68478,-0.32285,0.62695
108,114,1,0.20000,0.35556,0.02240,0.99748,0.00094,-0.00039,0.22656
109,114,1,0.20000,0.35927,0.01279,1.00000,0.00000,-0.00000,0.23340
110,114,1,0.20000,0.36299,0.00318,1.00000,0.00000,-0.00000,0.24463
111,114,1,0.20000,0.36670,-0.00643,1.00000,0.00000,-0.00000,0.25439
112,114,1,0.20000,0.37042,-0.01604,1.00000,0.00000,-0.00000,0.27344
113,114,1,0.20000,0.37414,-0.02565,1.00000,0.00000,-0.00000,0.29102
114,114,1,0.20000,0.37785,-0.03526,1.00000,0.00000,-0.00000,0.30713
115,114,1,0.20000,0.38157,-0.04487,1.00000,0.00000,-0.00000,0.33350
116,114,1,0.20000,0.38528,-0.05448,1.00000,0.00000,-0.00000,0.35596
117,114,1,0.20000,0.38900,-0.06409,1.00000,0.00000,-0.00000,0.38037
118,114,1,0.20000,0.39271,-0.07370,1.00000,0.00000,-0.00000,0.40576
119,114,1,0.20000,0.39643,-0.08331,1.00000,0.00000,-0.00000,0.43213
120,114,1,0.19982,0.40000,-0.09269,0.00146,0.99854,-0.00000,0.66797
121,114,1,0.19518,0.40000,-0.09626,0.00000,1.00000,-0.00000,0.66602
122,114,1,0.19053,0.40000,-0.09984,0.00000,1.00000,-0.00000,0.66064
123,114,1,0.18589,0.40000,-0.10341,0.00000,1.00000,-0.00000,0.65820
124,114,1,0.18124,0.40000,-0.10698,0.00000,1.00000,-0.00000,0.65527
125,114,1,0.17660,0.40000,-0.11055,0.00000,1.00000,-0.00000,0.64795
126,114,1,0.17196,0.40000,-0.11413,0.00000,1.00000,-0.00000,0.64648
127,114,1,0.16731,0.40000,-0.11770,0.00000,1.00000,-0.00000,0.64258
128,114,1,0.16267,0.40000,-0.12127,0.00000,1.00000,-0.00000,0.63916
129,114,1,0.15802,0.40000,-0.12484,0.00000,1.00000,-0.00000,0.63672
130,114,1,0.15338,0.40000,-0.12842,0.00000,1.00000,-0.00000,0.63037
131,114,1,0.14873,0.40000,-0.13199,0.00000,1.00000,-0.00000,0.63184
132,114,1,0.14409,0.40000,-0.13556,0.00000,1.00000,-0.00000,0.62939
133,114,1,0.13945,0.40000,-0.13913,0.00000,1.00000,-0.00000,0.62500
134,114,1,0.13480,0.40000,-0.14271,0.00000,1.00000,-0.00000,0.62598
135,114,1,0.13016,0.40000,-0.14628,0.00000,1.00000,-0.00000,0.62646
136,114,1,0.12551,0.40000,-0.14985,0.00000,1.00000,-0.00000,0.62402
137,114,1,0.12087,0.40000,-0.15342,0.00000,1.00000,-0.00000,0.62793
138,114,1,0.11622,0.40000,-0.15700,0.00000,1.00000,-0.00000,0.62744
139,114,1,0.11158,0.40000,-0.16057,0.00000,1.00000,-0.00000,0.62500
140,114,1,0.10694,0.40000,-0.16414,0.00000,1.00000,-0.00000,0.62646
141,114,1,0.10229,0.40000,-0.16771,0.00000,1.00000,-0.00000,0.62939
142,114,1,0.09765,0.40000,-0.17129,0.00000,1.00000,-0.00000,0.63135
143,114,1,0.09300,0.40000,-0.17486,0.00000,1.00000,-0.00000,0.63525
144,114,1,0.08836,0.40000,-0.17843,0.00000,1.00000,-0.00000,0.63867
145,114,1,0.08371,0.40000,-0.18200,0.00000,1.00000,-0.00000,0.63672
146,114,1,0.07907,0.40000,-0.18558,0.00000,1.00000,-0.00000,0.64502
147,114,1,0.07443,0.40000,-0.18915,0.00000,1.00000,-0.00000,0.65137
148,114,1,0.06978,0.40000,-0.19272,0.00000,1.00000,-0.00000,0.65527
149,114,1,0.06514,0.40000,-0.19630,0.00000,0.99951,-0.00049,0.65820
150,114,1,0.06049,0.40000,-0.19987,0.00000,0.99902,-0.00098,0.66309
151,114,1,0.05320,0.39788,-0.20000,0.00000,0.00000,-1.00000,0.79736
152,114,1,0.04581,0.39568,-0.20000,0.00000,0.00000,-1.00000,0.78857
153,114,1,0.03842,0.39349,-0.20000,0.00000,0.00000,-1.00000,0.78369
154,114,1,0.03103,0.39129,-0.20000,0.00000,0.00000,-1.00000,0.77344
155,114,1,0.02363,0.38909,-0.20000,0.00000,0.00000,-1.00000,0.77100
156,114,1,0.01624,0.38689,-0.20000,0.00000,0.00000,-1.00000,0.76465
157,114,1,0.00885,0.38469,-0.20000,0.00000,0.00000,-1.00000,0.75928
158,114,1,0.00146,0.38249,-0.20000,0.00000,0.00000,-1.00000,0.75244
159,114,1,-0.00594,0.38030,-0.20000,0.00000,0.00000,-1.00000,0.74707
160,114,1,-0.01333,0.37810,-0.20000,0.00000,0.00000,-1.00000,0.74414
161,114,1,-0.02072,0.37590,-0.20000,0.00000,0.00000,-1.00000,0.74121
162,114,1,-0.02811,0.37370,-0.20000,0.00000,0.00000,-1.00000,0.74121
163,114,1,-0.03551,0.37150,-0.20000,0.00000,0.00000,-1.00000,0.73486
164,114,1,-0.04290,0.36930,-0.20000,0.00000,0.00000,-1.00000,0.73389
165,114,1,-0.05029,0.36710,-0.20000,0.00000,0.00000,-1.00000,0.73633
166,114,1,-0.05768,0.36491,-0.20000,0.00000,0.00000,-1.00000,0.73340
167,114,1,-0.06508,0.36271,-0.20000,0.00000,0.00000,-1.00000,0.73633
168,114,1,-0.07247,0.36051,-0.20000,0.00000,0.00000,-1.00000,0.73682
169,114,1,-0.07986,0.35831,-0.20000,0.00000,0.00000,-1.00000,0.74316
170,114,1,-0.08725,0.35611,-0.20000,0.00000,0.00000,-1.00000,0.74658
171,114,1,-0.09464,0.35391,-0.20000,0.00000,0.00000,-1.00000,0.74658
172,114,1,-0.10204,0.35171,-0.20000,0.00000,0.00000,-1.00000,0.75293
173,114,1,-0.10943,0.34952,-0.20000,0.00000,0.00000,-1.00000,0.75830
174,114,1,-0.11682,0.34732,-0.20000,0.00000,0.00000,-1.00000,0.76465
175,114,1,-0.12421,0.34512,-0.20000,0.00000,0.00000,-1.00000,0.77197
176,114,1,-0.13161,0.34292,-0.20000,0.00000,0.00000,-1.00000,0.78027
177,114,1,-0.13900,0.34072,-0.20000,0.00000,0.00000,-1.00000,0.78125
178,114,1,-0.14639,0.33852,-0.20000,0.00000,0.00000,-1.00000,0.78760
179,114,1,-0.15378,0.33633,-0.20000,0.00000,0.00000,-1.00000,0.80127
180,114,1,-0.16118,0.33413,-0.20000,0.00000,0.00000,-1.00000,0.80518
181,114,1,-0.16857,0.33193,-0.20000,0.00000,0.00000,-1.00000,0.81250
182,114,1,-0.17596,0.32973,-0.20000,0.00000,0.00000,-1.00000,0.81934
183,114,1,-0.18335,0.32753,-0.20000,0.00000,0.00000,-1.00000,0.82666
184,114,1,-0.19075,0.32533,-0.20000,0.00000,0.00000,-1.00000,0.83252
185,114,1,-0.19814,0.32314,-0.20000,0.00000,0.00000,-1.00000,0.83887
74,115,3,0.52118,0.47966,-0.06840,0.28482,0.91869,-0.27366,0.99463
75,115,3,0.51674,0.47982,-0.07223,0.26705,0.91932,-0.28902,0.99365
76,115,3,0.51220,0.47990,-0.07594,0.24888,0.91964,-0.30385,0.99365
77,115,3,0.50755,0.47990,-0.07951,0.23027,0.91966,-0.31814,0.99170
78,115,3,0.50281,0.47983,-0.08295,0.21132,0.91933,-0.33192,0.99072
79,115,3,0.49797,0.47967,-0.08627,0.19193,0.91870,-0.34517,0.98975
80,115,3,0.49303,0.47943,-0.08945,0.17215,0.91774,-0.35793,0.98730
81,115,3,0.48799,0.47911,-0.09251,0.15199,0.91647,-0.37012,0.98584
82,115,3,0.48284,0.47871,-0.09544,0.13141,0.91484,-0.38184,0.98486
83,115,3,0.47759,0.47823,-0.09822,0.11041,0.91290,-0.39297,0.98389
84,115,3,0.47223,0.47765,-0.10086,0.08893,0.91064,-0.40353,0.98096
85,115,3,0.46676,0.47699,-0.10336,0.06706,0.90801,-0.41354,0.97705
86,115,3,0.46119,0.47625,-0.10573,0.04479,0.90501,-0.42304,0.97705
87,115,3,0.45550,0.47541,-0.10794,0.02201,0.90167,-0.43187,0.97314
88,115,3,0.44969,0.47448,-0.10999,-0.00124,0.89795,-0.44010,0.97021
89,115,3,0.44377,0.47346,-0.11191,-0.02492,0.89383,-0.44772,0.96680
90,115,3,0.43770,0.47232,-0.11363,-0.04919,0.88932,-0.45463,0.96289
91,115,3,0.43151,0.47109,-0.11520,-0.07395,0.88437,-0.46090,0.95801
92,115,3,0.42518,0.46974,-0.11658,-0.09929,0.87897,-0.46643,0.95215
93,115,3,0.41870,0.46827,-0.11777,-0.12520,0.87310,-0.47119,0.94824
94,115,3,0.41207,0.46668,-0.11875,-0.15174,0.86673,-0.47514,0.94141
95,115,3,0.40527,0.46495,-0.11952,-0.17894,0.85984,-0.47818,0.93506
96,115,3,0.39828,0.46308,-0.12005,-0.20691,0.85236,-0.48028,0.92773
97,115,3,0.39111,0.46106,-0.12034,-0.23557,0.84423,-0.48144,0.91553
98,115,3,0.38371,0.45885,-0.12032,-0.26522,0.83542,-0.48140,0.90625
99,115,3,0.37607,0.45645,-0.12000,-0.29581,0.82583,-0.48010,0.89697
100,115,3,0.36816,0.45385,-0.11934,-0.32740,0.81539,-0.47744,0.88281
101,115,3,0.35995,0.45099,-0.11827,-0.36023,0.80397,-0.47315,0.86572
102,115,3,0.35136,0.44784,-0.11671,-0.39459,0.79136,-0.46695,0.85107
103,115,3,0.34234,0.44434,-0.11460,-0.43071,0.77735,-0.45850,0.82764
104,115,3,0.33279,0.44041,-0.11179,-0.46888,0.76166,-0.44725,0.80029
105,115,3,0.32253,0.43592,-0.10806,-0.50995,0.74368,-0.43230,0.77197
106,115,3,0.31130,0.43065,-0.10308,-0.55483,0.72257,-0.41238,0.73389
107,115,3,0.29848,0.42411,-0.09602,-0.60616,0.69642,-0.38415,0.68555
108,115,3,0.28247,0.41501,-0.08481,-0.67018,0.66008,-0.33932,0.61523
109,115,1,0.20000,0.35275,0.01279,0.99831,0.00060,-0.00028,0.20996
110,115,1,0.20000,0.35647,0.00318,1.00000,0.00000,-0.00000,0.22217
111,115,1,0.20000,0.36019,-0.00643,1.00000,0.00000,-0.00000,0.23242
112,115,1,0.20000,0.36390,-0.01604,1.00000,0.00000,-0.00000,0.25098
113,115,1,0.20000,0.36762,-0.02565,1.00000,0.00000,-0.00000,0.26904
114,115,1,0.20000,0.37133,-0.03526,1.00000,0.00000,-0.00000,0.28711
115,115,1,0.20000,0.37505,-0.04487,1.00000,0.00000,-0.00000,0.31250
116,115,1,0.20000,0.37876,-0.05448,1.00000,0.00000,-0.00000,0.33936
117,115,1,0.20000,0.38248,-0.06409,1.00000,0.00000,-0.00000,0.36035
118,115,1,0.20000,0.38619,-0.07370,1.00000,0.00000,-0.00000,0.38770
119,115,1,0.20000,0.38991,-0.08331,1.00000,0.00000,-0.00000,0.41113
120,115,1,0.20000,0.39362,-0.09292,1.00000,0.00000,-0.00000,0.43604
121,115,1,0.20000,0.39734,-0.10253,1.00000,0.00000,-0.00000,0.46680
122,115,1,0.19868,0.40000,-0.11043,0.00098,0.99902,-0.00000,0.68799
123,115,1,0.19404,0.40000,-0.11400,0.00000,1.00000,-0.00000,0.68408
124,115,1,0.18939,0.40000,-0.11758,0.00000,1.00000,-0.00000,0.68213
125,115,1,0.18475,0.40000,-0.12115,0.00000,1.00000,-0.00000,0.67627
126,115,1,0.18010,0.40000,-0.12472,0.00000,1.00000,-0.00000,0.67578
127,115,1,0.17546,0.40000,-0.12829,0.00000,1.00000,-0.00000,0.66895
128,115,1,0.17082,0.40000,-0.13187,0.00000,1.00000,-0.00000,0.67334
129,115,1,0.16617,0.40000,-0.13544,0.00000,1.00000,-0.00000,0.66504
130,115,1,0.16153,0.40000,-0.13901,0.00000,1.00000,-0.00000,0.66748
131,115,1,0.15688,0.40000,-0.14258,0.00000,1.00000,-0.00000,0.66406
132,115,1,0.15224,0.40000,-0.14616,0.00000,1.00000,-0.00000,0.66309
133,115,1,0.14759,0.40000,-0.14973,0.00000,1.00000,-0.00000,0.65967
134,115,1,0.14295,0.40000,-0.15330,0.00000,1.00000,-0.00000,0.65869
135,115,1,0.13831,0.40000,-0.15687,0.00000,1.00000,-0.00000,0.66016
136,115,1,0.13366,0.40000,-0.16045,0.00000,1.00000,-0.00000,0.66113
137,115,1,0.12902,0.40000,-0.16402,0.00000,1.00000,-0.00000,0.65967
138,115,1,0.12437,0.40000,-0.16759,0.00000,1.00000,-0.00000,0.65869
139,115,1,0.11973,0.40000,-0.17116,0.00000,1.00000,-0.00000,0.66016
140,115,1,0.11508,0.40000,-0.17474,0.00000,1.00000,-0.00000,0.66211
141,115,1,0.11044,0.40000,-0.17831,0.00000,1.00000,-0.00000,0.66064
142,115,1,0.10580,0.40000,-0.18188,0.00000,1.00000,-0.00000,0.66602
143,115,1,0.10115,0.40000,-0.18545,0.00000,1.00000,-0.00000,0.66504
144,115,1,0.09651,0.40000,-0.18903,0.00000,1.00000,-0.00000,0.67139
145,115,1,0.09186,0.40000,-0.19260,0.00000,1.00000,-0.00000,0.67432
146,115,1,0.08722,0.40000,-0.19617,0.00000,0.99951,-0.00049,0.67676
147,115,1,0.08257,0.40000,-0.19974,0.00000,0.99902,-0.00098,0.68018
148,115,1,0.07538,0.39796,-0.20000,0.00000,0.00000,-1.00000,0.80664
149,115,1,0.06799,0.39576,-0.20000,0.00000,0.00000,-1.00000,0.79932
150,115,1,0.06060,0.39356,-0.20000,0.00000,0.00000,-1.00000,0.79102
151,115,1,0.05320,0.39136,-0.20000,0.00000,0.00000,-1.00000,0.78809
152,115,1,0.04581,0.38917,-0.20000,0.00000,0.00000,-1.00000,0.77686
153,115,1,0.03842,0.38697,-0.20000,0.00000,0.00000,-1.00000,0.77002
154,115,1,0.03103,0.38477,-0.20000,0.00000,0.00000,-1.00000,0.76367
155,115,1,0.02363,0.38257,-0.20000,0.00000,0.00000,-1.00000,0.75293
156,115,1,0.01624,0.38037,-0.20000,0.00000,0.00000,-1.00000,0.75293
157,115,1,0.00885,0.37817,-0.20000,0.00000,0.00000,-1.00000,0.74170
158,115,1,0.00146,0.37597,-0.20000,0.00000,0.00000,-1.00000,0.73682
159,115,1,-0.00594,0.37378,-0.20000,0.00000,0.00000,-1.00000,0.73584
160,115,1,-0.01333,0.37158,-0.20000,0.00000,0.00000,-1.00000,0.72656
161,115,1,-0.02072,0.36938,-0.20000,0.00000,0.00000,-1.00000,0.72705
162,115,1,-0.02811,0.36718,-0.20000,0.00000,0.00000,-1.00000,0.72168
163,115,1,-0.03551,0.36498,-0.20000,0.00000,0.00000,-1.00000,0.72217
164,115,1,-0.04290,0.36278,-0.20000,0.00000,0.00000,-1.00000,0.71777
165,115,1,-0.05029,0.36059,-0.20000,0.00000,0.00000,-1.00000,0.71924
166,115,1,-0.05768,0.35839,-0.20000,0.00000,0.00000,-1.00000,0.72168
167,115,1,-0.06508,0.35619,-0.20000,0.00000,0.00000,-1.00000,0.72266
168,115,1,-0.07247,0.35399,-0.20000,0.00000,0.00000,-1.00000,0.72705
169,115,1,-0.07986,0.35179,-0.20000,0.00000,0.00000,-1.00000,0.72656
170,115,1,-0.08725,0.34959,-0.20000,0.00000,0.00000,-1.00000,0.73047
171,115,1,-0.09464,0.34739,-0.20000,0.00000,0.00000,-1.00000,0.73389
172,115,1,-0.10204,0.34520,-0.20000,0.00000,0.00000,-1.00000,0.74268
173,115,1,-0.10943,0.34300,-0.20000,0.00000,0.00000,-1.00000,0.74756
174,115,1,-0.11682,0.34080,-0.20000,0.00000,0.00000,-1.00000,0.75342
175,115,1,-0.12421,0.33860,-0.20000,0.00000,0.00000,-1.00000,0.76270
176,115,1,-0.13161,0.33640,-0.20000,0.00000,0.00000,-1.00000,0.76758
177,115,1,-0.13900,0.33420,-0.20000,0.00000,0.00000,-1.00000,0.77490
178,115,1,-0.14639,0.33201,-0.20000,0.00000,0.00000,-1.00000,0.78223
179,115,1,-0.15378,0.32981,-0.20000,0.00000,0.00000,-1.00000,0.79150
180,115,1,-0.16118,0.32761,-0.20000,0.00000,0.00000,-1.00000,0.79834
181,115,1,-0.16857,0.32541,-0.20000,0.00000,0.00000,-1.00000,0.80420
182,115,1,-0.17596,0.32321,-0.20000,0.00000,0.00000,-1.00000,0.81543
183,115,1,-0.18335,0.32101,-0.20000,0.00000,0.00000,-1.00000,0.82178
184,115,1,-0.19075,0.31881,-0.20000,0.00000,0.00000,-1.00000,0.82861
185,115,1,-0.19814,0.31662,-0.20000,0.00000,0.00000,-1.00000,0.83936
44,116,3,0.57866,0.40766,0.14519,0.51470,0.63062,0.58086,1.00000
46,116,3,0.59068,0.42471,0.11034,0.56281,0.69886,0.44140,1.00000
48,116,3,0.59422,0.43497,0.08652,0.57692,0.73984,0.34612,1.00000
50,116,3,0.59456,0.44268,0.06685,0.57835,0.77071,0.26745,0.99951
52,116,3,0.59306,0.44890,0.04958,0.57237,0.79564,0.19837,1.00000
54,116,3,0.59028,0.45411,0.03398,0.56122,0.81643,0.13594,1.00000
56,116,3,0.58649,0.45851,0.01969,0.54606,0.83403,0.07877,1.00000
58,116,3,0.58189,0.46226,0.00644,0.52768,0.84905,0.02578,1.00000
60,116,3,0.57661,0.46547,-0.00591,0.50655,0.86189,-0.02364,0.99951
62,116,3,0.57073,0.46820,-0.01749,0.48304,0.87280,-0.06999,0.99951
64,116,3,0.56433,0.47050,-0.02839,0.45742,0.88197,-0.11359,0.99951
66,116,3,0.55741,0.47240,-0.03862,0.42977,0.88963,-0.15450,0.99951
68,116,3,0.55005,0.47394,-0.04827,0.40032,0.89579,-0.19312,0.99902
70,116,3,0.54226,0.47514,-0.05736,0.36914,0.90060,-0.22947,0.99756
72,116,3,0.53407,0.47602,-0.06593,0.33637,0.90404,-0.26378,0.99707
74,116,3,0.52546,0.47656,-0.07395,0.30191,0.90625,-0.29589,0.99658
76,116,3,0.51646,0.47679,-0.08148,0.26593,0.90720,-0.32601,0.99463
77,116,3,0.51182,0.47679,-0.08505,0.24733,0.90721,-0.34030,0.99268
78,116,3,0.50708,0.47672,-0.08850,0.22836,0.90691,-0.35407,0.99268
79,116,3,0.50224,0.47657,-0.09182,0.20904,0.90626,-0.36741,0.99121
80,116,3,0.49731,0.47633,-0.09502,0.18931,0.90533,-0.38019,0.98926
81,116,3,0.49228,0.47603,-0.09809,0.16916,0.90408,-0.39246,0.98779
82,116,3,0.48714,0.47563,-0.10102,0.14861,0.90253,-0.40417,0.98779
83,116,3,0.48190,0.47515,-0.10382,0.12765,0.90064,-0.41540,0.98535
84,116,3,0.47656,0.47460,-0.10649,0.10628,0.89842,-0.42609,0.98291
85,116,3,0.47112,0.47396,-0.10903,0.08451,0.89586,-0.43622,0.98193
86,116,3,0.46558,0.47324,-0.11143,0.06232,0.89296,-0.44581,0.97754
87,116,3,0.45991,0.47242,-0.11367,0.03963,0.88971,-0.45479,0.97607
88,116,3,0.45413,0.47152,-0.11577,0.01652,0.88610,-0.46320,0.97363
89,116,3,0.44825,0.47053,-0.11774,-0.00697,0.88208,-0.47105,0.97119
90,116,3,0.44222,0.46942,-0.11951,-0.03110,0.87770,-0.47819,0.96729
91,116,3,0.43609,0.46823,-0.12114,-0.05565,0.87291,-0.48470,0.96240
92,116,3,0.42981,0.46692,-0.12259,-0.08076,0.86770,-0.49048,0.95801
93,116,3,0.42339,0.46550,-0.12386,-0.10644,0.86204,-0.49555,0.95459
94,116,3,0.41683,0.46397,-0.12494,-0.13270,0.85587,-0.49987,0.94678
95,116,3,0.41010,0.46230,-0.12580,-0.15962,0.84923,-0.50332,0.94482
96,116,3,0.40321,0.46050,-0.12645,-0.18720,0.84203,-0.50592,0.93506
97,116,3,0.39613,0.45856,-0.12686,-0.21548,0.83424,-0.50754,0.92725
98,116,3,0.38885,0.45644,-0.12700,-0.24466,0.82580,-0.50813,0.91748
99,116,3,0.38136,0.45417,-0.12688,-0.27459,0.81666,-0.50761,0.90625
100,116,3,0.37361,0.45168,-0.12641,-0.30562,0.80675,-0.50572,0.89697
101,116,3,0.36558,0.44897,-0.12558,-0.33772,0.79593,-0.50243,0.88086
102,116,3,0.35724,0.44602,-0.12435,-0.37112,0.78406,-0.49752,0.86328
103,116,3,0.34852,0.44276,-0.12263,-0.40593,0.77106,-0.49060,0.84424
104,116,3,0.33936,0.43914,-0.12032,-0.44259,0.75657,-0.48138,0.82422
105,116,3,0.32961,0.43507,-0.11727,-0.48159,0.74025,-0.46916,0.79785
106,116,3,0.31913,0.43039,-0.11325,-0.52352,0.72156,-0.45307,0.76416
107,116,3,0.30755,0.42485,-0.10781,-0.56986,0.69943,-0.43134,0.72217
108,116,3,0.29432,0.41797,-0.10021,-0.62277,0.67188,-0.40092,0.67236
109,116,3,0.27722,0.40801,-0.08759,-0.69115,0.63206,-0.35044,0.59766
110,116,1,0.20000,0.34995,0.00318,1.00000,0.00000,-0.00000,0.19922
111,116,1,0.20000,0.35367,-0.00643,1.00000,0.00000,-0.00000,0.21240
112,116,1,0.20000,0.35738,-0.01604,1.00000,0.00000,-0.00000,0.22656
113,116,1,0.20000,0.36110,-0.02565,1.00000,0.00000,-0.00000,0.24707
114,116,1,0.20000,0.36481,-0.03526,1.00000,0.00000,-0.00000,0.26611
115,116,1,0.20000,0.36853,-0.04487,1.00000,0.00000,-0.00000,0.29346
116,116,1,0.20000,0.37224,-0.05448,1.00000,0.00000,-0.00000,0.31445
117,116,1,0.20000,0.37596,-0.06409,1.00000,0.00000,-0.00000,0.33936
118,116,1,0.20000,0.37967,-0.07370,1.00000,0.00000,-0.00000,0.36328
119,116,1,0.20000,0.38339,-0.08331,1.00000,0.00000,-0.00000,0.39209
120,116,1,0.20000,0.38710,-0.09292,1.00000,0.00000,-0.00000,0.42090
121,116,1,0.20000,0.39082,-0.10253,1.00000,0.00000,-0.00000,0.44775
122,116,1,0.20000,0.39454,-0.11214,1.00000,0.00000,-0.00000,0.47510
123,116,1,0.20000,0.39825,-0.12175,1.00000,0.00000,-0.00000,0.50391
124,116,1,0.19754,0.40000,-0.12817,0.00049,0.99951,-0.00000,0.70654
125,116,1,0.19290,0.40000,-0.13174,0.00000,1.00000,-0.00000,0.70410
126,116,1,0.18825,0.40000,-0.13531,0.00000,1.00000,-0.00000,0.69971
127,116,1,0.18361,0.40000,-0.13889,0.00000,1.00000,-0.00000,0.69922
128,116,1,0.17896,0.40000,-0.14246,0.00000,1.00000,-0.00000,0.69775
129,116,1,0.17432,0.40000,-0.14603,0.00000,1.00000,-0.00000,0.69482
130,116,1,0.16968,0.40000,-0.14960,0.00000,1.00000,-0.00000,0.69434
131,116,1,0.16503,0.40000,-0.15318,0.00000,1.00000,-0.00000,0.69189
132,116,1,0.16039,0.40000,-0.15675,0.00000,1.00000,-0.00000,0.69336
133,116,1,0.15574,0.40000,-0.16032,0.00000,1.00000,-0.00000,0.68652
134,116,1,0.15110,0.40000,-0.16389,0.00000,1.00000,-0.00000,0.68896
135,116,1,0.14646,0.40000,-0.16747,0.00000,1.00000,-0.00000,0.69385
136,116,1,0.14181,0.40000,-0.17104,0.00000,1.00000,-0.00000,0.68896
137,116,1,0.13717,0.40000,-0.17461,0.00000,1.00000,-0.00000,0.68945
138,116,1,0.13252,0.40000,-0.17818,0.00000,1.00000,-0.00000,0.68994
139,116,1,0.12788,0.40000,-0.18176,0.00000,1.00000,-0.00000,0.69336
140,116,1,0.12323,0.40000,-0.18533,0.00000,1.00000,-0.00000,0.69092
141,116,1,0.11859,0.40000,-0.18890,0.00000,1.00000,-0.00000,0.69434
142,116,1,0.11395,0.40000,-0.19247,0.00000,1.00000,-0.00000,0.69238
143,116,1,0.10930,0.40000,-0.19605,0.00000,0.99951,-0.00049,0.69971
144,116,1,0.10466,0.40000,-0.19962,0.00000,0.99902,-0.00098,0.70508
145,116,1,0.09756,0.39804,-0.20000,0.00000,0.00000,-1.00000,0.82178
146,116,1,0.09016,0.39584,-0.20000,0.00000,0.00000,-1.00000,0.81592
147,116,1,0.08277,0.39364,-0.20000,0.00000,0.00000,-1.00000,0.80469
148,116,1,0.07538,0.39144,-0.20000,0.00000,0.00000,-1.00000,0.79736
149,116,1,0.06799,0.38924,-0.20000,0.00000,0.00000,-1.00000,0.78955
150,116,1,0.06060,0.38704,-0.20000,0.00000,0.00000,-1.00000,0.78174
151,116,1,0.05320,0.38484,-0.20000,0.00000,0.00000,-1.00000,0.77344
152,116,1,0.04581,0.38265,-0.20000,0.00000,0.00000,-1.00000,0.76758
153,116,1,0.03842,0.38045,-0.20000,0.00000,0.00000,-1.00000,0.75830
154,116,1,0.03103,0.37825,-0.20000,0.00000,0.00000,-1.00000,0.75293
155,116,1,0.02363,0.37605,-0.20000,0.00000,0.00000,-1.00000,0.74316
156,116,1,0.01624,0.37385,-0.20000,0.00000,0.00000,-1.00000,0.73682
157,116,1,0.00885,0.37165,-0.20000,0.00000,0.00000,-1.00000,0.72852
158,116,1,0.00146,0.36946,-0.20000,0.00000,0.00000,-1.00000,0.72412
159,116,1,-0.00594,0.36726,-0.20000,0.00000,0.00000,-1.00000,0.71631
160,116,1,-0.01333,0.36506,-0.20000,0.00000,0.00000,-1.00000,0.71289
161,116,1,-0.02072,0.36286,-0.20000,0.00000,0.00000,-1.00000,0.70947
162,116,1,-0.02811,0.36066,-0.20000,0.00000,0.00000,-1.00000,0.70605
163,116,1,-0.03551,0.35846,-0.20000,0.00000,0.00000,-1.00000,0.70801
164,116,1,-0.04290,0.35626,-0.20000,0.00000,0.00000,-1.00000,0.70117
165,116,1,-0.05029,0.35407,-0.20000,0.00000,0.00000,-1.00000,0.70508
166,116,1,-0.05768,0.35187,-0.20000,0.00000,0.00000,-1.00000,0.70264
167,116,1,-0.06508,0.34967,-0.20000,0.00000,0.00000,-1.00000,0.70654
168,116,1,-0.07247,0.34747,-0.20000,0.00000,0.00000,-1.00000,0.70947
169,116,1,-0.07986,0.34527,-0.20000,0.00000,0.00000,-1.00000,0.71484
170,116,1,-0.08725,0.34307,-0.20000,0.00000,0.00000,-1.00000,0.71729
171,116,1,-0.09464,0.34088,-0.20000,0.00000,0.00000,-1.00000,0.72217
172,116,1,-0.10204,0.33868,-0.20000,0.00000,0.00000,-1.00000,0.73047
173,116,1,-0.10943,0.33648,-0.20000,0.00000,0.00000,-1.00000,0.73438
174,116,1,-0.11682,0.33428,-0.20000,0.00000,0.00000,-1.00000,0.74268
175,116,1,-0.12421,0.33208,-0.20000,0.00000,0.00000,-1.00000,0.75000
176,116,1,-0.13161,0.32988,-0.20000,0.00000,0.00000,-1.00000,0.75635
177,116,1,-0.13900,0.32768,-0.20000,0.00000,0.00000,-1.00000,0.76807
178,116,1,-0.14639,0.32549,-0.20000,0.00000,0.00000,-1.00000,0.77393
179,116,1,-0.15378,0.32329,-0.20000,0.00000,0.00000,-1.00000,0.78174
180,116,1,-0.16118,0.32109,-0.20000,0.00000,0.00000,-1.00000,0.78955
181,116,1,-0.16857,0.31889,-0.20000,0.00000,0.00000,-1.00000,0.80078
182,116,1,-0.17596,0.31669,-0.20000,0.00000,0.00000,-1.00000,0.80811
183,116,1,-0.18335,0.31449,-0.20000,0.00000,0.00000,-1.00000,0.81348
184,116,1,-0.19075,0.31230,-0.20000,0.00000,0.00000,-1.00000,0.82471
185,116,1,-0.19814,0.31010,-0.20000,0.00000,0.00000,-1.00000,0.83008
77,117,3,0.51592,0.47356,-0.09039,0.26375,0.89424,-0.36162,0.99463
78,117,3,0.51119,0.47349,-0.09384,0.24478,0.89394,-0.37544,0.99414
79,117,3,0.50635,0.47334,-0.09717,0.22547,0.89332,-0.38876,0.99170
80,117,3,0.50142,0.47311,-0.10037,0.20575,0.89242,-0.40156,0.99121
81,117,3,0.49640,0.47280,-0.10344,0.18562,0.89121,-0.41388,0.98975
82,117,3,0.49127,0.47242,-0.10639,0.16513,0.88967,-0.42568,0.98926
83,117,3,0.48605,0.47195,-0.10921,0.14426,0.88783,-0.43697,0.98730
84,117,3,0.48073,0.47141,-0.11191,0.12295,0.88566,-0.44775,0.98535
85,117,3,0.47531,0.47079,-0.11447,0.10128,0.88316,-0.45801,0.98438
86,117,3,0.46978,0.47009,-0.11690,0.07914,0.88035,-0.46767,0.98242
87,117,3,0.46414,0.46929,-0.11917,0.05658,0.87719,-0.47680,0.97949
88,117,3,0.45840,0.46841,-0.12132,0.03361,0.87366,-0.48538,0.97852
89,117,3,0.45255,0.46745,-0.12332,0.01021,0.86975,-0.49338,0.97510
90,117,3,0.44656,0.46637,-0.12515,-0.01376,0.86551,-0.50070,0.97070
91,117,3,0.44046,0.46521,-0.12683,-0.03816,0.86085,-0.50743,0.96875
92,117,3,0.43424,0.46394,-0.12835,-0.06306,0.85577,-0.51350,0.96338
93,117,3,0.42787,0.46256,-0.12968,-0.08855,0.85029,-0.51882,0.95996
94,117,3,0.42137,0.46108,-0.13085,-0.11451,0.84432,-0.52346,0.95361
95,117,3,0.41470,0.45946,-0.13179,-0.14121,0.83789,-0.52726,0.94922
96,117,3,0.40790,0.45773,-0.13255,-0.16843,0.83090,-0.53032,0.93994
97,117,3,0.40090,0.45585,-0.13306,-0.19646,0.82343,-0.53233,0.93506
98,117,3,0.39373,0.45383,-0.13334,-0.22512,0.81531,-0.53347,0.92822
99,117,3,0.38634,0.45163,-0.13335,-0.25468,0.80655,-0.53349,0.91748
100,117,3,0.37873,0.44926,-0.13307,-0.28513,0.79704,-0.53238,0.90576
101,117,3,0.37087,0.44669,-0.13247,-0.31652,0.78676,-0.52993,0.89355
102,117,3,0.36272,0.44388,-0.13147,-0.34918,0.77551,-0.52598,0.87891
103,117,3,0.35422,0.44080,-0.13004,-0.38316,0.76323,-0.52025,0.86035
104,117,3,0.34534,0.43741,-0.12811,-0.41867,0.74968,-0.51255,0.84131
105,117,3,0.33599,0.43365,-0.12556,-0.45609,0.73459,-0.50235,0.81934
106,117,3,0.32603,0.42939,-0.12222,-0.49595,0.71761,-0.48895,0.79248
107,117,3,0.31526,0.42449,-0.11783,-0.53905,0.69799,-0.47142,0.76123
108,117,3,0.30333,0.41867,-0.11194,-0.58673,0.67470,-0.44781,0.71436
109,117,3,0.28939,0.41123,-0.10342,-0.64250,0.64498,-0.41376,0.65771
110,117,3,0.27043,0.39977,-0.08838,-0.71835,0.59912,-0.35360,0.56299
111,117,1,0.20000,0.34715,-0.00643,1.00000,0.00000,-0.00000,0.19238
112,117,1,0.20000,0.35086,-0.01604,1.00000,0.00000,-0.00000,0.20752
113,117,1,0.20000,0.35458,-0.02565,1.00000,0.00000,-0.00000,0.22705
114,117,1,0.20000,0.35829,-0.03526,1.00000,0.00000,-0.00000,0.24512
115,117,1,0.20000,0.36201,-0.04487,1.00000,0.00000,-0.00000,0.27148
116,117,1,0.20000,0.36572,-0.05448,1.00000,0.00000,-0.00000,0.29395
117,117,1,0.20000,0.36944,-0.06409,1.00000,0.00000,-0.00000,0.32080
118,117,1,0.20000,0.37315,-0.07370,1.00000,0.00000,-0.00000,0.34814
119,117,1,0.20000,0.37687,-0.08331,1.00000,0.00000,-0.00000,0.37402
120,117,1,0.20000,0.38059,-0.09292,1.00000,0.00000,-0.00000,0.40088
121,117,1,0.20000,0.38430,-0.10253,1.00000,0.00000,-0.00000,0.43262
122,117,1,0.20000,0.38802,-0.11214,1.00000,0.00000,-0.00000,0.46094
123,117,1,0.20000,0.39173,-0.12175,1.00000,0.00000,-0.00000,0.48486
124,117,1,0.20000,0.39545,-0.13136,1.00000,0.00000,-0.00000,0.51367
125,117,1,0.20000,0.39916,-0.14097,1.00000,0.00000,-0.00000,0.53564
126,117,1,0.19640,0.40000,-0.14591,0.00000,1.00000,-0.00000,0.72412
127,117,1,0.19176,0.40000,-0.14948,0.00000,1.00000,-0.00000,0.72607
128,117,1,0.18711,0.40000,-0.15305,0.00000,1.00000,-0.00000,0.72363
129,117,1,0.18247,0.40000,-0.15662,0.00000,1.00000,-0.00000,0.72217
130,117,1,0.17783,0.40000,-0.16020,0.00000,1.00000,-0.00000,0.72070
131,117,1,0.17318,0.40000,-0.16377,0.00000,1.00000,-0.00000,0.72070
132,117,1,0.16854,0.40000,-0.16734,0.00000,1.00000,-0.00000,0.72021
133,117,1,0.16389,0.40000,-0.17092,0.00000,1.00000,-0.00000,0.71826
134,117,1,0.15925,0.40000,-0.17449,0.00000,1.00000,-0.00000,0.72168
135,117,1,0.15460,0.40000,-0.17806,0.00000,1.00000,-0.00000,0.71973
136,117,1,0.14996,0.40000,-0.18163,0.00000,1.00000,-0.00000,0.71973
137,117,1,0.14532,0.40000,-0.18521,0.00000,1.00000,-0.00000,0.71826
138,117,1,0.14067,0.40000,-0.18878,0.00000,1.00000,-0.00000,0.71777
139,117,1,0.13603,0.40000,-0.19235,0.00000,1.00000,-0.00000,0.72070
140,117,1,0.13138,0.40000,-0.19592,0.00000,0.99951,-0.00049,0.71973
141,117,1,0.12674,0.40000,-0.19950,0.00000,0.99902,-0.00098,0.72607
142,117,1,0.11973,0.39811,-0.20000,0.00000,0.00000,-1.00000,0.83594
143,117,1,0.11234,0.39591,-0.20000,0.00000,0.00000,-1.00000,0.82959
144,117,1,0.10495,0.39372,-0.20000,0.00000,0.00000,-1.00000,0.82080
145,117,1,0.09756,0.39152,-0.20000,0.00000,0.00000,-1.00000,0.81201
146,117,1,0.09016,0.38932,-0.20000,0.00000,0.00000,-1.00000,0.80469
147,117,1,0.08277,0.38712,-0.20000,0.00000,0.00000,-1.00000,0.79541
148,117,1,0.07538,0.38492,-0.20000,0.00000,0.00000,-1.00000,0.78662
149,117,1,0.06799,0.38272,-0.20000,0.00000,0.00000,-1.00000,0.77783
150,117,1,0.06060,0.38052,-0.20000,0.00000,0.00000,-1.00000,0.76953
151,117,1,0.05320,0.37833,-0.20000,0.00000,0.00000,-1.00000,0.75977
152,117,1,0.04581,0.37613,-0.20000,0.00000,0.00000,-1.00000,0.75098
153,117,1,0.03842,0.37393,-0.20000,0.00000,0.00000,-1.00000,0.74316
154,117,1,0.03103,0.37173,-0.20000,0.00000,0.00000,-1.00000,0.73633
155,117,1,0.02363,0.36953,-0.20000,0.00000,0.00000,-1.00000,0.72754
156,117,1,0.01624,0.36733,-0.20000,0.00000,0.00000,-1.00000,0.71973
157,117,1,0.00885,0.36513,-0.20000,0.00000,0.00000,-1.00000,0.71143
158,117,1,0.00146,0.36294,-0.20000,0.00000,0.00000,-1.00000,0.70605
159,117,1,-0.00594,0.36074,-0.20000,0.00000,0.00000,-1.00000,0.70166
160,117,1,-0.01333,0.35854,-0.20000,0.00000,0.00000,-1.00000,0.69531
161,117,1,-0.02072,0.35634,-0.20000,0.00000,0.00000,-1.00000,0.69434
162,117,1,-0.02811,0.35414,-0.20000,0.00000,0.00000,-1.00000,0.68945
163,117,1,-0.03551,0.35194,-0.20000,0.00000,0.00000,-1.00000,0.68799
164,117,1,-0.04290,0.34975,-0.20000,0.00000,0.00000,-1.00000,0.68555
165,117,1,-0.05029,0.34755,-0.20000,0.00000,0.00000,-1.00000,0.68506
166,117,1,-0.05768,0.34535,-0.20000,0.00000,0.00000,-1.00000,0.68701
167,117,1,-0.06508,0.34315,-0.20000,0.00000,0.00000,-1.00000,0.69141
168,117,1,-0.07247,0.34095,-0.20000,0.00000,0.00000,-1.00000,0.69189
169,117,1,-0.07986,0.33875,-0.20000,0.00000,0.00000,-1.00000,0.70117
170,117,1,-0.08725,0.33655,-0.20000,0.00000,0.00000,-1.00000,0.70020
171,117,1,-0.09464,0.33436,-0.20000,0.00000,0.00000,-1.00000,0.70898
172,117,1,-0.10204,0.33216,-0.20000,0.00000,0.00000,-1.00000,0.71875
173,117,1,-0.10943,0.32996,-0.20000,0.00000,0.00000,-1.00000,0.72656
174,117,1,-0.11682,0.32776,-0.20000,0.00000,0.00000,-1.00000,0.73047
175,117,1,-0.12421,0.32556,-0.20000,0.00000,0.00000,-1.00000,0.74121
176,117,1,-0.13161,0.32336,-0.20000,0.00000,0.00000,-1.00000,0.74854
177,117,1,-0.13900,0.32117,-0.20000,0.00000,0.00000,-1.00000,0.75781
178,117,1,-0.14639,0.31897,-0.20000,0.00000,0.00000,-1.00000,0.76611
179,117,1,-0.15378,0.31677,-0.20000,0.00000,0.00000,-1.00000,0.77441
180,117,1,-0.16118,0.31457,-0.20000,0.00000,0.00000,-1.00000,0.78223
181,117,1,-0.16857,0.31237,-0.20000,0.00000,0.00000,-1.00000,0.79346
182,117,1,-0.17596,0.31017,-0.20000,0.00000,0.00000,-1.00000,0.80371
183,117,1,-0.18335,0.30797,-0.20000,0.00000,0.00000,-1.00000,0.81152
184,117,1,-0.19075,0.30578,-0.20000,0.00000,0.00000,-1.00000,0.81738
185,117,1,-0.19814,0.30358,-0.20000,0.00000,0.00000,-1.00000,0.82422
42,118,3,0.58025,0.38846,0.16234,0.52057,0.55329,0.64878,0.99902
44,118,3,0.60021,0.41186,0.11717,0.60093,0.64744,0.46872,1.00000
46,118,3,0.60523,0.42331,0.09143,0.62099,0.69324,0.36576,1.00000
48,118,3,0.60647,0.43173,0.07059,0.62595,0.72693,0.28242,1.00000
50,118,3,0.60561,0.43847,0.05249,0.62253,0.75389,0.21001,1.00000
52,118,3,0.60333,0.44408,0.03623,0.61342,0.77634,0.14497,1.00000
54,118,3,0.59999,0.44884,0.02136,0.60006,0.79538,0.08547,1.00000
56,118,3,0.59580,0.45292,0.00759,0.58331,0.81168,0.03035,1.00000
58,118,3,0.59089,0.45642,-0.00526,0.56370,0.82571,-0.02103,1.00000
60,118,3,0.58537,0.45944,-0.01730,0.54161,0.83777,-0.06924,1.00000
62,118,3,0.57931,0.46202,-0.02864,0.51733,0.84808,-0.11457,1.00000
64,118,3,0.57275,0.46420,-0.03933,0.49108,0.85679,-0.15734,1.00000
66,118,3,0.56571,0.46600,-0.04941,0.46298,0.86404,-0.19767,1.00000
68,118,3,0.55827,0.46748,-0.05895,0.43316,0.86991,-0.23585,1.00000
70,118,3,0.55040,0.46862,-0.06794,0.40169,0.87450,-0.27183,0.99854
72,118,3,0.54215,0.46945,-0.07643,0.36870,0.87781,-0.30580,0.99854
74,118,3,0.53352,0.46997,-0.08444,0.33414,0.87991,-0.33779,0.99756
76,118,3,0.52452,0.47020,-0.09195,0.29812,0.88079,-0.36787,0.99609
78,118,3,0.51514,0.47013,-0.09898,0.26060,0.88050,-0.39598,0.99463
79,118,3,0.51030,0.46998,-0.10231,0.24127,0.87992,-0.40931,0.99365
80,118,3,0.50538,0.46975,-0.10551,0.22158,0.87902,-0.42217,0.99365
81,118,3,0.50036,0.46945,-0.10860,0.20151,0.87784,-0.43449,0.99170
82,118,3,0.49525,0.46908,-0.11156,0.18103,0.87635,-0.44636,0.99072
83,118,3,0.49004,0.46863,-0.11440,0.16021,0.87455,-0.45771,0.99072
84,118,3,0.48474,0.46810,-0.11712,0.13898,0.87241,-0.46860,0.98828
85,118,3,0.47934,0.46750,-0.11971,0.11739,0.86997,-0.47893,0.98682
86,118,3,0.47382,0.46680,-0.12215,0.09532,0.86721,-0.48872,0.98389
87,118,3,0.46821,0.46603,-0.12446,0.07287,0.86413,-0.49796,0.98291
88,118,3,0.46250,0.46517,-0.12665,0.05002,0.86068,-0.50668,0.97998
89,118,3,0.45667,0.46423,-0.12868,0.02672,0.85687,-0.51484,0.97705
90,118,3,0.45072,0.46318,-0.13055,0.00288,0.85274,-0.52234,0.97461
91,118,3,0.44466,0.46204,-0.13228,-0.02138,0.84820,-0.52925,0.97217
92,118,3,0.43847,0.46081,-0.13386,-0.04609,0.84326,-0.53552,0.96826
93,118,3,0.43215,0.45947,-0.13525,-0.07142,0.83790,-0.54113,0.96436
94,118,3,0.42571,0.45803,-0.13649,-0.09715,0.83211,-0.54603,0.96045
95,118,3,0.41911,0.45646,-0.13751,-0.12359,0.82587,-0.55015,0.95605
96,118,3,0.41236,0.45478,-0.13835,-0.15056,0.81913,-0.55349,0.94727
97,118,3,0.40544,0.45296,-0.13896,-0.17829,0.81187,-0.55594,0.94336
98,118,3,0.39836,0.45101,-0.13936,-0.20659,0.80405,-0.55751,0.93652
99,118,3,0.39106,0.44889,-0.13949,-0.23579,0.79560,-0.55805,0.92188
100,118,3,0.38357,0.44662,-0.13937,-0.26574,0.78644,-0.55757,0.91748
101,118,3,0.37584,0.44415,-0.13893,-0.29667,0.77657,-0.55581,0.90479
102,118,3,0.36784,0.44146,-0.13813,-0.32867,0.76587,-0.55265,0.88965
103,118,3,0.35955,0.43855,-0.13697,-0.36182,0.75420,-0.54797,0.87695
104,118,3,0.35092,0.43536,-0.13536,-0.39635,0.74142,-0.54149,0.86133
105,118,3,0.34185,0.43182,-0.13318,-0.43263,0.72728,-0.53282,0.83887
106,118,3,0.33229,0.42788,-0.13036,-0.47088,0.71154,-0.52152,0.81055
107,118,3,0.32207,0.42342,-0.12668,-0.51178,0.69370,-0.50682,0.78271
108,118,3,0.31098,0.41826,-0.12187,-0.55614,0.67305,-0.48755,0.74805
109,118,3,0.29852,0.41202,-0.11530,-0.60598,0.64809,-0.46128,0.70166
110,118,3,0.28374,0.40390,-0.10568,-0.66506,0.61558,-0.42279,0.63770
111,118,3,0.26072,0.38921,-0.08538,-0.75712,0.55687,-0.34156,0.48047
112,118,1,0.20000,0.34434,-0.01604,1.00000,0.00000,-0.00000,0.18555
113,118,1,0.20000,0.34806,-0.02565,1.00000,0.00000,-0.00000,0.20508
114,118,1,0.20000,0.35177,-0.03526,1.00000,0.00000,-0.00000,0.22266
115,118,1,0.20000,0.35549,-0.04487,1.00000,0.00000,-0.00000,0.24805
116,118,1,0.20000,0.35920,-0.05448,1.00000,0.00000,-0.00000,0.27393
117,118,1,0.20000,0.36292,-0.06409,1.00000,0.00000,-0.00000,0.30371
118,118,1,0.20000,0.36663,-0.07370,1.00000,0.00000,-0.00000,0.33203
119,118,1,0.20000,0.37035,-0.08331,1.00000,0.00000,-0.00000,0.35742
120,118,1,0.20000,0.37407,-0.09292,1.00000,0.00000,-0.00000,0.38428
121,118,1,0.20000,0.37778,-0.10253,1.00000,0.00000,-0.00000,0.41504
122,118,1,0.20000,0.38150,-0.11214,1.00000,0.00000,-0.00000,0.44092
123,118,1,0.20000,0.38521,-0.12175,1.00000,0.00000,-0.00000,0.47119
124,118,1,0.20000,0.38893,-0.13136,1.00000,0.00000,-0.00000,0.49707
125,118,1,0.20000,0.39264,-0.14097,1.00000,0.00000,-0.00000,0.52734
126,118,1,0.20000,0.39636,-0.15058,1.00000,0.00000,-0.00000,0.55078
127,118,1,0.19991,0.40000,-0.16007,0.00195,0.99805,-0.00000,0.74805
128,118,1,0.19526,0.40000,-0.16365,0.00000,1.00000,-0.00000,0.74658
129,118,1,0.19062,0.40000,-0.16722,0.00000,1.00000,-0.00000,0.74609
130,118,1,0.18597,0.40000,-0.17079,0.00000,1.00000,-0.00000,0.74170
131,118,1,0.18133,0.40000,-0.17436,0.00000,1.00000,-0.00000,0.74268
132,118,1,0.17669,0.40000,-0.17794,0.00000,1.00000,-0.00000,0.74414
133,118,1,0.17204,0.40000,-0.18151,0.00000,1.00000,-0.00000,0.74414
134,118,1,0.16740,0.40000,-0.18508,0.00000,1.00000,-0.00000,0.74219
135,118,1,0.16275,0.40000,-0.18865,0.00000,1.00000,-0.00000,0.74414
136,118,1,0.15811,0.40000,-0.19223,0.00000,1.00000,-0.00000,0.74463
137,118,1,0.15346,0.40000,-0.19580,0.00000,0.99951,-0.00049,0.74316
138,118,1,0.14882,0.40000,-0.19937,0.00000,0.99902,-0.00098,0.74658
139,118,1,0.14191,0.39819,-0.20000,0.00000,0.00000,-1.00000,0.85352
140,118,1,0.13452,0.39599,-0.20000,0.00000,0.00000,-1.00000,0.84570
141,118,1,0.12713,0.39379,-0.20000,0.00000,0.00000,-1.00000,0.83545
142,118,1,0.11973,0.39159,-0.20000,0.00000,0.00000,-1.00000,0.82861
143,118,1,0.11234,0.38939,-0.20000,0.00000,0.00000,-1.00000,0.82178
144,118,1,0.10495,0.38720,-0.20000,0.00000,0.00000,-1.00000,0.81152
145,118,1,0.09756,0.38500,-0.20000,0.00000,0.00000,-1.00000,0.80273
146,118,1,0.09016,0.38280,-0.20000,0.00000,0.00000,-1.00000,0.79688
147,118,1,0.08277,0.38060,-0.20000,0.00000,0.00000,-1.00000,0.78467
148,118,1,0.07538,0.37840,-0.20000,0.00000,0.00000,-1.00000,0.77393
149,118,1,0.06799,0.37620,-0.20000,0.00000,0.00000,-1.00000,0.76416
150,118,1,0.06059,0.37400,-0.20000,0.00000,0.00000,-1.00000,0.75635
151,118,1,0.05320,0.37181,-0.20000,0.00000,0.00000,-1.00000,0.74854
152,118,1,0.04581,0.36961,-0.20000,0.00000,0.00000,-1.00000,0.73535
153,118,1,0.03842,0.36741,-0.20000,0.00000,0.00000,-1.00000,0.72900
154,118,1,0.03103,0.36521,-0.20000,0.00000,0.00000,-1.00000,0.71973
155,118,1,0.02363,0.36301,-0.20000,0.00000,0.00000,-1.00000,0.70947
156,118,1,0.01624,0.36081,-0.20000,0.00000,0.00000,-1.00000,0.70312
157,118,1,0.00885,0.35862,-0.20000,0.00000,0.00000,-1.00000,0.69580
158,118,1,0.00146,0.35642,-0.20000,0.00000,0.00000,-1.00000,0.69043
159,118,1,-0.00594,0.35422,-0.20000,0.00000,0.00000,-1.00000,0.68408
160,118,1,-0.01333,0.35202,-0.20000,0.00000,0.00000,-1.00000,0.67773
161,118,1,-0.02072,0.34982,-0.20000,0.00000,0.00000,-1.00000,0.67334
162,118,1,-0.02811,0.34762,-0.20000,0.00000,0.00000,-1.00000,0.67090
163,118,1,-0.03551,0.34542,-0.20000,0.00000,0.00000,-1.00000,0.66797
164,118,1,-0.04290,0.34323,-0.20000,0.00000,0.00000,-1.00000,0.67188
165,118,1,-0.05029,0.34103,-0.20000,0.00000,0.00000,-1.00000,0.67041
166,118,1,-0.05768,0.33883,-0.20000,0.00000,0.00000,-1.00000,0.67334
167,118,1,-0.06508,0.33663,-0.20000,0.00000,0.00000,-1.00000,0.67432
168,118,1,-0.07247,0.33443,-0.20000,0.00000,0.00000,-1.00000,0.68066
169,118,1,-0.07986,0.33223,-0.20000,0.00000,0.00000,-1.00000,0.68408
170,118,1,-0.08725,0.33004,-0.20000,0.00000,0.00000,-1.00000,0.68848
171,118,1,-0.09464,0.32784,-0.20000,0.00000,0.00000,-1.00000,0.69238
172,118,1,-0.10204,0.32564,-0.20000,0.00000,0.00000,-1.00000,0.70117
173,118,1,-0.10943,0.32344,-0.20000,0.00000,0.00000,-1.00000,0.71338
174,118,1,-0.11682,0.32124,-0.20000,0.00000,0.00000,-1.00000,0.72070
175,118,1,-0.12421,0.31904,-0.20000,0.00000,0.00000,-1.00000,0.72803
176,118,1,-0.13161,0.31684,-0.20000,0.00000,0.00000,-1.00000,0.73633
177,118,1,-0.13900,0.31465,-0.20000,0.00000,0.00000,-1.00000,0.74854
178,118,1,-0.14639,0.31245,-0.20000,0.00000,0.00000,-1.00000,0.75781
179,118,1,-0.15378,0.31025,-0.20000,0.00000,0.00000,-1.00000,0.76807
180,118,1,-0.16118,0.30805,-0.20000,0.00000,0.00000,-1.00000,0.77686
181,118,1,-0.16857,0.30585,-0.20000,0.00000,0.00000,-1.00000,0.78662
182,118,1,-0.17596,0.30365,-0.20000,0.00000,0.00000,-1.00000,0.79736
183,118,1,-0.18335,0.30146,-0.20000,0.00000,0.00000,-1.00000,0.80713
184,118,1,-0.19075,0.29926,-0.20000,0.00000,0.00000,-1.00000,0.81104
185,118,1,-0.19814,0.29706,-0.20000,0.00000,0.00000,-1.00000,0.82422
80,119,3,0.50920,0.46629,-0.11048,0.23685,0.86518,-0.44201,0.99463
81,119,3,0.50419,0.46600,-0.11357,0.21681,0.86400,-0.45442,0.99316
82,119,3,0.49909,0.46563,-0.11655,0.19640,0.86253,-0.46633,0.99219
83,119,3,0.49389,0.46519,-0.11941,0.17560,0.86078,-0.47773,0.99023
84,119,3,0.48860,0.46467,-0.12215,0.15445,0.85869,-0.48866,0.99072
85,119,3,0.48321,0.46408,-0.12475,0.13289,0.85630,-0.49910,0.98877
86,119,3,0.47772,0.46340,-0.12721,0.11089,0.85361,-0.50897,0.98682
87,119,3,0.47213,0.46264,-0.12956,0.08855,0.85058,-0.51834,0.98535
88,119,3,0.46644,0.46180,-0.13177,0.06575,0.84722,-0.52716,0.98291
89,119,3,0.46064,0.46088,-0.13384,0.04254,0.84351,-0.53543,0.98047
90,119,3,0.45471,0.45985,-0.13575,0.01886,0.83945,-0.54311,0.97949
91,119,3,0.44869,0.45875,-0.13752,-0.00522,0.83501,-0.55021,0.97656
92,119,3,0.44254,0.45755,-0.13915,-0.02980,0.83017,-0.55671,0.97266
93,119,3,0.43626,0.45624,-0.14059,-0.05496,0.82496,-0.56251,0.96924
94,119,3,0.42986,0.45484,-0.14188,-0.08056,0.81933,-0.56764,0.96338
95,119,3,0.42331,0.45331,-0.14297,-0.10676,0.81327,-0.57201,0.96191
96,119,3,0.41662,0.45167,-0.14389,-0.13354,0.80671,-0.57566,0.95557
97,119,3,0.40978,0.44991,-0.14460,-0.16092,0.79967,-0.57848,0.94873
98,119,3,0.40276,0.44801,-0.14509,-0.18898,0.79207,-0.58045,0.94238
99,119,3,0.39555,0.44597,-0.14533,-0.21781,0.78389,-0.58145,0.93359
100,119,3,0.38816,0.44377,-0.14533,-0.24738,0.77506,-0.58145,0.92383
101,119,3,0.38054,0.44139,-0.14503,-0.27788,0.76556,-0.58026,0.91553
102,119,3,0.37269,0.43883,-0.14445,-0.30922,0.75528,-0.57787,0.90088
103,119,3,0.36456,0.43603,-0.14347,-0.34181,0.74413,-0.57397,0.88867
104,119,3,0.35610,0.43298,-0.14209,-0.37567,0.73194,-0.56845,0.87305
105,119,3,0.34728,0.42964,-0.14024,-0.41095,0.71857,-0.56104,0.85547
106,119,3,0.33803,0.42595,-0.13782,-0.44794,0.70381,-0.55136,0.83350
107,119,3,0.32823,0.42183,-0.13469,-0.48712,0.68730,-0.53883,0.80566
108,119,3,0.31769,0.41712,-0.13060,-0.52929,0.66845,-0.52251,0.77441
109,119,3,0.30617,0.41161,-0.12523,-0.57541,0.64646,-0.50099,0.73340
110,119,3,0.29309,0.40486,-0.11784,-0.62773,0.61944,-0.47143,0.68018
111,119,3,0.27686,0.39559,-0.10635,-0.69266,0.58240,-0.42547,0.59863
112,119,1,0.20000,0.33782,-0.01604,0.99827,0.00052,-0.00035,0.16504
113,119,1,0.20000,0.34154,-0.02565,1.00000,0.00000,-0.00000,0.18213
114,119,1,0.20000,0.34525,-0.03526,1.00000,0.00000,-0.00000,0.20264
115,119,1,0.20000,0.34897,-0.04487,1.00000,0.00000,-0.00000,0.22705
116,119,1,0.20000,0.35269,-0.05448,1.00000,0.00000,-0.00000,0.25098
117,119,1,0.20000,0.35640,-0.06409,1.00000,0.00000,-0.00000,0.28125
118,119,1,0.20000,0.36012,-0.07370,1.00000,0.00000,-0.00000,0.31055
119,119,1,0.20000,0.36383,-0.08331,1.00000,0.00000,-0.00000,0.34180
120,119,1,0.20000,0.36755,-0.09292,1.00000,0.00000,-0.00000,0.36816
121,119,1,0.20000,0.37126,-0.10253,1.00000,0.00000,-0.00000,0.40088
122,119,1,0.20000,0.37498,-0.11214,1.00000,0.00000,-0.00000,0.42822
123,119,1,0.20000,0.37869,-0.12175,1.00000,0.00000,-0.00000,0.45898
124,119,1,0.20000,0.38241,-0.13136,1.00000,0.00000,-0.00000,0.48682
125,119,1,0.20000,0.38612,-0.14097,1.00000,0.00000,-0.00000,0.51318
126,119,1,0.20000,0.38984,-0.15058,1.00000,0.00000,-0.00000,0.54053
127,119,1,0.20000,0.39355,-0.16019,1.00000,0.00000,-0.00000,0.56396
128,119,1,0.20000,0.39727,-0.16980,1.00000,0.00000,-0.00000,0.58691
129,119,1,0.19877,0.40000,-0.17781,0.00098,0.99902,-0.00000,0.76514
130,119,1,0.19412,0.40000,-0.18139,0.00000,1.00000,-0.00000,0.77002
131,119,1,0.18948,0.40000,-0.18496,0.00000,1.00000,-0.00000,0.76709
132,119,1,0.18483,0.40000,-0.18853,0.00000,1.00000,-0.00000,0.76611
133,119,1,0.18019,0.40000,-0.19210,0.00000,1.00000,-0.00000,0.76904
134,119,1,0.17555,0.40000,-0.19568,0.00000,1.00000,-0.00000,0.76611
135,119,1,0.17090,0.40000,-0.19925,0.00000,0.99951,-0.00049,0.76514
136,119,1,0.16409,0.39826,-0.20000,0.00000,0.00000,-1.00000,0.86816
137,119,1,0.15670,0.39607,-0.20000,0.00000,0.00000,-1.00000,0.85986
138,119,1,0.14930,0.39387,-0.20000,0.00000,0.00000,-1.00000,0.85254
139,119,1,0.14191,0.39167,-0.20000,0.00000,0.00000,-1.00000,0.84521
140,119,1,0.13452,0.38947,-0.20000,0.00000,0.00000,-1.00000,0.83789
141,119,1,0.12713,0.38727,-0.20000,0.00000,0.00000,-1.00000,0.83105
142,119,1,0.11973,0.38507,-0.20000,0.00000,0.00000,-1.00000,0.82031
143,119,1,0.11234,0.38287,-0.20000,0.00000,0.00000,-1.00000,0.81104
144,119,1,0.10495,0.38068,-0.20000,0.00000,0.00000,-1.00000,0.80322
145,119,1,0.09756,0.37848,-0.20000,0.00000,0.00000,-1.00000,0.79248
146,119,1,0.09016,0.37628,-0.20000,0.00000,0.00000,-1.00000,0.78223
147,119,1,0.08277,0.37408,-0.20000,0.00000,0.00000,-1.00000,0.77295
148,119,1,0.07538,0.37188,-0.20000,0.00000,0.00000,-1.00000,0.76172
149,119,1,0.06799,0.36968,-0.20000,0.00000,0.00000,-1.00000,0.75293
150,119,1,0.06059,0.36749,-0.20000,0.00000,0.00000,-1.00000,0.74170
151,119,1,0.05320,0.36529,-0.20000,0.00000,0.00000,-1.00000,0.73389
152,119,1,0.04581,0.36309,-0.20000,0.00000,0.00000,-1.00000,0.72070
153,119,1,0.03842,0.36089,-0.20000,0.00000,0.00000,-1.00000,0.71387
154,119,1,0.03103,0.35869,-0.20000,0.00000,0.00000,-1.00000,0.70264
155,119,1,0.02363,0.35649,-0.20000,0.00000,0.00000,-1.00000,0.69189
156,119,1,0.01624,0.35429,-0.20000,0.00000,0.00000,-1.00000,0.68506
157,119,1,0.00885,0.35210,-0.20000,0.00000,0.00000,-1.00000,0.67773
158,119,1,0.00146,0.34990,-0.20000,0.00000,0.00000,-1.00000,0.66943
159,119,1,-0.00594,0.34770,-0.20000,0.00000,0.00000,-1.00000,0.66455
160,119,1,-0.01333,0.34550,-0.20000,0.00000,0.00000,-1.00000,0.65967
161,119,1,-0.02072,0.34330,-0.20000,0.00000,0.00000,-1.00000,0.65479
162,119,1,-0.02811,0.34110,-0.20000,0.00000,0.00000,-1.00000,0.65332
163,119,1,-0.03551,0.33891,-0.20000,0.00000,0.00000,-1.00000,0.65186
164,119,1,-0.04290,0.33671,-0.20000,0.00000,0.00000,-1.00000,0.65186
165,119,1,-0.05029,0.33451,-0.20000,0.00000,0.00000,-1.00000,0.65088
166,119,1,-0.05768,0.33231,-0.20000,0.00000,0.00000,-1.00000,0.65674
167,119,1,-0.06508,0.33011,-0.20000,0.00000,0.00000,-1.00000,0.65723
168,119,1,-0.07247,0.32791,-0.20000,0.00000,0.00000,-1.00000,0.66455
169,119,1,-0.07986,0.32571,-0.20000,0.00000,0.00000,-1.00000,0.66699
170,119,1,-0.08725,0.32352,-0.20000,0.00000,0.00000,-1.00000,0.67578
171,119,1,-0.09464,0.32132,-0.20000,0.00000,0.00000,-1.00000,0.68018
172,119,1,-0.10204,0.31912,-0.20000,0.00000,0.00000,-1.00000,0.68945
173,119,1,-0.10943,0.31692,-0.20000,0.00000,0.00000,-1.00000,0.70020
174,119,1,-0.11682,0.31472,-0.20000,0.00000,0.00000,-1.00000,0.70752
175,119,1,-0.12421,0.31252,-0.20000,0.00000,0.00000,-1.00000,0.71924
176,119,1,-0.13161,0.31033,-0.20000,0.00000,0.00000,-1.00000,0.73145
177,119,1,-0.13900,0.30813,-0.20000,0.00000,0.00000,-1.00000,0.73828
178,119,1,-0.14639,0.30593,-0.20000,0.00000,0.00000,-1.00000,0.74805
179,119,1,-0.15378,0.30373,-0.20000,0.00000,0.00000,-1.00000,0.76074
180,119,1,-0.16118,0.30153,-0.20000,0.00000,0.00000,-1.00000,0.76855
181,119,1,-0.16857,0.29933,-0.20000,0.00000,0.00000,-1.00000,0.77979
182,119,1,-0.17596,0.29713,-0.20000,0.00000,0.00000,-1.00000,0.79053
183,119,1,-0.18335,0.29494,-0.20000,0.00000,0.00000,-1.00000,0.80176
184,119,1,-0.19075,0.29274,-0.20000,0.00000,0.00000,-1.00000,0.81006
185,119,1,-0.19814,0.29054,-0.20000,0.00000,0.00000,-1.00000,0.81836
42,120,3,0.60704,0.39685,0.12752,0.62823,0.58743,0.51015,1.00000
44,120,3,0.61458,0.41032,0.09848,0.65841,0.64131,0.39398,1.00000
46,120,3,0.61702,0.41970,0.07609,0.66822,0.67881,0.30445,1.00000
48,120,3,0.61699,0.42711,0.05692,0.66805,0.70843,0.22769,1.00000
50,120,3,0.61533,0.43321,0.03986,0.66144,0.73285,0.15946,1.00000
52,120,3,0.61252,0.43839,0.02429,0.65016,0.75356,0.09717,1.00000
54,120,3,0.60878,0.44283,0.00993,0.63521,0.77132,0.03975,1.00000
56,120,3,0.60429,0.44667,-0.00345,0.61722,0.78667,-0.01379,0.99951
58,120,3,0.59914,0.44998,-0.01598,0.59667,0.79994,-0.06393,1.00000
60,120,3,0.59343,0.45284,-0.02777,0.57383,0.81141,-0.11110,1.00000
62,120,3,0.58721,0.45530,-0.03891,0.54896,0.82123,-0.15568,1.00000
64,120,3,0.58053,0.45739,-0.04945,0.52222,0.82955,-0.19784,1.00000
66,120,3,0.57341,0.45912,-0.05941,0.49372,0.83651,-0.23768,1.00000
68,120,3,0.56588,0.46053,-0.06885,0.46362,0.84213,-0.27546,0.99951
70,120,3,0.55797,0.46163,-0.07778,0.43196,0.84652,-0.31116,1.00000
72,120,3,0.54967,0.46242,-0.08621,0.39877,0.84972,-0.34491,0.99951
74,120,3,0.54101,0.46293,-0.09417,0.36412,0.85174,-0.37677,0.99854
76,120,3,0.53199,0.46314,-0.10167,0.32806,0.85260,-0.40675,0.99805
78,120,3,0.52262,0.46307,-0.10870,0.29052,0.85232,-0.43490,0.99658
80,120,3,0.51288,0.46272,-0.11527,0.25158,0.85090,-0.46118,0.99609
81,120,3,0.50788,0.46243,-0.11837,0.23158,0.84975,-0.47359,0.99463
82,120,3,0.50279,0.46207,-0.12136,0.21120,0.84831,-0.48556,0.99365
83,120,3,0.49761,0.46164,-0.12424,0.19047,0.84657,-0.49704,0.99268
84,120,3,0.49233,0.46114,-0.12699,0.16936,0.84452,-0.50804,0.99170
85,120,3,0.48695,0.46055,-0.12960,0.14781,0.84219,-0.51852,0.99072
86,120,3,0.48147,0.45988,-0.13209,0.12590,0.83956,-0.52848,0.98926
87,120,3,0.47590,0.45914,-0.13446,0.10363,0.83657,-0.53796,0.98779
88,120,3,0.47023,0.45832,-0.13671,0.08096,0.83327,-0.54690,0.98535
89,120,3,0.46445,0.45741,-0.13880,0.05784,0.82964,-0.55529,0.98486
90,120,3,0.45856,0.45641,-0.14075,0.03423,0.82568,-0.56310,0.98096
91,120,3,0.45256,0.45533,-0.14256,0.01023,0.82134,-0.57035,0.97900
92,120,3,0.44646,0.45416,-0.14423,-0.01414,0.81660,-0.57703,0.97607
93,120,3,0.44021,0.45288,-0.14572,-0.03917,0.81154,-0.58298,0.97363
94,120,3,0.43384,0.45150,-0.14706,-0.06463,0.80602,-0.58835,0.96875
95,120,3,0.42735,0.45002,-0.14822,-0.09062,0.80009,-0.59300,0.96436
96,120,3,0.42071,0.44842,-0.14920,-0.11717,0.79372,-0.59689,0.96143
97,120,3,0.41392,0.44671,-0.14999,-0.14433,0.78684,-0.60005,0.95312
98,120,3,0.40696,0.44486,-0.15055,-0.17216,0.77946,-0.60233,0.94727
99,120,3,0.39985,0.44289,-0.15092,-0.20063,0.77149,-0.60378,0.93945
100,120,3,0.39253,0.44074,-0.15101,-0.22992,0.76299,-0.60413,0.93408
101,120,3,0.38501,0.43844,-0.15085,-0.25998,0.75379,-0.60350,0.92383
102,120,3,0.37727,0.43597,-0.15039,-0.29097,0.74387,-0.60166,0.91211
103,120,3,0.36927,0.43328,-0.14960,-0.32299,0.73312,-0.59851,0.90088
104,120,3,0.36099,0.43037,-0.14845,-0.35608,0.72146,-0.59389,0.88672
105,120,3,0.35237,0.42719,-0.14685,-0.39053,0.70876,-0.58749,0.86719
106,120,3,0.34335,0.42369,-0.14473,-0.42668,0.69476,-0.57901,0.85010
107,120,3,0.33385,0.41981,-0.14200,-0.46463,0.67925,-0.56810,0.82520
108,120,3,0.32376,0.41545,-0.13848,-0.50504,0.66182,-0.55401,0.79785
109,120,3,0.31285,0.41044,-0.13392,-0.54866,0.64181,-0.53578,0.76025
110,120,3,0.30083,0.40454,-0.12790,-0.59674,0.61814,-0.51166,0.71924
111,120,3,0.28684,0.39706,-0.11932,-0.65270,0.58827,-0.47740,0.65723
112,120,3,0.26830,0.38594,-0.10483,-0.72688,0.54381,-0.41941,0.53174
113,120,1,0.20000,0.33502,-0.02565,1.00000,0.00000,-0.00000,0.16260
114,120,1,0.20000,0.33874,-0.03526,1.00000,0.00000,-0.00000,0.18408
115,120,1,0.20000,0.34245,-0.04487,1.00000,0.00000,-0.00000,0.20850
116,120,1,0.20000,0.34617,-0.05448,1.00000,0.00000,-0.00000,0.23340
117,120,1,0.20000,0.34988,-0.06409,1.00000,0.00000,-0.00000,0.26270
118,120,1,0.20000,0.35360,-0.07370,1.00000,0.00000,-0.00000,0.29395
119,120,1,0.20000,0.35731,-0.08331,1.00000,0.00000,-0.00000,0.32373
120,120,1,0.20000,0.36103,-0.09292,1.00000,0.00000,-0.00000,0.34961
121,120,1,0.20000,0.36474,-0.10253,1.00000,0.00000,-0.00000,0.38379
122,120,1,0.20000,0.36846,-0.11214,1.00000,0.00000,-0.00000,0.41406
123,120,1,0.20000,0.37217,-0.12175,1.00000,0.00000,-0.00000,0.44189
124,120,1,0.20000,0.37589,-0.13136,1.00000,0.00000,-0.00000,0.47412
125,120,1,0.20000,0.37960,-0.14097,1.00000,0.00000,-0.00000,0.49756
126,120,1,0.20000,0.38332,-0.15059,1.00000,0.00000,-0.00000,0.53125
127,120,1,0.20000,0.38704,-0.16019,1.00000,0.00000,-0.00000,0.55420
128,120,1,0.20000,0.39075,-0.16980,1.00000,0.00000,-0.00000,0.57666
129,120,1,0.20000,0.39447,-0.17941,1.00000,0.00000,-0.00000,0.60156
130,120,1,0.20000,0.39818,-0.18902,1.00000,0.00000,-0.00000,0.62402
131,120,1,0.19763,0.40000,-0.19555,0.00049,0.99951,-0.00000,0.78467
132,120,1,0.19298,0.40000,-0.19912,0.00000,0.99902,-0.00098,0.78711
133,120,1,0.18627,0.39834,-0.20000,0.00000,0.00000,-1.00000,0.88086
134,120,1,0.17887,0.39614,-0.20000,0.00000,0.00000,-1.00000,0.87402
135,120,1,0.17148,0.39394,-0.20000,0.00000,0.00000,-1.00000,0.86816
136,120,1,0.16409,0.39174,-0.20000,0.00000,0.00000,-1.00000,0.86182
137,120,1,0.15670,0.38955,-0.20000,0.00000,0.00000,-1.00000,0.85596
138,120,1,0.14930,0.38735,-0.20000,0.00000,0.00000,-1.00000,0.84473
139,120,1,0.14191,0.38515,-0.20000,0.00000,0.00000,-1.00000,0.83984
140,120,1,0.13452,0.38295,-0.20000,0.00000,0.00000,-1.00000,0.82812
141,120,1,0.12713,0.38075,-0.20000,0.00000,0.00000,-1.00000,0.82178
142,120,1,0.11973,0.37855,-0.20000,0.00000,0.00000,-1.00000,0.81201
143,120,1,0.11234,0.37636,-0.20000,0.00000,0.00000,-1.00000,0.80371
144,120,1,0.10495,0.37416,-0.20000,0.00000,0.00000,-1.00000,0.79248
145,120,1,0.09756,0.37196,-0.20000,0.00000,0.00000,-1.00000,0.78369
146,120,1,0.09016,0.36976,-0.20000,0.00000,0.00000,-1.00000,0.77197
147,120,1,0.08277,0.36756,-0.20000,0.00000,0.00000,-1.00000,0.76318
148,120,1,0.07538,0.36536,-0.20000,0.00000,0.00000,-1.00000,0.75146
149,120,1,0.06799,0.36316,-0.20000,0.00000,0.00000,-1.00000,0.74023
150,120,1,0.06059,0.36097,-0.20000,0.00000,0.00000,-1.00000,0.72852
151,120,1,0.05320,0.35877,-0.20000,0.00000,0.00000,-1.00000,0.72021
152,120,1,0.04581,0.35657,-0.20000,0.00000,0.00000,-1.00000,0.70703
153,120,1,0.03842,0.35437,-0.20000,0.00000,0.00000,-1.00000,0.69727
154,120,1,0.03103,0.35217,-0.20000,0.00000,0.00000,-1.00000,0.68262
155,120,1,0.02363,0.34997,-0.20000,0.00000,0.00000,-1.00000,0.67627
156,120,1,0.01624,0.34778,-0.20000,0.00000,0.00000,-1.00000,0.66992
157,120,1,0.00885,0.34558,-0.20000,0.00000,0.00000,-1.00000,0.65918
158,120,1,0.00146,0.34338,-0.20000,0.00000,0.00000,-1.00000,0.65479
159,120,1,-0.00594,0.34118,-0.20000,0.00000,0.00000,-1.00000,0.64502
160,120,1,-0.01333,0.33898,-0.20000,0.00000,0.00000,-1.00000,0.63867
161,120,1,-0.02072,0.33678,-0.20000,0.00000,0.00000,-1.00000,0.63428
162,120,1,-0.02811,0.33458,-0.20000,0.00000,0.00000,-1.00000,0.63428
163,120,1,-0.03551,0.33239,-0.20000,0.00000,0.00000,-1.00000,0.63086
164,120,1,-0.04290,0.33019,-0.20000,0.00000,0.00000,-1.00000,0.63232
165,120,1,-0.05029,0.32799,-0.20000,0.00000,0.00000,-1.00000,0.63525
166,120,1,-0.05768,0.32579,-0.20000,0.00000,0.00000,-1.00000,0.63525
167,120,1,-0.06508,0.32359,-0.20000,0.00000,0.00000,-1.00000,0.63965
168,120,1,-0.07247,0.32139,-0.20000,0.00000,0.00000,-1.00000,0.64551
169,120,1,-0.07986,0.31920,-0.20000,0.00000,0.00000,-1.00000,0.65430
170,120,1,-0.08725,0.31700,-0.20000,0.00000,0.00000,-1.00000,0.65820
171,120,1,-0.09465,0.31480,-0.20000,0.00000,0.00000,-1.00000,0.66504
172,120,1,-0.10204,0.31260,-0.20000,0.00000,0.00000,-1.00000,0.67432
173,120,1,-0.10943,0.31040,-0.20000,0.00000,0.00000,-1.00000,0.68848
174,120,1,-0.11682,0.30820,-0.20000,0.00000,0.00000,-1.00000,0.69727
175,120,1,-0.12421,0.30600,-0.20000,0.00000,0.00000,-1.00000,0.70801
176,120,1,-0.13161,0.30381,-0.20000,0.00000,0.00000,-1.00000,0.71826
177,120,1,-0.13900,0.30161,-0.20000,0.00000,0.00000,-1.00000,0.72949
178,120,1,-0.14639,0.29941,-0.20000,0.00000,0.00000,-1.00000,0.74072
179,120,1,-0.15378,0.29721,-0.20000,0.00000,0.00000,-1.00000,0.75342
180,120,1,-0.16118,0.29501,-0.20000,0.00000,0.00000,-1.00000,0.76221
181,120,1,-0.16857,0.29281,-0.20000,0.00000,0.00000,-1.00000,0.77002
182,120,1,-0.17596,0.29061,-0.20000,0.00000,0.00000,-1.00000,0.78320
183,120,1,-0.18335,0.28842,-0.20000,0.00000,0.00000,-1.00000,0.79736
184,120,1,-0.19075,0.28622,-0.20000,0.00000,0.00000,-1.00000,0.80518
185,120,1,-0.19814,0.28402,-0.20000,0.00000,0.00000,-1.00000,0.81348
83,121,3,0.50119,0.45799,-0.12890,0.20478,0.83196,-0.51566,0.99463
84,121,3,0.49592,0.45749,-0.13166,0.18373,0.82996,-0.52671,0.99316
85,121,3,0.49055,0.45691,-0.13429,0.16224,0.82765,-0.53728,0.99219
86,121,3,0.48509,0.45626,-0.13680,0.14041,0.82506,-0.54732,0.99072
87,121,3,0.47954,0.45553,-0.13919,0.11817,0.82215,-0.55686,0.98926
88,121,3,0.47389,0.45473,-0.14146,0.09558,0.81890,-0.56592,0.98828
89,121,3,0.46813,0.45384,-0.14358,0.07255,0.81533,-0.57444,0.98535
90,121,3,0.46226,0.45285,-0.14556,0.04907,0.81144,-0.58238,0.98486
91,121,3,0.45629,0.45179,-0.14741,0.02518,0.80720,-0.58974,0.98047
92,121,3,0.45022,0.45065,-0.14912,0.00085,0.80257,-0.59656,0.98047
93,121,3,0.44400,0.44939,-0.15065,-0.02400,0.79759,-0.60272,0.97607
94,121,3,0.43767,0.44805,-0.15204,-0.04929,0.79222,-0.60825,0.97119
95,121,3,0.43123,0.44660,-0.15326,-0.07512,0.78639,-0.61315,0.97119
96,121,3,0.42462,0.44503,-0.15429,-0.10154,0.78015,-0.61730,0.96387
97,121,3,0.41789,0.44337,-0.15515,-0.12845,0.77343,-0.62073,0.96094
98,121,3,0.41099,0.44157,-0.15579,-0.15603,0.76627,-0.62329,0.95459
99,121,3,0.40394,0.43964,-0.15624,-0.18424,0.75856,-0.62502,0.94824
100,121,3,0.39669,0.43756,-0.15642,-0.21327,0.75024,-0.62582,0.94092
101,121,3,0.38928,0.43534,-0.15640,-0.24288,0.74132,-0.62566,0.93018
102,121,3,0.38162,0.43293,-0.15605,-0.27356,0.73173,-0.62429,0.91943
103,121,3,0.37374,0.43034,-0.15541,-0.30509,0.72135,-0.62175,0.90967
104,121,3,0.36559,0.42753,-0.15443,-0.33767,0.71014,-0.61780,0.89453
105,121,3,0.35712,0.42448,-0.15303,-0.37155,0.69793,-0.61224,0.87988
106,121,3,0.34832,0.42115,-0.15120,-0.40680,0.68456,-0.60489,0.86328
107,121,3,0.33909,0.41748,-0.14881,-0.44365,0.66992,-0.59530,0.84326
108,121,3,0.32933,0.41339,-0.14574,-0.48268,0.65357,-0.58299,0.81592
109,121,3,0.31890,0.40876,-0.14178,-0.52446,0.63500,-0.56720,0.78662
110,121,3,0.30756,0.40340,-0.13665,-0.56982,0.61358,-0.54664,0.74658
111,121,3,0.29480,0.39691,-0.12968,-0.62085,0.58769,-0.51881,0.69678
112,121,3,0.27960,0.38847,-0.11953,-0.68161,0.55385,-0.47817,0.60693
113,121,3,0.25544,0.37285,-0.09773,-0.77823,0.49142,-0.39097,0.41211
114,121,1,0.20000,0.33222,-0.03526,1.00000,0.00000,-0.00000,0.16602
115,121,1,0.20000,0.33593,-0.04487,1.00000,0.00000,-0.00000,0.18994
116,121,1,0.20000,0.33965,-0.05448,1.00000,0.00000,-0.00000,0.21484
117,121,1,0.20000,0.34336,-0.06409,1.00000,0.00000,-0.00000,0.24463
118,121,1,0.20000,0.34708,-0.07370,1.00000,0.00000,-0.00000,0.27197
119,121,1,0.20000,0.35079,-0.08331,1.00000,0.00000,-0.00000,0.30566
120,121,1,0.20000,0.35451,-0.09292,1.00000,0.00000,-0.00000,0.33301
121,121,1,0.20000,0.35822,-0.10253,1.00000,0.00000,-0.00000,0.36572
122,121,1,0.20000,0.36194,-0.11214,1.00000,0.00000,-0.00000,0.39600
123,121,1,0.20000,0.36565,-0.12175,1.00000,0.00000,-0.00000,0.42871
124,121,1,0.20000,0.36937,-0.13136,1.00000,0.00000,-0.00000,0.45850
125,121,1,0.20000,0.37309,-0.14097,1.00000,0.00000,-0.00000,0.49023
126,121,1,0.20000,0.37680,-0.15059,1.00000,0.00000,-0.00000,0.51367
127,121,1,0.20000,0.38052,-0.16019,1.00000,0.00000,-0.00000,0.54102
128,121,1,0.20000,0.38423,-0.16981,1.00000,0.00000,-0.00000,0.56885
129,121,1,0.20000,0.38795,-0.17941,1.00000,0.00000,-0.00000,0.59277
130,121,1,0.20000,0.39166,-0.18902,1.00000,0.00000,-0.00000,0.61621
131,121,1,0.20000,0.39538,-0.19863,1.00000,0.00000,-0.00000,0.63672
132,121,1,0.19366,0.39402,-0.20000,0.00000,0.00000,-1.00000,0.88379
133,121,1,0.18626,0.39182,-0.20000,0.00000,0.00000,-1.00000,0.87793
134,121,1,0.17887,0.38962,-0.20000,0.00000,0.00000,-1.00000,0.87109
135,121,1,0.17148,0.38742,-0.20000,0.00000,0.00000,-1.00000,0.86035
136,121,1,0.16409,0.38523,-0.20000,0.00000,0.00000,-1.00000,0.85547
137,121,1,0.15670,0.38303,-0.20000,0.00000,0.00000,-1.00000,0.84912
138,121,1,0.14930,0.38083,-0.20000,0.00000,0.00000,-1.00000,0.83789
139,121,1,0.14191,0.37863,-0.20000,0.00000,0.00000,-1.00000,0.83105
140,121,1,0.13452,0.37643,-0.20000,0.00000,0.00000,-1.00000,0.82227
141,121,1,0.12713,0.37423,-0.20000,0.00000,0.00000,-1.00000,0.81396
142,121,1,0.11973,0.37203,-0.20000,0.00000,0.00000,-1.00000,0.80420
143,121,1,0.11234,0.36984,-0.20000,0.00000,0.00000,-1.00000,0.79395
144,121,1,0.10495,0.36764,-0.20000,0.00000,0.00000,-1.00000,0.78271
145,121,1,0.09756,0.36544,-0.20000,0.00000,0.00000,-1.00000,0.77539
146,121,1,0.09016,0.36324,-0.20000,0.00000,0.00000,-1.00000,0.76123
147,121,1,0.08277,0.36104,-0.20000,0.00000,0.00000,-1.00000,0.75293
148,121,1,0.07538,0.35884,-0.20000,0.00000,0.00000,-1.00000,0.73340
149,121,1,0.06799,0.35665,-0.20000,0.00000,0.00000,-1.00000,0.72803
150,121,1,0.06059,0.35445,-0.20000,0.00000,0.00000,-1.00000,0.71680
151,121,1,0.05320,0.35225,-0.20000,0.00000,0.00000,-1.00000,0.70361
152,121,1,0.04581,0.35005,-0.20000,0.00000,0.00000,-1.00000,0.69043
153,121,1,0.03842,0.34785,-0.20000,0.00000,0.00000,-1.00000,0.67871
154,121,1,0.03103,0.34565,-0.20000,0.00000,0.00000,-1.00000,0.66406
155,121,1,0.02363,0.34345,-0.20000,0.00000,0.00000,-1.00000,0.65625
156,121,1,0.01624,0.34126,-0.20000,0.00000,0.00000,-1.00000,0.64844
157,121,1,0.00885,0.33906,-0.20000,0.00000,0.00000,-1.00000,0.63916
158,121,1,0.00146,0.33686,-0.20000,0.00000,0.00000,-1.00000,0.63135
159,121,1,-0.00594,0.33466,-0.20000,0.00000,0.00000,-1.00000,0.62646
160,121,1,-0.01333,0.33246,-0.20000,0.00000,0.00000,-1.00000,0.62158
161,121,1,-0.02072,0.33026,-0.20000,0.00000,0.00000,-1.00000,0.61572
162,121,1,-0.02811,0.32807,-0.20000,0.00000,0.00000,-1.00000,0.61377
163,121,1,-0.03551,0.32587,-0.20000,0.00000,0.00000,-1.00000,0.60938
164,121,1,-0.04290,0.32367,-0.20000,0.00000,0.00000,-1.00000,0.61230
165,121,1,-0.05029,0.32147,-0.20000,0.00000,0.00000,-1.00000,0.61426
166,121,1,-0.05768,0.31927,-0.20000,0.00000,0.00000,-1.00000,0.62158
167,121,1,-0.06508,0.31707,-0.20000,0.00000,0.00000,-1.00000,0.62500
168,121,1,-0.07247,0.31487,-0.20000,0.00000,0.00000,-1.00000,0.63086
169,121,1,-0.07986,0.31268,-0.20000,0.00000,0.00000,-1.00000,0.63477
170,121,1,-0.08725,0.31048,-0.20000,0.00000,0.00000,-1.00000,0.64258
171,121,1,-0.09464,0.30828,-0.20000,0.00000,0.00000,-1.00000,0.65137
172,121,1,-0.10204,0.30608,-0.20000,0.00000,0.00000,-1.00000,0.66455
173,121,1,-0.10943,0.30388,-0.20000,0.00000,0.00000,-1.00000,0.67285
174,121,1,-0.11682,0.30168,-0.20000,0.00000,0.00000,-1.00000,0.68555
175,121,1,-0.12421,0.29949,-0.20000,0.00000,0.00000,-1.00000,0.69434
176,121,1,-0.13161,0.29729,-0.20000,0.00000,0.00000,-1.00000,0.70654
177,121,1,-0.13900,0.29509,-0.20000,0.00000,0.00000,-1.00000,0.71826
178,121,1,-0.14639,0.29289,-0.20000,0.00000,0.00000,-1.00000,0.73389
179,121,1,-0.15378,0.29069,-0.20000,0.00000,0.00000,-1.00000,0.74512
180,121,1,-0.16118,0.28849,-0.20000,0.00000,0.00000,-1.00000,0.75684
181,121,1,-0.16857,0.28629,-0.20000,0.00000,0.00000,-1.00000,0.76758
182,121,1,-0.17596,0.28410,-0.20000,0.00000,0.00000,-1.00000,0.77783
183,121,1,-0.18335,0.28190,-0.20000,0.00000,0.00000,-1.00000,0.78857
184,121,1,-0.19075,0.27970,-0.20000,0.00000,0.00000,-1.00000,0.79639
185,121,1,-0.19814,0.27750,-0.20000,0.00000,0.00000,-1.00000,0.81201
40,122,3,0.60936,0.37824,0.14372,0.63748,0.51290,0.57493,1.00000
42,122,3,0.62191,0.39572,0.10818,0.68773,0.58287,0.43277,1.00000
44,122,3,0.62613,0.40652,0.08347,0.70462,0.62611,0.33390,1.00000
46,122,3,0.62715,0.41477,0.06293,0.70870,0.65905,0.25178,1.00000
48,122,3,0.62627,0.42149,0.04486,0.70515,0.68597,0.17944,1.00000
50,122,3,0.62406,0.42716,0.02851,0.69633,0.70860,0.11406,1.00000
52,122,3,0.62083,0.43200,0.01348,0.68342,0.72803,0.05394,1.00000
54,122,3,0.61679,0.43620,-0.00049,0.66729,0.74480,-0.00196,1.00000
56,122,3,0.61206,0.43985,-0.01356,0.64835,0.75941,-0.05423,1.00000
58,122,3,0.60674,0.44302,-0.02586,0.62705,0.77207,-0.10346,1.00000
60,122,3,0.60088,0.44576,-0.03746,0.60361,0.78307,-0.14986,1.00000
62,122,3,0.59454,0.44812,-0.04844,0.57826,0.79251,-0.19378,1.00000
64,122,3,0.58776,0.45013,-0.05884,0.55111,0.80054,-0.23539,1.00000
66,122,3,0.58056,0.45180,-0.06870,0.52235,0.80722,-0.27486,1.00000
68,122,3,0.57297,0.45316,-0.07806,0.49198,0.81265,-0.31232,1.00000
70,122,3,0.56501,0.45423,-0.08694,0.46011,0.81690,-0.34780,0.99951
72,122,3,0.55668,0.45500,-0.09533,0.42682,0.81999,-0.38137,0.99951
74,122,3,0.54800,0.45548,-0.10326,0.39211,0.82193,-0.41313,0.99902
76,122,3,0.53897,0.45569,-0.11074,0.35597,0.82279,-0.44307,0.99902
78,122,3,0.52960,0.45562,-0.11778,0.31849,0.82250,-0.47124,0.99805
80,122,3,0.51988,0.45528,-0.12437,0.27960,0.82113,-0.49757,0.99707
82,122,3,0.50982,0.45466,-0.13050,0.23932,0.81863,-0.52209,0.99756
83,122,3,0.50465,0.45424,-0.13340,0.21864,0.81694,-0.53367,0.99463
84,122,3,0.49939,0.45374,-0.13617,0.19760,0.81499,-0.54475,0.99414
85,122,3,0.49403,0.45318,-0.13881,0.17617,0.81273,-0.55537,0.99414
86,122,3,0.48859,0.45254,-0.14135,0.15440,0.81017,-0.56550,0.99268
87,122,3,0.48305,0.45182,-0.14376,0.13225,0.80730,-0.57514,0.99121
88,122,3,0.47742,0.45103,-0.14605,0.10968,0.80412,-0.58425,0.99023
89,122,3,0.47168,0.45015,-0.14819,0.08674,0.80061,-0.59287,0.98779
90,122,3,0.46583,0.44919,-0.15020,0.06334,0.79680,-0.60091,0.98730
91,122,3,0.45988,0.44815,-0.15208,0.03955,0.79261,-0.60844,0.98633
92,122,3,0.45384,0.44703,-0.15383,0.01539,0.78808,-0.61539,0.98096
93,122,3,0.44765,0.44579,-0.15540,-0.00938,0.78318,-0.62172,0.97656
94,122,3,0.44136,0.44447,-0.15683,-0.03456,0.77790,-0.62744,0.97559
95,122,3,0.43495,0.44306,-0.15810,-0.06020,0.77222,-0.63250,0.97168
96,122,3,0.42838,0.44152,-0.15918,-0.08648,0.76614,-0.63683,0.96826
97,122,3,0.42170,0.43989,-0.16010,-0.11320,0.75958,-0.64048,0.96387
98,122,3,0.41485,0.43813,-0.16081,-0.14059,0.75255,-0.64335,0.95947
99,122,3,0.40785,0.43625,-0.16132,-0.16860,0.74501,-0.64539,0.95215
100,122,3,0.40069,0.43423,-0.16162,-0.19726,0.73694,-0.64653,0.94580
101,122,3,0.39333,0.43206,-0.16166,-0.22671,0.72823,-0.64675,0.93945
102,122,3,0.38576,0.42972,-0.16143,-0.25699,0.71891,-0.64585,0.92969
103,122,3,0.37799,0.42722,-0.16094,-0.28806,0.70888,-0.64382,0.91846
104,122,3,0.36995,0.42450,-0.16009,-0.32026,0.69801,-0.64048,0.90479
105,122,3,0.36163,0.42156,-0.15889,-0.35350,0.68625,-0.63568,0.89355
106,122,3,0.35299,0.41836,-0.15727,-0.38808,0.67347,-0.62916,0.87549
107,122,3,0.34395,0.41485,-0.15513,-0.42425,0.65943,-0.62062,0.85645
108,122,3,0.33445,0.41097,-0.15239,-0.46224,0.64390,-0.60969,0.83594
109,122,3,0.32438,0.40662,-0.14891,-0.50254,0.62653,-0.59575,0.80518
110,122,3,0.31355,0.40168,-0.14444,-0.54583,0.60674,-0.57787,0.77393
111,122,3,0.30163,0.39586,-0.13856,-0.59354,0.58346,-0.55433,0.72510
112,122,3,0.28802,0.38868,-0.13047,-0.64794,0.55476,-0.52193,0.65576
113,122,3,0.27071,0.37855,-0.11757,-0.71722,0.51415,-0.47037,0.54053
114,122,1,0.20000,0.32570,-0.03526,0.99913,0.00023,-0.00020,0.14697
115,122,1,0.20000,0.32941,-0.04487,1.00000,0.00000,-0.00000,0.17041
116,122,1,0.20000,0.33313,-0.05448,1.00000,0.00000,-0.00000,0.19727
117,122,1,0.20000,0.33684,-0.06409,1.00000,0.00000,-0.00000,0.22852
118,122,1,0.20000,0.34056,-0.07370,1.00000,0.00000,-0.00000,0.25684
119,122,1,0.20000,0.34427,-0.08331,1.00000,0.00000,-0.00000,0.28711
120,122,1,0.20000,0.34799,-0.09292,1.00000,0.00000,-0.00000,0.31934
121,122,1,0.20000,0.35170,-0.10253,1.00000,0.00000,-0.00000,0.35107
122,122,1,0.20000,0.35542,-0.11214,1.00000,0.00000,-0.00000,0.38184
123,122,1,0.20000,0.35914,-0.12175,1.00000,0.00000,-0.00000,0.41455
124,122,1,0.20000,0.36285,-0.13136,1.00000,0.00000,-0.00000,0.44580
125,122,1,0.20000,0.36657,-0.14097,1.00000,0.00000,-0.00000,0.47412
126,122,1,0.20000,0.37028,-0.15058,1.00000,0.00000,-0.00000,0.50098
127,122,1,0.20000,0.37400,-0.16020,1.00000,0.00000,-0.00000,0.53125
128,122,1,0.20000,0.37771,-0.16981,1.00000,0.00000,-0.00000,0.55371
129,122,1,0.20000,0.38143,-0.17941,1.00000,0.00000,-0.00000,0.58496
130,122,1,0.20000,0.38514,-0.18903,1.00000,0.00000,-0.00000,0.60596
131,122,1,0.20000,0.38886,-0.19864,1.00000,0.00000,-0.00000,0.63135
132,122,1,0.19366,0.38750,-0.20000,0.00000,0.00000,-1.00000,0.88135
133,122,1,0.18627,0.38530,-0.20000,0.00000,0.00000,-1.00000,0.87354
134,122,1,0.17887,0.38310,-0.20000,0.00000,0.00000,-1.00000,0.86670
135,122,1,0.17148,0.38090,-0.20000,0.00000,0.00000,-1.00000,0.85742
136,122,1,0.16409,0.37871,-0.20000,0.00000,0.00000,-1.00000,0.85205
137,122,1,0.15670,0.37651,-0.20000,0.00000,0.00000,-1.00000,0.84229
138,122,1,0.14930,0.37431,-0.20000,0.00000,0.00000,-1.00000,0.83496
139,122,1,0.14191,0.37211,-0.20000,0.00000,0.00000,-1.00000,0.82422
140,122,1,0.13452,0.36991,-0.20000,0.00000,0.00000,-1.00000,0.81543
141,122,1,0.12713,0.36771,-0.20000,0.00000,0.00000,-1.00000,0.80859
142,122,1,0.11973,0.36552,-0.20000,0.00000,0.00000,-1.00000,0.79346
143,122,1,0.11234,0.36332,-0.20000,0.00000,0.00000,-1.00000,0.78076
144,122,1,0.10495,0.36112,-0.20000,0.00000,0.00000,-1.00000,0.77100
145,122,1,0.09756,0.35892,-0.20000,0.00000,0.00000,-1.00000,0.76172
146,122,1,0.09016,0.35672,-0.20000,0.00000,0.00000,-1.00000,0.75000
147,122,1,0.08277,0.35452,-0.20000,0.00000,0.00000,-1.00000,0.73877
148,122,1,0.07538,0.35232,-0.20000,0.00000,0.00000,-1.00000,0.72656
149,122,1,0.06799,0.35013,-0.20000,0.00000,0.00000,-1.00000,0.71191
150,122,1,0.06059,0.34793,-0.20000,0.00000,0.00000,-1.00000,0.69922
151,122,1,0.05320,0.34573,-0.20000,0.00000,0.00000,-1.00000,0.68701
152,122,1,0.04581,0.34353,-0.20000,0.00000,0.00000,-1.00000,0.67188
153,122,1,0.03842,0.34133,-0.20000,0.00000,0.00000,-1.00000,0.66016
154,122,1,0.03103,0.33913,-0.20000,0.00000,0.00000,-1.00000,0.64746
155,122,1,0.02363,0.33694,-0.20000,0.00000,0.00000,-1.00000,0.64062
156,122,1,0.01624,0.33474,-0.20000,0.00000,0.00000,-1.00000,0.62988
157,122,1,0.00885,0.33254,-0.20000,0.00000,0.00000,-1.00000,0.61670
158,122,1,0.00146,0.33034,-0.20000,0.00000,0.00000,-1.00000,0.61133
159,122,1,-0.00594,0.32814,-0.20000,0.00000,0.00000,-1.00000,0.60400
160,122,1,-0.01333,0.32594,-0.20000,0.00000,0.00000,-1.00000,0.59424
161,122,1,-0.02072,0.32374,-0.20000,0.00000,0.00000,-1.00000,0.59668
162,122,1,-0.02811,0.32155,-0.20000,0.00000,0.00000,-1.00000,0.59424
163,122,1,-0.03551,0.31935,-0.20000,0.00000,0.00000,-1.00000,0.59277
164,122,1,-0.04290,0.31715,-0.20000,0.00000,0.00000,-1.00000,0.59473
165,122,1,-0.05029,0.31495,-0.20000,0.00000,0.00000,-1.00000,0.59229
166,122,1,-0.05768,0.31275,-0.20000,0.00000,0.00000,-1.00000,0.59766
167,122,1,-0.06508,0.31055,-0.20000,0.00000,0.00000,-1.00000,0.60107
168,122,1,-0.07247,0.30835,-0.20000,0.00000,0.00000,-1.00000,0.60889
169,122,1,-0.07986,0.30616,-0.20000,0.00000,0.00000,-1.00000,0.61572
170,122,1,-0.08725,0.30396,-0.20000,0.00000,0.00000,-1.00000,0.62842
171,122,1,-0.09465,0.30176,-0.20000,0.00000,0.00000,-1.00000,0.63721
172,122,1,-0.10204,0.29956,-0.20000,0.00000,0.00000,-1.00000,0.64795
173,122,1,-0.10943,0.29736,-0.20000,0.00000,0.00000,-1.00000,0.65967
174,122,1,-0.11682,0.29516,-0.20000,0.00000,0.00000,-1.00000,0.67383
175,122,1,-0.12421,0.29297,-0.20000,0.00000,0.00000,-1.00000,0.68701
176,122,1,-0.13161,0.29077,-0.20000,0.00000,0.00000,-1.00000,0.69922
177,122,1,-0.13900,0.28857,-0.20000,0.00000,0.00000,-1.00000,0.71191
178,122,1,-0.14639,0.28637,-0.20000,0.00000,0.00000,-1.00000,0.72559
179,122,1,-0.15378,0.28417,-0.20000,0.00000,0.00000,-1.00000,0.73730
180,122,1,-0.16118,0.28197,-0.20000,0.00000,0.00000,-1.00000,0.74951
181,122,1,-0.16857,0.27977,-0.20000,0.00000,0.00000,-1.00000,0.75879
182,122,1,-0.17596,0.27758,-0.20000,0.00000,0.00000,-1.00000,0.77441
183,122,1,-0.18335,0.27538,-0.20000,0.00000,0.00000,-1.00000,0.78516
184,122,1,-0.19075,0.27318,-0.20000,0.00000,0.00000,-1.00000,0.79980
185,122,1,-0.19814,0.27098,-0.20000,0.00000,0.00000,-1.00000,0.80664
85,123,3,0.49740,0.44935,-0.14319,0.18965,0.79741,-0.57286,0.99365
86,123,3,0.49196,0.44872,-0.14573,0.16788,0.79491,-0.58304,0.99316
87,123,3,0.48644,0.44801,-0.14817,0.14581,0.79207,-0.59276,0.99316
88,123,3,0.48083,0.44724,-0.15048,0.12332,0.78894,-0.60197,0.99072
89,123,3,0.47510,0.44637,-0.15264,0.10044,0.78550,-0.61066,0.99072
90,123,3,0.46928,0.44543,-0.15468,0.07715,0.78172,-0.61884,0.98682
91,123,3,0.46335,0.44440,-0.15658,0.05342,0.77762,-0.62645,0.98779
92,123,3,0.45733,0.44330,-0.15837,0.02932,0.77318,-0.63352,0.98291
93,123,3,0.45117,0.44209,-0.15997,0.00466,0.76835,-0.64001,0.98242
94,123,3,0.44490,0.44079,-0.16143,-0.02039,0.76318,-0.64587,0.97803
95,123,3,0.43853,0.43941,-0.16276,-0.04586,0.75760,-0.65111,0.97656
96,123,3,0.43200,0.43790,-0.16388,-0.07199,0.75163,-0.65564,0.97217
97,123,3,0.42536,0.43630,-0.16485,-0.09858,0.74519,-0.65953,0.96826
98,123,3,0.41856,0.43458,-0.16563,-0.12576,0.73831,-0.66263,0.96338
99,123,3,0.41161,0.43273,-0.16620,-0.15358,0.73095,-0.66492,0.95605
100,123,3,0.40451,0.43077,-0.16658,-0.18196,0.72304,-0.66641,0.95068
101,123,3,0.39720,0.42864,-0.16669,-0.21121,0.71459,-0.66690,0.94482
102,123,3,0.38973,0.42638,-0.16659,-0.24110,0.70550,-0.66644,0.93604
103,123,3,0.38202,0.42393,-0.16618,-0.27195,0.69571,-0.66486,0.92432
104,123,3,0.37409,0.42130,-0.16548,-0.30369,0.68518,-0.66205,0.91309
105,123,3,0.36590,0.41846,-0.16444,-0.33645,0.67383,-0.65785,0.90186
106,123,3,0.35739,0.41537,-0.16299,-0.37047,0.66148,-0.65207,0.88672
107,123,3,0.34854,0.41200,-0.16110,-0.40586,0.64805,-0.64445,0.87012
108,123,3,0.33928,0.40831,-0.15866,-0.44294,0.63319,-0.63472,0.84717
109,123,3,0.32949,0.40419,-0.15555,-0.48208,0.61674,-0.62228,0.82324
110,123,3,0.31905,0.39956,-0.15159,-0.52380,0.59825,-0.60641,0.79150
111,123,3,0.30772,0.39421,-0.14647,-0.56915,0.57685,-0.58593,0.75342
112,123,3,0.29507,0.38780,-0.13964,-0.61977,0.55120,-0.55862,0.69482
113,123,3,0.28008,0.37953,-0.12976,-0.67973,0.51813,-0.51914,0.60449
114,123,3,0.25818,0.36572,-0.11089,-0.76736,0.46290,-0.44370,0.43115
115,123,1,0.20000,0.32289,-0.04487,1.00000,0.00000,-0.00000,0.15430
116,123,1,0.20000,0.32661,-0.05448,1.00000,0.00000,-0.00000,0.17969
117,123,1,0.20000,0.33032,-0.06409,1.00000,0.00000,-0.00000,0.20752
118,123,1,0.20000,0.33404,-0.07370,1.00000,0.00000,-0.00000,0.23975
119,123,1,0.20000,0.33775,-0.08331,1.00000,0.00000,-0.00000,0.27051
120,123,1,0.20000,0.34147,-0.09292,1.00000,0.00000,-0.00000,0.30371
121,123,1,0.20000,0.34519,-0.10253,1.00000,0.00000,-0.00000,0.33496
122,123,1,0.20000,0.34890,-0.11214,1.00000,0.00000,-0.00000,0.36719
123,123,1,0.20000,0.35262,-0.12175,1.00000,0.00000,-0.00000,0.39990
124,123,1,0.20000,0.35633,-0.13136,1.00000,0.00000,-0.00000,0.43066
125,123,1,0.20000,0.36005,-0.14097,1.00000,0.00000,-0.00000,0.45996
126,123,1,0.20000,0.36376,-0.15058,1.00000,0.00000,-0.00000,0.49219
127,123,1,0.20000,0.36748,-0.16019,1.00000,0.00000,-0.00000,0.51807
128,123,1,0.20000,0.37119,-0.16980,1.00000,0.00000,-0.00000,0.54590
129,123,1,0.20000,0.37491,-0.17942,1.00000,0.00000,-0.00000,0.57129
130,123,1,0.20000,0.37862,-0.18903,1.00000,0.00000,-0.00000,0.59912
131,123,1,0.20000,0.38234,-0.19864,1.00000,0.00000,-0.00000,0.61963
132,123,1,0.19366,0.38098,-0.20000,0.00000,0.00000,-1.00000,0.87598
133,123,1,0.18626,0.37878,-0.20000,0.00000,0.00000,-1.00000,0.86816
134,123,1,0.17887,0.37658,-0.20000,0.00000,0.00000,-1.00000,0.86133
135,123,1,0.17148,0.37439,-0.20000,0.00000,0.00000,-1.00000,0.85107
136,123,1,0.16409,0.37219,-0.20000,0.00000,0.00000,-1.00000,0.84326
137,123,1,0.15670,0.36999,-0.20000,0.00000,0.00000,-1.00000,0.83545
138,123,1,0.14930,0.36779,-0.20000,0.00000,0.00000,-1.00000,0.82617
139,123,1,0.14191,0.36559,-0.20000,0.00000,0.00000,-1.00000,0.81787
140,123,1,0.13452,0.36339,-0.20000,0.00000,0.00000,-1.00000,0.80859
141,123,1,0.12713,0.36119,-0.20000,0.00000,0.00000,-1.00000,0.79541
142,123,1,0.11973,0.35900,-0.20000,0.00000,0.00000,-1.00000,0.78662
143,123,1,0.11234,0.35680,-0.20000,0.00000,0.00000,-1.00000,0.77344
144,123,1,0.10495,0.35460,-0.20000,0.00000,0.00000,-1.00000,0.76074
145,123,1,0.09756,0.35240,-0.20000,0.00000,0.00000,-1.00000,0.74902
146,123,1,0.09016,0.35020,-0.20000,0.00000,0.00000,-1.00000,0.73486
147,123,1,0.08277,0.34800,-0.20000,0.00000,0.00000,-1.00000,0.72168
148,123,1,0.07538,0.34581,-0.20000,0.00000,0.00000,-1.00000,0.71094
149,123,1,0.06799,0.34361,-0.20000,0.00000,0.00000,-1.00000,0.69287
150,123,1,0.06059,0.34141,-0.20000,0.00000,0.00000,-1.00000,0.68018
151,123,1,0.05320,0.33921,-0.20000,0.00000,0.00000,-1.00000,0.66699
152,123,1,0.04581,0.33701,-0.20000,0.00000,0.00000,-1.00000,0.65381
153,123,1,0.03842,0.33481,-0.20000,0.00000,0.00000,-1.00000,0.64453
154,123,1,0.03103,0.33261,-0.20000,0.00000,0.00000,-1.00000,0.62695
155,123,1,0.02363,0.33042,-0.20000,0.00000,0.00000,-1.00000,0.61768
156,123,1,0.01624,0.32822,-0.20000,0.00000,0.00000,-1.00000,0.60547
157,123,1,0.00885,0.32602,-0.20000,0.00000,0.00000,-1.00000,0.59570
158,123,1,0.00146,0.32382,-0.20000,0.00000,0.00000,-1.00000,0.58545
159,123,1,-0.00594,0.32162,-0.20000,0.00000,0.00000,-1.00000,0.57959
160,123,1,-0.01333,0.31942,-0.20000,0.00000,0.00000,-1.00000,0.57373
161,123,1,-0.02072,0.31723,-0.20000,0.00000,0.00000,-1.00000,0.57373
162,123,1,-0.02811,0.31503,-0.20000,0.00000,0.00000,-1.00000,0.56592
163,123,1,-0.03551,0.31283,-0.20000,0.00000,0.00000,-1.00000,0.56836
164,123,1,-0.04290,0.31063,-0.20000,0.00000,0.00000,-1.00000,0.56934
165,123,1,-0.05029,0.30843,-0.20000,0.00000,0.00000,-1.00000,0.57080
166,123,1,-0.05768,0.30623,-0.20000,0.00000,0.00000,-1.00000,0.57373
167,123,1,-0.06508,0.30403,-0.20000,0.00000,0.00000,-1.00000,0.58447
168,123,1,-0.07247,0.30184,-0.20000,0.00000,0.00000,-1.00000,0.59229
169,123,1,-0.07986,0.29964,-0.20000,0.00000,0.00000,-1.00000,0.60352
170,123,1,-0.08725,0.29744,-0.20000,0.00000,0.00000,-1.00000,0.61084
171,123,1,-0.09465,0.29524,-0.20000,0.00000,0.00000,-1.00000,0.62402
172,123,1,-0.10204,0.29304,-0.20000,0.00000,0.00000,-1.00000,0.63379
173,123,1,-0.10943,0.29084,-0.20000,0.00000,0.00000,-1.00000,0.64893
174,123,1,-0.11682,0.28864,-0.20000,0.00000,0.00000,-1.00000,0.66016
175,123,1,-0.12421,0.28645,-0.20000,0.00000,0.00000,-1.00000,0.67383
176,123,1,-0.13161,0.28425,-0.20000,0.00000,0.00000,-1.00000,0.68652
177,123,1,-0.13900,0.28205,-0.20000,0.00000,0.00000,-1.00000,0.70215
178,123,1,-0.14639,0.27985,-0.20000,0.00000,0.00000,-1.00000,0.71729
179,123,1,-0.15378,0.27765,-0.20000,0.00000,0.00000,-1.00000,0.72998
180,123,1,-0.16118,0.27545,-0.20000,0.00000,0.00000,-1.00000,0.74316
181,123,1,-0.16857,0.27326,-0.20000,0.00000,0.00000,-1.00000,0.75732
182,123,1,-0.17596,0.27106,-0.20000,0.00000,0.00000,-1.00000,0.76709
183,123,1,-0.18335,0.26886,-0.20000,0.00000,0.00000,-1.00000,0.78027
184,123,1,-0.19075,0.26666,-0.20000,0.00000,0.00000,-1.00000,0.79199
185,123,1,-0.19814,0.26446,-0.20000,0.00000,0.00000,-1.00000,0.80029
40,124,3,0.62639,0.37883,0.12158,0.70565,0.51529,0.48636,1.00000
42,124,3,0.63349,0.39194,0.09313,0.73407,0.56774,0.37258,1.00000
44,124,3,0.63596,0.40135,0.07069,0.74399,0.60539,0.28281,1.00000
46,124,3,0.63607,0.40887,0.05133,0.74432,0.63548,0.20530,1.00000
48,124,3,0.63457,0.41510,0.03405,0.73843,0.66041,0.13626,1.00000
50,124,3,0.63196,0.42044,0.01824,0.72793,0.68176,0.07297,1.00000
52,124,3,0.62843,0.42504,0.00361,0.71382,0.70018,0.01445,1.00000
54,124,3,0.62415,0.42905,-0.01005,0.69673,0.71621,-0.04021,1.00000
56,124,3,0.61923,0.43255,-0.02288,0.67704,0.73023,-0.09154,1.00000
58,124,3,0.61376,0.43561,-0.03499,0.65514,0.74242,-0.13999,1.00000
60,124,3,0.60778,0.43825,-0.04643,0.63122,0.75304,-0.18576,1.00000
62,124,3,0.60134,0.44053,-0.05729,0.60550,0.76213,-0.22919,1.00000
64,124,3,0.59449,0.44248,-0.06759,0.57803,0.76991,-0.27040,1.00000
66,124,3,0.58723,0.44410,-0.07737,0.54902,0.77638,-0.30953,1.00000
68,124,3,0.57959,0.44542,-0.08666,0.51842,0.78169,-0.34670,1.00000
70,124,3,0.57159,0.44645,-0.09548,0.48641,0.78581,-0.38197,1.00000
72,124,3,0.56324,0.44720,-0.10385,0.45302,0.78877,-0.41546,0.99951
74,124,3,0.55454,0.44767,-0.11176,0.41821,0.79070,-0.44710,1.00000
76,124,3,0.54550,0.44787,-0.11923,0.38206,0.79151,-0.47701,0.99951
78,124,3,0.53613,0.44781,-0.12627,0.34458,0.79126,-0.50515,0.99951
80,124,3,0.52643,0.44748,-0.13288,0.30577,0.78989,-0.53159,0.99854
82,124,3,0.51638,0.44687,-0.13904,0.26558,0.78744,-0.55624,0.99707
84,124,3,0.50598,0.44598,-0.14474,0.22398,0.78393,-0.57904,0.99658
86,124,3,0.49523,0.44481,-0.14998,0.18095,0.77926,-0.60000,0.99463
87,124,3,0.48972,0.44411,-0.15242,0.15889,0.77647,-0.60980,0.99365
88,124,3,0.48412,0.44335,-0.15475,0.13651,0.77338,-0.61908,0.99316
89,124,3,0.47840,0.44250,-0.15694,0.11366,0.76998,-0.62786,0.99121
90,124,3,0.47260,0.44157,-0.15900,0.09041,0.76629,-0.63610,0.98975
91,124,3,0.46669,0.44056,-0.16093,0.06678,0.76224,-0.64384,0.98779
92,124,3,0.46069,0.43947,-0.16273,0.04275,0.75785,-0.65102,0.98584
93,124,3,0.45456,0.43828,-0.16438,0.01825,0.75313,-0.65762,0.98438
94,124,3,0.44832,0.43700,-0.16587,-0.00673,0.74805,-0.66361,0.98096
95,124,3,0.44197,0.43564,-0.16724,-0.03210,0.74253,-0.66904,0.97900
96,124,3,0.43548,0.43417,-0.16841,-0.05807,0.73667,-0.67375,0.97607
97,124,3,0.42887,0.43259,-0.16942,-0.08452,0.73039,-0.67778,0.97070
98,124,3,0.42212,0.43091,-0.17026,-0.11150,0.72363,-0.68112,0.96582
99,124,3,0.41521,0.42910,-0.17089,-0.13917,0.71640,-0.68367,0.96240
100,124,3,0.40816,0.42717,-0.17133,-0.16735,0.70869,-0.68538,0.95557
101,124,3,0.40092,0.42509,-0.17152,-0.19637,0.70038,-0.68623,0.94873
102,124,3,0.39351,0.42288,-0.17151,-0.22597,0.69151,-0.68611,0.94238
103,124,3,0.38588,0.42049,-0.17119,-0.25653,0.68198,-0.68491,0.93262
104,124,3,0.37805,0.41794,-0.17063,-0.28781,0.67174,-0.68259,0.92188
105,124,3,0.36994,0.41518,-0.16970,-0.32025,0.66071,-0.67890,0.91064
106,124,3,0.36156,0.41219,-0.16841,-0.35377,0.64877,-0.67375,0.89844
107,124,3,0.35286,0.40894,-0.16672,-0.38857,0.63578,-0.66693,0.88232
108,124,3,0.34376,0.40538,-0.16449,-0.42500,0.62154,-0.65807,0.86084
109,124,3,0.33421,0.40145,-0.16168,-0.46325,0.60581,-0.64683,0.84082
110,124,3,0.32408,0.39706,-0.15812,-0.50376,0.58825,-0.63261,0.80908
111,124,3,0.31319,0.39206,-0.15358,-0.54732,0.56826,-0.61442,0.77051
112,124,3,0.30124,0.38622,-0.14765,-0.59508,0.54494,-0.59069,0.72119
113,124,3,0.28762,0.37904,-0.13956,-0.64957,0.51608,-0.55832,0.65283
114,124,3,0.27044,0.36901,-0.12683,-0.71828,0.47601,-0.50742,0.53467
115,124,1,0.20000,0.31637,-0.04487,0.99913,0.00021,-0.00022,0.13867
116,124,1,0.20000,0.32009,-0.05448,1.00000,0.00000,-0.00000,0.16309
117,124,1,0.20000,0.32380,-0.06409,1.00000,0.00000,-0.00000,0.19189
118,124,1,0.20000,0.32752,-0.07370,1.00000,0.00000,-0.00000,0.22168
119,124,1,0.20000,0.33124,-0.08331,1.00000,0.00000,-0.00000,0.25635
120,124,1,0.20000,0.33495,-0.09292,1.00000,0.00000,-0.00000,0.29053
121,124,1,0.20000,0.33867,-0.10253,1.00000,0.00000,-0.00000,0.31885
122,124,1,0.20000,0.34238,-0.11214,1.00000,0.00000,-0.00000,0.35449
123,124,1,0.20000,0.34610,-0.12175,1.00000,0.00000,-0.00000,0.38477
124,124,1,0.20000,0.34981,-0.13136,1.00000,0.00000,-0.00000,0.42041
125,124,1,0.20000,0.35353,-0.14097,1.00000,0.00000,-0.00000,0.44775
126,124,1,0.20000,0.35724,-0.15058,1.00000,0.00000,-0.00000,0.48340
127,124,1,0.20000,0.36096,-0.16019,1.00000,0.00000,-0.00000,0.51074
128,124,1,0.20000,0.36467,-0.16980,1.00000,0.00000,-0.00000,0.53564
129,124,1,0.20000,0.36839,-0.17941,1.00000,0.00000,-0.00000,0.56445
130,124,1,0.20000,0.37211,-0.18902,1.00000,0.00000,-0.00000,0.58887
131,124,1,0.20000,0.37582,-0.19863,1.00000,0.00000,-0.00000,0.61279
132,124,1,0.19366,0.37446,-0.20000,0.00000,0.00000,-1.00000,0.87158
133,124,1,0.18627,0.37226,-0.20000,0.00000,0.00000,-1.00000,0.86621
134,124,1,0.17887,0.37007,-0.20000,0.00000,0.00000,-1.00000,0.85498
135,124,1,0.17148,0.36787,-0.20000,0.00000,0.00000,-1.00000,0.84814
136,124,1,0.16409,0.36567,-0.20000,0.00000,0.00000,-1.00000,0.83740
137,124,1,0.15670,0.36347,-0.20000,0.00000,0.00000,-1.00000,0.82812
138,124,1,0.14930,0.36127,-0.20000,0.00000,0.00000,-1.00000,0.82031
139,124,1,0.14191,0.35907,-0.20000,0.00000,0.00000,-1.00000,0.80664
140,124,1,0.13452,0.35687,-0.20000,0.00000,0.00000,-1.00000,0.79639
141,124,1,0.12713,0.35468,-0.20000,0.00000,0.00000,-1.00000,0.78906
142,124,1,0.11973,0.35248,-0.20000,0.00000,0.00000,-1.00000,0.77686
143,124,1,0.11234,0.35028,-0.20000,0.00000,0.00000,-1.00000,0.76416
144,124,1,0.10495,0.34808,-0.20000,0.00000,0.00000,-1.00000,0.75098
145,124,1,0.09756,0.34588,-0.20000,0.00000,0.00000,-1.00000,0.73682
146,124,1,0.09016,0.34368,-0.20000,0.00000,0.00000,-1.00000,0.72607
147,124,1,0.08277,0.34149,-0.20000,0.00000,0.00000,-1.00000,0.70654
148,124,1,0.07538,0.33929,-0.20000,0.00000,0.00000,-1.00000,0.69482
149,124,1,0.06799,0.33709,-0.20000,0.00000,0.00000,-1.00000,0.67969
150,124,1,0.06059,0.33489,-0.20000,0.00000,0.00000,-1.00000,0.66650
151,124,1,0.05320,0.33269,-0.20000,0.00000,0.00000,-1.00000,0.64893
152,124,1,0.04581,0.33049,-0.20000,0.00000,0.00000,-1.00000,0.63428
153,124,1,0.03842,0.32829,-0.20000,0.00000,0.00000,-1.00000,0.62109
154,124,1,0.03103,0.32610,-0.20000,0.00000,0.00000,-1.00000,0.60889
155,124,1,0.02363,0.32390,-0.20000,0.00000,0.00000,-1.00000,0.59375
156,124,1,0.01624,0.32170,-0.20000,0.00000,0.00000,-1.00000,0.58447
157,124,1,0.00885,0.31950,-0.20000,0.00000,0.00000,-1.00000,0.56982
158,124,1,0.00146,0.31730,-0.20000,0.00000,0.00000,-1.00000,0.56445
159,124,1,-0.00594,0.31510,-0.20000,0.00000,0.00000,-1.00000,0.55811
160,124,1,-0.01333,0.31290,-0.20000,0.00000,0.00000,-1.00000,0.55225
161,124,1,-0.02072,0.31071,-0.20000,0.00000,0.00000,-1.00000,0.54736
162,124,1,-0.02811,0.30851,-0.20000,0.00000,0.00000,-1.00000,0.54639
163,124,1,-0.03551,0.30631,-0.20000,0.00000,0.00000,-1.00000,0.54688
164,124,1,-0.04290,0.30411,-0.20000,0.00000,0.00000,-1.00000,0.54834
165,124,1,-0.05029,0.30191,-0.20000,0.00000,0.00000,-1.00000,0.55127
166,124,1,-0.05768,0.29971,-0.20000,0.00000,0.00000,-1.00000,0.56152
167,124,1,-0.06508,0.29752,-0.20000,0.00000,0.00000,-1.00000,0.56348
168,124,1,-0.07247,0.29532,-0.20000,0.00000,0.00000,-1.00000,0.57275
169,124,1,-0.07986,0.29312,-0.20000,0.00000,0.00000,-1.00000,0.58740
170,124,1,-0.08725,0.29092,-0.20000,0.00000,0.00000,-1.00000,0.59521
171,124,1,-0.09464,0.28872,-0.20000,0.00000,0.00000,-1.00000,0.60840
172,124,1,-0.10204,0.28652,-0.20000,0.00000,0.00000,-1.00000,0.62256
173,124,1,-0.10943,0.28432,-0.20000,0.00000,0.00000,-1.00000,0.63330
174,124,1,-0.11682,0.28213,-0.20000,0.00000,0.00000,-1.00000,0.64893
175,124,1,-0.12421,0.27993,-0.20000,0.00000,0.00000,-1.00000,0.66602
176,124,1,-0.13161,0.27773,-0.20000,0.00000,0.00000,-1.00000,0.67969
177,124,1,-0.13900,0.27553,-0.20000,0.00000,0.00000,-1.00000,0.69434
178,124,1,-0.14639,0.27333,-0.20000,0.00000,0.00000,-1.00000,0.70703
179,124,1,-0.15378,0.27113,-0.20000,0.00000,0.00000,-1.00000,0.72314
180,124,1,-0.16118,0.26894,-0.20000,0.00000,0.00000,-1.00000,0.73535
181,124,1,-0.16857,0.26674,-0.20000,0.00000,0.00000,-1.00000,0.75000
182,124,1,-0.17596,0.26454,-0.20000,0.00000,0.00000,-1.00000,0.76611
183,124,1,-0.18335,0.26234,-0.20000,0.00000,0.00000,-1.00000,0.77832
184,124,1,-0.19075,0.26014,-0.20000,0.00000,0.00000,-1.00000,0.79150
185,124,1,-0.19814,0.25794,-0.20000,0.00000,0.00000,-1.00000,0.79883
87,125,3,0.49288,0.44013,-0.15654,0.17157,0.76052,-0.62624,0.99463
88,125,3,0.48729,0.43937,-0.15888,0.14918,0.75747,-0.63560,0.99463
89,125,3,0.48160,0.43853,-0.16109,0.12641,0.75413,-0.64444,0.99316
90,125,3,0.47580,0.43761,-0.16317,0.10324,0.75049,-0.65277,0.99072
91,125,3,0.46992,0.43662,-0.16513,0.07969,0.74649,-0.66061,0.98975
92,125,3,0.46393,0.43554,-0.16695,0.05573,0.74216,-0.66790,0.98682
93,125,3,0.45783,0.43438,-0.16863,0.03133,0.73752,-0.67460,0.98535
94,125,3,0.45161,0.43312,-0.17015,0.00642,0.73251,-0.68073,0.98389
95,125,3,0.44529,0.43178,-0.17155,-0.01884,0.72709,-0.68628,0.98047
96,125,3,0.43883,0.43033,-0.17276,-0.04467,0.72130,-0.69118,0.97705
97,125,3,0.43225,0.42878,-0.17382,-0.07100,0.71512,-0.69538,0.97510
98,125,3,0.42554,0.42712,-0.17470,-0.09785,0.70851,-0.69888,0.97168
99,125,3,0.41867,0.42535,-0.17539,-0.12533,0.70140,-0.70166,0.96582
100,125,3,0.41166,0.42345,-0.17588,-0.15338,0.69379,-0.70365,0.95850
101,125,3,0.40448,0.42142,-0.17616,-0.18209,0.68570,-0.70474,0.95166
102,125,3,0.39712,0.41925,-0.17620,-0.21154,0.67699,-0.70494,0.94678
103,125,3,0.38957,0.41692,-0.17599,-0.24175,0.66769,-0.70410,0.94043
104,125,3,0.38181,0.41443,-0.17551,-0.27281,0.65772,-0.70213,0.92871
105,125,3,0.37379,0.41174,-0.17470,-0.30485,0.64699,-0.69890,0.91797
106,125,3,0.36553,0.40884,-0.17357,-0.33789,0.63538,-0.69435,0.90576
107,125,3,0.35694,0.40568,-0.17202,-0.37228,0.62274,-0.68819,0.88867
108,125,3,0.34802,0.40226,-0.17002,-0.40796,0.60904,-0.68018,0.87207
109,125,3,0.33867,0.39849,-0.16748,-0.44536,0.59396,-0.66997,0.85205
110,125,3,0.32879,0.39431,-0.16425,-0.48487,0.57721,-0.65707,0.82471
111,125,3,0.31825,0.38959,-0.16016,-0.52703,0.55838,-0.64067,0.79248
112,125,3,0.30680,0.38415,-0.15488,-0.57283,0.53660,-0.61961,0.74561
113,125,3,0.29403,0.37765,-0.14789,-0.62392,0.51060,-0.59162,0.68604
114,125,3,0.27885,0.36922,-0.13777,-0.68467,0.47687,-0.55120,0.59082
115,125,3,0.25656,0.35510,-0.11841,-0.77383,0.42046,-0.47371,0.40771
116,125,1,0.20000,0.31357,-0.05448,1.00000,0.00000,-0.00000,0.14746
117,125,1,0.20000,0.31729,-0.06409,1.00000,0.00000,-0.00000,0.17432
118,125,1,0.20000,0.32100,-0.07370,1.00000,0.00000,-0.00000,0.20508
119,125,1,0.20000,0.32472,-0.08331,1.00000,0.00000,-0.00000,0.23877
120,125,1,0.20000,0.32843,-0.09292,1.00000,0.00000,-0.00000,0.27051
121,125,1,0.20000,0.33215,-0.10253,1.00000,0.00000,-0.00000,0.30859
122,125,1,0.20000,0.33586,-0.11214,1.00000,0.00000,-0.00000,0.34180
123,125,1,0.20000,0.33958,-0.12175,1.00000,0.00000,-0.00000,0.37158
124,125,1,0.20000,0.34329,-0.13136,1.00000,0.00000,-0.00000,0.40527
125,125,1,0.20000,0.34701,-0.14097,1.00000,0.00000,-0.00000,0.43604
126,125,1,0.20000,0.35072,-0.15058,1.00000,0.00000,-0.00000,0.46924
127,125,1,0.20000,0.35444,-0.16019,1.00000,0.00000,-0.00000,0.49951
128,125,1,0.20000,0.35816,-0.16980,1.00000,0.00000,-0.00000,0.52441
129,125,1,0.20000,0.36187,-0.17941,1.00000,0.00000,-0.00000,0.55371
130,125,1,0.20000,0.36559,-0.18902,1.00000,0.00000,-0.00000,0.58154
131,125,1,0.20000,0.36930,-0.19863,1.00000,0.00000,-0.00000,0.60693
132,125,1,0.19366,0.36794,-0.20000,0.00000,0.00000,-1.00000,0.86426
133,125,1,0.18627,0.36574,-0.20000,0.00000,0.00000,-1.00000,0.85889
134,125,1,0.17887,0.36355,-0.20000,0.00000,0.00000,-1.00000,0.84863
135,125,1,0.17148,0.36135,-0.20000,0.00000,0.00000,-1.00000,0.84082
136,125,1,0.16409,0.35915,-0.20000,0.00000,0.00000,-1.00000,0.83154
137,125,1,0.15670,0.35695,-0.20000,0.00000,0.00000,-1.00000,0.82324
138,125,1,0.14930,0.35475,-0.20000,0.00000,0.00000,-1.00000,0.81152
139,125,1,0.14191,0.35255,-0.20000,0.00000,0.00000,-1.00000,0.80029
140,125,1,0.13452,0.35035,-0.20000,0.00000,0.00000,-1.00000,0.79004
141,125,1,0.12713,0.34816,-0.20000,0.00000,0.00000,-1.00000,0.77881
142,125,1,0.11973,0.34596,-0.20000,0.00000,0.00000,-1.00000,0.76660
143,125,1,0.11234,0.34376,-0.20000,0.00000,0.00000,-1.00000,0.75000
144,125,1,0.10495,0.34156,-0.20000,0.00000,0.00000,-1.00000,0.73730
145,125,1,0.09756,0.33936,-0.20000,0.00000,0.00000,-1.00000,0.72461
146,125,1,0.09016,0.33716,-0.20000,0.00000,0.00000,-1.00000,0.71045
147,125,1,0.08277,0.33497,-0.20000,0.00000,0.00000,-1.00000,0.69141
148,125,1,0.07538,0.33277,-0.20000,0.00000,0.00000,-1.00000,0.67578
149,125,1,0.06799,0.33057,-0.20000,0.00000,0.00000,-1.00000,0.66211
150,125,1,0.06059,0.32837,-0.20000,0.00000,0.00000,-1.00000,0.64795
151,125,1,0.05320,0.32617,-0.20000,0.00000,0.00000,-1.00000,0.63184
152,125,1,0.04581,0.32397,-0.20000,0.00000,0.00000,-1.00000,0.61475
153,125,1,0.03842,0.32177,-0.20000,0.00000,0.00000,-1.00000,0.60107
154,125,1,0.03103,0.31958,-0.20000,0.00000,0.00000,-1.00000,0.58496
155,125,1,0.02363,0.31738,-0.20000,0.00000,0.00000,-1.00000,0.57568
156,125,1,0.01624,0.31518,-0.20000,0.00000,0.00000,-1.00000,0.56104
157,125,1,0.00885,0.31298,-0.20000,0.00000,0.00000,-1.00000,0.55225
158,125,1,0.00146,0.31078,-0.20000,0.00000,0.00000,-1.00000,0.53955
159,125,1,-0.00594,0.30858,-0.20000,0.00000,0.00000,-1.00000,0.53271
160,125,1,-0.01333,0.30639,-0.20000,0.00000,0.00000,-1.00000,0.53076
161,125,1,-0.02072,0.30419,-0.20000,0.00000,0.00000,-1.00000,0.52441
162,125,1,-0.02811,0.30199,-0.20000,0.00000,0.00000,-1.00000,0.51758
163,125,1,-0.03551,0.29979,-0.20000,0.00000,0.00000,-1.00000,0.52490
164,125,1,-0.04290,0.29759,-0.20000,0.00000,0.00000,-1.00000,0.52441
165,125,1,-0.05029,0.29539,-0.20000,0.00000,0.00000,-1.00000,0.53027
166,125,1,-0.05768,0.29319,-0.20000,0.00000,0.00000,-1.00000,0.53125
167,125,1,-0.06508,0.29100,-0.20000,0.00000,0.00000,-1.00000,0.54443
168,125,1,-0.07247,0.28880,-0.20000,0.00000,0.00000,-1.00000,0.55518
169,125,1,-0.07986,0.28660,-0.20000,0.00000,0.00000,-1.00000,0.56836
170,125,1,-0.08725,0.28440,-0.20000,0.00000,0.00000,-1.00000,0.58105
171,125,1,-0.09464,0.28220,-0.20000,0.00000,0.00000,-1.00000,0.59229
172,125,1,-0.10204,0.28000,-0.20000,0.00000,0.00000,-1.00000,0.61230
173,125,1,-0.10943,0.27781,-0.20000,0.00000,0.00000,-1.00000,0.62305
174,125,1,-0.11682,0.27561,-0.20000,0.00000,0.00000,-1.00000,0.64355
175,125,1,-0.12421,0.27341,-0.20000,0.00000,0.00000,-1.00000,0.65479
176,125,1,-0.13161,0.27121,-0.20000,0.00000,0.00000,-1.00000,0.67139
177,125,1,-0.13900,0.26901,-0.20000,0.00000,0.00000,-1.00000,0.68555
178,125,1,-0.14639,0.26681,-0.20000,0.00000,0.00000,-1.00000,0.70361
179,125,1,-0.15378,0.26461,-0.20000,0.00000,0.00000,-1.00000,0.71484
180,125,1,-0.16118,0.26242,-0.20000,0.00000,0.00000,-1.00000,0.73096
181,125,1,-0.16857,0.26022,-0.20000,0.00000,0.00000,-1.00000,0.74365
182,125,1,-0.17596,0.25802,-0.20000,0.00000,0.00000,-1.00000,0.76025
183,125,1,-0.18335,0.25582,-0.20000,0.00000,0.00000,-1.00000,0.77197
184,125,1,-0.19075,0.25362,-0.20000,0.00000,0.00000,-1.00000,0.78564
185,125,1,-0.19814,0.25142,-0.20000,0.00000,0.00000,-1.00000,0.79785
38,126,3,0.62519,0.35740,0.14235,0.70081,0.42959,0.56948,1.00000
40,126,3,0.63853,0.37550,0.10579,0.75423,0.50202,0.42322,1.00000
42,126,3,0.64321,0.38668,0.08049,0.77292,0.54672,0.32202,1.00000
44,126,3,0.64459,0.39522,0.05947,0.77846,0.58085,0.23792,1.00000
46,126,3,0.64402,0.40219,0.04100,0.77621,0.60878,0.16399,1.00000
48,126,3,0.64212,0.40810,0.02424,0.76856,0.63238,0.09699,1.00000
50,126,3,0.63919,0.41318,0.00884,0.75679,0.65270,0.03537,0.99951
52,126,3,0.63541,0.41759,-0.00547,0.74172,0.67036,-0.02188,1.00000
54,126,3,0.63094,0.42145,-0.01888,0.72386,0.68580,-0.07553,1.00000
56,126,3,0.62587,0.42482,-0.03151,0.70361,0.69931,-0.12609,1.00000
58,126,3,0.62028,0.42778,-0.04346,0.68121,0.71114,-0.17386,1.00000
60,126,3,0.61421,0.43035,-0.05479,0.65693,0.72138,-0.21920,1.00000
62,126,3,0.60769,0.43257,-0.06553,0.63084,0.73028,-0.26215,1.00000
64,126,3,0.60076,0.43446,-0.07575,0.60312,0.73783,-0.30306,1.00000
66,126,3,0.59345,0.43604,-0.08546,0.57387,0.74416,-0.34190,1.00000
68,126,3,0.58576,0.43732,-0.09469,0.54315,0.74932,-0.37882,1.00000
70,126,3,0.57773,0.43833,-0.10347,0.51104,0.75331,-0.41395,1.00000
72,126,3,0.56936,0.43906,-0.11181,0.47752,0.75625,-0.44729,1.00000
74,126,3,0.56065,0.43953,-0.11971,0.44266,0.75809,-0.47890,1.00000
76,126,3,0.55161,0.43972,-0.12717,0.40651,0.75888,-0.50878,1.00000
78,126,3,0.54224,0.43966,-0.13422,0.36901,0.75864,-0.53693,0.99951
80,126,3,0.53255,0.43933,-0.14083,0.33022,0.75733,-0.56339,0.99951
82,126,3,0.52251,0.43874,-0.14701,0.29011,0.75494,-0.58813,0.99805
84,126,3,0.51214,0.43787,-0.15275,0.24861,0.75152,-0.61108,0.99805
86,126,3,0.50143,0.43673,-0.15804,0.20575,0.74694,-0.63226,0.99707
88,126,3,0.49036,0.43531,-0.16288,0.16148,0.74119,-0.65158,0.99561
89,126,3,0.48468,0.43448,-0.16509,0.13874,0.73792,-0.66047,0.99463
90,126,3,0.47891,0.43357,-0.16720,0.11564,0.73429,-0.66891,0.99365
91,126,3,0.47303,0.43259,-0.16917,0.09214,0.73039,-0.67678,0.99170
92,126,3,0.46706,0.43153,-0.17103,0.06828,0.72609,-0.68420,0.99023
93,126,3,0.46098,0.43038,-0.17272,0.04394,0.72153,-0.69099,0.98779
94,126,3,0.45479,0.42914,-0.17428,0.01916,0.71657,-0.69725,0.98682
95,126,3,0.44848,0.42781,-0.17570,-0.00609,0.71126,-0.70290,0.98291
96,126,3,0.44206,0.42639,-0.17696,-0.03174,0.70556,-0.70794,0.97900
97,126,3,0.43550,0.42486,-0.17805,-0.05800,0.69944,-0.71233,0.97607
98,126,3,0.42883,0.42323,-0.17898,-0.08469,0.69295,-0.71599,0.97363
99,126,3,0.42200,0.42149,-0.17971,-0.11199,0.68597,-0.71896,0.96826
100,126,3,0.41503,0.41962,-0.18026,-0.13992,0.67850,-0.72115,0.96240
101,126,3,0.40790,0.41764,-0.18060,-0.16841,0.67052,-0.72252,0.95654
102,126,3,0.40059,0.41550,-0.18071,-0.19767,0.66203,-0.72294,0.95068
103,126,3,0.39310,0.41323,-0.18059,-0.22760,0.65293,-0.72241,0.94336
104,126,3,0.38540,0.41078,-0.18018,-0.25845,0.64313,-0.72083,0.93604
105,126,3,0.37748,0.40816,-0.17949,-0.29009,0.63267,-0.71804,0.92334
106,126,3,0.36929,0.40533,-0.17845,-0.32287,0.62134,-0.71392,0.91211
107,126,3,0.36083,0.40227,-0.17707,-0.35673,0.60909,-0.70835,0.89746
108,126,3,0.35203,0.39895,-0.17524,-0.39190,0.59577,-0.70105,0.88232
109,126,3,0.34282,0.39530,-0.17288,-0.42875,0.58124,-0.69162,0.86328
110,126,3,0.33315,0.39128,-0.16991,-0.46748,0.56512,-0.67978,0.83838
111,126,3,0.32289,0.38678,-0.16618,-0.50851,0.54718,-0.66483,0.80664
112,126,3,0.31185,0.38167,-0.16145,-0.55265,0.52669,-0.64589,0.76807
113,126,3,0.29969,0.37565,-0.15525,-0.60132,0.50264,-0.62110,0.70996
114,126,3,0.28577,0.36824,-0.14677,-0.65695,0.47294,-0.58715,0.63623
115,126,3,0.26798,0.35772,-0.13325,-0.72813,0.43091,-0.53304,0.50635
116,126,1,0.20000,0.30705,-0.05448,0.99912,0.00018,-0.00022,0.13330
117,126,1,0.20000,0.31077,-0.06409,1.00000,0.00000,-0.00000,0.16553
118,126,1,0.20000,0.31448,-0.07370,1.00000,0.00000,-0.00000,0.19092
119,126,1,0.20000,0.31820,-0.08331,1.00000,0.00000,-0.00000,0.22461
120,126,1,0.20000,0.32191,-0.09292,1.00000,0.00000,-0.00000,0.25830
121,126,1,0.20000,0.32563,-0.10253,1.00000,0.00000,-0.00000,0.29346
122,126,1,0.20000,0.32934,-0.11214,1.00000,0.00000,-0.00000,0.32764
123,126,1,0.20000,0.33306,-0.12175,1.00000,0.00000,-0.00000,0.36279
124,126,1,0.20000,0.33677,-0.13136,1.00000,0.00000,-0.00000,0.39258
125,126,1,0.20000,0.34049,-0.14097,1.00000,0.00000,-0.00000,0.42773
126,126,1,0.20000,0.34420,-0.15058,1.00000,0.00000,-0.00000,0.45801
127,126,1,0.20000,0.34792,-0.16019,1.00000,0.00000,-0.00000,0.48877
128,126,1,0.20000,0.35164,-0.16980,1.00000,0.00000,-0.00000,0.52051
129,126,1,0.20000,0.35535,-0.17941,1.00000,0.00000,-0.00000,0.54590
130,126,1,0.20000,0.35907,-0.18903,1.00000,0.00000,-0.00000,0.56982
131,126,1,0.20000,0.36278,-0.19863,1.00000,0.00000,-0.00000,0.59814
132,126,1,0.19366,0.36142,-0.20000,0.00000,0.00000,-1.00000,0.86182
133,126,1,0.18627,0.35922,-0.20000,0.00000,0.00000,-1.00000,0.85107
134,126,1,0.17887,0.35703,-0.20000,0.00000,0.00000,-1.00000,0.84180
135,126,1,0.17148,0.35483,-0.20000,0.00000,0.00000,-1.00000,0.83447
136,126,1,0.16409,0.35263,-0.20000,0.00000,0.00000,-1.00000,0.82275
137,126,1,0.15670,0.35043,-0.20000,0.00000,0.00000,-1.00000,0.81592
138,126,1,0.14930,0.34823,-0.20000,0.00000,0.00000,-1.00000,0.80566
139,126,1,0.14191,0.34603,-0.20000,0.00000,0.00000,-1.00000,0.79346
140,126,1,0.13452,0.34384,-0.20000,0.00000,0.00000,-1.00000,0.77979
141,126,1,0.12713,0.34164,-0.20000,0.00000,0.00000,-1.00000,0.76904
142,126,1,0.11973,0.33944,-0.20000,0.00000,0.00000,-1.00000,0.75439
143,126,1,0.11234,0.33724,-0.20000,0.00000,0.00000,-1.00000,0.74316
144,126,1,0.10495,0.33504,-0.20000,0.00000,0.00000,-1.00000,0.72412
145,126,1,0.09756,0.33284,-0.20000,0.00000,0.00000,-1.00000,0.71289
146,126,1,0.09016,0.33064,-0.20000,0.00000,0.00000,-1.00000,0.69434
147,126,1,0.08277,0.32845,-0.20000,0.00000,0.00000,-1.00000,0.67920
148,126,1,0.07538,0.32625,-0.20000,0.00000,0.00000,-1.00000,0.66113
149,126,1,0.06799,0.32405,-0.20000,0.00000,0.00000,-1.00000,0.64551
150,126,1,0.06059,0.32185,-0.20000,0.00000,0.00000,-1.00000,0.62646
151,126,1,0.05320,0.31965,-0.20000,0.00000,0.00000,-1.00000,0.61328
152,126,1,0.04581,0.31745,-0.20000,0.00000,0.00000,-1.00000,0.59473
153,126,1,0.03842,0.31526,-0.20000,0.00000,0.00000,-1.00000,0.58057
154,126,1,0.03103,0.31306,-0.20000,0.00000,0.00000,-1.00000,0.56689
155,126,1,0.02363,0.31086,-0.20000,0.00000,0.00000,-1.00000,0.54834
156,126,1,0.01624,0.30866,-0.20000,0.00000,0.00000,-1.00000,0.53906
157,126,1,0.00885,0.30646,-0.20000,0.00000,0.00000,-1.00000,0.52686
158,126,1,0.00146,0.30426,-0.20000,0.00000,0.00000,-1.00000,0.51367
159,126,1,-0.00594,0.30206,-0.20000,0.00000,0.00000,-1.00000,0.50977
160,126,1,-0.01333,0.29987,-0.20000,0.00000,0.00000,-1.00000,0.50293
161,126,1,-0.02072,0.29767,-0.20000,0.00000,0.00000,-1.00000,0.50049
162,126,1,-0.02811,0.29547,-0.20000,0.00000,0.00000,-1.00000,0.49902
163,126,1,-0.03551,0.29327,-0.20000,0.00000,0.00000,-1.00000,0.50000
164,126,1,-0.04290,0.29107,-0.20000,0.00000,0.00000,-1.00000,0.50244
165,126,1,-0.05029,0.28887,-0.20000,0.00000,0.00000,-1.00000,0.50781
166,126,1,-0.05768,0.28668,-0.20000,0.00000,0.00000,-1.00000,0.51514
167,126,1,-0.06508,0.28448,-0.20000,0.00000,0.00000,-1.00000,0.52344
168,126,1,-0.07247,0.28228,-0.20000,0.00000,0.00000,-1.00000,0.54004
169,126,1,-0.07986,0.28008,-0.20000,0.00000,0.00000,-1.00000,0.55176
170,126,1,-0.08725,0.27788,-0.20000,0.00000,0.00000,-1.00000,0.56543
171,126,1,-0.09464,0.27568,-0.20000,0.00000,0.00000,-1.00000,0.58105
172,126,1,-0.10204,0.27348,-0.20000,0.00000,0.00000,-1.00000,0.59375
173,126,1,-0.10943,0.27129,-0.20000,0.00000,0.00000,-1.00000,0.61182
174,126,1,-0.11682,0.26909,-0.20000,0.00000,0.00000,-1.00000,0.62646
175,126,1,-0.12421,0.26689,-0.20000,-0.00010,0.00045,-0.99935,0.64600
176,126,1,-0.13161,0.26469,-0.20000,0.00000,0.00000,-1.00000,0.66504
177,126,1,-0.13900,0.26249,-0.20000,-0.00014,0.00044,-0.99936,0.67969
178,126,1,-0.14639,0.26029,-0.20000,0.00000,0.00000,-1.00000,0.69482
179,126,1,-0.15378,0.25810,-0.20000,0.00000,0.00000,-1.00000,0.70898
180,126,1,-0.16118,0.25590,-0.20000,0.00000,0.00000,-1.00000,0.72607
181,126,1,-0.16857,0.25370,-0.20000,0.00000,0.00000,-1.00000,0.74170
182,126,1,-0.17596,0.25150,-0.20000,0.00000,0.00000,-1.00000,0.75537
183,126,1,-0.18335,0.24930,-0.20000,0.00000,0.00000,-1.00000,0.77051
184,126,1,-0.19075,0.24710,-0.20000,0.00000,0.00000,-1.00000,0.78320
185,126,1,-0.19814,0.24490,-0.20000,0.00000,0.00000,-1.00000,0.79395
89,127,3,0.48766,0.43034,-0.16897,0.15066,0.72136,-0.67598,0.99463
90,127,3,0.48189,0.42944,-0.17108,0.12760,0.71780,-0.68446,0.99414
91,127,3,0.47604,0.42848,-0.17308,0.10419,0.71391,-0.69245,0.99219
92,127,3,0.47008,0.42743,-0.17495,0.08035,0.70971,-0.69989,0.99121
93,127,3,0.46402,0.42630,-0.17668,0.05612,0.70516,-0.70682,0.98926
94,127,3,0.45785,0.42507,-0.17826,0.03141,0.70029,-0.71317,0.98877
95,127,3,0.45156,0.42376,-0.17970,0.00625,0.69503,-0.71895,0.98584
96,127,3,0.44518,0.42236,-0.18101,-0.01927,0.68941,-0.72411,0.98145
97,127,3,0.43864,0.42085,-0.18212,-0.04544,0.68341,-0.72862,0.97949
98,127,3,0.43199,0.41925,-0.18309,-0.07204,0.67697,-0.73247,0.97656
99,127,3,0.42520,0.41753,-0.18388,-0.09919,0.67011,-0.73560,0.97217
100,127,3,0.41826,0.41570,-0.18446,-0.12695,0.66280,-0.73796,0.96680
101,127,3,0.41117,0.41374,-0.18486,-0.15532,0.65495,-0.73954,0.96143
102,127,3,0.40391,0.41165,-0.18503,-0.18437,0.64659,-0.74022,0.95654
103,127,3,0.39647,0.40941,-0.18497,-0.21411,0.63769,-0.73994,0.94824
104,127,3,0.38884,0.40702,-0.18465,-0.24466,0.62806,-0.73870,0.93994
105,127,3,0.38098,0.40445,-0.18405,-0.27613,0.61776,-0.73629,0.93066
106,127,3,0.37287,0.40168,-0.18312,-0.30853,0.60674,-0.73258,0.91992
107,127,3,0.36452,0.39871,-0.18187,-0.34192,0.59482,-0.72752,0.90967
108,127,3,0.35581,0.39546,-0.18016,-0.37680,0.58185,-0.72075,0.89111
109,127,3,0.34675,0.39193,-0.17799,-0.41304,0.56772,-0.71211,0.87061
110,127,3,0.33727,0.38806,-0.17528,-0.45094,0.55226,-0.70119,0.85156
111,127,3,0.32725,0.38376,-0.17186,-0.49101,0.53501,-0.68751,0.82422
112,127,3,0.31652,0.37889,-0.16752,-0.53398,0.51552,-0.67015,0.78760
113,127,3,0.30485,0.37327,-0.16196,-0.58060,0.49308,-0.64790,0.73828
114,127,3,0.29171,0.36647,-0.15448,-0.63326,0.46586,-0.61803,0.66943
115,127,3,0.27597,0.35759,-0.14363,-0.69615,0.43036,-0.57460,0.56641
116,127,3,0.25038,0.34083,-0.11997,-0.79849,0.36337,-0.47997,0.34521
117,127,1,0.20000,0.30425,-0.06409,1.00000,0.00000,-0.00000,0.14648
118,127,1,0.20000,0.30796,-0.07370,1.00000,0.00000,-0.00000,0.17773
119,127,1,0.20000,0.31168,-0.08331,1.00000,0.00000,-0.00000,0.20996
120,127,1,0.20000,0.31539,-0.09292,1.00000,0.00000,-0.00000,0.24707
121,127,1,0.20000,0.31911,-0.10253,1.00000,0.00000,-0.00000,0.28076
122,127,1,0.20000,0.32282,-0.11214,1.00000,0.00000,-0.00000,0.31396
123,127,1,0.20000,0.32654,-0.12175,1.00000,0.00000,-0.00000,0.34814
124,127,1,0.20000,0.33025,-0.13136,1.00000,0.00000,-0.00000,0.38135
125,127,1,0.20000,0.33397,-0.14097,1.00000,0.00000,-0.00000,0.41504
126,127,1,0.20000,0.33769,-0.15058,1.00000,0.00000,-0.00000,0.44727
127,127,1,0.20000,0.34140,-0.16019,1.00000,0.00000,-0.00000,0.47900
128,127,1,0.20000,0.34512,-0.16980,1.00000,0.00000,-0.00000,0.50830
129,127,1,0.20000,0.34883,-0.17941,1.00000,0.00000,-0.00000,0.53662
130,127,1,0.20000,0.35255,-0.18903,1.00000,0.00000,-0.00000,0.56543
131,127,1,0.20000,0.35626,-0.19863,1.00000,0.00000,-0.00000,0.59180
132,127,1,0.19366,0.35490,-0.20000,0.00000,0.00000,-1.00000,0.85498
133,127,1,0.18627,0.35271,-0.20000,0.00000,0.00000,-1.00000,0.84814
134,127,1,0.17887,0.35051,-0.20000,0.00000,0.00000,-1.00000,0.84082
135,127,1,0.17148,0.34831,-0.20000,0.00000,0.00000,-1.00000,0.82764
136,127,1,0.16409,0.34611,-0.20000,0.00000,0.00000,-1.00000,0.81934
137,127,1,0.15670,0.34391,-0.20000,0.00000,0.00000,-1.00000,0.80859
138,127,1,0.14930,0.34171,-0.20000,0.00000,0.00000,-1.00000,0.79834
139,127,1,0.14191,0.33951,-0.20000,0.00000,0.00000,-1.00000,0.78516
140,127,1,0.13452,0.33732,-0.20000,0.00000,0.00000,-1.00000,0.77051
141,127,1,0.12713,0.33512,-0.20000,0.00000,0.00000,-1.00000,0.75537
142,127,1,0.11973,0.33292,-0.20000,0.00000,0.00000,-1.00000,0.74561
143,127,1,0.11234,0.33072,-0.20000,0.00000,0.00000,-1.00000,0.73145
144,127,1,0.10495,0.32852,-0.20000,0.00000,0.00000,-1.00000,0.71338
145,127,1,0.09756,0.32632,-0.20000,0.00000,0.00000,-1.00000,0.69531
146,127,1,0.09016,0.32413,-0.20000,0.00000,0.00000,-1.00000,0.68213
147,127,1,0.08277,0.32193,-0.20000,0.00000,0.00000,-1.00000,0.66699
148,127,1,0.07538,0.31973,-0.20000,0.00000,0.00000,-1.00000,0.64209
149,127,1,0.06799,0.31753,-0.20000,0.00000,0.00000,-1.00000,0.62695
150,127,1,0.06059,0.31533,-0.20000,0.00000,0.00000,-1.00000,0.61035
151,127,1,0.05320,0.31313,-0.20000,0.00000,0.00000,-1.00000,0.59180
152,127,1,0.04581,0.31093,-0.20000,0.00000,0.00000,-1.00000,0.57520
153,127,1,0.03842,0.30874,-0.20000,0.00000,0.00000,-1.00000,0.55811
154,127,1,0.03103,0.30654,-0.20000,0.00000,0.00000,-1.00000,0.54004
155,127,1,0.02363,0.30434,-0.20000,0.00000,0.00000,-1.00000,0.52686
156,127,1,0.01624,0.30214,-0.20000,0.00000,0.00000,-1.00000,0.51318
157,127,1,0.00885,0.29994,-0.20000,0.00000,0.00000,-1.00000,0.50391
158,127,1,0.00146,0.29774,-0.20000,0.00000,0.00000,-1.00000,0.49316
159,127,1,-0.00594,0.29555,-0.20000,0.00000,0.00000,-1.00000,0.48779
160,127,1,-0.01333,0.29335,-0.20000,0.00000,0.00000,-1.00000,0.47852
161,127,1,-0.02072,0.29115,-0.20000,0.00000,0.00000,-1.00000,0.47070
162,127,1,-0.02811,0.28895,-0.20000,0.00000,0.00000,-1.00000,0.47412
163,127,1,-0.03551,0.28675,-0.20000,0.00000,0.00000,-1.00000,0.47754
164,127,1,-0.04290,0.28455,-0.20000,0.00000,0.00000,-1.00000,0.47754
165,127,1,-0.05029,0.28235,-0.20000,0.00000,0.00000,-1.00000,0.48633
166,127,1,-0.05768,0.28016,-0.20000,0.00000,0.00000,-1.00000,0.49414
167,127,1,-0.06508,0.27796,-0.20000,0.00000,0.00000,-1.00000,0.50977
168,127,1,-0.07247,0.27576,-0.20000,0.00000,0.00000,-1.00000,0.51904
169,127,1,-0.07986,0.27356,-0.20000,-0.00001,0.00043,-0.99929,0.53369
170,127,1,-0.08725,0.27136,-0.20000,-0.00002,0.00089,-0.99863,0.54980
171,127,4,-0.00863,0.33797,-0.31182,-0.05753,0.91986,0.38798,0.64795
172,127,4,-0.00879,0.34157,-0.32123,-0.05858,0.94382,0.32523,0.69678
173,127,4,-0.01085,0.34363,-0.32816,-0.07231,0.95755,0.27904,0.72949
174,127,4,-0.01394,0.34487,-0.33374,-0.09295,0.96587,0.24178,0.75537
175,127,4,-0.01772,0.34556,-0.33844,-0.11814,0.97044,0.21045,0.77588
176,127,4,-0.02215,0.34573,-0.34229,-0.14773,0.97161,0.18479,0.79102
177,127,4,-0.02714,0.34546,-0.34541,-0.18098,0.96973,0.16393,0.80371
178,127,4,-0.03279,0.34466,-0.34768,-0.21865,0.96439,0.14882,0.81250
179,127,4,-0.03921,0.34324,-0.34895,-0.26144,0.95496,0.14034,0.82031
180,127,4,-0.04672,0.34094,-0.34879,-0.31152,0.93966,0.14139,0.82275
181,127,4,-0.05674,0.33664,-0.34537,-0.37832,0.91100,0.16416,0.81592
182,127,1,-0.17596,0.24498,-0.20000,-0.00018,0.00045,-0.99947,0.75146
183,127,1,-0.18335,0.24278,-0.20000,-0.00021,0.00044,-0.99946,0.76660
184,127,1,-0.19075,0.24058,-0.20000,0.00000,0.00000,-1.00000,0.77979
185,127,1,-0.19814,0.23839,-0.20000,0.00000,0.00000,-1.00000,0.79102
38,128,3,0.63979,0.35604,0.12337,0.75926,0.42418,0.49355,1.00000
40,128,3,0.64839,0.37035,0.09298,0.79365,0.48142,0.37196,1.00000
42,128,3,0.65162,0.38037,0.06956,0.80662,0.52148,0.27826,1.00000
44,128,3,0.65226,0.38831,0.04950,0.80915,0.55323,0.19802,1.00000
46,128,3,0.65122,0.39491,0.03164,0.80498,0.57965,0.12656,1.00000
48,128,3,0.64897,0.40054,0.01534,0.79601,0.60217,0.06135,0.99951
50,128,3,0.64579,0.40543,0.00026,0.78327,0.62168,0.00101,1.00000
52,128,3,0.64183,0.40969,-0.01382,0.76743,0.63874,-0.05528,1.00000
54,128,3,0.63722,0.41344,-0.02705,0.74897,0.65372,-0.10819,1.00000
56,128,3,0.63203,0.41671,-0.03952,0.72825,0.66683,-0.15810,1.00000
58,128,3,0.62633,0.41958,-0.05133,0.70548,0.67832,-0.20537,1.00000
60,128,3,0.62018,0.42210,-0.06256,0.68082,0.68837,-0.25027,1.00000
62,128,3,0.61360,0.42426,-0.07321,0.65448,0.69704,-0.29291,1.00000
64,128,3,0.60662,0.42611,-0.08337,0.62656,0.70440,-0.33352,1.00000
66,128,3,0.59926,0.42765,-0.09302,0.59715,0.71059,-0.37212,1.00000
68,128,3,0.59154,0.42890,-0.10220,0.56627,0.71565,-0.40889,1.00000
70,128,3,0.58349,0.42989,-0.11095,0.53403,0.71958,-0.44387,1.00000
72,128,3,0.57510,0.43061,-0.11927,0.50046,0.72244,-0.47710,1.00000
74,128,3,0.56638,0.43107,-0.12715,0.46556,0.72424,-0.50864,1.00000
76,128,3,0.55733,0.43126,-0.13461,0.42937,0.72503,-0.53849,1.00000
78,128,3,0.54796,0.43120,-0.14165,0.39191,0.72477,-0.56667,1.00000
80,128,3,0.53828,0.43088,-0.14828,0.35316,0.72346,-0.59320,1.00000
82,128,3,0.52826,0.43029,-0.15448,0.31308,0.72118,-0.61797,1.00000
84,128,3,0.51791,0.42944,-0.16024,0.27166,0.71781,-0.64106,0.99902
86,128,3,0.50722,0.42833,-0.16557,0.22892,0.71332,-0.66239,0.99756
88,128,3,0.49620,0.42694,-0.17045,0.18481,0.70772,-0.68189,0.99609
90,128,3,0.48479,0.42524,-0.17485,0.13920,0.70094,-0.69950,0.99609
91,128,3,0.47894,0.42428,-0.17685,0.11578,0.69713,-0.70753,0.99463
92,128,3,0.47300,0.42324,-0.17874,0.09202,0.69297,-0.71507,0.99268
93,128,3,0.46696,0.42213,-0.18050,0.06786,0.68849,-0.72207,0.99121
94,128,3,0.46080,0.42091,-0.18210,0.04321,0.68366,-0.72852,0.98926
95,128,3,0.45454,0.41962,-0.18357,0.01816,0.67846,-0.73441,0.98633
96,128,3,0.44816,0.41823,-0.18489,-0.00735,0.67291,-0.73969,0.98438
97,128,3,0.44166,0.41675,-0.18605,-0.03334,0.66700,-0.74431,0.98145
98,128,3,0.43503,0.41516,-0.18704,-0.05988,0.66065,-0.74830,0.97754
99,128,3,0.42828,0.41348,-0.18788,-0.08688,0.65389,-0.75159,0.97559
100,128,3,0.42137,0.41166,-0.18851,-0.11451,0.64667,-0.75413,0.97021
101,128,3,0.41432,0.40973,-0.18894,-0.14272,0.63897,-0.75588,0.96680
102,128,3,0.40711,0.40768,-0.18918,-0.17159,0.63071,-0.75681,0.95947
103,128,3,0.39970,0.40547,-0.18917,-0.20122,0.62192,-0.75679,0.95410
104,128,3,0.39213,0.40313,-0.18893,-0.23150,0.61250,-0.75581,0.94531
105,128,3,0.38432,0.40060,-0.18839,-0.26272,0.60243,-0.75369,0.93359
106,128,3,0.37630,0.39790,-0.18757,-0.29483,0.59162,-0.75037,0.92432
107,128,3,0.36801,0.39498,-0.18641,-0.32796,0.57993,-0.74574,0.91309
108,128,3,0.35941,0.39182,-0.18484,-0.36239,0.56731,-0.73948,0.90137
109,128,3,0.35049,0.38840,-0.18285,-0.39806,0.55362,-0.73147,0.88086
110,128,3,0.34115,0.38464,-0.18032,-0.43540,0.53859,-0.72135,0.85986
111,128,3,0.33131,0.38048,-0.17713,-0.47482,0.52189,-0.70864,0.83350
112,128,3,0.32084,0.37582,-0.17313,-0.51670,0.50329,-0.69262,0.80371
113,128,3,0.30952,0.37048,-0.16803,-0.56199,0.48197,-0.67222,0.75830
114,128,3,0.29702,0.36419,-0.16138,-0.61198,0.45677,-0.64564,0.70117
115,128,3,0.28249,0.35629,-0.15211,-0.67005,0.42513,-0.60852,0.61377
116,128,3,0.26303,0.34443,-0.13642,-0.74796,0.37772,-0.54579,0.46436
117,128,1,0.20000,0.29773,-0.06409,1.00000,0.00000,-0.00000,0.13525
118,128,1,0.20000,0.30144,-0.07370,1.00000,0.00000,-0.00000,0.16797
119,128,1,0.20000,0.30516,-0.08331,1.00000,0.00000,-0.00000,0.19971
120,128,1,0.20000,0.30887,-0.09292,1.00000,0.00000,-0.00000,0.23242
121,128,1,0.20000,0.31259,-0.10253,1.00000,0.00000,-0.00000,0.26855
122,128,1,0.20000,0.31630,-0.11214,1.00000,0.00000,-0.00000,0.30078
123,128,1,0.20000,0.32002,-0.12175,1.00000,0.00000,-0.00000,0.33789
124,128,1,0.20000,0.32374,-0.13136,1.00000,0.00000,-0.00000,0.37354
125,128,1,0.20000,0.32745,-0.14097,1.00000,0.00000,-0.00000,0.40674
126,128,1,0.20000,0.33117,-0.15058,1.00000,0.00000,-0.00000,0.43652
127,128,1,0.20000,0.33488,-0.16019,1.00000,0.00000,-0.00000,0.46924
128,128,1,0.20000,0.33860,-0.16980,1.00000,0.00000,-0.00000,0.49854
129,128,1,0.20000,0.34231,-0.17941,1.00000,0.00000,-0.00000,0.52783
130,128,1,0.20000,0.34603,-0.18902,1.00000,0.00000,-0.00000,0.55566
131,128,1,0.20000,0.34974,-0.19863,1.00000,0.00000,-0.00000,0.58350
132,128,1,0.19366,0.34838,-0.20000,0.00000,0.00000,-1.00000,0.85156
133,128,1,0.18627,0.34619,-0.20000,0.00000,0.00000,-1.00000,0.84229
134,128,1,0.17887,0.34399,-0.20000,0.00000,0.00000,-1.00000,0.83496
135,128,1,0.17148,0.34179,-0.20000,0.00000,0.00000,-1.00000,0.82275
136,128,1,0.16409,0.33959,-0.20000,0.00000,0.00000,-1.00000,0.81201
137,128,1,0.15670,0.33739,-0.20000,0.00000,0.00000,-1.00000,0.80127
138,128,1,0.14930,0.33519,-0.20000,0.00000,0.00000,-1.00000,0.78857
139,128,1,0.14191,0.33300,-0.20000,0.00000,0.00000,-1.00000,0.77930
140,128,1,0.13452,0.33080,-0.20000,0.00000,0.00000,-1.00000,0.76123
141,128,1,0.12713,0.32860,-0.20000,0.00000,0.00000,-1.00000,0.74854
142,128,1,0.11973,0.32640,-0.20000,0.00000,0.00000,-1.00000,0.73145
143,128,1,0.11234,0.32420,-0.20000,0.00000,0.00000,-1.00000,0.71729
144,128,1,0.10495,0.32200,-0.20000,0.00000,0.00000,-1.00000,0.69922
145,128,1,0.09756,0.31980,-0.20000,0.00000,0.00000,-1.00000,0.68555
146,128,1,0.09016,0.31761,-0.20000,0.00000,0.00000,-1.00000,0.66406
147,128,1,0.08277,0.31541,-0.20000,0.00000,0.00000,-1.00000,0.64844
148,128,1,0.07538,0.31321,-0.20000,0.00000,0.00000,-1.00000,0.62695
149,128,1,0.06799,0.31101,-0.20000,0.00000,0.00000,-1.00000,0.60693
150,128,1,0.06059,0.30881,-0.20000,0.00000,0.00000,-1.00000,0.59082
151,128,1,0.05320,0.30661,-0.20000,0.00000,0.00000,-1.00000,0.57129
152,128,1,0.04581,0.30442,-0.20000,0.00000,0.00000,-1.00000,0.55176
153,128,1,0.03842,0.30222,-0.20000,0.00000,0.00000,-1.00000,0.53320
154,128,1,0.03103,0.30002,-0.20000,0.00000,0.00000,-1.00000,0.51807
155,128,1,0.02363,0.29782,-0.20000,0.00000,0.00000,-1.00000,0.50439
156,128,1,0.01624,0.29562,-0.20000,0.00000,0.00000,-1.00000,0.48828
157,128,1,0.00885,0.29342,-0.20000,0.00000,0.00000,-1.00000,0.47559
158,128,1,0.00146,0.29122,-0.20000,0.00000,0.00000,-1.00000,0.46436
159,128,1,-0.00594,0.28903,-0.20000,0.00000,0.00000,-1.00000,0.46143
160,128,1,-0.01333,0.28683,-0.20000,0.00000,0.00000,-1.00000,0.45557
161,128,1,-0.02072,0.28463,-0.20000,0.00000,0.00000,-1.00000,0.45264
162,128,1,-0.02811,0.28243,-0.20000,0.00000,0.00000,-1.00000,0.45312
163,128,1,-0.03551,0.28023,-0.20000,0.00000,0.00000,-1.00000,0.45068
164,128,1,-0.04290,0.27803,-0.20000,0.00000,0.00000,-1.00000,0.46045
165,128,1,-0.05029,0.27584,-0.20000,0.00000,0.00000,-1.00000,0.46533
166,128,1,-0.05768,0.27364,-0.20000,0.00005,0.00042,-0.99926,0.47607
167,128,1,-0.06508,0.27144,-0.20000,0.01191,0.34235,-0.37903,0.48633
168,128,4,0.01215,0.33693,-0.31000,0.08106,0.91290,0.40005,0.63086
169,128,4,0.01239,0.34084,-0.31992,0.08261,0.93896,0.33396,0.68506
170,128,4,0.01111,0.34353,-0.32787,0.07407,0.95686,0.28096,0.72070
171,128,4,0.00892,0.34550,-0.33464,0.05954,0.96996,0.23584,0.75146
172,128,4,0.00609,0.34695,-0.34057,0.04065,0.97970,0.19628,0.77539
173,128,4,0.00277,0.34801,-0.34586,0.01850,0.98678,0.16102,0.79736
174,128,4,-0.00097,0.34873,-0.35060,-0.00649,0.99157,0.12942,0.81445
175,128,4,-0.00511,0.34913,-0.35484,-0.03407,0.99428,0.10119,0.82861
176,128,4,-0.00960,0.34926,-0.35861,-0.06406,0.99504,0.07602,0.84033
177,128,4,-0.01448,0.34907,-0.36187,-0.09661,0.99384,0.05423,0.85449
178,128,4,-0.01972,0.34859,-0.36467,-0.13154,0.99067,0.03552,0.86084
179,128,4,-0.02534,0.34781,-0.36698,-0.16901,0.98541,0.02015,0.86865
180,128,4,-0.03143,0.34665,-0.36866,-0.20965,0.97774,0.00888,0.87451
181,128,4,-0.03804,0.34508,-0.36969,-0.25367,0.96729,0.00204,0.87891
182,128,4,-0.04531,0.34298,-0.36984,-0.30217,0.95325,0.00101,0.88281
183,128,4,-0.05355,0.34010,-0.36874,-0.35710,0.93403,0.00837,0.88428
184,128,4,-0.06366,0.33573,-0.36521,-0.42446,0.90488,0.03188,0.87598
185,128,1,-0.19814,0.23187,-0.20000,-0.00070,0.00129,-0.99847,0.78857
92,129,3,0.47582,0.41897,-0.18240,0.10328,0.67590,-0.72972,0.99316
93,129,3,0.46979,0.41787,-0.18418,0.07919,0.67146,-0.73680,0.99365
94,129,3,0.46365,0.41668,-0.18581,0.05463,0.66670,-0.74332,0.98877
95,129,3,0.45740,0.41539,-0.18729,0.02959,0.66158,-0.74929,0.98975
96,129,3,0.45105,0.41402,-0.18864,0.00418,0.65610,-0.75466,0.98584
97,129,3,0.44457,0.41256,-0.18984,-0.02172,0.65024,-0.75942,0.98389
98,129,3,0.43796,0.41098,-0.19085,-0.04815,0.64399,-0.76352,0.97900
99,129,3,0.43124,0.40932,-0.19172,-0.07504,0.63727,-0.76698,0.97754
100,129,3,0.42436,0.40753,-0.19239,-0.10257,0.63015,-0.76967,0.97314
101,129,3,0.41734,0.40563,-0.19287,-0.13064,0.62255,-0.77160,0.96729
102,129,3,0.41017,0.40361,-0.19316,-0.15932,0.61445,-0.77271,0.96436
103,129,3,0.40281,0.40144,-0.19320,-0.18880,0.60577,-0.77292,0.95605
104,129,3,0.39528,0.39913,-0.19303,-0.21888,0.59654,-0.77216,0.94922
105,129,3,0.38753,0.39665,-0.19256,-0.24992,0.58660,-0.77035,0.93945
106,129,3,0.37958,0.39400,-0.19183,-0.28171,0.57596,-0.76740,0.92871
107,129,3,0.37135,0.39113,-0.19075,-0.31464,0.56454,-0.76308,0.91992
108,129,3,0.36285,0.38805,-0.18930,-0.34864,0.55221,-0.75731,0.90625
109,129,3,0.35402,0.38470,-0.18744,-0.38395,0.53883,-0.74983,0.88867
110,129,3,0.34480,0.38104,-0.18507,-0.42083,0.52417,-0.74037,0.87158
111,129,3,0.33513,0.37702,-0.18210,-0.45952,0.50808,-0.72849,0.84863
112,129,3,0.32488,0.37254,-0.17839,-0.50050,0.49014,-0.71363,0.81592
113,129,3,0.31388,0.36745,-0.17370,-0.54450,0.46975,-0.69488,0.77881
114,129,3,0.30180,0.36150,-0.16761,-0.59287,0.44599,-0.67052,0.72656
115,129,3,0.28807,0.35424,-0.15937,-0.64777,0.41699,-0.63758,0.65283
116,129,3,0.27109,0.34436,-0.14690,-0.71568,0.37740,-0.58768,0.53027
117,129,1,0.20000,0.29121,-0.06409,0.99824,0.00031,-0.00049,0.12402
118,129,1,0.20000,0.29492,-0.07370,1.00000,0.00000,-0.00000,0.15576
119,129,1,0.20000,0.29864,-0.08331,1.00000,0.00000,-0.00000,0.18701
120,129,1,0.20000,0.30235,-0.09292,1.00000,0.00000,-0.00000,0.21973
121,129,1,0.20000,0.30607,-0.10253,1.00000,0.00000,-0.00000,0.25439
122,129,1,0.20000,0.30979,-0.11214,1.00000,0.00000,-0.00000,0.29053
123,129,1,0.20000,0.31350,-0.12175,1.00000,0.00000,-0.00000,0.32764
124,129,1,0.20000,0.31722,-0.13136,1.00000,0.00000,-0.00000,0.36182
125,129,1,0.20000,0.32093,-0.14097,1.00000,0.00000,-0.00000,0.39648
126,129,1,0.20000,0.32465,-0.15058,1.00000,0.00000,-0.00000,0.42725
127,129,1,0.20000,0.32836,-0.16019,1.00000,0.00000,-0.00000,0.45947
128,129,1,0.20000,0.33208,-0.16980,1.00000,0.00000,-0.00000,0.49316
129,129,1,0.20000,0.33579,-0.17941,1.00000,0.00000,-0.00000,0.52002
130,129,1,0.20000,0.33951,-0.18902,1.00000,0.00000,-0.00000,0.54541
131,129,1,0.20000,0.34322,-0.19863,1.00000,0.00000,-0.00000,0.57617
132,129,1,0.19366,0.34187,-0.20000,0.00000,0.00000,-1.00000,0.84424
133,129,1,0.18627,0.33967,-0.20000,0.00000,0.00000,-1.00000,0.83594
134,129,1,0.17887,0.33747,-0.20000,0.00000,0.00000,-1.00000,0.82812
135,129,1,0.17148,0.33527,-0.20000,0.00000,0.00000,-1.00000,0.81787
136,129,1,0.16409,0.33307,-0.20000,0.00000,0.00000,-1.00000,0.80420
137,129,1,0.15670,0.33087,-0.20000,0.00000,0.00000,-1.00000,0.79248
138,129,1,0.14930,0.32867,-0.20000,0.00000,0.00000,-1.00000,0.77930
139,129,1,0.14191,0.32648,-0.20000,0.00000,0.00000,-1.00000,0.76904
140,129,1,0.13452,0.32428,-0.20000,0.00000,0.00000,-1.00000,0.75342
141,129,1,0.12713,0.32208,-0.20000,0.00000,0.00000,-1.00000,0.73730
142,129,1,0.11973,0.31988,-0.20000,0.00000,0.00000,-1.00000,0.72266
143,129,1,0.11234,0.31768,-0.20000,0.00000,0.00000,-1.00000,0.70264
144,129,1,0.10495,0.31548,-0.20000,0.00000,0.00000,-1.00000,0.68994
145,129,1,0.09756,0.31329,-0.20000,0.00000,0.00000,-1.00000,0.66895
146,129,1,0.09016,0.31109,-0.20000,0.00000,0.00000,-1.00000,0.64990
147,129,1,0.08277,0.30889,-0.20000,0.00000,0.00000,-1.00000,0.62988
148,129,1,0.07538,0.30669,-0.20000,0.00000,0.00000,-1.00000,0.61035
149,129,1,0.06799,0.30449,-0.20000,0.00000,0.00000,-1.00000,0.59375
150,129,1,0.06059,0.30229,-0.20000,0.00000,0.00000,-1.00000,0.56787
151,129,1,0.05320,0.30009,-0.20000,0.00000,0.00000,-1.00000,0.55176
152,129,1,0.04581,0.29790,-0.20000,0.00000,0.00000,-1.00000,0.53076
153,129,1,0.03842,0.29570,-0.20000,0.00000,0.00000,-1.00000,0.51465
154,129,1,0.03103,0.29350,-0.20000,0.00000,0.00000,-1.00000,0.49365
155,129,1,0.02363,0.29130,-0.20000,0.00000,0.00000,-1.00000,0.47852
156,129,1,0.01624,0.28910,-0.20000,0.00000,0.00000,-1.00000,0.46289
157,129,1,0.00885,0.28690,-0.20000,0.00000,0.00000,-1.00000,0.45020
158,129,1,0.00146,0.28470,-0.20000,0.00000,0.00000,-1.00000,0.43945
159,129,1,-0.00594,0.28251,-0.20000,0.00000,0.00000,-1.00000,0.42920
160,129,1,-0.01333,0.28031,-0.20000,0.00000,0.00000,-1.00000,0.42822
161,129,1,-0.02072,0.27811,-0.20000,0.00000,0.00000,-1.00000,0.42578
162,129,1,-0.02811,0.27591,-0.20000,0.00000,0.00000,-1.00000,0.42627
163,129,1,-0.03551,0.27371,-0.20000,0.00000,0.00000,-1.00000,0.43213
164,129,1,-0.04290,0.27151,-0.20000,0.00000,0.00000,-1.00000,0.43799
165,129,4,0.02323,0.32814,-0.29558,0.15485,0.85385,0.49548,0.54639
166,129,4,0.02691,0.33479,-0.30997,0.17944,0.89863,0.40032,0.62451
167,129,4,0.02724,0.33877,-0.32000,0.18164,0.92513,0.33338,0.68164
168,129,4,0.02621,0.34167,-0.32829,0.17486,0.94448,0.27816,0.71924
169,129,4,0.02439,0.34392,-0.33552,0.16269,0.95952,0.22991,0.75146
170,129,4,0.02198,0.34571,-0.34200,0.14659,0.97141,0.18676,0.77490
171,129,4,0.01910,0.34712,-0.34787,0.12741,0.98082,0.14757,0.79834
172,129,4,0.01581,0.34821,-0.35321,0.10551,0.98808,0.11204,0.81787
173,129,4,0.01218,0.34902,-0.35810,0.08132,0.99353,0.07941,0.83301
174,129,4,0.00825,0.34959,-0.36260,0.05509,0.99727,0.04940,0.84912
175,129,4,0.00400,0.34990,-0.36667,0.02675,0.99939,0.02223,0.86377
176,129,4,-0.00053,0.34999,-0.37039,-0.00356,1.00000,-0.00265,0.87451
177,129,4,-0.00536,0.34985,-0.37374,-0.03577,0.99903,-0.02499,0.88232
178,129,4,-0.01047,0.34947,-0.37670,-0.06986,0.99657,-0.04473,0.89111
179,129,4,-0.01587,0.34887,-0.37929,-0.10586,0.99244,-0.06198,0.89795
180,129,4,-0.02162,0.34798,-0.38142,-0.14420,0.98660,-0.07621,0.90186
181,129,4,-0.02772,0.34682,-0.38311,-0.18487,0.97887,-0.08745,0.90723
182,129,4,-0.03421,0.34534,-0.38427,-0.22814,0.96896,-0.09521,0.91260
183,129,4,-0.04120,0.34347,-0.38480,-0.27473,0.95644,-0.09871,0.91406
184,129,4,-0.04882,0.34108,-0.38450,-0.32557,0.94056,-0.09670,0.91504
185,129,4,-0.05735,0.33798,-0.38302,-0.38242,0.91990,-0.08688,0.91553
186,129,4,-0.06740,0.33365,-0.37957,-0.44938,0.89106,-0.06384,0.91260
187,129,4,-0.08270,0.32513,-0.36929,-0.55140,0.83422,0.00465,0.90039
36,130,3,0.62892,0.32687,0.15673,0.71539,0.30735,0.62672,0.99951
38,130,3,0.65048,0.35155,0.10948,0.80199,0.40623,0.43795,0.99951
40,130,3,0.65675,0.36400,0.08210,0.82713,0.45602,0.32848,1.00000
42,130,3,0.65907,0.37328,0.05988,0.83633,0.49313,0.23953,1.00000
44,130,3,0.65914,0.38077,0.04056,0.83669,0.52308,0.16228,1.00000
46,130,3,0.65774,0.38709,0.02316,0.83109,0.54836,0.09266,1.00000
48,130,3,0.65524,0.39252,0.00719,0.82109,0.57007,0.02878,1.00000
50,130,3,0.65186,0.39724,-0.00763,0.80757,0.58898,-0.03053,1.00000
52,130,3,0.64775,0.40139,-0.02151,0.79113,0.60557,-0.08606,1.00000
54,130,3,0.64302,0.40503,-0.03459,0.77218,0.62016,-0.13834,1.00000
56,130,3,0.63775,0.40825,-0.04695,0.75107,0.63293,-0.18784,0.99951
58,130,3,0.63196,0.41105,-0.05865,0.72797,0.64422,-0.23462,1.00000
60,130,3,0.62575,0.41351,-0.06979,0.70306,0.65403,-0.27921,1.00000
62,130,3,0.61911,0.41563,-0.08038,0.67653,0.66250,-0.32155,1.00000
64,130,3,0.61209,0.41744,-0.09047,0.64844,0.66973,-0.36193,0.99951
66,130,3,0.60469,0.41895,-0.10007,0.61885,0.67582,-0.40035,1.00000
68,130,3,0.59695,0.42019,-0.10923,0.58788,0.68077,-0.43698,1.00000
70,130,3,0.58886,0.42116,-0.11794,0.55555,0.68463,-0.47185,1.00000
72,130,3,0.58046,0.42186,-0.12624,0.52192,0.68744,-0.50501,1.00000
74,130,3,0.57174,0.42231,-0.13412,0.48697,0.68921,-0.53651,1.00000
76,130,3,0.56268,0.42250,-0.14157,0.45078,0.68999,-0.56631,1.00000
78,130,3,0.55332,0.42244,-0.14861,0.41331,0.68975,-0.59450,1.00000
80,130,3,0.54363,0.42213,-0.15525,0.37459,0.68848,-0.62103,0.99951
82,130,3,0.53363,0.42155,-0.16145,0.33457,0.68621,-0.64590,1.00000
84,130,3,0.52330,0.42072,-0.16725,0.29326,0.68287,-0.66910,0.99902
86,130,3,0.51264,0.41962,-0.17261,0.25058,0.67849,-0.69055,0.99854
88,130,3,0.50164,0.41825,-0.17753,0.20660,0.67298,-0.71022,0.99805
90,130,3,0.49027,0.41659,-0.18198,0.16114,0.66637,-0.72800,0.99707
91,130,3,0.48445,0.41565,-0.18401,0.13784,0.66260,-0.73618,0.99414
92,130,3,0.47853,0.41463,-0.18593,0.11414,0.65853,-0.74385,0.99512
93,130,3,0.47252,0.41354,-0.18773,0.09011,0.65412,-0.75100,0.99170
94,130,3,0.46639,0.41235,-0.18937,0.06560,0.64940,-0.75761,0.99219
95,130,3,0.46016,0.41108,-0.19089,0.04067,0.64434,-0.76365,0.98828
96,130,3,0.45383,0.40973,-0.19226,0.01530,0.63891,-0.76913,0.98682
97,130,3,0.44737,0.40828,-0.19348,-0.01051,0.63310,-0.77400,0.98486
98,130,3,0.44079,0.40673,-0.19453,-0.03684,0.62692,-0.77821,0.98047
99,130,3,0.43408,0.40507,-0.19541,-0.06370,0.62030,-0.78177,0.97656
100,130,3,0.42724,0.40332,-0.19613,-0.09106,0.61327,-0.78461,0.97510
101,130,3,0.42024,0.40144,-0.19665,-0.11904,0.60575,-0.78670,0.97021
102,130,3,0.41310,0.39944,-0.19697,-0.14759,0.59777,-0.78796,0.96484
103,130,3,0.40579,0.39730,-0.19708,-0.17685,0.58923,-0.78837,0.95947
104,130,3,0.39829,0.39502,-0.19693,-0.20688,0.58008,-0.78785,0.95264
105,130,3,0.39060,0.39258,-0.19655,-0.23763,0.57032,-0.78630,0.94580
106,130,3,0.38268,0.38997,-0.19587,-0.26931,0.55988,-0.78359,0.93457
107,130,3,0.37454,0.38716,-0.19489,-0.30187,0.54869,-0.77963,0.92383
108,130,3,0.36611,0.38414,-0.19355,-0.33558,0.53656,-0.77427,0.90967
109,130,3,0.35736,0.38085,-0.19178,-0.37059,0.52344,-0.76725,0.89307
110,130,3,0.34827,0.37730,-0.18957,-0.40695,0.50919,-0.75837,0.87988
111,130,3,0.33874,0.37339,-0.18680,-0.44507,0.49351,-0.74723,0.85742
112,130,3,0.32865,0.36903,-0.18329,-0.48545,0.47611,-0.73325,0.82715
113,130,3,0.31789,0.36414,-0.17891,-0.52849,0.45653,-0.71574,0.79541
114,130,3,0.30618,0.35849,-0.17330,-0.57533,0.43398,-0.69329,0.74854
115,130,3,0.29311,0.35174,-0.16591,-0.62762,0.40694,-0.66370,0.68115
116,130,3,0.27744,0.34293,-0.15516,-0.69029,0.37173,-0.62074,0.58203
117,130,3,0.25363,0.32759,-0.13381,-0.78553,0.31041,-0.53533,0.37695
118,130,1,0.20000,0.28840,-0.07370,1.00000,0.00000,-0.00000,0.14600
119,130,1,0.20000,0.29212,-0.08331,1.00000,0.00000,-0.00000,0.17529
120,130,1,0.20000,0.29584,-0.09292,1.00000,0.00000,-0.00000,0.21191
121,130,1,0.20000,0.29955,-0.10253,1.00000,0.00000,-0.00000,0.24707
122,130,1,0.20000,0.30327,-0.11214,1.00000,0.00000,-0.00000,0.28223
123,130,1,0.20000,0.30698,-0.12175,1.00000,0.00000,-0.00000,0.31787
124,130,1,0.20000,0.31070,-0.13136,1.00000,0.00000,-0.00000,0.35303
125,130,1,0.20000,0.31441,-0.14097,1.00000,0.00000,-0.00000,0.38477
126,130,1,0.20000,0.31813,-0.15058,1.00000,0.00000,-0.00000,0.41992
127,130,1,0.20000,0.32184,-0.16019,1.00000,0.00000,-0.00000,0.45068
128,130,1,0.20000,0.32556,-0.16980,1.00000,0.00000,-0.00000,0.48486
129,130,1,0.20000,0.32927,-0.17941,1.00000,0.00000,-0.00000,0.51660
130,130,1,0.20000,0.33299,-0.18902,1.00000,0.00000,-0.00000,0.54297
131,130,1,0.20000,0.33670,-0.19863,1.00000,0.00000,-0.00000,0.56885
132,130,1,0.19366,0.33535,-0.20000,0.00000,0.00000,-1.00000,0.84131
133,130,1,0.18627,0.33315,-0.20000,0.00000,0.00000,-1.00000,0.83105
134,130,1,0.17887,0.33095,-0.20000,0.00000,0.00000,-1.00000,0.82031
135,130,1,0.17148,0.32875,-0.20000,0.00000,0.00000,-1.00000,0.81104
136,130,1,0.16409,0.32655,-0.20000,0.00000,0.00000,-1.00000,0.79834
137,130,1,0.15670,0.32435,-0.20000,0.00000,0.00000,-1.00000,0.78662
138,130,1,0.14930,0.32216,-0.20000,0.00000,0.00000,-1.00000,0.77100
139,130,1,0.14191,0.31996,-0.20000,0.00000,0.00000,-1.00000,0.75928
140,130,1,0.13452,0.31776,-0.20000,0.00000,0.00000,-1.00000,0.74756
141,130,1,0.12713,0.31556,-0.20000,0.00000,0.00000,-1.00000,0.72705
142,130,1,0.11973,0.31336,-0.20000,0.00000,0.00000,-1.00000,0.70752
143,130,1,0.11234,0.31116,-0.20000,0.00000,0.00000,-1.00000,0.69092
144,130,1,0.10495,0.30896,-0.20000,0.00000,0.00000,-1.00000,0.67676
145,130,1,0.09756,0.30677,-0.20000,0.00000,0.00000,-1.00000,0.65283
146,130,1,0.09016,0.30457,-0.20000,0.00000,0.00000,-1.00000,0.63574
147,130,1,0.08277,0.30237,-0.20000,0.00000,0.00000,-1.00000,0.61328
148,130,1,0.07538,0.30017,-0.20000,0.00000,0.00000,-1.00000,0.59229
149,130,1,0.06799,0.29797,-0.20000,0.00000,0.00000,-1.00000,0.57227
150,130,1,0.06059,0.29577,-0.20000,0.00000,0.00000,-1.00000,0.55029
151,130,1,0.05320,0.29358,-0.20000,0.00000,0.00000,-1.00000,0.52832
152,130,1,0.04581,0.29138,-0.20000,0.00000,0.00000,-1.00000,0.50879
153,130,1,0.03842,0.28918,-0.20000,0.00000,0.00000,-1.00000,0.49072
154,130,1,0.03103,0.28698,-0.20000,0.00000,0.00000,-1.00000,0.46973
155,130,1,0.02363,0.28478,-0.20000,0.00000,0.00000,-1.00000,0.45215
156,130,1,0.01624,0.28258,-0.20000,0.00000,0.00000,-1.00000,0.43896
157,130,1,0.00885,0.28038,-0.20000,0.00000,0.00000,-1.00000,0.42480
158,130,1,0.00146,0.27819,-0.20000,0.00000,0.00000,-1.00000,0.41553
159,130,1,-0.00594,0.27599,-0.20000,0.00000,0.00000,-1.00000,0.40869
160,130,1,-0.01333,0.27379,-0.20000,0.00000,0.00000,-1.00000,0.40186
161,130,1,-0.02072,0.27159,-0.20000,0.00000,0.00000,-1.00000,0.40234
162,130,1,-0.02811,0.26939,-0.20000,0.00000,0.00000,-1.00000,0.40479
163,130,4,0.03241,0.32153,-0.28829,0.21604,0.80983,0.54404,0.49023
164,130,4,0.03820,0.32988,-0.30543,0.25475,0.86586,0.43056,0.59766
165,130,4,0.03933,0.33449,-0.31651,0.26228,0.89665,0.35670,0.65625
166,130,4,0.03891,0.33787,-0.32557,0.25945,0.91917,0.29632,0.70166
167,130,4,0.03759,0.34053,-0.33346,0.25065,0.93691,0.24365,0.74072
168,130,4,0.03564,0.34269,-0.34054,0.23769,0.95127,0.19647,0.76611
169,130,4,0.03320,0.34445,-0.34698,0.22145,0.96301,0.15354,0.79199
170,130,4,0.03035,0.34589,-0.35288,0.20243,0.97263,0.11416,0.81494
171,130,4,0.02717,0.34706,-0.35835,0.18121,0.98036,0.07768,0.83350
172,130,4,0.02366,0.34797,-0.36341,0.15784,0.98647,0.04398,0.84814
173,130,4,0.01987,0.34865,-0.36810,0.13263,0.99108,0.01269,0.86426
174,130,4,0.01583,0.34913,-0.37245,0.10564,0.99426,-0.01635,0.87646
175,130,4,0.01153,0.34941,-0.37646,0.07695,0.99610,-0.04315,0.88818
176,130,4,0.00698,0.34948,-0.38016,0.04659,0.99660,-0.06784,0.89697
177,130,4,0.00219,0.34936,-0.38354,0.01462,0.99581,-0.09037,0.90430
178,130,4,-0.00286,0.34904,-0.38659,-0.01907,0.99366,-0.11072,0.91064
179,130,4,-0.00816,0.34852,-0.38931,-0.05443,0.99017,-0.12885,0.91895
180,130,4,-0.01372,0.34779,-0.39170,-0.09148,0.98523,-0.14474,0.92334
181,130,4,-0.01959,0.34681,-0.39368,-0.13062,0.97877,-0.15793,0.92676
182,130,4,-0.02575,0.34559,-0.39527,-0.17172,0.97061,-0.16856,0.93018
183,130,4,-0.03229,0.34408,-0.39638,-0.21533,0.96056,-0.17599,0.93359
184,130,4,-0.03923,0.34224,-0.39697,-0.26159,0.94827,-0.17988,0.93555
185,130,4,-0.04669,0.33999,-0.39689,-0.31132,0.93323,-0.17932,0.93701
186,130,4,-0.05483,0.33719,-0.39592,-0.36552,0.91462,-0.17282,0.93799
187,130,4,-0.06398,0.33359,-0.39363,-0.42660,0.89060,-0.15759,0.93945
188,130,4,-0.07492,0.32855,-0.38901,-0.49952,0.85697,-0.12680,0.93604
92,131,3,0.48115,0.41021,-0.18934,0.12464,0.64086,-0.75747,0.99463
93,131,3,0.47515,0.40912,-0.19115,0.10064,0.63649,-0.76469,0.99365
94,131,3,0.46905,0.40796,-0.19283,0.07623,0.63179,-0.77138,0.99170
95,131,3,0.46283,0.40669,-0.19434,0.05132,0.62676,-0.77752,0.99023
96,131,3,0.45650,0.40535,-0.19573,0.02602,0.62141,-0.78305,0.98926
97,131,3,0.45008,0.40392,-0.19699,0.00030,0.61564,-0.78803,0.98682
98,131,3,0.44350,0.40238,-0.19805,-0.02599,0.60954,-0.79233,0.98291
99,131,3,0.43681,0.40074,-0.19897,-0.05273,0.60299,-0.79601,0.98047
100,131,3,0.43001,0.39901,-0.19973,-0.07996,0.59601,-0.79899,0.97656
101,131,3,0.42303,0.39714,-0.20027,-0.10790,0.58862,-0.80118,0.97217
102,131,3,0.41592,0.39517,-0.20063,-0.13636,0.58068,-0.80263,0.96729
103,131,3,0.40863,0.39306,-0.20078,-0.16548,0.57223,-0.80322,0.96191
104,131,3,0.40117,0.39081,-0.20069,-0.19532,0.56324,-0.80287,0.95605
105,131,3,0.39353,0.38841,-0.20037,-0.22589,0.55363,-0.80154,0.94531
106,131,3,0.38566,0.38583,-0.19974,-0.25741,0.54333,-0.79908,0.93799
107,131,3,0.37757,0.38307,-0.19884,-0.28972,0.53229,-0.79544,0.92773
108,131,3,0.36921,0.38010,-0.19757,-0.32320,0.52039,-0.79040,0.91602
109,131,3,0.36054,0.37688,-0.19592,-0.35787,0.50754,-0.78379,0.90088
110,131,3,0.35155,0.37340,-0.19384,-0.39381,0.49360,-0.77542,0.88281
111,131,3,0.34212,0.36957,-0.19119,-0.43156,0.47830,-0.76484,0.86426
112,131,3,0.33219,0.36534,-0.18789,-0.47130,0.46139,-0.75166,0.84082
113,131,3,0.32163,0.36061,-0.18378,-0.51350,0.44249,-0.73520,0.80859
114,131,3,0.31024,0.35521,-0.17857,-0.55911,0.42086,-0.71433,0.76953
115,131,3,0.29758,0.34880,-0.17172,-0.60978,0.39522,-0.68700,0.70850
116,131,3,0.28290,0.34077,-0.16225,-0.66847,0.36308,-0.64909,0.61816
117,131,3,0.26329,0.32880,-0.14637,-0.74681,0.31527,-0.58555,0.46924
118,131,1,0.20000,0.28188,-0.07370,1.00000,0.00000,-0.00000,0.13867
119,131,1,0.20000,0.28560,-0.08331,1.00000,0.00000,-0.00000,0.16992
120,131,1,0.20000,0.28932,-0.09292,1.00000,0.00000,-0.00000,0.20459
121,131,1,0.20000,0.29303,-0.10253,1.00000,0.00000,-0.00000,0.24170
122,131,1,0.20000,0.29675,-0.11214,1.00000,0.00000,-0.00000,0.27344
123,131,1,0.20000,0.30046,-0.12175,1.00000,0.00000,-0.00000,0.30518
124,131,1,0.20000,0.30418,-0.13137,1.00000,0.00000,-0.00000,0.34277
125,131,1,0.20000,0.30789,-0.14097,1.00000,0.00000,-0.00000,0.37842
126,131,1,0.20000,0.31161,-0.15058,1.00000,0.00000,-0.00000,0.41309
127,131,1,0.20000,0.31532,-0.16019,1.00000,0.00000,-0.00000,0.44287
128,131,1,0.20000,0.31904,-0.16980,1.00000,0.00000,-0.00000,0.47559
129,131,1,0.20000,0.32275,-0.17941,1.00000,0.00000,-0.00000,0.50537
130,131,1,0.20000,0.32647,-0.18902,1.00000,0.00000,-0.00000,0.53857
131,131,1,0.20000,0.33019,-0.19863,1.00000,0.00000,-0.00000,0.56396
132,131,1,0.19366,0.32883,-0.20000,0.00000,0.00000,-1.00000,0.83594
133,131,1,0.18626,0.32663,-0.20000,0.00000,0.00000,-1.00000,0.82715
134,131,1,0.17887,0.32443,-0.20000,0.00000,0.00000,-1.00000,0.81689
135,131,1,0.17148,0.32223,-0.20000,0.00000,0.00000,-1.00000,0.80225
136,131,1,0.16409,0.32003,-0.20000,0.00000,0.00000,-1.00000,0.78955
137,131,1,0.15670,0.31783,-0.20000,0.00000,0.00000,-1.00000,0.77832
138,131,1,0.14930,0.31564,-0.20000,0.00000,0.00000,-1.00000,0.76562
139,131,1,0.14191,0.31344,-0.20000,0.00000,0.00000,-1.00000,0.75098
140,131,1,0.13452,0.31124,-0.20000,0.00000,0.00000,-1.00000,0.73438
141,131,1,0.12713,0.30904,-0.20000,0.00000,0.00000,-1.00000,0.71631
142,131,1,0.11973,0.30684,-0.20000,0.00000,0.00000,-1.00000,0.69629
143,131,1,0.11234,0.30464,-0.20000,0.00000,0.00000,-1.00000,0.68018
144,131,1,0.10495,0.30245,-0.20000,0.00000,0.00000,-1.00000,0.65918
145,131,1,0.09756,0.30025,-0.20000,0.00000,0.00000,-1.00000,0.63916
146,131,1,0.09016,0.29805,-0.20000,0.00000,0.00000,-1.00000,0.61768
147,131,1,0.08277,0.29585,-0.20000,0.00000,0.00000,-1.00000,0.59961
148,131,1,0.07538,0.29365,-0.20000,0.00000,0.00000,-1.00000,0.57520
149,131,1,0.06799,0.29145,-0.20000,0.00000,0.00000,-1.00000,0.55322
150,131,1,0.06059,0.28925,-0.20000,0.00000,0.00000,-1.00000,0.52979
151,131,1,0.05320,0.28706,-0.20000,0.00000,0.00000,-1.00000,0.50684
152,131,1,0.04581,0.28486,-0.20000,0.00000,0.00000,-1.00000,0.48438
153,131,1,0.03842,0.28266,-0.20000,0.00000,0.00000,-1.00000,0.46777
154,131,1,0.03103,0.28046,-0.20000,0.00000,0.00000,-1.00000,0.45068
155,131,1,0.02363,0.27826,-0.20000,0.00000,0.00000,-1.00000,0.43213
156,131,1,0.01624,0.27606,-0.20000,0.00000,0.00000,-1.00000,0.41504
157,131,1,0.00885,0.27386,-0.20000,0.00000,0.00000,-1.00000,0.39941
158,131,1,0.00146,0.27167,-0.20000,0.00000,0.00000,-1.00000,0.38916
159,131,1,-0.00594,0.26947,-0.20000,0.00000,0.00000,-1.00000,0.38086
160,131,1,-0.01333,0.26727,-0.20000,0.00000,0.00000,-1.00000,0.37988
161,131,1,-0.02072,0.26507,-0.20000,0.00016,0.00038,-0.99925,0.37842
162,131,4,0.04635,0.32245,-0.29680,0.30903,0.81629,0.48803,0.54102
163,131,4,0.04917,0.32841,-0.31008,0.32788,0.85606,0.39958,0.61865
164,131,4,0.04967,0.33253,-0.32034,0.33120,0.88356,0.33108,0.67090
165,131,4,0.04903,0.33573,-0.32911,0.32694,0.90486,0.27264,0.71631
166,131,4,0.04763,0.33833,-0.33690,0.31761,0.92217,0.22073,0.74805
167,131,4,0.04567,0.34047,-0.34397,0.30457,0.93653,0.17363,0.77979
168,131,4,0.04328,0.34228,-0.35047,0.28864,0.94854,0.13023,0.80273
169,131,4,0.04051,0.34378,-0.35649,0.27022,0.95858,0.09011,0.82520
170,131,4,0.03742,0.34503,-0.36208,0.24964,0.96690,0.05282,0.84229
171,131,4,0.03406,0.34605,-0.36731,0.22716,0.97369,0.01794,0.85889
172,131,4,0.03042,0.34686,-0.37220,0.20292,0.97909,-0.01466,0.87451
173,131,4,0.02654,0.34747,-0.37676,0.17706,0.98316,-0.04511,0.88574
174,131,4,0.02243,0.34790,-0.38103,0.14966,0.98599,-0.07360,0.89600
175,131,4,0.01809,0.34814,-0.38500,0.12069,0.98764,-0.10005,0.90576
176,131,4,0.01353,0.34821,-0.38868,0.09030,0.98808,-0.12463,0.91211
177,131,4,0.00875,0.34810,-0.39208,0.05842,0.98737,-0.14728,0.92041
178,131,4,0.00376,0.34782,-0.39520,0.02511,0.98546,-0.16809,0.92725
179,131,4,-0.00148,0.34735,-0.39800,-0.00983,0.98235,-0.18679,0.93164
180,131,4,-0.00694,0.34669,-0.40051,-0.04628,0.97799,-0.20350,0.93652
181,131,4,-0.01265,0.34584,-0.40269,-0.08436,0.97228,-0.21806,0.93945
182,131,4,-0.01863,0.34477,-0.40453,-0.12422,0.96516,-0.23030,0.94580
183,131,4,-0.02490,0.34347,-0.40599,-0.16599,0.95646,-0.24004,0.94727
184,131,4,-0.03151,0.34189,-0.40700,-0.21012,0.94601,-0.24680,0.95117
185,131,4,-0.03849,0.34003,-0.40754,-0.25664,0.93352,-0.25036,0.95117
186,131,4,-0.04595,0.33778,-0.40746,-0.30637,0.91855,-0.24981,0.95361
187,131,4,-0.05399,0.33506,-0.40662,-0.35997,0.90044,-0.24419,0.95459
188,131,4,-0.06285,0.33169,-0.40471,-0.41904,0.87797,-0.23147,0.95557
189,131,4,-0.07301,0.32727,-0.40111,-0.48680,0.84853,-0.20744,0.95361
190,131,4,-0.08609,0.32052,-0.39371,-0.57395,0.80348,-0.15813,0.95020
36,132,3,0.64580,0.32734,0.13478,0.78327,0.30939,0.53922,1.00000
38,132,3,0.65914,0.34544,0.09823,0.83660,0.38170,0.39294,1.00000
40,132,3,0.66404,0.35679,0.07263,0.85623,0.42713,0.29057,1.00000
42,132,3,0.66565,0.36552,0.05131,0.86275,0.46208,0.20530,1.00000
44,132,3,0.66536,0.37271,0.03247,0.86153,0.49082,0.12990,1.00000
46,132,3,0.66370,0.37881,0.01542,0.85485,0.51519,0.06169,1.00000
48,132,3,0.66099,0.38408,-0.00029,0.84403,0.53629,-0.00118,1.00000
50,132,3,0.65746,0.38869,-0.01492,0.82992,0.55469,-0.05968,0.99951
52,132,3,0.65322,0.39272,-0.02862,0.81299,0.57091,-0.11450,1.00000
54,132,3,0.64839,0.39629,-0.04156,0.79366,0.58520,-0.16625,1.00000
56,132,3,0.64304,0.39944,-0.05383,0.77224,0.59773,-0.21533,1.00000
58,132,3,0.63719,0.40219,-0.06545,0.74888,0.60881,-0.26180,1.00000
60,132,3,0.63092,0.40461,-0.07651,0.72377,0.61844,-0.30609,1.00000
62,132,3,0.62424,0.40669,-0.08705,0.69704,0.62679,-0.34823,1.00000
64,132,3,0.61718,0.40848,-0.09710,0.66879,0.63392,-0.38842,0.99951
66,132,3,0.60976,0.40997,-0.10667,0.63912,0.63987,-0.42672,1.00000
68,132,3,0.60199,0.41118,-0.11578,0.60806,0.64476,-0.46319,1.00000
70,132,3,0.59390,0.41214,-0.12448,0.57565,0.64856,-0.49799,1.00000
72,132,3,0.58547,0.41283,-0.13275,0.54197,0.65131,-0.53110,1.00000
74,132,3,0.57674,0.41328,-0.14062,0.50700,0.65307,-0.56255,1.00000
76,132,3,0.56768,0.41346,-0.14807,0.47079,0.65384,-0.59232,1.00000
78,132,3,0.55832,0.41341,-0.15512,0.43331,0.65361,-0.62051,1.00000
80,132,3,0.54864,0.41309,-0.16175,0.39460,0.65238,-0.64706,1.00000
82,132,3,0.53865,0.41253,-0.16798,0.35466,0.65011,-0.67199,1.00000
84,132,3,0.52833,0.41171,-0.17379,0.31337,0.64684,-0.69527,1.00000
86,132,3,0.51769,0.41062,-0.17918,0.27081,0.64252,-0.71682,0.99951
88,132,3,0.50672,0.40928,-0.18413,0.22693,0.63708,-0.73664,0.99854
90,132,3,0.49538,0.40764,-0.18862,0.18158,0.63056,-0.75461,0.99756
92,132,3,0.48369,0.40571,-0.19263,0.13476,0.62287,-0.77063,0.99561
94,132,3,0.47160,0.40347,-0.19614,0.08642,0.61389,-0.78465,0.99170
95,132,3,0.46539,0.40223,-0.19768,0.06161,0.60889,-0.79086,0.99170
96,132,3,0.45908,0.40089,-0.19909,0.03635,0.60357,-0.79648,0.99072
97,132,3,0.45266,0.39947,-0.20035,0.01065,0.59788,-0.80151,0.98682
98,132,3,0.44612,0.39795,-0.20146,-0.01553,0.59180,-0.80594,0.98584
99,132,3,0.43945,0.39633,-0.20239,-0.04220,0.58534,-0.80969,0.98242
100,132,3,0.43265,0.39461,-0.20317,-0.06939,0.57843,-0.81277,0.97656
101,132,3,0.42571,0.39277,-0.20375,-0.09715,0.57111,-0.81511,0.97217
102,132,3,0.41862,0.39081,-0.20414,-0.12554,0.56328,-0.81667,0.96875
103,132,3,0.41137,0.38873,-0.20434,-0.15450,0.55494,-0.81742,0.96338
104,132,3,0.40395,0.38651,-0.20429,-0.18422,0.54606,-0.81724,0.95996
105,132,3,0.39634,0.38413,-0.20401,-0.21467,0.53653,-0.81612,0.95068
106,132,3,0.38852,0.38159,-0.20345,-0.24597,0.52636,-0.81391,0.94287
107,132,3,0.38047,0.37887,-0.20260,-0.27812,0.51548,-0.81051,0.93262
108,132,3,0.37217,0.37594,-0.20142,-0.31136,0.50376,-0.80578,0.92139
109,132,3,0.36358,0.37279,-0.19986,-0.34572,0.49116,-0.79952,0.90820
110,132,3,0.35464,0.36936,-0.19786,-0.38148,0.47742,-0.79154,0.89404
111,132,3,0.34533,0.36562,-0.19536,-0.41871,0.46246,-0.78154,0.87158
112,132,3,0.33554,0.36150,-0.19224,-0.45786,0.44602,-0.76904,0.85156
113,132,3,0.32516,0.35692,-0.18836,-0.49936,0.42765,-0.75349,0.82129
114,132,3,0.31400,0.35170,-0.18346,-0.54403,0.40676,-0.73388,0.78662
115,132,3,0.30172,0.34559,-0.17710,-0.59316,0.38235,-0.70850,0.73535
116,132,3,0.28767,0.33807,-0.16846,-0.64938,0.35229,-0.67394,0.65576
117,132,3,0.27007,0.32771,-0.15519,-0.71971,0.31084,-0.62080,0.52979
118,132,1,0.20000,0.27537,-0.07370,0.99911,0.00012,-0.00025,0.12988
119,132,1,0.20000,0.27908,-0.08331,1.00000,0.00000,-0.00000,0.16260
120,132,1,0.20000,0.28280,-0.09292,1.00000,0.00000,-0.00000,0.19727
121,132,1,0.20000,0.28651,-0.10253,1.00000,0.00000,-0.00000,0.23145
122,132,1,0.20000,0.29023,-0.11214,1.00000,0.00000,-0.00000,0.26367
123,132,1,0.20000,0.29394,-0.12175,1.00000,0.00000,-0.00000,0.30029
124,132,1,0.20000,0.29766,-0.13136,1.00000,0.00000,-0.00000,0.33594
125,132,1,0.20000,0.30137,-0.14097,1.00000,0.00000,-0.00000,0.36621
126,132,1,0.20000,0.30509,-0.15058,1.00000,0.00000,-0.00000,0.40186
127,132,1,0.20000,0.30880,-0.16019,1.00000,0.00000,-0.00000,0.43652
128,132,1,0.20000,0.31252,-0.16980,1.00000,0.00000,-0.00000,0.46680
129,132,1,0.20000,0.31624,-0.17941,1.00000,0.00000,-0.00000,0.49951
130,132,1,0.20000,0.31995,-0.18902,1.00000,0.00000,-0.00000,0.52979
131,132,1,0.20000,0.32367,-0.19863,1.00000,0.00000,-0.00000,0.55176
132,132,1,0.19366,0.32231,-0.20000,0.00000,0.00000,-1.00000,0.83057
133,132,1,0.18627,0.32011,-0.20000,0.00000,0.00000,-1.00000,0.82129
134,132,1,0.17887,0.31791,-0.20000,0.00000,0.00000,-1.00000,0.80908
135,132,1,0.17148,0.31571,-0.20000,0.00000,0.00000,-1.00000,0.79541
136,132,1,0.16409,0.31351,-0.20000,0.00000,0.00000,-1.00000,0.78613
137,132,1,0.15670,0.31132,-0.20000,0.00000,0.00000,-1.00000,0.77100
138,132,1,0.14930,0.30912,-0.20000,0.00000,0.00000,-1.00000,0.75537
139,132,1,0.14191,0.30692,-0.20000,0.00000,0.00000,-1.00000,0.74170
140,132,1,0.13452,0.30472,-0.20000,0.00000,0.00000,-1.00000,0.72168
141,132,1,0.12713,0.30252,-0.20000,0.00000,0.00000,-1.00000,0.70703
142,132,1,0.11973,0.30032,-0.20000,0.00000,0.00000,-1.00000,0.68506
143,132,1,0.11234,0.29812,-0.20000,0.00000,0.00000,-1.00000,0.66846
144,132,1,0.10495,0.29593,-0.20000,0.00000,0.00000,-1.00000,0.64844
145,132,1,0.09756,0.29373,-0.20000,0.00000,0.00000,-1.00000,0.62500
146,132,1,0.09016,0.29153,-0.20000,0.00000,0.00000,-1.00000,0.60498
147,132,1,0.08277,0.28933,-0.20000,0.00000,0.00000,-1.00000,0.58154
148,132,1,0.07538,0.28713,-0.20000,0.00000,0.00000,-1.00000,0.55566
149,132,1,0.06799,0.28493,-0.20000,0.00000,0.00000,-1.00000,0.53369
150,132,1,0.06060,0.28274,-0.20000,0.00000,0.00000,-1.00000,0.50879
151,132,1,0.05320,0.28054,-0.20000,0.00000,0.00000,-1.00000,0.48730
152,132,1,0.04581,0.27834,-0.20000,0.00000,0.00000,-1.00000,0.46338
153,132,1,0.03842,0.27614,-0.20000,0.00000,0.00000,-1.00000,0.44336
154,132,1,0.03103,0.27394,-0.20000,0.00000,0.00000,-1.00000,0.42334
155,132,1,0.02363,0.27174,-0.20000,0.00000,0.00000,-1.00000,0.40479
156,132,1,0.01624,0.26954,-0.20000,0.00000,0.00000,-1.00000,0.39014
157,132,1,0.00885,0.26735,-0.20000,0.00000,0.00000,-1.00000,0.37744
158,132,1,0.00146,0.26515,-0.20000,0.00000,0.00000,-1.00000,0.36572
159,132,1,-0.00594,0.26295,-0.20000,0.00000,0.00000,-1.00000,0.35791
160,132,4,0.04753,0.30944,-0.27912,0.31666,0.72893,0.60436,0.42334
161,132,4,0.05634,0.32020,-0.30018,0.37566,0.80134,0.46554,0.55518
162,132,4,0.05845,0.32561,-0.31253,0.38978,0.83739,0.38320,0.62451
163,132,4,0.05878,0.32958,-0.32257,0.39194,0.86391,0.31629,0.67627
164,132,4,0.05810,0.33275,-0.33130,0.38741,0.88505,0.25808,0.71875
165,132,4,0.05673,0.33537,-0.33913,0.37830,0.90250,0.20588,0.75635
166,132,4,0.05484,0.33757,-0.34627,0.36567,0.91720,0.15822,0.78271
167,132,4,0.05253,0.33944,-0.35288,0.35032,0.92965,0.11415,0.81006
168,132,4,0.04987,0.34103,-0.35904,0.33260,0.94023,0.07307,0.82812
169,132,4,0.04691,0.34238,-0.36480,0.31283,0.94918,0.03468,0.84668
170,132,4,0.04367,0.34350,-0.37019,0.29123,0.95665,-0.00132,0.86670
171,132,4,0.04017,0.34442,-0.37526,0.26791,0.96280,-0.03507,0.87891
172,132,4,0.03644,0.34515,-0.38002,0.24305,0.96771,-0.06682,0.89209
173,132,4,0.03249,0.34571,-0.38450,0.21675,0.97142,-0.09672,0.90186
174,132,4,0.02833,0.34610,-0.38870,0.18900,0.97402,-0.12476,0.91162
175,132,4,0.02398,0.34633,-0.39265,0.15994,0.97550,-0.15107,0.91846
176,132,4,0.01941,0.34639,-0.39632,0.12947,0.97592,-0.17555,0.92578
177,132,4,0.01464,0.34629,-0.39973,0.09766,0.97526,-0.19831,0.93213
178,132,4,0.00966,0.34602,-0.40287,0.06448,0.97353,-0.21925,0.93994
179,132,4,0.00449,0.34560,-0.40576,0.02997,0.97068,-0.23849,0.94434
180,132,4,-0.00090,0.34500,-0.40835,-0.00601,0.96670,-0.25582,0.94629
181,132,4,-0.00652,0.34422,-0.41067,-0.04345,0.96154,-0.27123,0.95020
182,132,4,-0.01237,0.34326,-0.41267,-0.08244,0.95510,-0.28458,0.95459
183,132,4,-0.01847,0.34209,-0.41434,-0.12319,0.94729,-0.29574,0.95703
184,132,4,-0.02486,0.34069,-0.41565,-0.16578,0.93800,-0.30441,0.95898
185,132,4,-0.03157,0.33905,-0.41654,-0.21049,0.92701,-0.31039,0.96094
186,132,4,-0.03862,0.33712,-0.41698,-0.25754,0.91407,-0.31329,0.96387
187,132,4,-0.04614,0.33482,-0.41681,-0.30767,0.89882,-0.31219,0.96582
188,132,4,-0.05419,0.33209,-0.41596,-0.36131,0.88063,-0.30649,0.96729
189,132,4,-0.06298,0.32878,-0.41415,-0.41989,0.85850,-0.29440,0.96777
190,132,4,-0.07290,0.32456,-0.41086,-0.48606,0.83037,-0.27247,0.96680
191,132,4,-0.08499,0.31860,-0.40476,-0.56660,0.79072,-0.23179,0.96387
94,133,3,0.47406,0.39893,-0.19935,0.09627,0.59569,-0.79742,0.99414
95,133,3,0.46786,0.39768,-0.20089,0.07148,0.59073,-0.80370,0.99365
96,133,3,0.46156,0.39636,-0.20231,0.04627,0.58546,-0.80938,0.98926
97,133,3,0.45516,0.39495,-0.20360,0.02068,0.57978,-0.81451,0.98828
98,133,3,0.44863,0.39345,-0.20473,-0.00547,0.57376,-0.81900,0.98535
99,133,3,0.44197,0.39183,-0.20568,-0.03209,0.56736,-0.82285,0.98291
100,133,3,0.43520,0.39013,-0.20648,-0.05921,0.56053,-0.82602,0.97754
101,133,3,0.42828,0.38831,-0.20710,-0.08687,0.55324,-0.82848,0.97461
102,133,3,0.42121,0.38636,-0.20751,-0.11518,0.54550,-0.83016,0.97021
103,133,3,0.41400,0.38431,-0.20775,-0.14400,0.53722,-0.83106,0.96533
104,133,3,0.40659,0.38210,-0.20773,-0.17366,0.52844,-0.83102,0.95801
105,133,3,0.39901,0.37976,-0.20749,-0.20397,0.51903,-0.83006,0.95410
106,133,3,0.39123,0.37725,-0.20698,-0.23511,0.50897,-0.82805,0.94385
107,133,3,0.38323,0.37456,-0.20619,-0.26710,0.49824,-0.82487,0.93555
108,133,3,0.37497,0.37167,-0.20507,-0.30013,0.48669,-0.82040,0.92627
109,133,3,0.36645,0.36857,-0.20360,-0.33422,0.47427,-0.81447,0.91064
110,133,3,0.35758,0.36519,-0.20168,-0.36973,0.46078,-0.80683,0.89941
111,133,3,0.34836,0.36153,-0.19930,-0.40659,0.44608,-0.79730,0.88330
112,133,3,0.33869,0.35750,-0.19634,-0.44527,0.42999,-0.78540,0.85938
113,133,3,0.32843,0.35301,-0.19261,-0.48633,0.41202,-0.77053,0.83398
114,133,3,0.31746,0.34795,-0.18796,-0.53022,0.39178,-0.75192,0.79492
115,133,3,0.30547,0.34207,-0.18198,-0.57821,0.36828,-0.72804,0.75391
116,133,3,0.29199,0.33501,-0.17407,-0.63205,0.34004,-0.69633,0.68262
117,133,3,0.27552,0.32555,-0.16227,-0.69800,0.30223,-0.64919,0.57422
118,133,3,0.24406,0.30409,-0.13099,-0.37016,0.16276,-0.39373,0.25439
119,133,1,0.20000,0.27256,-0.08331,1.00000,0.00000,-0.00000,0.15674
120,133,1,0.20000,0.27628,-0.09292,1.00000,0.00000,-0.00000,0.18896
121,133,1,0.20000,0.27999,-0.10253,1.00000,0.00000,-0.00000,0.22021
122,133,1,0.20000,0.28371,-0.11214,1.00000,0.00000,-0.00000,0.25879
123,133,1,0.20000,0.28742,-0.12175,1.00000,0.00000,-0.00000,0.29248
124,133,1,0.20000,0.29114,-0.13136,1.00000,0.00000,-0.00000,0.32764
125,133,1,0.20000,0.29485,-0.14097,1.00000,0.00000,-0.00000,0.36523
126,133,1,0.20000,0.29857,-0.15058,1.00000,0.00000,-0.00000,0.39502
127,133,1,0.20000,0.30229,-0.16019,1.00000,0.00000,-0.00000,0.42920
128,133,1,0.20000,0.30600,-0.16980,1.00000,0.00000,-0.00000,0.46338
129,133,1,0.20000,0.30972,-0.17941,1.00000,0.00000,-0.00000,0.49414
130,133,1,0.20000,0.31343,-0.18902,1.00000,0.00000,-0.00000,0.52344
131,133,1,0.20000,0.31715,-0.19863,1.00000,0.00000,-0.00000,0.55078
132,133,1,0.19366,0.31579,-0.20000,0.00000,0.00000,-1.00000,0.82568
133,133,1,0.18627,0.31359,-0.20000,0.00000,0.00000,-1.00000,0.81445
134,133,1,0.17887,0.31139,-0.20000,0.00000,0.00000,-1.00000,0.80371
135,133,1,0.17148,0.30919,-0.20000,0.00000,0.00000,-1.00000,0.79004
136,133,1,0.16409,0.30700,-0.20000,0.00000,0.00000,-1.00000,0.77637
137,133,1,0.15670,0.30480,-0.20000,0.00000,0.00000,-1.00000,0.76270
138,133,1,0.14930,0.30260,-0.20000,0.00000,0.00000,-1.00000,0.74707
139,133,1,0.14191,0.30040,-0.20000,0.00000,0.00000,-1.00000,0.72998
140,133,1,0.13452,0.29820,-0.20000,0.00000,0.00000,-1.00000,0.71533
141,133,1,0.12713,0.29600,-0.20000,0.00000,0.00000,-1.00000,0.69629
142,133,1,0.11973,0.29380,-0.20000,0.00000,0.00000,-1.00000,0.67334
143,133,1,0.11234,0.29161,-0.20000,0.00000,0.00000,-1.00000,0.65723
144,133,1,0.10495,0.28941,-0.20000,0.00000,0.00000,-1.00000,0.62988
145,133,1,0.09756,0.28721,-0.20000,0.00000,0.00000,-1.00000,0.61084
146,133,1,0.09016,0.28501,-0.20000,0.00000,0.00000,-1.00000,0.58740
147,133,1,0.08277,0.28281,-0.20000,0.00000,0.00000,-1.00000,0.56201
148,133,1,0.07538,0.28061,-0.20000,0.00000,0.00000,-1.00000,0.53711
149,133,1,0.06799,0.27841,-0.20000,0.00000,0.00000,-1.00000,0.51562
150,133,1,0.06060,0.27622,-0.20000,0.00000,0.00000,-1.00000,0.48877
151,133,1,0.05320,0.27402,-0.20000,0.00000,0.00000,-1.00000,0.46533
152,133,1,0.04581,0.27182,-0.20000,0.00000,0.00000,-1.00000,0.44189
153,133,1,0.03842,0.26962,-0.20000,0.00000,0.00000,-1.00000,0.41992
154,133,1,0.03103,0.26742,-0.20000,0.00000,0.00000,-1.00000,0.39844
155,133,1,0.02363,0.26522,-0.20000,0.00000,0.00000,-1.00000,0.38428
156,133,1,0.01624,0.26303,-0.20000,0.00000,0.00000,-1.00000,0.36670
157,133,1,0.00885,0.26083,-0.20000,0.00000,0.00000,-1.00000,0.35156
158,133,1,0.00146,0.25863,-0.20000,0.00000,0.00000,-1.00000,0.34277
159,133,4,0.05817,0.30771,-0.28333,0.38767,0.71776,0.57704,0.44043
160,133,4,0.06471,0.31666,-0.30145,0.43149,0.77774,0.45710,0.55713
161,133,4,0.06667,0.32195,-0.31361,0.44458,0.81300,0.37600,0.62793
162,133,4,0.06700,0.32593,-0.32365,0.44680,0.83957,0.30903,0.67725
163,133,4,0.06639,0.32915,-0.33247,0.44272,0.86102,0.25028,0.71924
164,133,4,0.06511,0.33184,-0.34041,0.43414,0.87896,0.19735,0.75293
165,133,4,0.06332,0.33413,-0.34770,0.42227,0.89419,0.14871,0.78467
166,133,4,0.06112,0.33608,-0.35445,0.40761,0.90724,0.10373,0.80957
167,133,4,0.05858,0.33777,-0.36075,0.39064,0.91847,0.06168,0.83008
168,133,4,0.05574,0.33921,-0.36666,0.37169,0.92809,0.02224,0.85010
169,133,4,0.05263,0.34043,-0.37223,0.35098,0.93627,-0.01488,0.86621
170,133,4,0.04928,0.34147,-0.37749,0.32861,0.94314,-0.04994,0.88184
171,133,4,0.04570,0.34232,-0.38244,0.30477,0.94880,-0.08301,0.89453
172,133,4,0.04190,0.34300,-0.38711,0.27944,0.95335,-0.11415,0.90674
173,133,4,0.03791,0.34352,-0.39154,0.25284,0.95678,-0.14367,0.91748
174,133,4,0.03371,0.34388,-0.39569,0.22483,0.95921,-0.17135,0.92676
175,133,4,0.02932,0.34408,-0.39960,0.19557,0.96061,-0.19741,0.93213
176,133,4,0.02475,0.34414,-0.40327,0.16512,0.96099,-0.22188,0.93701
177,133,4,0.01999,0.34405,-0.40669,0.13335,0.96039,-0.24470,0.94482
178,133,4,0.01505,0.34381,-0.40987,0.10038,0.95876,-0.26590,0.94922
179,133,4,0.00991,0.34342,-0.41280,0.06610,0.95610,-0.28547,0.95361
180,133,4,0.00457,0.34286,-0.41547,0.03047,0.95242,-0.30324,0.95703
181,133,4,-0.00097,0.34214,-0.41788,-0.00645,0.94763,-0.31929,0.95898
182,133,4,-0.00672,0.34126,-0.42001,-0.04480,0.94169,-0.33348,0.96387
183,133,4,-0.01271,0.34018,-0.42183,-0.08477,0.93453,-0.34565,0.96484
184,133,4,-0.01895,0.33890,-0.42333,-0.12635,0.92604,-0.35565,0.96582
185,133,4,-0.02546,0.33741,-0.42448,-0.16977,0.91609,-0.36326,0.96973
186,133,4,-0.03228,0.33567,-0.42523,-0.21522,0.90446,-0.36828,0.97119
187,133,4,-0.03946,0.33364,-0.42550,-0.26311,0.89095,-0.37010,0.97217
188,133,4,-0.04707,0.33127,-0.42522,-0.31386,0.87516,-0.36823,0.97314
189,133,4,-0.05520,0.32848,-0.42426,-0.36808,0.85651,-0.36180,0.97656
190,133,4,-0.06406,0.32511,-0.42236,-0.42711,0.83408,-0.34912,0.97754
191,133,4,-0.07396,0.32090,-0.41909,-0.49314,0.80603,-0.32731,0.97656
192,133,4,-0.08580,0.31515,-0.41331,-0.57204,0.76769,-0.28883,0.97607
193,133,4,-0.10590,0.30278,-0.39679,-0.70608,0.68522,-0.17862,0.96826
36,134,3,0.65618,0.32260,0.12130,0.82475,0.29039,0.48524,1.00000
38,134,3,0.66639,0.33820,0.08880,0.86564,0.35280,0.35524,1.00000
40,134,3,0.67039,0.34883,0.06438,0.88168,0.39536,0.25756,1.00000
42,134,3,0.67158,0.35722,0.04361,0.88637,0.42885,0.17447,1.00000
44,134,3,0.67095,0.36415,0.02520,0.88393,0.45661,0.10083,1.00000
46,134,3,0.66908,0.37008,0.00842,0.87644,0.48034,0.03369,1.00000
48,134,3,0.66622,0.37523,-0.00709,0.86502,0.50092,-0.02836,1.00000
50,134,3,0.66258,0.37974,-0.02157,0.85044,0.51895,-0.08630,1.00000
52,134,3,0.65827,0.38372,-0.03519,0.83313,0.53487,-0.14075,1.00000
54,134,3,0.65335,0.38722,-0.04801,0.81353,0.54889,-0.19206,1.00000
56,134,3,0.64794,0.39032,-0.06019,0.79184,0.56125,-0.24082,1.00000
58,134,3,0.64204,0.39304,-0.07175,0.76829,0.57213,-0.28705,1.00000
60,134,3,0.63573,0.39541,-0.08276,0.74301,0.58166,-0.33108,1.00000
62,134,3,0.62901,0.39747,-0.09325,0.71614,0.58989,-0.37306,1.00000
64,134,3,0.62193,0.39924,-0.10327,0.68776,0.59696,-0.41308,0.99951
66,134,3,0.61447,0.40070,-0.11279,0.65800,0.60284,-0.45124,1.00000
68,134,3,0.60669,0.40191,-0.12190,0.62687,0.60763,-0.48767,1.00000
70,134,3,0.59858,0.40285,-0.13057,0.59443,0.61140,-0.52235,1.00000
72,134,3,0.59015,0.40354,-0.13884,0.56069,0.61412,-0.55542,1.00000
74,134,3,0.58141,0.40398,-0.14669,0.52570,0.61586,-0.58682,1.00000
76,134,3,0.57235,0.40416,-0.15413,0.48947,0.61661,-0.61661,1.00000
78,134,3,0.56299,0.40410,-0.16119,0.45203,0.61637,-0.64479,1.00000
80,134,3,0.55332,0.40379,-0.16783,0.41331,0.61515,-0.67139,1.00000
82,134,3,0.54333,0.40324,-0.17407,0.37337,0.61292,-0.69637,1.00000
84,134,3,0.53302,0.40242,-0.17989,0.33213,0.60972,-0.71968,1.00000
86,134,3,0.52240,0.40135,-0.18530,0.28965,0.60541,-0.74133,1.00000
88,134,3,0.51145,0.40002,-0.19028,0.24583,0.60010,-0.76122,1.00000
90,134,3,0.50015,0.39841,-0.19481,0.20061,0.59362,-0.77934,0.99854
92,134,3,0.48847,0.39650,-0.19885,0.15391,0.58605,-0.79553,0.99658
94,134,3,0.47643,0.39430,-0.20242,0.10574,0.57718,-0.80974,0.99512
95,134,3,0.47025,0.39307,-0.20400,0.08100,0.57229,-0.81604,0.99463
96,134,3,0.46395,0.39175,-0.20542,0.05584,0.56702,-0.82180,0.99268
97,134,3,0.45756,0.39035,-0.20671,0.03024,0.56141,-0.82699,0.98877
98,134,3,0.45106,0.38886,-0.20787,0.00422,0.55541,-0.83156,0.98584
99,134,3,0.44441,0.38726,-0.20885,-0.02232,0.54907,-0.83548,0.98584
100,134,3,0.43764,0.38556,-0.20965,-0.04943,0.54228,-0.83874,0.97949
101,134,3,0.43075,0.38377,-0.21031,-0.07699,0.53507,-0.84130,0.97656
102,134,3,0.42370,0.38184,-0.21075,-0.10520,0.52739,-0.84309,0.97266
103,134,3,0.41649,0.37979,-0.21099,-0.13404,0.51917,-0.84410,0.96631
104,134,3,0.40913,0.37762,-0.21103,-0.16351,0.51042,-0.84424,0.96289
105,134,3,0.40157,0.37529,-0.21082,-0.19372,0.50116,-0.84339,0.95361
106,134,3,0.39383,0.37281,-0.21037,-0.22468,0.49124,-0.84155,0.94775
107,134,3,0.38586,0.37015,-0.20962,-0.25656,0.48062,-0.83856,0.93994
108,134,3,0.37766,0.36730,-0.20856,-0.28939,0.46920,-0.83433,0.92969
109,134,3,0.36917,0.36423,-0.20714,-0.32333,0.45691,-0.82867,0.91260
110,134,3,0.36038,0.36091,-0.20532,-0.35851,0.44365,-0.82137,0.90332
111,134,3,0.35123,0.35730,-0.20303,-0.39510,0.42922,-0.81220,0.88574
112,134,3,0.34163,0.35334,-0.20016,-0.43355,0.41336,-0.80073,0.86816
113,134,3,0.33150,0.34895,-0.19661,-0.47404,0.39581,-0.78652,0.84473
114,134,3,0.32070,0.34402,-0.19217,-0.51728,0.37605,-0.76877,0.81152
115,134,3,0.30895,0.33834,-0.18651,-0.56426,0.35341,-0.74613,0.76855
116,134,3,0.29585,0.33158,-0.17909,-0.61665,0.32632,-0.71642,0.70898
117,134,3,0.28031,0.32286,-0.16850,-0.67878,0.29142,-0.67404,0.60986
118,134,3,0.25736,0.30822,-0.14827,-0.77063,0.23288,-0.59320,0.42236
119,134,1,0.20000,0.26604,-0.08331,1.00000,0.00000,-0.00000,0.15137
120,134,1,0.20000,0.26976,-0.09292,1.00000,0.00000,-0.00000,0.18408
121,134,1,0.20000,0.27347,-0.10253,1.00000,0.00000,-0.00000,0.21777
122,134,1,0.20000,0.27719,-0.11214,1.00000,0.00000,-0.00000,0.25293
123,134,1,0.20000,0.28090,-0.12175,1.00000,0.00000,-0.00000,0.28564
124,134,1,0.20000,0.28462,-0.13136,1.00000,0.00000,-0.00000,0.32227
125,134,1,0.20000,0.28834,-0.14097,1.00000,0.00000,-0.00000,0.35596
126,134,1,0.20000,0.29205,-0.15058,1.00000,0.00000,-0.00000,0.39062
127,134,1,0.20000,0.29577,-0.16019,1.00000,0.00000,-0.00000,0.42285
128,134,1,0.20000,0.29948,-0.16980,1.00000,0.00000,-0.00000,0.45654
129,134,1,0.20000,0.30320,-0.17941,1.00000,0.00000,-0.00000,0.48633
130,134,1,0.20000,0.30691,-0.18902,1.00000,0.00000,-0.00000,0.51611
131,134,1,0.20000,0.31063,-0.19863,1.00000,0.00000,-0.00000,0.54443
132,134,1,0.19366,0.30927,-0.20000,0.00000,0.00000,-1.00000,0.82080
133,134,1,0.18627,0.30707,-0.20000,0.00000,0.00000,-1.00000,0.80762
134,134,1,0.17887,0.30487,-0.20000,0.00000,0.00000,-1.00000,0.80029
135,134,1,0.17148,0.30267,-0.20000,0.00000,0.00000,-1.00000,0.78369
136,134,1,0.16409,0.30048,-0.20000,0.00000,0.00000,-1.00000,0.77148
137,134,1,0.15670,0.29828,-0.20000,0.00000,0.00000,-1.00000,0.75439
138,134,1,0.14930,0.29608,-0.20000,0.00000,0.00000,-1.00000,0.73828
139,134,1,0.14191,0.29388,-0.20000,0.00000,0.00000,-1.00000,0.72412
140,134,1,0.13452,0.29168,-0.20000,0.00000,0.00000,-1.00000,0.70312
141,134,1,0.12713,0.28948,-0.20000,0.00000,0.00000,-1.00000,0.68604
142,134,1,0.11973,0.28728,-0.20000,0.00000,0.00000,-1.00000,0.66699
143,134,1,0.11234,0.28509,-0.20000,0.00000,0.00000,-1.00000,0.64307
144,134,1,0.10495,0.28289,-0.20000,0.00000,0.00000,-1.00000,0.61719
145,134,1,0.09756,0.28069,-0.20000,0.00000,0.00000,-1.00000,0.60010
146,134,1,0.09016,0.27849,-0.20000,0.00000,0.00000,-1.00000,0.57324
147,134,1,0.08277,0.27629,-0.20000,0.00000,0.00000,-1.00000,0.54590
148,134,1,0.07538,0.27409,-0.20000,0.00000,0.00000,-1.00000,0.52490
149,134,1,0.06799,0.27190,-0.20000,0.00000,0.00000,-1.00000,0.49805
150,134,1,0.06059,0.26970,-0.20000,0.00000,0.00000,-1.00000,0.46973
151,134,1,0.05320,0.26750,-0.20000,0.00000,0.00000,-1.00000,0.44678
152,134,1,0.04581,0.26530,-0.20000,0.00000,0.00000,-1.00000,0.41992
153,134,1,0.03842,0.26310,-0.20000,0.00000,0.00000,-1.00000,0.39893
154,134,1,0.03103,0.26090,-0.20000,0.00000,0.00000,-1.00000,0.37988
155,134,1,0.02363,0.25870,-0.20000,0.00000,0.00000,-1.00000,0.35449
156,134,1,0.01624,0.25651,-0.20000,0.00000,0.00000,-1.00000,0.34082
157,134,1,0.00885,0.25431,-0.20000,0.00000,0.00000,-1.00000,0.32812
158,134,4,0.06555,0.30338,-0.28332,0.43686,0.68886,0.57713,0.43945
159,134,4,0.07195,0.31222,-0.30125,0.47973,0.74816,0.45838,0.55029
160,134,4,0.07404,0.31760,-0.31357,0.49368,0.78404,0.37624,0.62061
161,134,4,0.07451,0.32169,-0.32379,0.49682,0.81131,0.30813,0.67383
162,134,4,0.07403,0.32503,-0.33279,0.49362,0.83353,0.24813,0.71875
163,134,4,0.07287,0.32782,-0.34089,0.48595,0.85216,0.19409,0.75293
164,134,4,0.07123,0.33022,-0.34836,0.47495,0.86811,0.14427,0.78125
165,134,4,0.06917,0.33228,-0.35529,0.46121,0.88185,0.09808,0.80957
166,134,4,0.06676,0.33407,-0.36177,0.44512,0.89379,0.05489,0.83350
167,134,4,0.06405,0.33562,-0.36786,0.42707,0.90411,0.01429,0.85059
168,134,4,0.06107,0.33695,-0.37360,0.40722,0.91302,-0.02397,0.87061
169,134,4,0.05785,0.33809,-0.37902,0.38577,0.92063,-0.06014,0.88232
170,134,4,0.05441,0.33905,-0.38416,0.36284,0.92706,-0.09441,0.89648
171,134,4,0.05076,0.33986,-0.38903,0.33853,0.93236,-0.12690,0.90576
172,134,4,0.04691,0.34049,-0.39363,0.31286,0.93663,-0.15761,0.91992
173,134,4,0.04288,0.34098,-0.39800,0.28596,0.93987,-0.18675,0.92871
174,134,4,0.03866,0.34132,-0.40213,0.25783,0.94214,-0.21425,0.93604
175,134,4,0.03426,0.34152,-0.40602,0.22847,0.94346,-0.24018,0.94092
176,134,4,0.02968,0.34157,-0.40968,0.19798,0.94381,-0.26462,0.94678
177,134,4,0.02493,0.34148,-0.41311,0.16629,0.94324,-0.28749,0.95361
178,134,4,0.02001,0.34126,-0.41632,0.13343,0.94170,-0.30886,0.95654
179,134,4,0.01489,0.34088,-0.41928,0.09931,0.93922,-0.32863,0.95996
180,134,4,0.00959,0.34036,-0.42200,0.06399,0.93575,-0.34680,0.96533
181,134,4,0.00411,0.33969,-0.42448,0.02743,0.93126,-0.36333,0.96680
182,134,4,-0.00158,0.33885,-0.42670,-0.01049,0.92570,-0.37810,0.96973
183,134,4,-0.00748,0.33785,-0.42864,-0.04985,0.91902,-0.39104,0.97119
184,134,4,-0.01360,0.33667,-0.43029,-0.09067,0.91112,-0.40204,0.97314
185,134,4,-0.01997,0.33528,-0.43162,-0.13315,0.90190,-0.41091,0.97412
186,134,4,-0.02662,0.33368,-0.43259,-0.17746,0.89124,-0.41737,0.97754
187,134,4,-0.03357,0.33184,-0.43316,-0.22381,0.87894,-0.42116,0.97949
188,134,4,-0.04088,0.32970,-0.43326,-0.27259,0.86471,-0.42186,0.97998
189,134,4,-0.04862,0.32723,-0.43282,-0.32417,0.84820,-0.41889,0.98096
190,134,4,-0.05689,0.32433,-0.43167,-0.37930,0.82886,-0.41123,0.98340
191,134,4,-0.06587,0.32085,-0.42960,-0.43919,0.80569,-0.39746,0.98438
192,134,4,-0.07592,0.31653,-0.42616,-0.50619,0.77688,-0.37447,0.98340
193,134,4,-0.08786,0.31070,-0.42024,-0.58579,0.73798,-0.33503,0.98291
194,134,4,-0.10690,0.29918,-0.40510,-0.71277,0.66120,-0.23403,0.97705
94,135,3,0.47870,0.38960,-0.20537,0.11483,0.55838,-0.82160,0.99463
95,135,3,0.47253,0.38838,-0.20696,0.09014,0.55352,-0.82795,0.99414
96,135,3,0.46625,0.38707,-0.20841,0.06503,0.54828,-0.83376,0.99219
97,135,3,0.45987,0.38568,-0.20972,0.03948,0.54274,-0.83898,0.98975
98,135,3,0.45337,0.38420,-0.21088,0.01351,0.53676,-0.84363,0.98779
99,135,3,0.44674,0.38261,-0.21188,-0.01301,0.53043,-0.84763,0.98486
100,135,3,0.43999,0.38093,-0.21271,-0.04003,0.52370,-0.85096,0.98145
101,135,3,0.43311,0.37914,-0.21338,-0.06755,0.51651,-0.85361,0.97754
102,135,3,0.42608,0.37722,-0.21384,-0.09569,0.50890,-0.85549,0.97510
103,135,3,0.41890,0.37520,-0.21412,-0.12441,0.50081,-0.85657,0.96826
104,135,3,0.41156,0.37304,-0.21419,-0.15376,0.49214,-0.85683,0.96387
105,135,3,0.40402,0.37072,-0.21400,-0.18394,0.48292,-0.85613,0.95801
106,135,3,0.39632,0.36828,-0.21360,-0.21473,0.47308,-0.85445,0.94971
107,135,3,0.38837,0.36563,-0.21287,-0.24654,0.46256,-0.85162,0.93994
108,135,3,0.38022,0.36283,-0.21189,-0.27912,0.45127,-0.84761,0.92871
109,135,3,0.37176,0.35978,-0.21050,-0.31300,0.43913,-0.84214,0.91846
110,135,3,0.36304,0.35652,-0.20878,-0.34783,0.42605,-0.83516,0.90674
111,135,3,0.35393,0.35294,-0.20654,-0.38433,0.41176,-0.82628,0.89258
112,135,3,0.34441,0.34904,-0.20377,-0.42242,0.39617,-0.81524,0.87158
113,135,3,0.33439,0.34475,-0.20036,-0.46247,0.37895,-0.80157,0.85156
114,135,3,0.32373,0.33993,-0.19612,-0.50511,0.35973,-0.78451,0.82080
115,135,3,0.31219,0.33441,-0.19072,-0.55130,0.33767,-0.76292,0.78125
116,135,3,0.29940,0.32790,-0.18371,-0.60240,0.31162,-0.73485,0.72949
117,135,3,0.28444,0.31965,-0.17387,-0.66227,0.27859,-0.69555,0.64355
118,135,3,0.26414,0.30712,-0.15708,-0.74353,0.22850,-0.62845,0.48584
119,135,1,0.20000,0.25952,-0.08331,1.00000,0.00000,-0.00000,0.14990
120,135,1,0.20000,0.26324,-0.09292,1.00000,0.00000,-0.00000,0.18018
121,135,1,0.20000,0.26695,-0.10253,1.00000,0.00000,-0.00000,0.21484
122,135,1,0.20000,0.27067,-0.11214,1.00000,0.00000,-0.00000,0.24561
123,135,1,0.20000,0.27439,-0.12175,1.00000,0.00000,-0.00000,0.28076
124,135,1,0.20000,0.27810,-0.13136,1.00000,0.00000,-0.00000,0.31445
125,135,1,0.20000,0.28182,-0.14097,1.00000,0.00000,-0.00000,0.35498
126,135,1,0.20000,0.28553,-0.15058,1.00000,0.00000,-0.00000,0.38184
127,135,1,0.20000,0.28925,-0.16019,1.00000,0.00000,-0.00000,0.41895
128,135,1,0.20000,0.29296,-0.16980,1.00000,0.00000,-0.00000,0.44775
129,135,1,0.20000,0.29668,-0.17941,1.00000,0.00000,-0.00000,0.48389
130,135,1,0.20000,0.30039,-0.18902,1.00000,0.00000,-0.00000,0.51074
131,135,1,0.20000,0.30411,-0.19864,1.00000,0.00000,-0.00000,0.54053
132,135,1,0.19366,0.30275,-0.20000,0.00000,0.00000,-1.00000,0.81543
133,135,1,0.18627,0.30055,-0.20000,0.00000,0.00000,-1.00000,0.80420
134,135,1,0.17887,0.29835,-0.20000,0.00000,0.00000,-1.00000,0.79395
135,135,1,0.17148,0.29615,-0.20000,0.00000,0.00000,-1.00000,0.77979
136,135,1,0.16409,0.29396,-0.20000,0.00000,0.00000,-1.00000,0.76514
137,135,1,0.15670,0.29176,-0.20000,0.00000,0.00000,-1.00000,0.74658
138,135,1,0.14930,0.28956,-0.20000,0.00000,0.00000,-1.00000,0.73242
139,135,1,0.14191,0.28736,-0.20000,0.00000,0.00000,-1.00000,0.71143
140,135,1,0.13452,0.28516,-0.20000,0.00000,0.00000,-1.00000,0.69482
141,135,1,0.12713,0.28296,-0.20000,0.00000,0.00000,-1.00000,0.67969
142,135,1,0.11973,0.28077,-0.20000,0.00000,0.00000,-1.00000,0.65283
143,135,1,0.11234,0.27857,-0.20000,0.00000,0.00000,-1.00000,0.63086
144,135,1,0.10495,0.27637,-0.20000,0.00000,0.00000,-1.00000,0.60693
145,135,1,0.09756,0.27417,-0.20000,0.00000,0.00000,-1.00000,0.58008
146,135,1,0.09016,0.27197,-0.20000,0.00000,0.00000,-1.00000,0.55811
147,135,1,0.08277,0.26977,-0.20000,0.00000,0.00000,-1.00000,0.53076
148,135,1,0.07538,0.26757,-0.20000,0.00000,0.00000,-1.00000,0.50244
149,135,1,0.06799,0.26538,-0.20000,0.00000,0.00000,-1.00000,0.47852
150,135,1,0.06059,0.26318,-0.20000,0.00000,0.00000,-1.00000,0.45264
151,135,1,0.05320,0.26098,-0.20000,0.00000,0.00000,-1.00000,0.42725
152,135,1,0.04581,0.25878,-0.20000,0.00000,0.00000,-1.00000,0.40137
153,135,1,0.03842,0.25658,-0.20000,0.00000,0.00000,-1.00000,0.37744
154,135,1,0.03103,0.25438,-0.20000,0.00000,0.00000,-1.00000,0.35547
155,135,1,0.02363,0.25219,-0.20000,0.00000,0.00000,-1.00000,0.33789
156,135,1,0.01624,0.24999,-0.20000,0.00000,0.00000,-1.00000,0.31885
157,135,4,0.07084,0.29739,-0.28060,0.47217,0.64893,0.59530,0.41211
158,135,4,0.07822,0.30700,-0.29979,0.52152,0.71333,0.46816,0.53613
159,135,4,0.08065,0.31266,-0.31256,0.53775,0.75110,0.38298,0.60986
160,135,4,0.08136,0.31694,-0.32310,0.54249,0.77968,0.31273,0.66455
161,135,4,0.08109,0.32044,-0.33235,0.54068,0.80290,0.25103,0.70947
162,135,4,0.08010,0.32337,-0.34068,0.53413,0.82248,0.19551,0.74756
163,135,4,0.07861,0.32589,-0.34835,0.52419,0.83928,0.14434,0.77881
164,135,4,0.07670,0.32807,-0.35547,0.51142,0.85385,0.09687,0.80664
165,135,4,0.07443,0.32998,-0.36214,0.49633,0.86655,0.05240,0.83154
166,135,4,0.07187,0.33164,-0.36841,0.47923,0.87763,0.01057,0.85059
167,135,4,0.06903,0.33309,-0.37434,0.46032,0.88728,-0.02891,0.86816
168,135,4,0.06596,0.33434,-0.37995,0.43980,0.89564,-0.06634,0.88281
169,135,4,0.06266,0.33542,-0.38527,0.41783,0.90280,-0.10185,0.89697
170,135,4,0.05915,0.33633,-0.39032,0.39442,0.90888,-0.13550,0.91016
171,135,4,0.05545,0.33709,-0.39513,0.36977,0.91389,-0.16754,0.91895
172,135,4,0.05156,0.33769,-0.39967,0.34384,0.91794,-0.19788,0.92969
173,135,4,0.04749,0.33815,-0.40400,0.31673,0.92102,-0.22674,0.93994
174,135,4,0.04326,0.33848,-0.40810,0.28846,0.92317,-0.25406,0.94629
175,135,4,0.03885,0.33866,-0.41198,0.25905,0.92441,-0.27992,0.95215
176,135,4,0.03427,0.33872,-0.41563,0.22849,0.92476,-0.30431,0.95703
177,135,4,0.02952,0.33863,-0.41908,0.19688,0.92420,-0.32724,0.96094
178,135,4,0.02460,0.33842,-0.42229,0.16405,0.92276,-0.34871,0.96484
179,135,4,0.01951,0.33806,-0.42528,0.13010,0.92041,-0.36866,0.97021
180,135,4,0.01425,0.33756,-0.42805,0.09503,0.91711,-0.38714,0.97168
181,135,4,0.00881,0.33693,-0.43059,0.05875,0.91285,-0.40404,0.97510
182,135,4,0.00318,0.33614,-0.43288,0.02119,0.90760,-0.41930,0.97559
183,135,4,-0.00265,0.33519,-0.43491,-0.01767,0.90129,-0.43286,0.97754
184,135,4,-0.00868,0.33408,-0.43668,-0.05789,0.89385,-0.44461,0.97900
185,135,4,-0.01495,0.33278,-0.43814,-0.09971,0.88522,-0.45436,0.98145
186,135,4,-0.02147,0.33128,-0.43928,-0.14312,0.87526,-0.46200,0.98242
187,135,4,-0.02825,0.32957,-0.44007,-0.18839,0.86381,-0.46726,0.98340
188,135,4,-0.03535,0.32761,-0.44045,-0.23572,0.85073,-0.46978,0.98438
189,135,4,-0.04282,0.32535,-0.44036,-0.28551,0.83567,-0.46919,0.98584
190,135,4,-0.05071,0.32275,-0.43971,-0.33811,0.81833,-0.46478,0.98682
191,135,4,-0.05917,0.31970,-0.43832,-0.39450,0.79802,-0.45556,0.98779
192,135,4,-0.06835,0.31607,-0.43599,-0.45574,0.77374,-0.44002,0.98779
193,135,4,-0.07866,0.31154,-0.43220,-0.52447,0.74356,-0.41479,0.98828
194,135,4,-0.09100,0.30538,-0.42576,-0.60676,0.70254,-0.37185,0.98877
195,135,4,-0.11275,0.29169,-0.40710,-0.75206,0.61105,-0.24697,0.98340
36,136,3,0.66404,0.31585,0.11107,0.85624,0.26341,0.44437,1.00000
38,136,3,0.67260,0.33013,0.08073,0.89048,0.32055,0.32295,1.00000
40,136,3,0.67602,0.34030,0.05705,0.90413,0.36119,0.22825,0.99951
42,136,3,0.67683,0.34838,0.03679,0.90746,0.39352,0.14717,1.00000
44,136,3,0.67601,0.35516,0.01863,0.90417,0.42062,0.07454,1.00000
46,136,3,0.67398,0.36096,0.00205,0.89605,0.44387,0.00818,1.00000
48,136,3,0.67101,0.36602,-0.01331,0.88418,0.46408,-0.05327,1.00000
50,136,3,0.66728,0.37046,-0.02768,0.86923,0.48187,-0.11071,1.00000
52,136,3,0.66289,0.37438,-0.04119,0.85166,0.49751,-0.16481,1.00000
54,136,3,0.65793,0.37784,-0.05396,0.83181,0.51136,-0.21589,1.00000
56,136,3,0.65246,0.38090,-0.06607,0.80994,0.52359,-0.26432,1.00000
58,136,3,0.64653,0.38359,-0.07759,0.78620,0.53437,-0.31039,1.00000
60,136,3,0.64018,0.38593,-0.08855,0.76082,0.54376,-0.35423,1.00000
62,136,3,0.63344,0.38798,-0.09901,0.73386,0.55187,-0.39609,1.00000
64,136,3,0.62633,0.38972,-0.10898,0.70539,0.55886,-0.43601,1.00000
66,136,3,0.61886,0.39118,-0.11850,0.67554,0.56473,-0.47406,1.00000
68,136,3,0.61106,0.39237,-0.12758,0.64435,0.56948,-0.51040,1.00000
70,136,3,0.60294,0.39330,-0.13625,0.61185,0.57319,-0.54506,1.00000
72,136,3,0.59451,0.39399,-0.14451,0.57808,0.57591,-0.57805,0.99951
74,136,3,0.58575,0.39441,-0.15234,0.54309,0.57762,-0.60943,1.00000
76,136,3,0.57669,0.39460,-0.15978,0.50685,0.57838,-0.63920,1.00000
78,136,3,0.56734,0.39454,-0.16684,0.46941,0.57813,-0.66739,1.00000
80,136,3,0.55766,0.39423,-0.17348,0.43070,0.57693,-0.69401,1.00000
82,136,3,0.54769,0.39368,-0.17974,0.39081,0.57469,-0.71902,1.00000
84,136,3,0.53740,0.39288,-0.18558,0.34961,0.57154,-0.74237,1.00000
86,136,3,0.52678,0.39182,-0.19099,0.30717,0.56728,-0.76410,1.00000
88,136,3,0.51584,0.39050,-0.19599,0.26341,0.56197,-0.78409,1.00000
90,136,3,0.50457,0.38891,-0.20056,0.21830,0.55560,-0.80228,0.99854
92,136,3,0.49291,0.38701,-0.20462,0.17165,0.54807,-0.81863,0.99707
94,136,3,0.48090,0.38484,-0.20823,0.12360,0.53934,-0.83297,0.99609
95,136,3,0.47474,0.38362,-0.20983,0.09895,0.53445,-0.83939,0.99365
96,136,3,0.46846,0.38232,-0.21128,0.07385,0.52926,-0.84524,0.99219
97,136,3,0.46208,0.38093,-0.21259,0.04834,0.52372,-0.85052,0.99023
98,136,3,0.45560,0.37946,-0.21378,0.02241,0.51782,-0.85520,0.98682
99,136,3,0.44899,0.37788,-0.21479,-0.00403,0.51151,-0.85926,0.98584
100,136,3,0.44224,0.37620,-0.21563,-0.03104,0.50481,-0.86267,0.98193
101,136,3,0.43537,0.37442,-0.21632,-0.05852,0.49771,-0.86536,0.97852
102,136,3,0.42837,0.37254,-0.21682,-0.08654,0.49013,-0.86734,0.97412
103,136,3,0.42119,0.37051,-0.21710,-0.11525,0.48207,-0.86852,0.96973
104,136,3,0.41387,0.36837,-0.21720,-0.14452,0.47349,-0.86887,0.96484
105,136,3,0.40637,0.36608,-0.21705,-0.17453,0.46433,-0.86829,0.96045
106,136,3,0.39867,0.36364,-0.21665,-0.20533,0.45458,-0.86671,0.94971
107,136,3,0.39077,0.36104,-0.21599,-0.23692,0.44415,-0.86405,0.94385
108,136,3,0.38263,0.35823,-0.21502,-0.26952,0.43296,-0.86017,0.93506
109,136,3,0.37423,0.35524,-0.21371,-0.30310,0.42095,-0.85495,0.92188
110,136,3,0.36553,0.35199,-0.21202,-0.33789,0.40796,-0.84817,0.91064
111,136,3,0.35649,0.34848,-0.20987,-0.37406,0.39388,-0.83960,0.89502
112,136,3,0.34705,0.34463,-0.20721,-0.41185,0.37851,-0.82892,0.87695
113,136,3,0.33711,0.34040,-0.20389,-0.45161,0.36156,-0.81567,0.85791
114,136,3,0.32654,0.33566,-0.19976,-0.49390,0.34267,-0.79915,0.83154
115,136,3,0.31515,0.33027,-0.19457,-0.53943,0.32113,-0.77839,0.79590
116,136,3,0.30261,0.32395,-0.18788,-0.58958,0.29583,-0.75158,0.74512
117,136,3,0.28816,0.31610,-0.17870,-0.64737,0.26435,-0.71486,0.66797
118,136,3,0.26945,0.30485,-0.16398,-0.72220,0.21943,-0.65595,0.53369
119,136,1,0.20000,0.25300,-0.08331,0.99912,0.00008,-0.00028,0.14746
120,136,1,0.20000,0.25672,-0.09292,1.00000,0.00000,-0.00000,0.17676
121,136,1,0.20000,0.26043,-0.10253,1.00000,0.00000,-0.00000,0.20947
122,136,1,0.20000,0.26415,-0.11214,1.00000,0.00000,-0.00000,0.24268
123,136,1,0.20000,0.26787,-0.12175,1.00000,0.00000,-0.00000,0.27734
124,136,1,0.20000,0.27158,-0.13136,1.00000,0.00000,-0.00000,0.31250
125,136,1,0.20000,0.27530,-0.14097,1.00000,0.00000,-0.00000,0.34863
126,136,1,0.20000,0.27901,-0.15058,1.00000,0.00000,-0.00000,0.38232
127,136,1,0.20000,0.28273,-0.16019,1.00000,0.00000,-0.00000,0.41553
128,136,1,0.20000,0.28644,-0.16980,1.00000,0.00000,-0.00000,0.44629
129,136,1,0.20000,0.29016,-0.17941,1.00000,0.00000,-0.00000,0.47559
130,136,1,0.20000,0.29387,-0.18902,1.00000,0.00000,-0.00000,0.50537
131,136,1,0.20000,0.29759,-0.19863,1.00000,0.00000,-0.00000,0.53662
132,136,1,0.19366,0.29623,-0.20000,0.00000,0.00000,-1.00000,0.81055
133,136,1,0.18626,0.29403,-0.20000,0.00000,0.00000,-1.00000,0.79932
134,136,1,0.17887,0.29183,-0.20000,0.00000,0.00000,-1.00000,0.78467
135,136,1,0.17148,0.28964,-0.20000,0.00000,0.00000,-1.00000,0.77246
136,136,1,0.16409,0.28744,-0.20000,0.00000,0.00000,-1.00000,0.75732
137,136,1,0.15670,0.28524,-0.20000,0.00000,0.00000,-1.00000,0.74170
138,136,1,0.14930,0.28304,-0.20000,0.00000,0.00000,-1.00000,0.72217
139,136,1,0.14191,0.28084,-0.20000,0.00000,0.00000,-1.00000,0.70312
140,136,1,0.13452,0.27864,-0.20000,0.00000,0.00000,-1.00000,0.68555
141,136,1,0.12713,0.27644,-0.20000,0.00000,0.00000,-1.00000,0.66748
142,136,1,0.11973,0.27425,-0.20000,0.00000,0.00000,-1.00000,0.64404
143,136,1,0.11234,0.27205,-0.20000,0.00000,0.00000,-1.00000,0.62158
144,136,1,0.10495,0.26985,-0.20000,0.00000,0.00000,-1.00000,0.59814
145,136,1,0.09756,0.26765,-0.20000,0.00000,0.00000,-1.00000,0.56689
146,136,1,0.09016,0.26545,-0.20000,0.00000,0.00000,-1.00000,0.54395
147,136,1,0.08277,0.26325,-0.20000,0.00000,0.00000,-1.00000,0.51562
148,136,1,0.07538,0.26106,-0.20000,0.00000,0.00000,-1.00000,0.49023
149,136,1,0.06799,0.25886,-0.20000,0.00000,0.00000,-1.00000,0.46143
150,136,1,0.06060,0.25666,-0.20000,0.00000,0.00000,-1.00000,0.43311
151,136,1,0.05320,0.25446,-0.20000,0.00000,0.00000,-1.00000,0.40967
152,136,1,0.04581,0.25226,-0.20000,0.00000,0.00000,-1.00000,0.38037
153,136,1,0.03842,0.25006,-0.20000,0.00000,0.00000,-1.00000,0.35547
154,136,1,0.03103,0.24786,-0.20000,0.00000,0.00000,-1.00000,0.33643
155,136,1,0.02363,0.24567,-0.20000,0.00000,0.00000,-1.00000,0.31348
156,136,4,0.07332,0.28913,-0.27420,0.48858,0.59389,0.63795,0.36670
157,136,4,0.08353,0.30101,-0.29708,0.55692,0.67340,0.48617,0.51465
158,136,4,0.08654,0.30714,-0.31061,0.57705,0.71428,0.39600,0.59277
159,136,4,0.08761,0.31171,-0.32161,0.58419,0.74472,0.32266,0.65283
160,136,4,0.08759,0.31541,-0.33120,0.58405,0.76937,0.25874,0.69971
161,136,4,0.08683,0.31852,-0.33982,0.57899,0.79012,0.20122,0.73633
162,136,4,0.08552,0.32119,-0.34773,0.57026,0.80793,0.14852,0.77246
163,136,4,0.08378,0.32351,-0.35507,0.55866,0.82341,0.09953,0.80127
164,136,4,0.08168,0.32554,-0.36195,0.54462,0.83696,0.05367,0.82471
165,136,4,0.07926,0.32732,-0.36842,0.52854,0.84884,0.01053,0.84912
166,136,4,0.07658,0.32889,-0.37454,0.51064,0.85926,-0.03028,0.86523
167,136,4,0.07364,0.33026,-0.38033,0.49105,0.86840,-0.06890,0.88281
168,136,4,0.07048,0.33145,-0.38584,0.47002,0.87632,-0.10560,0.89795
169,136,4,0.06712,0.33247,-0.39107,0.44756,0.88315,-0.14051,0.91064
170,136,4,0.06356,0.33334,-0.39605,0.42381,0.88893,-0.17371,0.92139
171,136,4,0.05982,0.33406,-0.40080,0.39887,0.89371,-0.20538,0.93115
172,136,4,0.05589,0.33463,-0.40531,0.37271,0.89759,-0.23541,0.93896
173,136,4,0.05180,0.33508,-0.40960,0.34543,0.90053,-0.26405,0.94824
174,136,4,0.04754,0.33539,-0.41368,0.31706,0.90257,-0.29126,0.95361
175,136,4,0.04313,0.33557,-0.41754,0.28760,0.90375,-0.31705,0.96094
176,136,4,0.03854,0.33562,-0.42120,0.25702,0.90410,-0.34139,0.96338
177,136,4,0.03380,0.33554,-0.42464,0.22538,0.90358,-0.36433,0.96875
178,136,4,0.02889,0.33533,-0.42787,0.19270,0.90219,-0.38591,0.97217
179,136,4,0.02382,0.33499,-0.43089,0.15887,0.89995,-0.40602,0.97412
180,136,4,0.01859,0.33451,-0.43369,0.12396,0.89680,-0.42473,0.97705
181,136,4,0.01319,0.33391,-0.43628,0.08794,0.89271,-0.44197,0.97949
182,136,4,0.00759,0.33315,-0.43862,0.05065,0.88771,-0.45760,0.97998
183,136,4,0.00183,0.33226,-0.44074,0.01222,0.88168,-0.47170,0.98242
184,136,4,-0.00415,0.33119,-0.44258,-0.02762,0.87464,-0.48398,0.98340
185,136,4,-0.01032,0.32996,-0.44416,-0.06882,0.86645,-0.49449,0.98486
186,136,4,-0.01673,0.32856,-0.44545,-0.11150,0.85703,-0.50306,0.98730
187,136,4,-0.02339,0.32694,-0.44640,-0.15591,0.84628,-0.50942,0.98584
188,136,4,-0.03033,0.32510,-0.44698,-0.20222,0.83404,-0.51330,0.98975
189,136,4,-0.03759,0.32301,-0.44715,-0.25066,0.82007,-0.51445,0.98877
190,136,4,-0.04523,0.32062,-0.44684,-0.30154,0.80410,-0.51235,0.98975
191,136,4,-0.05332,0.31786,-0.44592,-0.35551,0.78572,-0.50623,0.98975
192,136,4,-0.06201,0.31462,-0.44424,-0.41342,0.76420,-0.49505,0.99121
193,136,4,-0.07147,0.31077,-0.44155,-0.47650,0.73845,-0.47713,0.99072
194,136,4,-0.08214,0.30595,-0.43728,-0.54767,0.70625,-0.44863,0.99072
195,136,4,-0.09521,0.29921,-0.42990,-0.63479,0.66142,-0.39944,0.99268
94,137,3,0.48299,0.37999,-0.21095,0.13198,0.51998,-0.84392,0.99463
96,137,3,0.47058,0.37750,-0.21404,0.08234,0.50996,-0.85625,0.99316
97,137,3,0.46420,0.37611,-0.21536,0.05684,0.50445,-0.86157,0.99219
98,137,3,0.45772,0.37464,-0.21654,0.03091,0.49858,-0.86630,0.98926
99,137,3,0.45113,0.37308,-0.21759,0.00456,0.49230,-0.87041,0.98828
100,137,3,0.44440,0.37141,-0.21844,-0.02238,0.48565,-0.87387,0.98438
101,137,3,0.43754,0.36964,-0.21913,-0.04986,0.47857,-0.87663,0.97900
102,137,3,0.43055,0.36776,-0.21965,-0.07782,0.47103,-0.87867,0.97607
103,137,3,0.42339,0.36575,-0.21996,-0.10643,0.46301,-0.87994,0.97266
104,137,3,0.41608,0.36362,-0.22007,-0.13570,0.45446,-0.88037,0.96582
105,137,3,0.40859,0.36134,-0.21994,-0.16563,0.44537,-0.87989,0.95996
106,137,3,0.40092,0.35892,-0.21958,-0.19629,0.43572,-0.87842,0.95264
107,137,3,0.39304,0.35633,-0.21895,-0.22784,0.42534,-0.87588,0.94092
108,137,3,0.38493,0.35356,-0.21801,-0.26030,0.41425,-0.87215,0.93359
109,137,3,0.37656,0.35058,-0.21675,-0.29376,0.40231,-0.86709,0.92432
110,137,3,0.36790,0.34737,-0.21510,-0.32841,0.38946,-0.86051,0.91455
111,137,3,0.35890,0.34388,-0.21300,-0.36444,0.37552,-0.85215,0.89746
112,137,3,0.34953,0.34010,-0.21043,-0.40189,0.36038,-0.84179,0.87988
113,137,3,0.33965,0.33591,-0.20720,-0.44144,0.34366,-0.82887,0.86377
114,137,3,0.32918,0.33125,-0.20319,-0.48334,0.32503,-0.81286,0.84033
115,137,3,0.31793,0.32597,-0.19818,-0.52832,0.30388,-0.79280,0.80664
116,137,3,0.30555,0.31978,-0.19170,-0.57787,0.27910,-0.76692,0.75928
117,137,3,0.29145,0.31221,-0.18298,-0.63423,0.24885,-0.73200,0.68945
118,137,3,0.27366,0.30170,-0.16946,-0.70543,0.20680,-0.67794,0.57031
119,137,1,0.20000,0.24649,-0.08331,0.99912,0.00007,-0.00029,0.14697
120,137,1,0.20000,0.25020,-0.09292,1.00000,0.00000,-0.00000,0.17627
121,137,1,0.20000,0.25392,-0.10253,1.00000,0.00000,-0.00000,0.20801
122,137,1,0.20000,0.25763,-0.11214,1.00000,0.00000,-0.00000,0.24219
123,137,1,0.20000,0.26135,-0.12175,1.00000,0.00000,-0.00000,0.27539
124,137,1,0.20000,0.26506,-0.13136,1.00000,0.00000,-0.00000,0.30518
125,137,1,0.20000,0.26878,-0.14097,1.00000,0.00000,-0.00000,0.34277
126,137,1,0.20000,0.27249,-0.15058,1.00000,0.00000,-0.00000,0.37451
127,137,1,0.20000,0.27621,-0.16019,1.00000,0.00000,-0.00000,0.40918
128,137,1,0.20000,0.27992,-0.16980,1.00000,0.00000,-0.00000,0.44092
129,137,1,0.20000,0.28364,-0.17941,1.00000,0.00000,-0.00000,0.47217
130,137,1,0.20000,0.28735,-0.18902,1.00000,0.00000,-0.00000,0.50244
131,137,1,0.20000,0.29107,-0.19863,1.00000,0.00000,-0.00000,0.53320
132,137,1,0.19366,0.28971,-0.20000,0.00000,0.00000,-1.00000,0.80811
133,137,1,0.18627,0.28751,-0.20000,0.00000,0.00000,-1.00000,0.79492
134,137,1,0.17887,0.28531,-0.20000,0.00000,0.00000,-1.00000,0.78076
135,137,1,0.17148,0.28312,-0.20000,0.00000,0.00000,-1.00000,0.76562
136,137,1,0.16409,0.28092,-0.20000,0.00000,0.00000,-1.00000,0.75342
137,137,1,0.15670,0.27872,-0.20000,0.00000,0.00000,-1.00000,0.73584
138,137,1,0.14930,0.27652,-0.20000,0.00000,0.00000,-1.00000,0.71680
139,137,1,0.14191,0.27432,-0.20000,0.00000,0.00000,-1.00000,0.69775
140,137,1,0.13452,0.27212,-0.20000,0.00000,0.00000,-1.00000,0.67529
141,137,1,0.12713,0.26993,-0.20000,0.00000,0.00000,-1.00000,0.65625
142,137,1,0.11973,0.26773,-0.20000,0.00000,0.00000,-1.00000,0.63135
143,137,1,0.11234,0.26553,-0.20000,0.00000,0.00000,-1.00000,0.61035
144,137,1,0.10495,0.26333,-0.20000,0.00000,0.00000,-1.00000,0.58545
145,137,1,0.09756,0.26113,-0.20000,0.00000,0.00000,-1.00000,0.55762
146,137,1,0.09016,0.25893,-0.20000,0.00000,0.00000,-1.00000,0.52832
147,137,1,0.08277,0.25673,-0.20000,0.00000,0.00000,-1.00000,0.50342
148,137,1,0.07538,0.25454,-0.20000,0.00000,0.00000,-1.00000,0.47266
149,137,1,0.06799,0.25234,-0.20000,0.00000,0.00000,-1.00000,0.44629
150,137,1,0.06059,0.25014,-0.20000,0.00000,0.00000,-1.00000,0.42041
151,137,1,0.05320,0.24794,-0.20000,0.00000,0.00000,-1.00000,0.38770
152,137,1,0.04581,0.24574,-0.20000,0.00000,0.00000,-1.00000,0.36426
153,137,1,0.03842,0.24354,-0.20000,0.00000,0.00000,-1.00000,0.34131
154,137,1,0.03103,0.24135,-0.20000,0.00000,0.00000,-1.00000,0.32080
155,137,1,0.02363,0.23915,-0.20000,0.00026,0.00027,-0.99920,0.29785
156,137,4,0.08771,0.29412,-0.29291,0.58483,0.62747,0.51405,0.48291
157,137,4,0.09170,0.30103,-0.30771,0.61143,0.67354,0.41533,0.57324
158,137,4,0.09326,0.30600,-0.31935,0.62181,0.70659,0.33776,0.63379
159,137,4,0.09356,0.30995,-0.32934,0.62386,0.73301,0.27109,0.68896
160,137,4,0.09307,0.31328,-0.33832,0.62059,0.75515,0.21123,0.72656
161,137,4,0.09199,0.31613,-0.34652,0.61336,0.77414,0.15652,0.76172
162,137,4,0.09044,0.31860,-0.35412,0.60303,0.79066,0.10589,0.79150
163,137,4,0.08851,0.32078,-0.36123,0.59019,0.80514,0.05851,0.82129
164,137,4,0.08627,0.32269,-0.36791,0.57518,0.81791,0.01393,0.84082
165,137,4,0.08373,0.32438,-0.37422,0.55827,0.82918,-0.02814,0.86035
166,137,4,0.08094,0.32586,-0.38021,0.53972,0.83909,-0.06809,0.87988
167,137,4,0.07793,0.32717,-0.38590,0.51963,0.84778,-0.10603,0.89551
168,137,4,0.07470,0.32830,-0.39132,0.49815,0.85535,-0.14219,0.90820
169,137,4,0.07128,0.32928,-0.39648,0.47532,0.86191,-0.17659,0.91846
170,137,4,0.06768,0.33012,-0.40141,0.45132,0.86743,-0.20946,0.93164
171,137,4,0.06390,0.33081,-0.40611,0.42608,0.87206,-0.24077,0.93994
172,137,4,0.05995,0.33136,-0.41058,0.39975,0.87577,-0.27060,0.94775
173,137,4,0.05584,0.33179,-0.41485,0.37232,0.87861,-0.29904,0.95361
174,137,4,0.05157,0.33209,-0.41891,0.34385,0.88058,-0.32610,0.96191
175,137,4,0.04714,0.33226,-0.42276,0.31433,0.88172,-0.35181,0.96533
176,137,4,0.04256,0.33231,-0.42641,0.28378,0.88203,-0.37615,0.96924
177,137,4,0.03782,0.33223,-0.42986,0.25218,0.88152,-0.39917,0.97412
178,137,4,0.03292,0.33203,-0.43310,0.21952,0.88019,-0.42080,0.97705
179,137,4,0.02786,0.33170,-0.43614,0.18580,0.87804,-0.44104,0.98047
180,137,4,0.02265,0.33125,-0.43898,0.15106,0.87501,-0.45994,0.98145
181,137,4,0.01728,0.33066,-0.44160,0.11522,0.87108,-0.47743,0.98389
182,137,4,0.01173,0.32994,-0.44399,0.07820,0.86628,-0.49341,0.98535
183,137,4,0.00600,0.32907,-0.44616,0.04006,0.86050,-0.50788,0.98535
184,137,4,0.00009,0.32806,-0.44809,0.00060,0.85373,-0.52071,0.98779
185,137,4,-0.00602,0.32689,-0.44976,-0.04009,0.84592,-0.53180,0.98779
186,137,4,-0.01235,0.32554,-0.45114,-0.08232,0.83696,-0.54104,0.98975
187,137,4,-0.01891,0.32401,-0.45222,-0.12605,0.82674,-0.54827,0.99072
188,137,4,-0.02572,0.32227,-0.45297,-0.17148,0.81517,-0.55326,0.99023
189,137,4,-0.03282,0.32031,-0.45335,-0.21884,0.80204,-0.55574,0.99268
190,137,4,-0.04027,0.31807,-0.45329,-0.26847,0.78710,-0.55534,0.99268
191,137,4,-0.04811,0.31551,-0.45270,-0.32071,0.77012,-0.55142,0.99365
192,137,4,-0.05643,0.31256,-0.45149,-0.37626,0.75048,-0.54334,0.99414
194,137,4,-0.07522,0.30497,-0.44628,-0.50153,0.69980,-0.50867,0.99463
195,137,4,-0.08645,0.29970,-0.44129,-0.57638,0.66467,-0.47538,0.99414
196,137,4,-0.10071,0.29200,-0.43236,-0.67146,0.61336,-0.41585,0.99414
36,138,3,0.67035,0.30787,0.10287,0.88150,0.23148,0.41155,1.00000
38,138,3,0.67792,0.32136,0.07380,0.91179,0.28541,0.29526,1.00000
40,138,3,0.68092,0.33119,0.05068,0.92381,0.32475,0.20278,1.00000
42,138,3,0.68153,0.33910,0.03067,0.92625,0.35640,0.12271,1.00000
44,138,3,0.68057,0.34576,0.01270,0.92235,0.38303,0.05082,1.00000
46,138,3,0.67843,0.35148,-0.00373,0.91380,0.40590,-0.01495,1.00000
48,138,3,0.67537,0.35647,-0.01898,0.90159,0.42587,-0.07594,1.00000
50,138,3,0.67157,0.36086,-0.03326,0.88638,0.44342,-0.13307,1.00000
52,138,3,0.66712,0.36473,-0.04669,0.86861,0.45894,-0.18679,1.00000
54,138,3,0.66213,0.36817,-0.05943,0.84859,0.47264,-0.23771,1.00000
56,138,3,0.65661,0.37119,-0.07148,0.82659,0.48475,-0.28594,1.00000
58,138,3,0.65067,0.37386,-0.08297,0.80273,0.49546,-0.33189,1.00000
60,138,3,0.64429,0.37618,-0.09389,0.77727,0.50475,-0.37561,1.00000
62,138,3,0.63753,0.37821,-0.10433,0.75021,0.51284,-0.41735,1.00000
64,138,3,0.63041,0.37994,-0.11429,0.72169,0.51976,-0.45718,1.00000
66,138,3,0.62292,0.38139,-0.12378,0.69180,0.52554,-0.49519,1.00000
68,138,3,0.61511,0.38257,-0.13285,0.66056,0.53030,-0.53146,1.00000
70,138,3,0.60699,0.38350,-0.14151,0.62802,0.53401,-0.56606,1.00000
72,138,3,0.59854,0.38418,-0.14975,0.59422,0.53672,-0.59903,1.00000
74,138,3,0.58978,0.38460,-0.15758,0.55921,0.53840,-0.63040,1.00000
76,138,3,0.58073,0.38478,-0.16502,0.52296,0.53917,-0.66016,1.00000
78,138,3,0.57137,0.38473,-0.17208,0.48554,0.53888,-0.68837,1.00000
80,138,3,0.56170,0.38442,-0.17873,0.44685,0.53769,-0.71499,1.00000
82,138,3,0.55173,0.38388,-0.18499,0.40696,0.53550,-0.74001,1.00000
84,138,3,0.54144,0.38308,-0.19084,0.36580,0.53232,-0.76343,1.00000
86,138,3,0.53084,0.38203,-0.19627,0.32340,0.52813,-0.78517,1.00000
88,138,3,0.51990,0.38071,-0.20128,0.27966,0.52286,-0.80524,1.00000
90,138,3,0.50864,0.37913,-0.20586,0.23461,0.51649,-0.82352,0.99902
92,138,3,0.49702,0.37726,-0.20997,0.18810,0.50903,-0.83995,0.99805
94,138,3,0.48501,0.37509,-0.21357,0.14006,0.50034,-0.85442,0.99609
95,138,3,0.47886,0.37389,-0.21519,0.11547,0.49554,-0.86087,0.99463
96,138,3,0.47261,0.37260,-0.21668,0.09047,0.49040,-0.86679,0.99219
97,138,3,0.46625,0.37123,-0.21802,0.06502,0.48488,-0.87216,0.99219
98,138,3,0.45977,0.36976,-0.21920,0.03909,0.47905,-0.87692,0.98926
99,138,3,0.45318,0.36820,-0.22025,0.01271,0.47279,-0.88109,0.98682
100,138,3,0.44646,0.36654,-0.22112,-0.01416,0.46616,-0.88459,0.98584
101,138,3,0.43961,0.36478,-0.22183,-0.04156,0.45909,-0.88742,0.98047
102,138,3,0.43263,0.36291,-0.22236,-0.06949,0.45161,-0.88951,0.97656
103,138,3,0.42548,0.36090,-0.22268,-0.09808,0.44363,-0.89083,0.97266
104,138,3,0.41818,0.35878,-0.22280,-0.12727,0.43515,-0.89132,0.96729
105,138,3,0.41073,0.35653,-0.22272,-0.15709,0.42614,-0.89091,0.96045
106,138,3,0.40305,0.35411,-0.22235,-0.18783,0.41643,-0.88955,0.95312
107,138,3,0.39521,0.35155,-0.22177,-0.21917,0.40616,-0.88712,0.94873
108,138,3,0.38711,0.34878,-0.22084,-0.25160,0.39514,-0.88350,0.93945
109,138,3,0.37878,0.34584,-0.21963,-0.28488,0.38331,-0.87858,0.92725
110,138,3,0.37014,0.34264,-0.21800,-0.31951,0.37055,-0.87213,0.91406
111,138,3,0.36119,0.33920,-0.21599,-0.35522,0.35679,-0.86401,0.90332
112,138,3,0.35183,0.33543,-0.21343,-0.39270,0.34171,-0.85383,0.88477
113,138,3,0.34202,0.33129,-0.21027,-0.43198,0.32520,-0.84121,0.86768
114,138,3,0.33163,0.32669,-0.20638,-0.47352,0.30683,-0.82561,0.84326
115,138,3,0.32048,0.32149,-0.20150,-0.51813,0.28594,-0.80609,0.81543
116,138,3,0.30827,0.31543,-0.19523,-0.56699,0.26171,-0.78105,0.77393
117,138,3,0.29441,0.30806,-0.18682,-0.62242,0.23227,-0.74743,0.70703
118,138,3,0.27735,0.29813,-0.17426,-0.69063,0.19254,-0.69710,0.59863
119,138,1,0.20000,0.23997,-0.08331,0.99828,0.00015,-0.00062,0.14893
120,138,1,0.20000,0.24368,-0.09292,1.00000,0.00000,-0.00000,0.17773
121,138,1,0.20000,0.24740,-0.10253,1.00000,0.00000,-0.00000,0.20801
122,138,1,0.20000,0.25111,-0.11214,1.00000,0.00000,-0.00000,0.24023
123,138,1,0.20000,0.25483,-0.12175,1.00000,0.00000,-0.00000,0.27441
124,138,1,0.20000,0.25854,-0.13136,1.00000,0.00000,-0.00000,0.30371
125,138,1,0.20000,0.26226,-0.14097,1.00000,0.00000,-0.00000,0.34229
126,138,1,0.20000,0.26597,-0.15058,1.00000,0.00000,-0.00000,0.37549
127,138,1,0.20000,0.26969,-0.16020,1.00000,0.00000,-0.00000,0.40820
128,138,1,0.20000,0.27340,-0.16981,1.00000,0.00000,-0.00000,0.44092
129,138,1,0.20000,0.27712,-0.17941,1.00000,0.00000,-0.00000,0.47070
130,138,1,0.20000,0.28084,-0.18902,1.00000,0.00000,-0.00000,0.50098
131,138,1,0.20000,0.28455,-0.19863,1.00000,0.00000,-0.00000,0.52783
132,138,1,0.19366,0.28319,-0.20000,0.00000,0.00000,-1.00000,0.80127
133,138,1,0.18627,0.28099,-0.20000,0.00000,0.00000,-1.00000,0.79053
134,138,1,0.17887,0.27880,-0.20000,0.00000,0.00000,-1.00000,0.77539
135,138,1,0.17148,0.27660,-0.20000,0.00000,0.00000,-1.00000,0.76025
136,138,1,0.16409,0.27440,-0.20000,0.00000,0.00000,-1.00000,0.74658
137,138,1,0.15670,0.27220,-0.20000,0.00000,0.00000,-1.00000,0.72705
138,138,1,0.14930,0.27000,-0.20000,0.00000,0.00000,-1.00000,0.71289
139,138,1,0.14191,0.26780,-0.20000,0.00000,0.00000,-1.00000,0.68945
140,138,1,0.13452,0.26560,-0.20000,0.00000,0.00000,-1.00000,0.66846
141,138,1,0.12713,0.26341,-0.20000,0.00000,0.00000,-1.00000,0.64600
142,138,1,0.11973,0.26121,-0.20000,0.00000,0.00000,-1.00000,0.62207
143,138,1,0.11234,0.25901,-0.20000,0.00000,0.00000,-1.00000,0.59717
144,138,1,0.10495,0.25681,-0.20000,0.00000,0.00000,-1.00000,0.56885
145,138,1,0.09756,0.25461,-0.20000,0.00000,0.00000,-1.00000,0.54150
146,138,1,0.09016,0.25241,-0.20000,0.00000,0.00000,-1.00000,0.51758
147,138,1,0.08277,0.25022,-0.20000,0.00000,0.00000,-1.00000,0.48828
148,138,1,0.07538,0.24802,-0.20000,0.00000,0.00000,-1.00000,0.45801
149,138,1,0.06799,0.24582,-0.20000,0.00000,0.00000,-1.00000,0.42920
150,138,1,0.06059,0.24362,-0.20000,0.00000,0.00000,-1.00000,0.40283
151,138,1,0.05320,0.24142,-0.20000,0.00000,0.00000,-1.00000,0.37402
152,138,1,0.04581,0.23922,-0.20000,0.00000,0.00000,-1.00000,0.34521
153,138,1,0.03842,0.23702,-0.20000,0.00000,0.00000,-1.00000,0.32275
154,138,1,0.03103,0.23483,-0.20000,0.00000,0.00000,-1.00000,0.30029
155,138,4,0.09039,0.28603,-0.28678,0.60266,0.57354,0.55484,0.43896
156,138,4,0.09601,0.29424,-0.30370,0.64015,0.62828,0.44212,0.54785
157,138,4,0.09825,0.29975,-0.31622,0.65511,0.66500,0.35862,0.61670
158,138,4,0.09900,0.30407,-0.32681,0.66010,0.69376,0.28803,0.66992
159,138,4,0.09882,0.30764,-0.33618,0.65892,0.71763,0.22548,0.71387
160,138,4,0.09800,0.31070,-0.34473,0.65344,0.73798,0.16851,0.75000
161,138,4,0.09668,0.31335,-0.35262,0.64459,0.75569,0.11591,0.78369
162,138,4,0.09494,0.31568,-0.35997,0.63306,0.77121,0.06685,0.81445
163,138,4,0.09287,0.31774,-0.36688,0.61923,0.78493,0.02077,0.83350
164,138,4,0.09050,0.31956,-0.37341,0.60344,0.79708,-0.02276,0.85400
165,138,4,0.08787,0.32117,-0.37961,0.58593,0.80782,-0.06407,0.87500
166,138,4,0.08501,0.32260,-0.38551,0.56684,0.81731,-0.10336,0.89160
167,138,4,0.08193,0.32385,-0.39110,0.54630,0.82569,-0.14071,0.90869
168,138,4,0.07865,0.32495,-0.39646,0.52445,0.83297,-0.17641,0.91846
169,138,4,0.07519,0.32589,-0.40156,0.50134,0.83927,-0.21043,0.92871
170,138,4,0.07155,0.32669,-0.40644,0.47708,0.84459,-0.24301,0.93945
171,138,4,0.06774,0.32736,-0.41109,0.45166,0.84907,-0.27402,0.94824
172,138,4,0.06376,0.32789,-0.41554,0.42518,0.85266,-0.30365,0.95557
173,138,4,0.05963,0.32831,-0.41978,0.39764,0.85538,-0.33196,0.96289
174,138,4,0.05535,0.32860,-0.42383,0.36911,0.85728,-0.35893,0.96875
175,138,4,0.05092,0.32876,-0.42767,0.33953,0.85840,-0.38454,0.97119
176,138,4,0.04633,0.32881,-0.43132,0.30895,0.85871,-0.40886,0.97461
177,138,4,0.04160,0.32874,-0.43477,0.27735,0.85823,-0.43187,0.97705
178,138,4,0.03671,0.32854,-0.43803,0.24478,0.85692,-0.45361,0.98242
179,138,4,0.03167,0.32822,-0.44109,0.21116,0.85483,-0.47401,0.98438
180,138,4,0.02647,0.32778,-0.44394,0.17653,0.85191,-0.49304,0.98730
181,138,4,0.02112,0.32722,-0.44660,0.14083,0.84812,-0.51075,0.98730
182,138,4,0.01561,0.32652,-0.44904,0.10407,0.84346,-0.52702,0.98975
183,138,4,0.00991,0.32568,-0.45125,0.06613,0.83792,-0.54177,0.98975
184,138,4,0.00406,0.32471,-0.45324,0.02705,0.83140,-0.55501,0.98975
185,138,4,-0.00200,0.32358,-0.45497,-0.01337,0.82388,-0.56661,0.99170
186,138,4,-0.00826,0.32229,-0.45645,-0.05506,0.81526,-0.57647,0.99268
187,138,4,-0.01474,0.32083,-0.45764,-0.09823,0.80551,-0.58438,0.99268
188,138,4,-0.02146,0.31916,-0.45852,-0.14307,0.79446,-0.59022,0.99365
189,138,4,-0.02844,0.31729,-0.45905,-0.18966,0.78196,-0.59377,0.99365
190,138,4,-0.03573,0.31518,-0.45918,-0.23824,0.76787,-0.59466,0.99561
192,138,4,-0.05144,0.31004,-0.45798,-0.34299,0.73362,-0.58665,0.99609
194,138,4,-0.06932,0.30317,-0.45396,-0.46213,0.68780,-0.55979,0.99756
196,138,4,-0.09165,0.29273,-0.44414,-0.61107,0.61820,-0.49440,0.99707
95,139,3,0.48080,0.36892,-0.21771,0.12322,0.47567,-0.87095,0.99463
96,139,3,0.47456,0.36764,-0.21920,0.09823,0.47055,-0.87689,0.99316
97,139,3,0.46819,0.36626,-0.22054,0.07279,0.46506,-0.88229,0.99219
98,139,3,0.46172,0.36480,-0.22174,0.04691,0.45923,-0.88708,0.99023
99,139,3,0.45515,0.36325,-0.22280,0.02059,0.45300,-0.89127,0.98633
100,139,3,0.44843,0.36160,-0.22368,-0.00630,0.44639,-0.89481,0.98486
101,139,3,0.44158,0.35983,-0.22439,-0.03369,0.43935,-0.89769,0.98096
102,139,3,0.43461,0.35797,-0.22493,-0.06157,0.43190,-0.89981,0.97656
103,139,3,0.42749,0.35599,-0.22528,-0.09005,0.42397,-0.90119,0.97461
104,139,3,0.42019,0.35386,-0.22540,-0.11927,0.41546,-0.90175,0.96924
105,139,3,0.41274,0.35162,-0.22533,-0.14904,0.40645,-0.90143,0.96338
106,139,3,0.40510,0.34922,-0.22501,-0.17963,0.39686,-0.90014,0.95557
107,139,3,0.39725,0.34666,-0.22441,-0.21105,0.38659,-0.89778,0.95068
108,139,3,0.38918,0.34392,-0.22353,-0.24330,0.37565,-0.89426,0.93604
109,139,3,0.38086,0.34098,-0.22233,-0.27660,0.36391,-0.88942,0.92969
110,139,3,0.37225,0.33781,-0.22075,-0.31102,0.35125,-0.88311,0.91504
111,139,3,0.36333,0.33439,-0.21877,-0.34670,0.33758,-0.87512,0.90430
112,139,3,0.35402,0.33066,-0.21627,-0.38392,0.32266,-0.86516,0.88867
113,139,3,0.34424,0.32655,-0.21317,-0.42308,0.30622,-0.85278,0.87061
114,139,3,0.33392,0.32200,-0.20935,-0.46436,0.28802,-0.83751,0.84766
115,139,3,0.32285,0.31687,-0.20458,-0.50862,0.26746,-0.81840,0.82031
116,139,3,0.31078,0.31093,-0.19850,-0.55686,0.24369,-0.79406,0.78613
117,139,3,0.29710,0.30370,-0.19033,-0.61164,0.21478,-0.76142,0.72119
118,139,3,0.28052,0.29415,-0.17838,-0.67795,0.17658,-0.71359,0.62451
119,139,1,0.20000,0.23345,-0.08331,0.94331,0.00260,-0.01779,0.15869
120,139,1,0.20000,0.23716,-0.09292,1.00000,0.00000,-0.00000,0.17871
121,139,1,0.20000,0.24088,-0.10253,1.00000,0.00000,-0.00000,0.20752
122,139,1,0.20000,0.24459,-0.11214,1.00000,0.00000,-0.00000,0.23877
123,139,1,0.20000,0.24831,-0.12175,1.00000,0.00000,-0.00000,0.27783
124,139,1,0.20000,0.25202,-0.13136,1.00000,0.00000,-0.00000,0.30420
125,139,1,0.20000,0.25574,-0.14097,1.00000,0.00000,-0.00000,0.33789
126,139,1,0.20000,0.25945,-0.15058,1.00000,0.00000,-0.00000,0.37256
127,139,1,0.20000,0.26317,-0.16019,1.00000,0.00000,-0.00000,0.40674
128,139,1,0.20000,0.26689,-0.16980,1.00000,0.00000,-0.00000,0.43408
129,139,1,0.20000,0.27060,-0.17942,1.00000,0.00000,-0.00000,0.46924
130,139,1,0.20000,0.27432,-0.18903,1.00000,0.00000,-0.00000,0.49756
131,139,1,0.20000,0.27803,-0.19864,1.00000,0.00000,-0.00000,0.52490
132,139,1,0.19366,0.27667,-0.20000,0.00000,0.00000,-1.00000,0.79980
133,139,1,0.18626,0.27447,-0.20000,0.00000,0.00000,-1.00000,0.78516
134,139,1,0.17887,0.27228,-0.20000,0.00000,0.00000,-1.00000,0.77393
135,139,1,0.17148,0.27008,-0.20000,0.00000,0.00000,-1.00000,0.75439
136,139,1,0.16409,0.26788,-0.20000,0.00000,0.00000,-1.00000,0.73682
137,139,1,0.15670,0.26568,-0.20000,0.00000,0.00000,-1.00000,0.72217
138,139,1,0.14930,0.26348,-0.20000,0.00000,0.00000,-1.00000,0.70312
139,139,1,0.14191,0.26128,-0.20000,0.00000,0.00000,-1.00000,0.68164
140,139,1,0.13452,0.25909,-0.20000,0.00000,0.00000,-1.00000,0.66113
141,139,1,0.12713,0.25689,-0.20000,0.00000,0.00000,-1.00000,0.63721
142,139,1,0.11973,0.25469,-0.20000,0.00000,0.00000,-1.00000,0.61523
143,139,1,0.11234,0.25249,-0.20000,0.00000,0.00000,-1.00000,0.58594
144,139,1,0.10495,0.25029,-0.20000,0.00000,0.00000,-1.00000,0.56201
145,139,1,0.09756,0.24809,-0.20000,0.00000,0.00000,-1.00000,0.53320
146,139,1,0.09016,0.24589,-0.20000,0.00000,0.00000,-1.00000,0.50439
147,139,1,0.08277,0.24370,-0.20000,0.00000,0.00000,-1.00000,0.47217
148,139,1,0.07538,0.24150,-0.20000,0.00000,0.00000,-1.00000,0.44434
149,139,1,0.06799,0.23930,-0.20000,0.00000,0.00000,-1.00000,0.41650
150,139,1,0.06059,0.23710,-0.20000,0.00000,0.00000,-1.00000,0.38672
151,139,1,0.05320,0.23490,-0.20000,0.00000,0.00000,-1.00000,0.36133
152,139,1,0.04581,0.23270,-0.20000,0.00000,0.00000,-1.00000,0.33252
153,139,1,0.03842,0.23051,-0.20000,0.00000,0.00000,-1.00000,0.30957
154,139,4,0.08976,0.27530,-0.27635,0.59791,0.50148,0.62278,0.36865
155,139,4,0.09929,0.28663,-0.29835,0.66198,0.57754,0.47773,0.51318
156,139,4,0.10254,0.29295,-0.31219,0.68371,0.61966,0.38542,0.58936
157,139,4,0.10386,0.29772,-0.32352,0.69251,0.65146,0.30989,0.64893
158,139,4,0.10408,0.30161,-0.33341,0.69396,0.67741,0.24398,0.69971
159,139,4,0.10356,0.30491,-0.34234,0.69051,0.69942,0.18443,0.73730
160,139,4,0.10249,0.30777,-0.35056,0.68338,0.71847,0.12962,0.77246
161,139,4,0.10098,0.31027,-0.35821,0.67329,0.73519,0.07864,0.80127
162,139,4,0.09910,0.31249,-0.36538,0.66080,0.74993,0.03083,0.82715
163,139,4,0.09691,0.31445,-0.37214,0.64621,0.76303,-0.01429,0.84863
164,139,4,0.09445,0.31620,-0.37856,0.62979,0.77467,-0.05705,0.86816
165,139,4,0.09174,0.31775,-0.38464,0.61174,0.78501,-0.09765,0.88818
166,139,4,0.08881,0.31912,-0.39045,0.59221,0.79417,-0.13633,0.90479
167,139,4,0.08569,0.32034,-0.39599,0.57131,0.80223,-0.17328,0.91650
168,139,4,0.08236,0.32139,-0.40127,0.54916,0.80928,-0.20853,0.92822
169,139,4,0.07886,0.32230,-0.40633,0.52582,0.81537,-0.24227,0.93701
170,139,4,0.07518,0.32308,-0.41117,0.50133,0.82055,-0.27452,0.94580
171,139,4,0.07135,0.32373,-0.41579,0.47578,0.82486,-0.30535,0.95361
172,139,4,0.06736,0.32425,-0.42022,0.44914,0.82835,-0.33481,0.96094
173,139,4,0.06322,0.32465,-0.42444,0.42150,0.83100,-0.36301,0.96777
174,139,4,0.05892,0.32493,-0.42847,0.39287,0.83288,-0.38983,0.97363
175,139,4,0.05448,0.32509,-0.43230,0.36327,0.83396,-0.41539,0.97705
176,139,4,0.04989,0.32514,-0.43594,0.33265,0.83426,-0.43971,0.98145
177,139,4,0.04516,0.32507,-0.43940,0.30111,0.83376,-0.46279,0.98389
178,139,4,0.04028,0.32488,-0.44267,0.26858,0.83251,-0.48456,0.98633
179,139,4,0.03525,0.32457,-0.44574,0.23506,0.83047,-0.50504,0.98877
180,139,4,0.03007,0.32414,-0.44862,0.20053,0.82763,-0.52423,0.99023
181,139,4,0.02474,0.32359,-0.45130,0.16494,0.82397,-0.54209,0.99023
182,139,4,0.01925,0.32292,-0.45377,0.12839,0.81945,-0.55859,0.99121
183,139,4,0.01359,0.32211,-0.45603,0.09065,0.81407,-0.57365,0.99316
184,139,4,0.00777,0.32116,-0.45807,0.05180,0.80776,-0.58723,0.99316
185,139,4,0.00176,0.32007,-0.45987,0.01175,0.80048,-0.59925,0.99414
34,140,3,0.64944,0.27068,0.14926,0.79709,0.08262,0.59655,0.99902
36,140,3,0.67548,0.29893,0.09620,0.90200,0.19570,0.38483,1.00000
38,140,3,0.68246,0.31194,0.06791,0.92994,0.24776,0.27168,1.00000
40,140,3,0.68522,0.32159,0.04509,0.94099,0.28635,0.18040,1.00000
42,140,3,0.68568,0.32939,0.02528,0.94285,0.31754,0.10113,1.00000
44,140,3,0.68461,0.33596,0.00745,0.93855,0.34386,0.02981,1.00000
46,140,3,0.68240,0.34162,-0.00890,0.92973,0.36650,-0.03560,1.00000
48,140,3,0.67931,0.34658,-0.02410,0.91733,0.38630,-0.09638,1.00000
50,140,3,0.67547,0.35094,-0.03833,0.90195,0.40371,-0.15332,1.00000
52,140,3,0.67098,0.35478,-0.05171,0.88404,0.41913,-0.20686,1.00000
54,140,3,0.66595,0.35819,-0.06440,0.86393,0.43274,-0.25761,1.00000
56,140,3,0.66043,0.36120,-0.07644,0.84181,0.44481,-0.30578,1.00000
58,140,3,0.65445,0.36385,-0.08788,0.81791,0.45542,-0.35158,1.00000
60,140,3,0.64807,0.36617,-0.09881,0.79236,0.46469,-0.39525,1.00000
62,140,3,0.64130,0.36819,-0.10923,0.76525,0.47272,-0.43696,1.00000
64,140,3,0.63415,0.36990,-0.11915,0.73671,0.47960,-0.47669,1.00000
66,140,3,0.62667,0.37134,-0.12865,0.70677,0.48538,-0.51466,1.00000
68,140,3,0.61886,0.37253,-0.13772,0.67550,0.49011,-0.55091,1.00000
70,140,3,0.61073,0.37345,-0.14636,0.64294,0.49380,-0.58548,1.00000
72,140,3,0.60227,0.37412,-0.15459,0.60917,0.49644,-0.61844,1.00000
74,140,3,0.59351,0.37454,-0.16242,0.57411,0.49818,-0.64978,1.00000
76,140,3,0.58445,0.37472,-0.16986,0.53788,0.49891,-0.67954,0.99951
78,140,3,0.57509,0.37467,-0.17692,0.50043,0.49866,-0.70775,1.00000
80,140,3,0.56543,0.37437,-0.18358,0.46178,0.49747,-0.73436,1.00000
82,140,3,0.55546,0.37382,-0.18983,0.42187,0.49529,-0.75941,1.00000
84,140,3,0.54518,0.37303,-0.19569,0.38076,0.49213,-0.78283,1.00000
86,140,3,0.53458,0.37198,-0.20113,0.33836,0.48795,-0.80462,1.00000
88,140,3,0.52366,0.37068,-0.20616,0.29468,0.48268,-0.82473,1.00000
90,140,3,0.51240,0.36910,-0.21074,0.24962,0.47639,-0.84305,0.99902
92,140,3,0.50078,0.36724,-0.21486,0.20316,0.46895,-0.85954,0.99854
94,140,3,0.48879,0.36508,-0.21849,0.15520,0.46031,-0.87409,0.99658
96,140,3,0.47642,0.36261,-0.22162,0.10567,0.45040,-0.88656,0.99316
97,140,3,0.47005,0.36123,-0.22296,0.08023,0.44494,-0.89196,0.99170
98,140,3,0.46358,0.35977,-0.22416,0.05436,0.43910,-0.89679,0.98975
99,140,3,0.45701,0.35823,-0.22522,0.02806,0.43292,-0.90100,0.98730
100,140,3,0.45031,0.35659,-0.22613,0.00129,0.42631,-0.90457,0.98438
101,140,3,0.44347,0.35482,-0.22684,-0.02613,0.41929,-0.90747,0.98193
102,140,3,0.43649,0.35296,-0.22738,-0.05405,0.41182,-0.90966,0.97754
103,140,3,0.42938,0.35098,-0.22775,-0.08249,0.40391,-0.91107,0.97314
104,140,3,0.42210,0.34888,-0.22789,-0.11161,0.39546,-0.91167,0.96973
105,140,3,0.41465,0.34663,-0.22782,-0.14140,0.38652,-0.91138,0.96338
106,140,3,0.40701,0.34424,-0.22750,-0.17196,0.37694,-0.91014,0.95703
107,140,3,0.39919,0.34169,-0.22694,-0.20326,0.36675,-0.90784,0.94678
108,140,3,0.39113,0.33896,-0.22607,-0.23552,0.35584,-0.90439,0.94189
109,140,3,0.38282,0.33603,-0.22488,-0.26873,0.34414,-0.89964,0.93311
110,140,3,0.37424,0.33288,-0.22333,-0.30306,0.33158,-0.89343,0.91699
111,140,3,0.36534,0.32948,-0.22138,-0.33864,0.31796,-0.88557,0.90527
112,140,3,0.35604,0.32575,-0.21890,-0.37588,0.30307,-0.87571,0.89551
113,140,3,0.34632,0.32169,-0.21587,-0.41475,0.28676,-0.86357,0.87549
114,140,3,0.33604,0.31718,-0.21212,-0.45584,0.26868,-0.84854,0.85254
115,140,3,0.32502,0.31209,-0.20741,-0.49994,0.24832,-0.82970,0.82324
116,140,3,0.31301,0.30619,-0.20140,-0.54800,0.22477,-0.80571,0.79443
117,140,3,0.29955,0.29914,-0.19351,-0.60181,0.19652,-0.77408,0.74023
118,140,3,0.28323,0.28979,-0.18190,-0.66715,0.15917,-0.72772,0.64600
119,140,3,0.25604,0.27176,-0.15617,-0.77591,0.08710,-0.62480,0.41602
120,140,1,0.20000,0.23064,-0.09292,1.00000,0.00000,-0.00000,0.18213
121,140,1,0.20000,0.23436,-0.10253,1.00000,0.00000,-0.00000,0.21289
122,140,1,0.20000,0.23807,-0.11214,1.00000,0.00000,-0.00000,0.24121
123,140,1,0.20000,0.24179,-0.12175,1.00000,0.00000,-0.00000,0.27588
124,140,1,0.20000,0.24550,-0.13137,1.00000,0.00000,-0.00000,0.30566
125,140,1,0.20000,0.24922,-0.14097,1.00000,0.00000,-0.00000,0.34082
126,140,1,0.20000,0.25294,-0.15058,1.00000,0.00000,-0.00000,0.37012
127,140,1,0.20000,0.25665,-0.16020,1.00000,0.00000,-0.00000,0.40479
128,140,1,0.20000,0.26037,-0.16981,1.00000,0.00000,-0.00000,0.43701
129,140,1,0.20000,0.26408,-0.17941,1.00000,0.00000,-0.00000,0.46387
130,140,1,0.20000,0.26780,-0.18902,1.00000,0.00000,-0.00000,0.49561
131,140,1,0.20000,0.27151,-0.19864,1.00000,0.00000,-0.00000,0.52197
132,140,1,0.19366,0.27015,-0.20000,0.00000,0.00000,-1.00000,0.79346
133,140,1,0.18626,0.26796,-0.20000,0.00000,0.00000,-1.00000,0.78027
134,140,1,0.17887,0.26576,-0.20000,0.00000,0.00000,-1.00000,0.76416
135,140,1,0.17148,0.26356,-0.20000,0.00000,0.00000,-1.00000,0.75391
136,140,1,0.16409,0.26136,-0.20000,0.00000,0.00000,-1.00000,0.73438
137,140,1,0.15670,0.25916,-0.20000,0.00000,0.00000,-1.00000,0.71387
138,140,1,0.14930,0.25696,-0.20000,0.00000,0.00000,-1.00000,0.69385
139,140,1,0.14191,0.25476,-0.20000,0.00000,0.00000,-1.00000,0.67627
140,140,1,0.13452,0.25257,-0.20000,0.00000,0.00000,-1.00000,0.65283
141,140,1,0.12713,0.25037,-0.20000,0.00000,0.00000,-1.00000,0.63037
142,140,1,0.11973,0.24817,-0.20000,0.00000,0.00000,-1.00000,0.60693
143,140,1,0.11234,0.24597,-0.20000,0.00000,0.00000,-1.00000,0.57617
144,140,1,0.10495,0.24377,-0.20000,0.00000,0.00000,-1.00000,0.55078
145,140,1,0.09756,0.24157,-0.20000,0.00000,0.00000,-1.00000,0.52344
146,140,1,0.09016,0.23938,-0.20000,0.00000,0.00000,-1.00000,0.49658
147,140,1,0.08277,0.23718,-0.20000,0.00000,0.00000,-1.00000,0.46191
148,140,1,0.07538,0.23498,-0.20000,0.00000,0.00000,-1.00000,0.43506
149,140,1,0.06799,0.23278,-0.20000,0.00000,0.00000,-1.00000,0.40234
150,140,1,0.06059,0.23058,-0.20000,0.00000,0.00000,-1.00000,0.37598
151,140,1,0.05320,0.22838,-0.20000,0.00000,0.00000,-1.00000,0.34570
152,140,1,0.04581,0.22618,-0.20000,0.00000,0.00000,-1.00000,0.31836
153,140,1,0.03842,0.22399,-0.20000,0.00000,0.00000,-1.00000,0.29688
154,140,4,0.10102,0.27778,-0.29099,0.67352,0.51852,0.52679,0.46240
155,140,4,0.10597,0.28545,-0.30703,0.70653,0.56968,0.41986,0.55811
156,140,4,0.10807,0.29085,-0.31938,0.72056,0.60570,0.33753,0.62598
157,140,4,0.10881,0.29516,-0.32995,0.72545,0.63434,0.26708,0.67725
158,140,4,0.10865,0.29875,-0.33936,0.72446,0.65834,0.20434,0.72021
159,140,4,0.10788,0.30184,-0.34796,0.71930,0.67897,0.14700,0.75928
160,140,4,0.10661,0.30455,-0.35592,0.71089,0.69701,0.09387,0.78760
161,140,4,0.10495,0.30694,-0.36338,0.69983,0.71294,0.04416,0.81689
162,140,4,0.10297,0.30906,-0.37040,0.68656,0.72707,-0.00271,0.84180
163,140,4,0.10069,0.31095,-0.37705,0.67132,0.73967,-0.04699,0.86035
164,140,4,0.09814,0.31263,-0.38335,0.65438,0.75091,-0.08899,0.88086
165,140,4,0.09537,0.31413,-0.38936,0.63591,0.76089,-0.12908,0.89502
166,140,4,0.09239,0.31546,-0.39509,0.61603,0.76975,-0.16730,0.90918
167,140,4,0.08921,0.31663,-0.40057,0.59484,0.77757,-0.20383,0.92529
168,140,4,0.08585,0.31766,-0.40581,0.57242,0.78443,-0.23878,0.93311
169,140,4,0.08232,0.31855,-0.41083,0.54889,0.79032,-0.27224,0.94482
170,140,4,0.07861,0.31930,-0.41563,0.52420,0.79539,-0.30424,0.95361
171,140,4,0.07476,0.31994,-0.42023,0.49851,0.79959,-0.33489,0.96094
172,140,4,0.07076,0.32045,-0.42463,0.47177,0.80296,-0.36426,0.96680
173,140,4,0.06659,0.32084,-0.42883,0.44404,0.80558,-0.39227,0.97314
174,140,4,0.06229,0.32111,-0.43285,0.41535,0.80740,-0.41904,0.97656
175,140,4,0.05784,0.32126,-0.43667,0.38568,0.80846,-0.44457,0.98096
176,140,4,0.05325,0.32131,-0.44032,0.35509,0.80876,-0.46885,0.98438
177,140,4,0.04852,0.32124,-0.44378,0.32355,0.80826,-0.49196,0.98682
178,140,4,0.04365,0.32106,-0.44705,0.29107,0.80703,-0.51379,0.99023
179,140,4,0.03863,0.32076,-0.45014,0.25761,0.80503,-0.53438,0.99023
180,140,4,0.03347,0.32034,-0.45304,0.22317,0.80228,-0.55366,0.99219
181,140,4,0.02815,0.31981,-0.45574,0.18774,0.79871,-0.57168,0.99219
182,140,4,0.02268,0.31914,-0.45824,0.15127,0.79432,-0.58836,0.99365
183,140,4,0.01706,0.31836,-0.46054,0.11376,0.78908,-0.60366,0.99414
184,140,4,0.01126,0.31744,-0.46261,0.07515,0.78294,-0.61754,0.99658
186,140,4,-0.00086,0.31517,-0.46607,-0.00570,0.76783,-0.64062,0.99707
188,140,4,-0.01378,0.31227,-0.46850,-0.09186,0.74846,-0.65678,0.99658
190,140,4,-0.02764,0.30861,-0.46970,-0.18424,0.72406,-0.66468,0.99805
192,140,4,-0.04273,0.30397,-0.46930,-0.28490,0.69312,-0.66212,0.99805
194,140,4,-0.05949,0.29799,-0.46673,-0.39663,0.65328,-0.64491,0.99902
196,140,4,-0.07908,0.28975,-0.46049,-0.52722,0.59833,-0.60336,0.99951
198,140,4,-0.10644,0.27529,-0.44414,-0.70968,0.50195,-0.49436,0.99951
95,141,3,0.48442,0.35877,-0.22242,0.13771,0.43511,-0.88978,0.99463
96,141,3,0.47819,0.35750,-0.22392,0.11278,0.42999,-0.89576,0.99316
97,141,3,0.47184,0.35614,-0.22528,0.08736,0.42452,-0.90120,0.99170
98,141,3,0.46537,0.35468,-0.22648,0.06149,0.41869,-0.90604,0.98975
99,141,3,0.45879,0.35313,-0.22753,0.03515,0.41253,-0.91027,0.98779
100,141,3,0.45209,0.35149,-0.22844,0.00839,0.40594,-0.91385,0.98389
101,141,3,0.44526,0.34974,-0.22917,-0.01895,0.39891,-0.91679,0.98242
102,141,3,0.43829,0.34788,-0.22972,-0.04683,0.39150,-0.91898,0.97900
103,141,3,0.43118,0.34590,-0.23009,-0.07528,0.38357,-0.92043,0.97412
104,141,3,0.42390,0.34379,-0.23023,-0.10442,0.37517,-0.92105,0.97021
105,141,3,0.41646,0.34156,-0.23018,-0.13414,0.36626,-0.92079,0.96338
106,141,3,0.40884,0.33918,-0.22988,-0.16466,0.35672,-0.91958,0.95947
107,141,3,0.40100,0.33663,-0.22930,-0.19601,0.34654,-0.91733,0.95068
108,141,3,0.39298,0.33392,-0.22848,-0.22807,0.33573,-0.91393,0.94238
109,141,3,0.38467,0.33099,-0.22728,-0.26137,0.32398,-0.90924,0.93066
110,141,3,0.37611,0.32786,-0.22577,-0.29554,0.31147,-0.90313,0.92334
111,141,3,0.36720,0.32445,-0.22380,-0.33122,0.29782,-0.89532,0.90820
112,141,3,0.35795,0.32076,-0.22138,-0.36822,0.28302,-0.88561,0.89111
113,141,3,0.34825,0.31672,-0.21838,-0.40701,0.26683,-0.87358,0.87549
114,141,3,0.33797,0.31221,-0.21463,-0.44817,0.24880,-0.85863,0.85547
115,141,3,0.32700,0.30714,-0.20997,-0.49208,0.22860,-0.84000,0.83057
116,141,3,0.31507,0.30132,-0.20407,-0.53977,0.20528,-0.81640,0.79883
117,141,3,0.30167,0.29431,-0.19626,-0.59339,0.17722,-0.78516,0.75146
118,141,3,0.28560,0.28517,-0.18499,-0.65765,0.14070,-0.74007,0.65869
119,141,3,0.26044,0.26876,-0.16188,-0.75827,0.07501,-0.64761,0.45850
120,141,1,0.20000,0.22412,-0.09292,1.00000,0.00000,-0.00000,0.18799
121,141,1,0.20000,0.22784,-0.10253,1.00000,0.00000,-0.00000,0.21582
122,141,1,0.20000,0.23155,-0.11214,1.00000,0.00000,-0.00000,0.24609
123,141,1,0.20000,0.23527,-0.12175,1.00000,0.00000,-0.00000,0.27686
124,141,1,0.20000,0.23899,-0.13136,1.00000,0.00000,-0.00000,0.30811
125,141,1,0.20000,0.24270,-0.14097,1.00000,0.00000,-0.00000,0.33936
126,141,1,0.20000,0.24642,-0.15058,1.00000,0.00000,-0.00000,0.36963
127,141,1,0.20000,0.25013,-0.16019,1.00000,0.00000,-0.00000,0.40381
128,141,1,0.20000,0.25385,-0.16980,1.00000,0.00000,-0.00000,0.43408
129,141,1,0.20000,0.25756,-0.17941,1.00000,0.00000,-0.00000,0.46240
130,141,1,0.20000,0.26128,-0.18902,1.00000,0.00000,-0.00000,0.49072
131,141,1,0.20000,0.26499,-0.19863,1.00000,0.00000,-0.00000,0.52246
132,141,1,0.19366,0.26363,-0.20000,0.00000,0.00000,-1.00000,0.79248
133,141,1,0.18627,0.26144,-0.20000,0.00000,0.00000,-1.00000,0.77637
134,141,1,0.17887,0.25924,-0.20000,0.00000,0.00000,-1.00000,0.76221
135,141,1,0.17148,0.25704,-0.20000,0.00000,0.00000,-1.00000,0.74512
136,141,1,0.16409,0.25484,-0.20000,0.00000,0.00000,-1.00000,0.72998
137,141,1,0.15670,0.25264,-0.20000,0.00000,0.00000,-1.00000,0.71191
138,141,1,0.14930,0.25044,-0.20000,0.00000,0.00000,-1.00000,0.69043
139,141,1,0.14191,0.24825,-0.20000,0.00000,0.00000,-1.00000,0.66699
140,141,1,0.13452,0.24605,-0.20000,0.00000,0.00000,-1.00000,0.64307
141,141,1,0.12713,0.24385,-0.20000,0.00000,0.00000,-1.00000,0.62256
142,141,1,0.11973,0.24165,-0.20000,0.00000,0.00000,-1.00000,0.59619
143,141,1,0.11234,0.23945,-0.20000,0.00000,0.00000,-1.00000,0.56787
144,141,1,0.10495,0.23725,-0.20000,0.00000,0.00000,-1.00000,0.54346
145,141,1,0.09756,0.23505,-0.20000,0.00000,0.00000,-1.00000,0.51465
146,141,1,0.09016,0.23286,-0.20000,0.00000,0.00000,-1.00000,0.48047
147,141,1,0.08277,0.23066,-0.20000,0.00000,0.00000,-1.00000,0.45508
148,141,1,0.07538,0.22846,-0.20000,0.00000,0.00000,-1.00000,0.42383
149,141,1,0.06799,0.22626,-0.20000,0.00000,0.00000,-1.00000,0.39746
150,141,1,0.06059,0.22406,-0.20000,0.00000,0.00000,-1.00000,0.36670
151,141,1,0.05320,0.22186,-0.20000,0.00000,0.00000,-1.00000,0.33496
152,141,1,0.04581,0.21967,-0.20000,0.00000,0.00000,-1.00000,0.31006
153,141,4,0.09932,0.26619,-0.27918,0.66191,0.44107,0.60478,0.38281
154,141,4,0.10824,0.27704,-0.30037,0.72164,0.51356,0.46421,0.51611
155,141,4,0.11153,0.28339,-0.31427,0.74358,0.55587,0.37161,0.59424
156,141,4,0.11291,0.28821,-0.32567,0.75288,0.58806,0.29557,0.65137
157,141,4,0.11325,0.29219,-0.33572,0.75504,0.61455,0.22858,0.70068
158,141,4,0.11282,0.29557,-0.34477,0.75222,0.63708,0.16820,0.74219
159,141,4,0.11185,0.29850,-0.35312,0.74574,0.65667,0.11255,0.77441
160,141,4,0.11043,0.30109,-0.36089,0.73632,0.67391,0.06076,0.80518
161,141,4,0.10866,0.30338,-0.36819,0.72449,0.68918,0.01202,0.83154
162,141,4,0.10657,0.30543,-0.37509,0.71055,0.70283,-0.03391,0.85205
163,141,4,0.10420,0.30725,-0.38162,0.69482,0.71500,-0.07747,0.87158
164,141,4,0.10160,0.30889,-0.38785,0.67745,0.72588,-0.11902,0.88916
165,141,4,0.09877,0.31034,-0.39378,0.65861,0.73559,-0.15857,0.90674
166,141,4,0.09575,0.31163,-0.39946,0.63840,0.74422,-0.19641,0.91797
167,141,4,0.09253,0.31277,-0.40488,0.61699,0.75181,-0.23259,0.92920
168,141,4,0.08914,0.31378,-0.41009,0.59438,0.75846,-0.26730,0.94092
169,141,4,0.08557,0.31464,-0.41506,0.57062,0.76426,-0.30050,0.94971
170,141,4,0.08185,0.31538,-0.41984,0.54578,0.76922,-0.33230,0.95703
171,141,4,0.07799,0.31600,-0.42442,0.51997,0.77329,-0.36285,0.96484
172,141,4,0.07396,0.31649,-0.42879,0.49313,0.77664,-0.39199,0.97217
173,141,4,0.06979,0.31687,-0.43298,0.46535,0.77915,-0.41997,0.97705
174,141,4,0.06548,0.31714,-0.43699,0.43662,0.78092,-0.44669,0.98096
175,141,4,0.06103,0.31729,-0.44081,0.40691,0.78198,-0.47216,0.98242
176,141,4,0.05643,0.31733,-0.44445,0.37632,0.78225,-0.49645,0.98682
177,141,4,0.05171,0.31727,-0.44792,0.34477,0.78181,-0.51953,0.99023
178,141,4,0.04684,0.31709,-0.45120,0.31230,0.78060,-0.54141,0.99121
179,141,4,0.04183,0.31680,-0.45429,0.27891,0.77866,-0.56205,0.99268
180,141,4,0.03668,0.31639,-0.45721,0.24456,0.77595,-0.58146,0.99414
34,142,3,0.65711,0.26377,0.13930,0.82811,0.05505,0.55698,0.99951
36,142,3,0.67952,0.28913,0.09095,0.91822,0.15650,0.36384,1.00000
38,142,3,0.68626,0.30195,0.06296,0.94518,0.20778,0.25192,1.00000
40,142,3,0.68892,0.31151,0.04028,0.95578,0.24603,0.16116,1.00000
42,142,3,0.68930,0.31924,0.02057,0.95735,0.27698,0.08230,1.00000
44,142,3,0.68818,0.32578,0.00280,0.95289,0.30312,0.01121,1.00000
46,142,3,0.68595,0.33142,-0.01351,0.94394,0.32569,-0.05403,1.00000
48,142,3,0.68283,0.33636,-0.02868,0.93141,0.34540,-0.11472,1.00000
50,142,3,0.67896,0.34070,-0.04287,0.91596,0.36278,-0.17150,1.00000
52,142,3,0.67448,0.34454,-0.05626,0.89798,0.37810,-0.22508,1.00000
54,142,3,0.66942,0.34792,-0.06891,0.87782,0.39172,-0.27566,1.00000
56,142,3,0.66390,0.35094,-0.08094,0.85567,0.40372,-0.32379,1.00000
58,142,3,0.65791,0.35358,-0.09238,0.83173,0.41430,-0.36957,1.00000
60,142,3,0.65151,0.35589,-0.10329,0.80615,0.42357,-0.41317,1.00000
62,142,3,0.64473,0.35789,-0.11369,0.77903,0.43158,-0.45481,1.00000
64,142,3,0.63759,0.35961,-0.12362,0.75045,0.43845,-0.49455,1.00000
66,142,3,0.63011,0.36106,-0.13312,0.72050,0.44419,-0.53251,1.00000
68,142,3,0.62229,0.36224,-0.14218,0.68920,0.44892,-0.56875,1.00000
70,142,3,0.61415,0.36315,-0.15081,0.65667,0.45256,-0.60330,1.00000
72,142,3,0.60569,0.36382,-0.15904,0.62285,0.45526,-0.63624,1.00000
74,142,3,0.59693,0.36424,-0.16687,0.58783,0.45695,-0.66757,1.00000
76,142,3,0.58787,0.36442,-0.17431,0.55158,0.45769,-0.69734,1.00000
78,142,3,0.57851,0.36437,-0.18137,0.51410,0.45748,-0.72555,1.00000
80,142,3,0.56885,0.36407,-0.18803,0.47547,0.45626,-0.75217,1.00000
82,142,3,0.55888,0.36352,-0.19429,0.43559,0.45408,-0.77722,1.00000
84,142,3,0.54861,0.36273,-0.20015,0.39448,0.45094,-0.80065,1.00000
86,142,3,0.53801,0.36169,-0.20559,0.35207,0.44677,-0.82246,0.99951
88,142,3,0.52709,0.36038,-0.21061,0.30840,0.44153,-0.84258,0.99951
90,142,3,0.51584,0.35881,-0.21521,0.26337,0.43524,-0.86094,0.99951
92,142,3,0.50424,0.35696,-0.21935,0.21696,0.42782,-0.87744,0.99805
94,142,3,0.49224,0.35480,-0.22297,0.16900,0.41921,-0.89202,0.99609
96,142,3,0.47987,0.35233,-0.22611,0.11949,0.40930,-0.90454,0.99365
97,142,3,0.47353,0.35097,-0.22747,0.09412,0.40385,-0.90997,0.99316
98,142,3,0.46706,0.34952,-0.22868,0.06828,0.39803,-0.91482,0.98975
99,142,3,0.46048,0.34797,-0.22974,0.04194,0.39186,-0.91907,0.98877
100,142,3,0.45379,0.34632,-0.23064,0.01513,0.38531,-0.92266,0.98633
101,142,3,0.44695,0.34457,-0.23137,-0.01220,0.37827,-0.92562,0.98193
102,142,3,0.43998,0.34271,-0.23192,-0.04006,0.37086,-0.92783,0.97803
103,142,3,0.43289,0.34075,-0.23231,-0.06843,0.36300,-0.92928,0.97510
104,142,3,0.42561,0.33864,-0.23245,-0.09756,0.35461,-0.92992,0.97021
105,142,3,0.41816,0.33640,-0.23239,-0.12735,0.34565,-0.92969,0.96436
106,142,3,0.41056,0.33404,-0.23211,-0.15772,0.33620,-0.92848,0.95801
107,142,3,0.40273,0.33149,-0.23154,-0.18911,0.32598,-0.92627,0.95068
108,142,3,0.39470,0.32878,-0.23071,-0.22123,0.31514,-0.92289,0.94336
109,142,3,0.38641,0.32586,-0.22955,-0.25437,0.30348,-0.91825,0.93408
110,142,3,0.37785,0.32273,-0.22802,-0.28863,0.29092,-0.91217,0.92432
111,142,3,0.36897,0.31934,-0.22609,-0.32415,0.27734,-0.90444,0.91162
112,142,3,0.35971,0.31565,-0.22366,-0.36121,0.26253,-0.89477,0.89746
113,142,3,0.35001,0.31161,-0.22067,-0.39999,0.24640,-0.88278,0.87793
114,142,3,0.33977,0.30713,-0.21696,-0.44097,0.22851,-0.86795,0.85791
115,142,3,0.32882,0.30209,-0.21234,-0.48473,0.20834,-0.84949,0.83203
116,142,3,0.31691,0.29627,-0.20647,-0.53241,0.18507,-0.82601,0.79736
117,142,3,0.30358,0.28932,-0.19875,-0.58571,0.15731,-0.79511,0.75635
118,142,3,0.28769,0.28033,-0.18771,-0.64921,0.12135,-0.75087,0.67285
119,142,3,0.26317,0.26442,-0.16543,-0.74742,0.05771,-0.66184,0.48047
120,142,1,0.20000,0.21760,-0.09292,1.00000,0.00000,-0.00000,0.19482
121,142,1,0.20000,0.22132,-0.10253,1.00000,0.00000,-0.00000,0.22021
122,142,1,0.20000,0.22504,-0.11214,1.00000,0.00000,-0.00000,0.25146
123,142,1,0.20000,0.22875,-0.12175,1.00000,0.00000,-0.00000,0.28027
124,142,1,0.20000,0.23247,-0.13136,1.00000,0.00000,-0.00000,0.31299
125,142,1,0.20000,0.23618,-0.14097,1.00000,0.00000,-0.00000,0.33936
126,142,1,0.20000,0.23990,-0.15058,1.00000,0.00000,-0.00000,0.37402
127,142,1,0.20000,0.24361,-0.16019,1.00000,0.00000,-0.00000,0.40430
128,142,1,0.20000,0.24733,-0.16980,1.00000,0.00000,-0.00000,0.43652
129,142,1,0.20000,0.25104,-0.17941,1.00000,0.00000,-0.00000,0.46387
130,142,1,0.20000,0.25476,-0.18902,1.00000,0.00000,-0.00000,0.49561
131,142,1,0.20000,0.25847,-0.19863,1.00000,0.00000,-0.00000,0.52197
132,142,1,0.19366,0.25712,-0.20000,0.00000,0.00000,-1.00000,0.78857
133,142,1,0.18627,0.25492,-0.20000,0.00000,0.00000,-1.00000,0.77100
134,142,1,0.17887,0.25272,-0.20000,0.00000,0.00000,-1.00000,0.75830
135,142,1,0.17148,0.25052,-0.20000,0.00000,0.00000,-1.00000,0.74219
136,142,1,0.16409,0.24832,-0.20000,0.00000,0.00000,-1.00000,0.72510
137,142,1,0.15670,0.24612,-0.20000,0.00000,0.00000,-1.00000,0.70361
138,142,1,0.14930,0.24392,-0.20000,0.00000,0.00000,-1.00000,0.68311
139,142,1,0.14191,0.24173,-0.20000,0.00000,0.00000,-1.00000,0.66211
140,142,1,0.13452,0.23953,-0.20000,0.00000,0.00000,-1.00000,0.63965
141,142,1,0.12713,0.23733,-0.20000,0.00000,0.00000,-1.00000,0.61670
142,142,1,0.11973,0.23513,-0.20000,0.00000,0.00000,-1.00000,0.58936
143,142,1,0.11234,0.23293,-0.20000,0.00000,0.00000,-1.00000,0.56543
144,142,1,0.10495,0.23073,-0.20000,0.00000,0.00000,-1.00000,0.53662
145,142,1,0.09756,0.22854,-0.20000,0.00000,0.00000,-1.00000,0.50488
146,142,1,0.09016,0.22634,-0.20000,0.00000,0.00000,-1.00000,0.47412
147,142,1,0.08277,0.22414,-0.20000,0.00000,0.00000,-1.00000,0.44531
148,142,1,0.07538,0.22194,-0.20000,0.00000,0.00000,-1.00000,0.41602
149,142,1,0.06799,0.21974,-0.20000,0.00000,0.00000,-1.00000,0.38623
150,142,1,0.06059,0.21754,-0.20000,0.00000,0.00000,-1.00000,0.35645
151,142,1,0.05320,0.21534,-0.20000,0.00000,0.00000,-1.00000,0.32812
152,142,1,0.04581,0.21315,-0.20000,0.00000,0.00000,-1.00000,0.30566
153,142,4,0.10857,0.26707,-0.29120,0.72388,0.44715,0.52541,0.45557
154,142,4,0.11397,0.27510,-0.30782,0.75991,0.50066,0.41458,0.55273
155,142,4,0.11633,0.28071,-0.32051,0.77561,0.53806,0.33002,0.62305
156,142,4,0.11725,0.28516,-0.33131,0.78177,0.56770,0.25797,0.67676
157,142,4,0.11727,0.28889,-0.34095,0.78188,0.59256,0.19372,0.72217
158,142,4,0.11664,0.29210,-0.34974,0.77767,0.61399,0.13504,0.75830
159,142,4,0.11551,0.29491,-0.35788,0.77015,0.63272,0.08084,0.79199
160,142,4,0.11397,0.29740,-0.36549,0.75991,0.64933,0.03007,0.81494
161,142,4,0.11210,0.29962,-0.37267,0.74744,0.66409,-0.01777,0.84082
162,142,4,0.10993,0.30160,-0.37945,0.73299,0.67731,-0.06304,0.85938
163,142,4,0.10751,0.30338,-0.38592,0.71681,0.68914,-0.10615,0.87891
164,142,4,0.10484,0.30496,-0.39206,0.69907,0.69975,-0.14713,0.89648
165,142,4,0.10198,0.30638,-0.39795,0.67995,0.70918,-0.18636,0.91455
166,142,4,0.09891,0.30764,-0.40357,0.65951,0.71760,-0.22383,0.92529
167,142,4,0.09566,0.30876,-0.40896,0.63784,0.72504,-0.25976,0.93555
168,142,4,0.09224,0.30973,-0.41412,0.61503,0.73158,-0.29417,0.94727
169,142,4,0.08865,0.31058,-0.41907,0.59114,0.73722,-0.32719,0.95557
170,142,4,0.08492,0.31131,-0.42382,0.56622,0.74202,-0.35889,0.96387
171,142,4,0.08102,0.31191,-0.42837,0.54025,0.74610,-0.38919,0.97021
172,142,4,0.07699,0.31240,-0.43273,0.51337,0.74933,-0.41828,0.97559
173,142,4,0.07281,0.31277,-0.43691,0.48551,0.75183,-0.44613,0.97949
174,142,4,0.06849,0.31303,-0.44091,0.45669,0.75359,-0.47280,0.98389
175,142,4,0.06404,0.31319,-0.44473,0.42701,0.75456,-0.49830,0.98730
176,142,4,0.05945,0.31323,-0.44837,0.39639,0.75485,-0.52256,0.99072
177,142,4,0.05472,0.31316,-0.45184,0.36486,0.75441,-0.54566,0.99219
178,142,4,0.04985,0.31298,-0.45512,0.33242,0.75325,-0.56755,0.99463
180,142,4,0.03971,0.31230,-0.46115,0.26479,0.74866,-0.60778,0.99609
182,142,4,0.02900,0.31116,-0.46645,0.19333,0.74105,-0.64302,0.99805
184,142,4,0.01767,0.30953,-0.47094,0.11780,0.73017,-0.67303,0.99805
186,142,4,0.00568,0.30737,-0.47457,0.03790,0.71579,-0.69728,0.99854
188,142,4,-0.00705,0.30461,-0.47725,-0.04700,0.69744,-0.71510,0.99951
190,142,4,-0.02065,0.30117,-0.47879,-0.13766,0.67443,-0.72540,1.00000
192,142,4,-0.03532,0.29686,-0.47893,-0.23550,0.64576,-0.72631,1.00000
194,142,4,-0.05142,0.29141,-0.47722,-0.34287,0.60937,-0.71492,0.99951
196,142,4,-0.06969,0.28422,-0.47269,-0.46467,0.56150,-0.68468,1.00000
198,142,4,-0.09226,0.27360,-0.46257,-0.61509,0.49062,-0.61721,1.00000
95,143,3,0.48770,0.34836,-0.22669,0.15085,0.39347,-0.90687,0.99414
96,143,3,0.48147,0.34709,-0.22819,0.12588,0.38836,-0.91286,0.99365
97,143,3,0.47513,0.34573,-0.22956,0.10052,0.38292,-0.91830,0.99219
98,143,3,0.46866,0.34427,-0.23076,0.07466,0.37710,-0.92316,0.98877
99,143,3,0.46209,0.34273,-0.23182,0.04835,0.37093,-0.92739,0.98779
100,143,3,0.45539,0.34109,-0.23273,0.02156,0.36437,-0.93101,0.98633
101,143,3,0.44856,0.33934,-0.23346,-0.00575,0.35737,-0.93395,0.98242
102,143,3,0.44159,0.33748,-0.23401,-0.03364,0.34994,-0.93616,0.97852
103,143,3,0.43448,0.33551,-0.23438,-0.06207,0.34207,-0.93762,0.97461
104,143,3,0.42723,0.33342,-0.23456,-0.09110,0.33370,-0.93826,0.96973
105,143,3,0.41978,0.33118,-0.23448,-0.12091,0.32475,-0.93803,0.96484
106,143,3,0.41216,0.32880,-0.23420,-0.15136,0.31522,-0.93688,0.95850
107,143,3,0.40434,0.32626,-0.23364,-0.18265,0.30506,-0.93466,0.95410
108,143,3,0.39631,0.32355,-0.23280,-0.21479,0.29419,-0.93129,0.94385
109,143,3,0.38801,0.32063,-0.23163,-0.24795,0.28252,-0.92666,0.93506
110,143,3,0.37947,0.31751,-0.23013,-0.28213,0.27000,-0.92060,0.92480
111,143,3,0.37057,0.31410,-0.22818,-0.31774,0.25640,-0.91285,0.90869
112,143,3,0.36134,0.31043,-0.22578,-0.35467,0.24167,-0.90322,0.89648
113,143,3,0.35165,0.30639,-0.22279,-0.39345,0.22558,-0.89124,0.87598
114,143,3,0.34139,0.30191,-0.21908,-0.43449,0.20763,-0.87642,0.85693
115,143,3,0.33046,0.29687,-0.21447,-0.47821,0.18749,-0.85800,0.83447
116,143,3,0.31858,0.29109,-0.20864,-0.52571,0.16434,-0.83464,0.80615
117,143,3,0.30523,0.28413,-0.20090,-0.57914,0.13653,-0.80371,0.76221
118,143,3,0.28936,0.27514,-0.18987,-0.64262,0.10059,-0.75955,0.68164
119,143,3,0.26517,0.25951,-0.16804,-0.73933,0.03807,-0.67226,0.50000
120,143,1,0.20000,0.21109,-0.09292,1.00000,0.00000,-0.00000,0.20117
121,143,1,0.20000,0.21480,-0.10253,1.00000,0.00000,-0.00000,0.22998
122,143,1,0.20000,0.21852,-0.11214,1.00000,0.00000,-0.00000,0.25635
123,143,1,0.20000,0.22223,-0.12175,1.00000,0.00000,-0.00000,0.28223
124,143,1,0.20000,0.22595,-0.13136,1.00000,0.00000,-0.00000,0.31250
125,143,1,0.20000,0.22966,-0.14097,1.00000,0.00000,-0.00000,0.34375
126,143,1,0.20000,0.23338,-0.15058,1.00000,0.00000,-0.00000,0.37256
127,143,1,0.20000,0.23709,-0.16019,1.00000,0.00000,-0.00000,0.40674
128,143,1,0.20000,0.24081,-0.16980,1.00000,0.00000,-0.00000,0.43408
129,143,1,0.20000,0.24452,-0.17941,1.00000,0.00000,-0.00000,0.46094
130,143,1,0.20000,0.24824,-0.18902,1.00000,0.00000,-0.00000,0.49365
131,143,1,0.20000,0.25195,-0.19863,1.00000,0.00000,-0.00000,0.52100
132,143,1,0.19366,0.25060,-0.20000,0.00000,0.00000,-1.00000,0.78516
133,143,1,0.18627,0.24840,-0.20000,0.00000,0.00000,-1.00000,0.77002
134,143,1,0.17887,0.24620,-0.20000,0.00000,0.00000,-1.00000,0.75488
135,143,1,0.17148,0.24400,-0.20000,0.00000,0.00000,-1.00000,0.73877
136,143,1,0.16409,0.24180,-0.20000,0.00000,0.00000,-1.00000,0.71729
137,143,1,0.15670,0.23960,-0.20000,0.00000,0.00000,-1.00000,0.70068
138,143,1,0.14930,0.23741,-0.20000,0.00000,0.00000,-1.00000,0.67725
139,143,1,0.14191,0.23521,-0.20000,0.00000,0.00000,-1.00000,0.66260
140,143,1,0.13452,0.23301,-0.20000,0.00000,0.00000,-1.00000,0.63574
141,143,1,0.12713,0.23081,-0.20000,0.00000,0.00000,-1.00000,0.60645
142,143,1,0.11973,0.22861,-0.20000,0.00000,0.00000,-1.00000,0.58545
143,143,1,0.11234,0.22641,-0.20000,0.00000,0.00000,-1.00000,0.55469
144,143,1,0.10495,0.22421,-0.20000,0.00000,0.00000,-1.00000,0.53076
145,143,1,0.09756,0.22202,-0.20000,0.00000,0.00000,-1.00000,0.49854
146,143,1,0.09016,0.21982,-0.20000,0.00000,0.00000,-1.00000,0.47021
147,143,1,0.08277,0.21762,-0.20000,0.00000,0.00000,-1.00000,0.44043
148,143,1,0.07538,0.21542,-0.20000,0.00000,0.00000,-1.00000,0.41260
149,143,1,0.06799,0.21322,-0.20000,0.00000,0.00000,-1.00000,0.38135
150,143,1,0.06059,0.21102,-0.20000,0.00000,0.00000,-1.00000,0.35254
151,143,1,0.05320,0.20883,-0.20000,0.00000,0.00000,-1.00000,0.32471
152,143,4,0.10279,0.25221,-0.27408,0.68475,0.34775,0.63795,0.34473
153,143,4,0.11494,0.26565,-0.29948,0.76639,0.43766,0.47022,0.50537
154,143,4,0.11884,0.27248,-0.31416,0.79241,0.48319,0.37230,0.59131
155,143,4,0.12059,0.27760,-0.32605,0.80405,0.51734,0.29302,0.65137
156,143,4,0.12116,0.28177,-0.33640,0.80786,0.54513,0.22404,0.69775
157,143,4,0.12095,0.28532,-0.34573,0.80642,0.56877,0.16183,0.73828
158,143,4,0.12015,0.28839,-0.35430,0.80111,0.58929,0.10467,0.77295
159,143,4,0.11889,0.29110,-0.36228,0.79277,0.60734,0.05150,0.80127
160,143,4,0.11727,0.29351,-0.36977,0.78189,0.62341,0.00152,0.82812
161,143,4,0.11531,0.29567,-0.37684,0.76887,0.63777,-0.04562,0.85010
162,143,4,0.11308,0.29760,-0.38356,0.75398,0.65064,-0.09039,0.87061
163,143,4,0.11060,0.29933,-0.38993,0.73745,0.66219,-0.13293,0.89111
164,143,4,0.10790,0.30088,-0.39604,0.71942,0.67253,-0.17358,0.90430
165,143,4,0.10499,0.30227,-0.40186,0.70004,0.68176,-0.21246,0.91846
166,143,4,0.10189,0.30351,-0.40745,0.67935,0.69003,-0.24968,0.93311
167,143,4,0.09861,0.30460,-0.41279,0.65751,0.69733,-0.28532,0.94043
168,143,4,0.09517,0.30556,-0.41793,0.63455,0.70373,-0.31956,0.95410
169,143,4,0.09157,0.30639,-0.42285,0.61053,0.70927,-0.35239,0.96045
170,143,4,0.08781,0.30710,-0.42758,0.58548,0.71402,-0.38390,0.96777
171,143,4,0.08390,0.30770,-0.43211,0.55946,0.71796,-0.41417,0.97363
172,143,4,0.07986,0.30817,-0.43647,0.53247,0.72117,-0.44316,0.97852
173,143,4,0.07568,0.30854,-0.44064,0.50457,0.72361,-0.47095,0.98340
174,143,4,0.07135,0.30880,-0.44463,0.47573,0.72533,-0.49758,0.98535
175,143,4,0.06689,0.30895,-0.44844,0.44603,0.72631,-0.52299,0.98926
176,143,4,0.06230,0.30899,-0.45208,0.41542,0.72658,-0.54727,0.99121
177,143,4,0.05758,0.30892,-0.45555,0.38390,0.72615,-0.57037,0.99414
34,144,3,0.66001,0.25304,0.13553,0.83974,0.01217,0.54195,0.99951
36,144,3,0.68262,0.27857,0.08692,0.93060,0.11425,0.34775,1.00000
38,144,3,0.68938,0.29141,0.05891,0.95762,0.16563,0.23566,1.00000
40,144,3,0.69203,0.30096,0.03624,0.96823,0.20378,0.14500,1.00000
42,144,3,0.69242,0.30870,0.01652,0.96980,0.23480,0.06609,1.00000
44,144,3,0.69131,0.31524,-0.00126,0.96534,0.26094,-0.00504,1.00000
46,144,3,0.68908,0.32089,-0.01758,0.95639,0.28353,-0.07032,1.00000
48,144,3,0.68594,0.32580,-0.03272,0.94388,0.30322,-0.13088,1.00000
50,144,3,0.68208,0.33015,-0.04692,0.92843,0.32061,-0.18773,1.00000
52,144,3,0.67759,0.33399,-0.06031,0.91045,0.33597,-0.24124,1.00000
54,144,3,0.67255,0.33739,-0.07297,0.89029,0.34953,-0.29189,0.99951
56,144,3,0.66702,0.34039,-0.08500,0.86814,0.36156,-0.34002,1.00000
58,144,3,0.66102,0.34303,-0.09643,0.84422,0.37212,-0.38577,1.00000
60,144,3,0.65464,0.34535,-0.10735,0.81861,0.38138,-0.42944,1.00000
62,144,3,0.64785,0.34735,-0.11775,0.79150,0.38941,-0.47105,1.00000
64,144,3,0.64071,0.34907,-0.12768,0.76293,0.39629,-0.51078,1.00000
66,144,3,0.63323,0.35051,-0.13717,0.73298,0.40202,-0.54875,1.00000
68,144,3,0.62541,0.35169,-0.14623,0.70170,0.40674,-0.58495,1.00000
70,144,3,0.61726,0.35260,-0.15486,0.66914,0.41039,-0.61953,1.00000
72,144,3,0.60881,0.35327,-0.16309,0.63534,0.41311,-0.65245,1.00000
74,144,3,0.60005,0.35370,-0.17093,0.60030,0.41480,-0.68380,1.00000
76,144,3,0.59099,0.35388,-0.17837,0.56404,0.41554,-0.71357,1.00000
78,144,3,0.58163,0.35382,-0.18542,0.52661,0.41530,-0.74177,1.00000
80,144,3,0.57197,0.35353,-0.19208,0.48792,0.41411,-0.76841,1.00000
82,144,3,0.56200,0.35298,-0.19834,0.44805,0.41194,-0.79345,1.00000
84,144,3,0.55173,0.35219,-0.20420,0.40694,0.40876,-0.81690,1.00000
86,144,3,0.54113,0.35115,-0.20966,0.36458,0.40458,-0.83869,1.00000
88,144,3,0.53021,0.34984,-0.21467,0.32087,0.39937,-0.85880,0.99902
90,144,3,0.51895,0.34826,-0.21926,0.27586,0.39305,-0.87716,0.99951
92,144,3,0.50735,0.34641,-0.22340,0.22944,0.38562,-0.89368,0.99805
94,144,3,0.49537,0.34426,-0.22704,0.18150,0.37704,-0.90823,0.99609
96,144,3,0.48298,0.34178,-0.23016,0.13196,0.36714,-0.92076,0.99414
97,144,3,0.47664,0.34042,-0.23152,0.10659,0.36168,-0.92618,0.99170
98,144,3,0.47018,0.33897,-0.23273,0.08072,0.35589,-0.93103,0.99072
99,144,3,0.46360,0.33742,-0.23379,0.05438,0.34970,-0.93529,0.98828
100,144,3,0.45690,0.33578,-0.23469,0.02761,0.34311,-0.93888,0.98682
101,144,3,0.45009,0.33404,-0.23545,0.00034,0.33616,-0.94179,0.98193
102,144,3,0.44311,0.33217,-0.23598,-0.02756,0.32873,-0.94402,0.97949
103,144,3,0.43599,0.33020,-0.23634,-0.05604,0.32083,-0.94547,0.97559
104,144,3,0.42873,0.32810,-0.23651,-0.08509,0.31242,-0.94613,0.97070
105,144,3,0.42129,0.32587,-0.23645,-0.11485,0.30348,-0.94590,0.96436
106,144,3,0.41367,0.32349,-0.23615,-0.14533,0.29397,-0.94470,0.95850
107,144,3,0.40584,0.32094,-0.23559,-0.17665,0.28375,-0.94249,0.95215
108,144,3,0.39781,0.31823,-0.23476,-0.20878,0.27287,-0.93911,0.94434
109,144,3,0.38952,0.31531,-0.23359,-0.24195,0.26121,-0.93446,0.93457
110,144,3,0.38095,0.31218,-0.23206,-0.27621,0.24869,-0.92836,0.92529
111,144,3,0.37207,0.30878,-0.23012,-0.31176,0.23512,-0.92062,0.91260
112,144,3,0.36283,0.30511,-0.22773,-0.34867,0.22042,-0.91096,0.89697
113,144,3,0.35311,0.30105,-0.22470,-0.38759,0.20420,-0.89893,0.88281
114,144,3,0.34287,0.29657,-0.22099,-0.42859,0.18623,-0.88410,0.86182
115,144,3,0.33193,0.29153,-0.21638,-0.47232,0.16612,-0.86563,0.83496
116,144,3,0.32002,0.28572,-0.21051,-0.51996,0.14290,-0.84215,0.80762
117,144,3,0.30669,0.27877,-0.20279,-0.57327,0.11513,-0.81124,0.76660
118,144,3,0.29073,0.26972,-0.19165,-0.63711,0.07888,-0.76672,0.68799
119,144,3,0.26618,0.25379,-0.16935,-0.73537,0.01520,-0.67749,0.50781
120,144,1,0.20000,0.20457,-0.09292,1.00000,0.00000,-0.00000,0.21240
121,144,1,0.20000,0.20828,-0.10253,1.00000,0.00000,-0.00000,0.23389
122,144,1,0.20000,0.21200,-0.11214,1.00000,0.00000,-0.00000,0.26221
123,144,1,0.20000,0.21571,-0.12175,1.00000,0.00000,-0.00000,0.28857
124,144,1,0.20000,0.21943,-0.13136,1.00000,0.00000,-0.00000,0.31738
125,144,1,0.20000,0.22314,-0.14097,1.00000,0.00000,-0.00000,0.34863
126,144,1,0.20000,0.22686,-0.15058,1.00000,0.00000,-0.00000,0.37549
127,144,1,0.20000,0.23057,-0.16019,1.00000,0.00000,-0.00000,0.40723
128,144,1,0.20000,0.23429,-0.16980,1.00000,0.00000,-0.00000,0.43652
129,144,1,0.20000,0.23800,-0.17942,1.00000,0.00000,-0.00000,0.46338
130,144,1,0.20000,0.24172,-0.18903,1.00000,0.00000,-0.00000,0.49219
131,144,1,0.20000,0.24544,-0.19863,1.00000,0.00000,-0.00000,0.51904
132,144,1,0.19366,0.24408,-0.20000,0.00000,0.00000,-1.00000,0.78174
133,144,1,0.18627,0.24188,-0.20000,0.00000,0.00000,-1.00000,0.76416
134,144,1,0.17887,0.23968,-0.20000,0.00000,0.00000,-1.00000,0.75293
135,144,1,0.17148,0.23748,-0.20000,0.00000,0.00000,-1.00000,0.73242
136,144,1,0.16409,0.23528,-0.20000,0.00000,0.00000,-1.00000,0.71680
137,144,1,0.15670,0.23308,-0.20000,0.00000,0.00000,-1.00000,0.69482
138,144,1,0.14930,0.23089,-0.20000,0.00000,0.00000,-1.00000,0.67529
139,144,1,0.14191,0.22869,-0.20000,0.00000,0.00000,-1.00000,0.65625
140,144,1,0.13452,0.22649,-0.20000,0.00000,0.00000,-1.00000,0.63086
141,144,1,0.12713,0.22429,-0.20000,0.00000,0.00000,-1.00000,0.60205
142,144,1,0.11973,0.22209,-0.20000,0.00000,0.00000,-1.00000,0.57861
143,144,1,0.11234,0.21989,-0.20000,0.00000,0.00000,-1.00000,0.55127
144,144,1,0.10495,0.21770,-0.20000,0.00000,0.00000,-1.00000,0.52246
145,144,1,0.09756,0.21550,-0.20000,0.00000,0.00000,-1.00000,0.49170
146,144,1,0.09016,0.21330,-0.20000,0.00000,0.00000,-1.00000,0.46387
147,144,1,0.08277,0.21110,-0.20000,0.00000,0.00000,-1.00000,0.43945
148,144,1,0.07538,0.20890,-0.20000,0.00000,0.00000,-1.00000,0.40527
149,144,1,0.06799,0.20670,-0.20000,0.00000,0.00000,-1.00000,0.37549
150,144,1,0.06059,0.20450,-0.20000,0.00000,0.00000,-1.00000,0.34961
151,144,1,0.05320,0.20231,-0.20000,0.00000,0.00000,-1.00000,0.32324
152,144,4,0.11296,0.25383,-0.28729,0.75273,0.35865,0.55068,0.42725
153,144,4,0.12009,0.26325,-0.30618,0.80072,0.42163,0.42552,0.54297
154,144,4,0.12309,0.26937,-0.31969,0.82074,0.46244,0.33546,0.61816
155,144,4,0.12442,0.27414,-0.33102,0.82957,0.49425,0.25987,0.67188
156,144,4,0.12472,0.27810,-0.34103,0.83162,0.52067,0.19317,0.71582
157,144,4,0.12433,0.28150,-0.35012,0.82897,0.54336,0.13254,0.75537
158,144,4,0.12340,0.28447,-0.35853,0.82280,0.56316,0.07648,0.78760
159,144,4,0.12205,0.28711,-0.36638,0.81377,0.58068,0.02415,0.81445
160,144,4,0.12034,0.28945,-0.37377,0.80235,0.59632,-0.02513,0.84277
161,144,4,0.11832,0.29155,-0.38075,0.78890,0.61033,-0.07166,0.86133
162,144,4,0.11603,0.29344,-0.38739,0.77366,0.62291,-0.11594,0.88232
163,144,4,0.11351,0.29514,-0.39372,0.75681,0.63421,-0.15816,0.89697
164,144,4,0.11076,0.29665,-0.39976,0.73853,0.64436,-0.19840,0.91260
165,144,4,0.10783,0.29802,-0.40555,0.71890,0.65345,-0.23705,0.92676
166,144,4,0.10469,0.29923,-0.41109,0.69806,0.66156,-0.27397,0.93701
167,144,4,0.10139,0.30031,-0.41641,0.67608,0.66870,-0.30946,0.94775
168,144,4,0.09793,0.30125,-0.42152,0.65298,0.67499,-0.34353,0.95605
169,144,4,0.09431,0.30207,-0.42642,0.62883,0.68048,-0.37619,0.96240
170,144,4,0.09054,0.30277,-0.43113,0.60371,0.68511,-0.40761,0.97119
171,144,4,0.08663,0.30336,-0.43566,0.57760,0.68901,-0.43777,0.97559
172,144,4,0.08257,0.30383,-0.43999,0.55058,0.69214,-0.46670,0.97949
173,144,4,0.07838,0.30419,-0.44415,0.52262,0.69458,-0.49440,0.98633
174,144,4,0.07405,0.30444,-0.44814,0.49376,0.69626,-0.52098,0.98877
175,144,4,0.06959,0.30458,-0.45194,0.46400,0.69725,-0.54639,0.99268
176,144,4,0.06499,0.30463,-0.45558,0.43338,0.69753,-0.57063,0.99512
178,144,4,0.05541,0.30439,-0.46235,0.36949,0.69595,-0.61573,0.99658
180,144,4,0.04530,0.30373,-0.46841,0.30205,0.69152,-0.65618,0.99854
182,144,4,0.03462,0.30262,-0.47376,0.23088,0.68415,-0.69183,0.99854
184,144,4,0.02337,0.30105,-0.47835,0.15585,0.67365,-0.72243,0.99951
186,144,4,0.01148,0.29897,-0.48211,0.07656,0.65978,-0.74755,1.00000
188,144,4,-0.00112,0.29632,-0.48496,-0.00742,0.64216,-0.76653,1.00000
190,144,4,-0.01452,0.29303,-0.48675,-0.09679,0.62016,-0.77848,1.00000
192,144,4,-0.02892,0.28894,-0.48726,-0.19277,0.59293,-0.78184,1.00000
194,144,4,-0.04459,0.28384,-0.48611,-0.29725,0.55894,-0.77410,1.00000
196,144,4,-0.06209,0.27726,-0.48257,-0.41397,0.51508,-0.75054,1.00000
198,144,4,-0.08280,0.26813,-0.47487,-0.55201,0.45423,-0.69925,1.00000
200,144,4,-0.11456,0.25015,-0.45280,-0.76374,0.33440,-0.55215,1.00000
96,145,3,0.48442,0.33641,-0.23203,0.13769,0.34565,-0.92821,0.99414
97,145,3,0.47807,0.33505,-0.23339,0.11231,0.34018,-0.93362,0.99219
98,145,3,0.47161,0.33360,-0.23459,0.08646,0.33437,-0.93847,0.98975
99,145,3,0.46502,0.33204,-0.23564,0.06011,0.32816,-0.94272,0.98828
100,145,3,0.45832,0.33039,-0.23654,0.03328,0.32161,-0.94629,0.98486
101,145,3,0.45150,0.32865,-0.23728,0.00602,0.31462,-0.94921,0.98438
102,145,3,0.44453,0.32679,-0.23783,-0.02187,0.30719,-0.95141,0.97852
103,145,3,0.43741,0.32481,-0.23818,-0.05035,0.29928,-0.95285,0.97559
104,145,3,0.43014,0.32271,-0.23835,-0.07943,0.29085,-0.95348,0.96973
105,145,3,0.42269,0.32047,-0.23827,-0.10925,0.28186,-0.95323,0.96582
106,145,3,0.41508,0.31809,-0.23798,-0.13969,0.27236,-0.95201,0.95752
107,145,3,0.40724,0.31554,-0.23741,-0.17103,0.26212,-0.94975,0.95312
108,145,3,0.39919,0.31281,-0.23655,-0.20326,0.25123,-0.94634,0.94580
109,145,3,0.39092,0.30991,-0.23540,-0.23634,0.23961,-0.94166,0.93555
110,145,3,0.38232,0.30675,-0.23384,-0.27074,0.22701,-0.93551,0.92676
111,145,3,0.37345,0.30337,-0.23192,-0.30621,0.21345,-0.92773,0.91162
112,145,3,0.36417,0.29966,-0.22946,-0.34335,0.19862,-0.91797,0.89795
113,145,3,0.35445,0.29560,-0.22644,-0.38224,0.18237,-0.90589,0.88086
114,145,3,0.34420,0.29112,-0.22272,-0.42321,0.16446,-0.89098,0.86475
115,145,3,0.33324,0.28606,-0.21809,-0.46704,0.14425,-0.87239,0.83936
116,145,3,0.32129,0.28022,-0.21216,-0.51485,0.12089,-0.84871,0.80664
117,145,3,0.30787,0.27319,-0.20432,-0.56856,0.09278,-0.81739,0.76709
118,145,3,0.29180,0.26406,-0.19305,-0.63281,0.05624,-0.77226,0.69678
119,145,3,0.26627,0.24735,-0.16947,-0.73498,-0.01057,-0.67800,0.50537
120,145,1,0.20000,0.19805,-0.09292,1.00000,0.00000,-0.00000,0.22070
121,145,1,0.20000,0.20176,-0.10253,1.00000,0.00000,-0.00000,0.24316
122,145,1,0.20000,0.20548,-0.11214,1.00000,0.00000,-0.00000,0.26953
123,145,1,0.20000,0.20919,-0.12175,1.00000,0.00000,-0.00000,0.29834
124,145,1,0.20000,0.21291,-0.13137,1.00000,0.00000,-0.00000,0.32617
125,145,1,0.20000,0.21662,-0.14097,1.00000,0.00000,-0.00000,0.35400
126,145,1,0.20000,0.22034,-0.15058,1.00000,0.00000,-0.00000,0.38184
127,145,1,0.20000,0.22405,-0.16019,1.00000,0.00000,-0.00000,0.40869
128,145,1,0.20000,0.22777,-0.16980,1.00000,0.00000,-0.00000,0.43799
129,145,1,0.20000,0.23149,-0.17941,1.00000,0.00000,-0.00000,0.46533
130,145,1,0.20000,0.23520,-0.18902,1.00000,0.00000,-0.00000,0.49268
131,145,1,0.20000,0.23892,-0.19864,1.00000,0.00000,-0.00000,0.52197
132,145,1,0.19366,0.23756,-0.20000,0.00000,0.00000,-1.00000,0.77686
133,145,1,0.18626,0.23536,-0.20000,0.00000,0.00000,-1.00000,0.76367
134,145,1,0.17887,0.23316,-0.20000,0.00000,0.00000,-1.00000,0.75049
135,145,1,0.17148,0.23096,-0.20000,0.00000,0.00000,-1.00000,0.73242
136,145,1,0.16409,0.22876,-0.20000,0.00000,0.00000,-1.00000,0.71582
137,145,1,0.15670,0.22657,-0.20000,0.00000,0.00000,-1.00000,0.69141
138,145,1,0.14930,0.22437,-0.20000,0.00000,0.00000,-1.00000,0.67285
139,145,1,0.14191,0.22217,-0.20000,0.00000,0.00000,-1.00000,0.64795
140,145,1,0.13452,0.21997,-0.20000,0.00000,0.00000,-1.00000,0.62500
141,145,1,0.12713,0.21777,-0.20000,0.00000,0.00000,-1.00000,0.60547
142,145,1,0.11973,0.21557,-0.20000,0.00000,0.00000,-1.00000,0.57861
143,145,1,0.11234,0.21337,-0.20000,0.00000,0.00000,-1.00000,0.54639
144,145,1,0.10495,0.21118,-0.20000,0.00000,0.00000,-1.00000,0.52051
145,145,1,0.09756,0.20898,-0.20000,0.00000,0.00000,-1.00000,0.48926
146,145,1,0.09016,0.20678,-0.20000,0.00000,0.00000,-1.00000,0.45996
147,145,1,0.08277,0.20458,-0.20000,0.00000,0.00000,-1.00000,0.43213
148,145,1,0.07538,0.20238,-0.20000,0.00000,0.00000,-1.00000,0.40527
149,145,1,0.06799,0.20018,-0.20000,0.00000,0.00000,-1.00000,0.37549
150,145,1,0.06059,0.19798,-0.20000,0.00000,0.00000,-1.00000,0.35010
151,145,1,0.05320,0.19579,-0.20000,0.00000,0.00000,-1.00000,0.32520
152,145,4,0.11910,0.25222,-0.29527,0.79407,0.34811,0.49826,0.47461
153,145,4,0.12445,0.26022,-0.31184,0.82976,0.40144,0.38775,0.57227
154,145,4,0.12687,0.26587,-0.32460,0.84591,0.43910,0.30271,0.63770
155,145,4,0.12788,0.27039,-0.33552,0.85262,0.46925,0.22988,0.68896
156,145,4,0.12799,0.27419,-0.34527,0.85334,0.49459,0.16488,0.73193
157,145,4,0.12746,0.27748,-0.35419,0.84976,0.51653,0.10540,0.76807
158,145,4,0.12642,0.28037,-0.36245,0.84286,0.53577,0.05035,0.79883
159,145,4,0.12498,0.28293,-0.37019,0.83328,0.55284,-0.00125,0.82471
160,145,4,0.12319,0.28522,-0.37748,0.82142,0.56814,-0.04985,0.84668
161,145,4,0.12112,0.28728,-0.38440,0.80760,0.58187,-0.09598,0.87012
162,145,4,0.11880,0.28913,-0.39099,0.79205,0.59422,-0.13989,0.88818
163,145,4,0.11623,0.29079,-0.39725,0.77499,0.60528,-0.18170,0.90479
164,145,4,0.11346,0.29229,-0.40327,0.75649,0.61525,-0.22180,0.91797
165,145,4,0.11049,0.29363,-0.40901,0.73669,0.62420,-0.26012,0.92871
166,145,4,0.10734,0.29483,-0.41453,0.71568,0.63217,-0.29693,0.94287
167,145,4,0.10402,0.29589,-0.41982,0.69354,0.63927,-0.33218,0.95068
168,145,4,0.10054,0.29682,-0.42490,0.67034,0.64546,-0.36610,0.95850
169,145,4,0.09690,0.29763,-0.42979,0.64610,0.65086,-0.39866,0.96680
170,145,4,0.09312,0.29832,-0.43449,0.62090,0.65545,-0.42996,0.97363
171,145,4,0.08920,0.29889,-0.43899,0.59474,0.65928,-0.46004,0.97949
172,145,4,0.08514,0.29936,-0.44332,0.56766,0.66239,-0.48888,0.98340
173,145,4,0.08094,0.29971,-0.44748,0.53968,0.66475,-0.51658,0.98584
174,145,4,0.07660,0.29996,-0.45145,0.51077,0.66643,-0.54313,0.99121
175,145,4,0.07214,0.30011,-0.45526,0.48101,0.66742,-0.56850,0.99365
34,146,3,0.65820,0.23856,0.13788,0.83207,-0.04569,0.55101,0.99902
36,146,3,0.68478,0.26726,0.08411,0.93917,0.06901,0.33646,1.00000
38,146,3,0.69179,0.28030,0.05578,0.96723,0.12119,0.22313,1.00000
40,146,3,0.69454,0.28993,0.03298,0.97829,0.15971,0.13195,1.00000
42,146,3,0.69503,0.29774,0.01313,0.98020,0.19097,0.05253,1.00000
44,146,3,0.69396,0.30433,-0.00471,0.97594,0.21730,-0.01882,1.00000
46,146,3,0.69175,0.30999,-0.02106,0.96713,0.23995,-0.08424,1.00000
48,146,3,0.68866,0.31494,-0.03625,0.95472,0.25975,-0.14501,1.00000
50,146,3,0.68481,0.31929,-0.05047,0.93936,0.27720,-0.20188,1.00000
52,146,3,0.68035,0.32316,-0.06389,0.92144,0.29263,-0.25556,1.00000
54,146,3,0.67531,0.32655,-0.07656,0.90134,0.30623,-0.30628,1.00000
56,146,3,0.66978,0.32957,-0.08860,0.87925,0.31827,-0.35443,1.00000
58,146,3,0.66381,0.33222,-0.10005,0.85535,0.32887,-0.40028,1.00000
60,146,3,0.65744,0.33455,-0.11099,0.82977,0.33819,-0.44398,0.99951
62,146,3,0.65065,0.33655,-0.12138,0.80270,0.34624,-0.48558,1.00000
64,146,3,0.64351,0.33827,-0.13132,0.77414,0.35311,-0.52538,1.00000
66,146,3,0.63603,0.33972,-0.14082,0.74421,0.35890,-0.56333,1.00000
68,146,3,0.62822,0.34090,-0.14988,0.71296,0.36359,-0.59958,1.00000
70,146,3,0.62008,0.34182,-0.15852,0.68041,0.36725,-0.63417,1.00000
72,146,3,0.61163,0.34249,-0.16675,0.64661,0.36993,-0.66712,1.00000
74,146,3,0.60287,0.34291,-0.17459,0.61157,0.37166,-0.69846,1.00000
76,146,3,0.59381,0.34310,-0.18203,0.57531,0.37239,-0.72825,1.00000
78,146,3,0.58445,0.34304,-0.18908,0.53788,0.37214,-0.75644,1.00000
80,146,3,0.57479,0.34274,-0.19574,0.49921,0.37095,-0.78306,1.00000
82,146,3,0.56482,0.34220,-0.20200,0.45935,0.36878,-0.80808,1.00000
84,146,3,0.55454,0.34141,-0.20787,0.41822,0.36560,-0.83152,1.00000
86,146,3,0.54395,0.34036,-0.21331,0.37582,0.36141,-0.85331,1.00000
88,146,3,0.53302,0.33905,-0.21833,0.33213,0.35621,-0.87339,0.99902
90,146,3,0.52175,0.33747,-0.22290,0.28706,0.34988,-0.89173,0.99902
92,146,3,0.51014,0.33561,-0.22702,0.24059,0.34244,-0.90821,0.99756
94,146,3,0.49815,0.33345,-0.23066,0.19266,0.33378,-0.92275,0.99609
95,146,3,0.49201,0.33225,-0.23228,0.16807,0.32899,-0.92925,0.99463
96,146,3,0.48576,0.33097,-0.23377,0.14309,0.32386,-0.93522,0.99268
97,146,3,0.47942,0.32961,-0.23514,0.11769,0.31842,-0.94062,0.99170
98,146,3,0.47296,0.32816,-0.23635,0.09186,0.31260,-0.94543,0.99023
99,146,3,0.46636,0.32660,-0.23739,0.06548,0.30638,-0.94966,0.98730
100,146,3,0.45965,0.32494,-0.23827,0.03863,0.29978,-0.95323,0.98535
101,146,3,0.45282,0.32319,-0.23900,0.01133,0.29280,-0.95610,0.98242
102,146,3,0.44585,0.32133,-0.23954,-0.01659,0.28531,-0.95828,0.97998
103,146,3,0.43873,0.31935,-0.23990,-0.04507,0.27738,-0.95971,0.97461
104,146,3,0.43146,0.31725,-0.24006,-0.07416,0.26897,-0.96030,0.96973
105,146,3,0.42400,0.31499,-0.23997,-0.10402,0.25996,-0.95999,0.96777
106,146,3,0.41636,0.31260,-0.23965,-0.13457,0.25036,-0.95875,0.95947
107,146,3,0.40855,0.31006,-0.23910,-0.16582,0.24021,-0.95644,0.95361
108,146,3,0.40047,0.30732,-0.23821,-0.19814,0.22927,-0.95299,0.94629
109,146,3,0.39217,0.30440,-0.23704,-0.23132,0.21759,-0.94824,0.93701
110,146,3,0.38358,0.30124,-0.23547,-0.26571,0.20492,-0.94202,0.92773
111,146,3,0.37467,0.29783,-0.23351,-0.30134,0.19128,-0.93413,0.91406
112,146,3,0.36538,0.29411,-0.23104,-0.33851,0.17640,-0.92428,0.90039
113,146,3,0.35565,0.29004,-0.22800,-0.37740,0.16017,-0.91209,0.88574
114,146,3,0.34535,0.28552,-0.22422,-0.41861,0.14208,-0.89698,0.86279
115,146,3,0.33435,0.28043,-0.21952,-0.46265,0.12174,-0.87815,0.84082
116,146,3,0.32236,0.27455,-0.21355,-0.51058,0.09818,-0.85421,0.80957
117,146,3,0.30880,0.26742,-0.20554,-0.56485,0.06969,-0.82224,0.76904
118,146,3,0.29248,0.25808,-0.19393,-0.63014,0.03234,-0.77581,0.69922
119,146,3,0.26501,0.23982,-0.16783,-0.74002,-0.04074,-0.67134,0.49121
120,146,1,0.20000,0.19153,-0.09292,1.00000,0.00000,-0.00000,0.23389
121,146,1,0.20000,0.19524,-0.10253,1.00000,0.00000,-0.00000,0.25635
122,146,1,0.20000,0.19896,-0.11214,1.00000,0.00000,-0.00000,0.27490
123,146,1,0.20000,0.20267,-0.12175,1.00000,0.00000,-0.00000,0.30420
124,146,1,0.20000,0.20639,-0.13136,1.00000,0.00000,-0.00000,0.32910
125,146,1,0.20000,0.21010,-0.14097,1.00000,0.00000,-0.00000,0.35840
126,146,1,0.20000,0.21382,-0.15058,1.00000,0.00000,-0.00000,0.38574
127,146,1,0.20000,0.21754,-0.16019,1.00000,0.00000,-0.00000,0.41309
128,146,1,0.20000,0.22125,-0.16980,1.00000,0.00000,-0.00000,0.44336
129,146,1,0.20000,0.22497,-0.17941,1.00000,0.00000,-0.00000,0.46826
130,146,1,0.20000,0.22868,-0.18902,1.00000,0.00000,-0.00000,0.49268
131,146,1,0.20000,0.23240,-0.19863,1.00000,0.00000,-0.00000,0.52393
132,146,1,0.19366,0.23104,-0.20000,0.00000,0.00000,-1.00000,0.77637
133,146,1,0.18627,0.22884,-0.20000,0.00000,0.00000,-1.00000,0.76514
134,146,1,0.17887,0.22664,-0.20000,0.00000,0.00000,-1.00000,0.74658
135,146,1,0.17148,0.22444,-0.20000,0.00000,0.00000,-1.00000,0.72900
136,146,1,0.16409,0.22224,-0.20000,0.00000,0.00000,-1.00000,0.71143
137,146,1,0.15670,0.22005,-0.20000,0.00000,0.00000,-1.00000,0.69287
138,146,1,0.14930,0.21785,-0.20000,0.00000,0.00000,-1.00000,0.66699
139,146,1,0.14191,0.21565,-0.20000,0.00000,0.00000,-1.00000,0.64893
140,146,1,0.13452,0.21345,-0.20000,0.00000,0.00000,-1.00000,0.62402
141,146,1,0.12713,0.21125,-0.20000,0.00000,0.00000,-1.00000,0.60010
142,146,1,0.11973,0.20905,-0.20000,0.00000,0.00000,-1.00000,0.57324
143,146,1,0.11234,0.20686,-0.20000,0.00000,0.00000,-1.00000,0.54785
144,146,1,0.10495,0.20466,-0.20000,0.00000,0.00000,-1.00000,0.52100
145,146,1,0.09756,0.20246,-0.20000,0.00000,0.00000,-1.00000,0.48975
146,146,1,0.09016,0.20026,-0.20000,0.00000,0.00000,-1.00000,0.45752
147,146,1,0.08277,0.19806,-0.20000,0.00000,0.00000,-1.00000,0.43506
148,146,1,0.07538,0.19586,-0.20000,0.00000,0.00000,-1.00000,0.40186
149,146,1,0.06799,0.19366,-0.20000,0.00000,0.00000,-1.00000,0.37646
150,146,1,0.06059,0.19147,-0.20000,0.00000,0.00000,-1.00000,0.34961
151,146,1,0.05320,0.18927,-0.20000,0.07847,0.02357,-0.81280,0.32373
152,146,4,0.12389,0.24953,-0.30151,0.82606,0.33021,0.45671,0.51807
153,146,4,0.12824,0.25673,-0.31677,0.85501,0.37815,0.35490,0.59668
154,146,4,0.13024,0.26204,-0.32898,0.86839,0.41361,0.27354,0.65869
155,146,4,0.13101,0.26638,-0.33959,0.87353,0.44254,0.20273,0.70410
156,146,4,0.13097,0.27006,-0.34914,0.87323,0.46704,0.13908,0.74561
157,146,4,0.13032,0.27325,-0.35792,0.86891,0.48836,0.08059,0.77881
158,146,4,0.12920,0.27607,-0.36607,0.86146,0.50715,0.02624,0.81006
159,146,4,0.12769,0.27858,-0.37372,0.85143,0.52388,-0.02481,0.83643
160,146,4,0.12586,0.28083,-0.38095,0.83921,0.53888,-0.07300,0.85840
161,146,4,0.12375,0.28286,-0.38781,0.82510,0.55237,-0.11876,0.87451
162,146,4,0.12138,0.28468,-0.39434,0.80930,0.56453,-0.16229,0.89600
163,146,4,0.11879,0.28632,-0.40058,0.79199,0.57548,-0.20390,0.90918
164,146,4,0.11598,0.28779,-0.40654,0.77334,0.58530,-0.24366,0.92188
165,146,4,0.11300,0.28912,-0.41227,0.75340,0.59410,-0.28183,0.93457
166,146,4,0.10982,0.29030,-0.41776,0.73226,0.60200,-0.31842,0.94336
167,146,4,0.10649,0.29134,-0.42303,0.71003,0.60895,-0.35361,0.95410
168,146,4,0.10300,0.29227,-0.42811,0.68673,0.61507,-0.38741,0.96191
169,146,4,0.09935,0.29306,-0.43297,0.66242,0.62041,-0.41987,0.96973
170,146,4,0.09556,0.29374,-0.43765,0.63714,0.62495,-0.45110,0.97705
171,146,4,0.09163,0.29431,-0.44215,0.61093,0.62877,-0.48105,0.98145
172,146,4,0.08756,0.29478,-0.44647,0.58379,0.63182,-0.50988,0.98535
173,146,4,0.08336,0.29513,-0.45062,0.55577,0.63417,-0.53753,0.98730
174,146,4,0.07902,0.29538,-0.45460,0.52689,0.63581,-0.56404,0.99121
175,146,4,0.07455,0.29552,-0.45840,0.49710,0.63679,-0.58939,0.99414
176,146,4,0.06996,0.29556,-0.46204,0.46646,0.63705,-0.61366,0.99561
178,146,4,0.06038,0.29533,-0.46881,0.40260,0.63552,-0.65880,0.99854
180,146,4,0.05028,0.29468,-0.47490,0.33526,0.63122,-0.69939,0.99902
182,146,4,0.03965,0.29360,-0.48029,0.26437,0.62399,-0.73535,1.00000
184,146,4,0.02844,0.29207,-0.48495,0.18966,0.61378,-0.76636,0.99951
186,146,4,0.01662,0.29004,-0.48879,0.11082,0.60029,-0.79207,1.00000
188,146,4,0.00412,0.28747,-0.49176,0.02748,0.58315,-0.81190,1.00000
190,146,4,-0.00915,0.28428,-0.49373,-0.06102,0.56191,-0.82494,1.00000
192,146,4,-0.02336,0.28035,-0.49448,-0.15573,0.53567,-0.82994,1.00000
194,146,4,-0.03876,0.27546,-0.49368,-0.25842,0.50308,-0.82470,1.00000
196,146,4,-0.05579,0.26927,-0.49076,-0.37198,0.46180,-0.80521,1.00000
198,146,4,-0.07547,0.26095,-0.48439,-0.50317,0.40631,-0.76272,1.00000
200,146,4,-0.10169,0.24741,-0.46954,-0.67794,0.31610,-0.66368,1.00000
95,147,3,0.49327,0.32674,-0.23393,0.17314,0.30696,-0.93583,0.99414
96,147,3,0.48702,0.32546,-0.23541,0.14812,0.30183,-0.94178,0.99316
97,147,3,0.48067,0.32409,-0.23676,0.12271,0.29633,-0.94716,0.99316
98,147,3,0.47421,0.32264,-0.23798,0.09685,0.29055,-0.95194,0.98926
99,147,3,0.46762,0.32108,-0.23902,0.07050,0.28430,-0.95615,0.98877
100,147,3,0.46090,0.31942,-0.23989,0.04360,0.27770,-0.95969,0.98535
101,147,3,0.45406,0.31766,-0.24061,0.01626,0.27065,-0.96253,0.98242
102,147,3,0.44708,0.31579,-0.24114,-0.01168,0.26315,-0.96470,0.97803
103,147,3,0.43994,0.31380,-0.24148,-0.04023,0.25517,-0.96606,0.97559
104,147,3,0.43267,0.31170,-0.24163,-0.06932,0.24674,-0.96659,0.97266
105,147,3,0.42520,0.30944,-0.24154,-0.09919,0.23775,-0.96625,0.96582
106,147,3,0.41755,0.30703,-0.24120,-0.12981,0.22812,-0.96495,0.95947
107,147,3,0.40972,0.30448,-0.24063,-0.16114,0.21792,-0.96256,0.95068
108,147,3,0.40164,0.30173,-0.23973,-0.19346,0.20693,-0.95903,0.94727
109,147,3,0.39332,0.29880,-0.23853,-0.22673,0.19515,-0.95421,0.93555
110,147,3,0.38471,0.29562,-0.23695,-0.26116,0.18248,-0.94789,0.92383
111,147,3,0.37578,0.29219,-0.23494,-0.29692,0.16873,-0.93988,0.91553
112,147,3,0.36647,0.28846,-0.23245,-0.33417,0.15382,-0.92988,0.90039
113,147,3,0.35668,0.28434,-0.22934,-0.37331,0.13741,-0.91748,0.88477
114,147,3,0.34634,0.27979,-0.22551,-0.41466,0.11919,-0.90213,0.86084
115,147,3,0.33527,0.27465,-0.22072,-0.45895,0.09862,-0.88297,0.83789
116,147,3,0.32317,0.26869,-0.21461,-0.50733,0.07472,-0.85851,0.80762
117,147,3,0.30949,0.26145,-0.20643,-0.56209,0.04584,-0.82581,0.76660
118,147,3,0.29280,0.25182,-0.19434,-0.62887,0.00725,-0.77748,0.69873
119,147,1,0.20000,0.18129,-0.08331,0.99834,-0.00004,-0.00069,0.22656
120,147,1,0.20000,0.18501,-0.09292,1.00000,0.00000,-0.00000,0.24268
121,147,1,0.20000,0.18872,-0.10253,1.00000,0.00000,-0.00000,0.26416
122,147,1,0.20000,0.19244,-0.11214,1.00000,0.00000,-0.00000,0.28955
123,147,1,0.20000,0.19615,-0.12175,1.00000,0.00000,-0.00000,0.31348
124,147,1,0.20000,0.19987,-0.13137,1.00000,0.00000,-0.00000,0.33936
125,147,1,0.20000,0.20359,-0.14097,1.00000,0.00000,-0.00000,0.36182
126,147,1,0.20000,0.20730,-0.15058,1.00000,0.00000,-0.00000,0.39111
127,147,1,0.20000,0.21102,-0.16019,1.00000,0.00000,-0.00000,0.41895
128,147,1,0.20000,0.21473,-0.16980,1.00000,0.00000,-0.00000,0.44434
129,147,1,0.20000,0.21845,-0.17941,1.00000,0.00000,-0.00000,0.47314
130,147,1,0.20000,0.22216,-0.18902,1.00000,0.00000,-0.00000,0.50000
131,147,1,0.20000,0.22588,-0.19863,1.00000,0.00000,-0.00000,0.52637
132,147,1,0.19366,0.22452,-0.20000,0.00000,0.00000,-1.00000,0.77637
133,147,1,0.18627,0.22232,-0.20000,0.00000,0.00000,-1.00000,0.75928
134,147,1,0.17887,0.22012,-0.20000,0.00000,0.00000,-1.00000,0.74121
135,147,1,0.17148,0.21792,-0.20000,0.00000,0.00000,-1.00000,0.72803
136,147,1,0.16409,0.21573,-0.20000,0.00000,0.00000,-1.00000,0.70801
137,147,1,0.15670,0.21353,-0.20000,0.00000,0.00000,-1.00000,0.68945
138,147,1,0.14930,0.21133,-0.20000,0.00000,0.00000,-1.00000,0.66699
139,147,1,0.14191,0.20913,-0.20000,0.00000,0.00000,-1.00000,0.64502
140,147,1,0.13452,0.20693,-0.20000,0.00000,0.00000,-1.00000,0.62207
141,147,1,0.12713,0.20473,-0.20000,0.00000,0.00000,-1.00000,0.60059
142,147,1,0.11973,0.20253,-0.20000,0.00000,0.00000,-1.00000,0.57471
143,147,1,0.11234,0.20034,-0.20000,0.00000,0.00000,-1.00000,0.54590
144,147,1,0.10495,0.19814,-0.20000,0.00000,0.00000,-1.00000,0.51514
145,147,1,0.09756,0.19594,-0.20000,0.00000,0.00000,-1.00000,0.49414
146,147,1,0.09016,0.19374,-0.20000,0.00000,0.00000,-1.00000,0.46484
147,147,1,0.08277,0.19154,-0.20000,0.00000,0.00000,-1.00000,0.43408
148,147,1,0.07538,0.18934,-0.20000,0.00000,0.00000,-1.00000,0.40576
149,147,1,0.06799,0.18714,-0.20000,0.00000,0.00000,-1.00000,0.37842
150,147,1,0.06059,0.18495,-0.20000,0.00000,0.00000,-1.00000,0.35547
151,147,4,0.11826,0.23479,-0.28457,0.78813,0.23183,0.56883,0.41309
152,147,4,0.12787,0.24620,-0.30668,0.85256,0.30800,0.42222,0.54102
153,147,4,0.13155,0.25286,-0.32108,0.87714,0.35242,0.32622,0.61719
154,147,4,0.13328,0.25796,-0.33293,0.88861,0.38640,0.24710,0.67725
155,147,4,0.13387,0.26215,-0.34331,0.89258,0.41428,0.17796,0.72266
156,147,4,0.13370,0.26572,-0.35270,0.89146,0.43817,0.11538,0.75586
157,147,4,0.13296,0.26885,-0.36135,0.88655,0.45901,0.05769,0.78955
158,147,4,0.13178,0.27162,-0.36942,0.87866,0.47744,0.00385,0.81689
159,147,4,0.13023,0.27409,-0.37701,0.86826,0.49390,-0.04674,0.84277
160,147,4,0.12834,0.27630,-0.38418,0.85574,0.50870,-0.09450,0.86328
161,147,4,0.12619,0.27829,-0.39099,0.84141,0.52196,-0.13993,0.88428
162,147,4,0.12380,0.28010,-0.39749,0.82540,0.53397,-0.18328,0.89795
163,147,4,0.12118,0.28171,-0.40369,0.80795,0.54475,-0.22463,0.91406
164,147,4,0.11836,0.28317,-0.40964,0.78915,0.55443,-0.26427,0.92725
165,147,4,0.11534,0.28448,-0.41533,0.76909,0.56319,-0.30219,0.93896
166,147,4,0.11216,0.28565,-0.42080,0.74786,0.57097,-0.33868,0.94971
167,147,4,0.10881,0.28668,-0.42606,0.72553,0.57785,-0.37376,0.95703
168,147,4,0.10530,0.28759,-0.43110,0.70216,0.58394,-0.40742,0.96484
169,147,4,0.10165,0.28838,-0.43596,0.67777,0.58923,-0.43981,0.97168
170,147,4,0.09785,0.28906,-0.44064,0.65244,0.59373,-0.47096,0.97607
171,147,4,0.09391,0.28963,-0.44513,0.62617,0.59750,-0.50091,0.98145
172,147,4,0.08984,0.29008,-0.44944,0.59902,0.60055,-0.52964,0.98633
173,147,4,0.08563,0.29043,-0.45358,0.57096,0.60290,-0.55724,0.98926
174,147,4,0.08129,0.29067,-0.45755,0.54203,0.60451,-0.58375,0.99365
175,147,4,0.07682,0.29082,-0.46135,0.51226,0.60546,-0.60911,0.99414
36,148,3,0.68583,0.25506,0.08275,0.94339,0.02021,0.33106,1.00000
38,148,3,0.69346,0.26860,0.05360,0.97390,0.07438,0.21443,1.00000
40,148,3,0.69648,0.27844,0.03045,0.98600,0.11375,0.12183,0.99951
42,148,3,0.69710,0.28637,0.01043,0.98850,0.14545,0.04175,1.00000
44,148,3,0.69614,0.29303,-0.00754,0.98462,0.17209,-0.03014,1.00000
46,148,3,0.69402,0.29876,-0.02400,0.97608,0.19505,-0.09600,1.00000
48,148,3,0.69095,0.30374,-0.03924,0.96393,0.21495,-0.15697,1.00000
50,148,3,0.68716,0.30814,-0.05352,0.94873,0.23253,-0.21412,1.00000
52,148,3,0.68271,0.31201,-0.06697,0.93097,0.24803,-0.26790,1.00000
54,148,3,0.67771,0.31544,-0.07969,0.91097,0.26177,-0.31878,1.00000
56,148,3,0.67222,0.31848,-0.09176,0.88894,0.27388,-0.36710,1.00000
58,148,3,0.66626,0.32114,-0.10324,0.86513,0.28457,-0.41299,1.00000
60,148,3,0.65989,0.32347,-0.11417,0.83964,0.29389,-0.45675,1.00000
62,148,3,0.65312,0.32549,-0.12460,0.81261,0.30199,-0.49847,1.00000
64,148,3,0.64600,0.32722,-0.13456,0.78410,0.30890,-0.53830,1.00000
66,148,3,0.63853,0.32868,-0.14407,0.75421,0.31472,-0.57631,1.00000
68,148,3,0.63072,0.32986,-0.15313,0.72295,0.31946,-0.61260,1.00000
70,148,3,0.62258,0.33078,-0.16178,0.69043,0.32317,-0.64720,1.00000
72,148,3,0.61414,0.33146,-0.17002,0.65665,0.32587,-0.68016,1.00000
74,148,3,0.60539,0.33189,-0.17786,0.62163,0.32757,-0.71153,1.00000
76,148,3,0.59633,0.33207,-0.18530,0.58538,0.32829,-0.74132,1.00000
78,148,3,0.58696,0.33201,-0.19235,0.54792,0.32806,-0.76952,1.00000
80,148,3,0.57730,0.33171,-0.19901,0.50926,0.32688,-0.79612,1.00000
82,148,3,0.56733,0.33116,-0.20526,0.46938,0.32464,-0.82116,1.00000
84,148,3,0.55704,0.33037,-0.21112,0.42824,0.32145,-0.84456,1.00000
86,148,3,0.54645,0.32932,-0.21656,0.38581,0.31730,-0.86630,1.00000
88,148,3,0.53552,0.32801,-0.22158,0.34212,0.31199,-0.88635,0.99951
90,148,3,0.52424,0.32642,-0.22614,0.29702,0.30568,-0.90463,0.99854
92,148,3,0.51261,0.32455,-0.23024,0.25048,0.29820,-0.92105,0.99756
94,148,3,0.50061,0.32238,-0.23386,0.20249,0.28952,-0.93552,0.99658
95,148,3,0.49446,0.32117,-0.23546,0.17785,0.28469,-0.94199,0.99463
96,148,3,0.48820,0.31988,-0.23694,0.15283,0.27952,-0.94789,0.99316
97,148,3,0.48184,0.31850,-0.23828,0.12737,0.27401,-0.95325,0.99219
98,148,3,0.47537,0.31705,-0.23948,0.10149,0.26816,-0.95801,0.98828
99,148,3,0.46877,0.31548,-0.24052,0.07510,0.26193,-0.96216,0.98730
100,148,3,0.46205,0.31382,-0.24139,0.04822,0.25530,-0.96567,0.98535
101,148,3,0.45520,0.31206,-0.24210,0.02082,0.24823,-0.96849,0.98291
102,148,3,0.44821,0.31018,-0.24262,-0.00715,0.24071,-0.97058,0.97656
103,148,3,0.44106,0.30818,-0.24293,-0.03574,0.23272,-0.97190,0.97705
104,148,3,0.43377,0.30606,-0.24306,-0.06491,0.22425,-0.97238,0.96924
105,148,3,0.42631,0.30381,-0.24298,-0.09476,0.21521,-0.97195,0.96484
106,148,3,0.41864,0.30138,-0.24261,-0.12547,0.20552,-0.97058,0.96045
107,148,3,0.41078,0.29882,-0.24201,-0.15686,0.19524,-0.96814,0.95117
108,148,3,0.40269,0.29605,-0.24110,-0.18926,0.18418,-0.96449,0.94678
109,148,3,0.39435,0.29310,-0.23987,-0.22263,0.17233,-0.95956,0.93750
110,148,3,0.38570,0.28990,-0.23824,-0.25721,0.15958,-0.95310,0.92822
111,148,3,0.37676,0.28645,-0.23622,-0.29297,0.14585,-0.94494,0.91406
112,148,3,0.36739,0.28268,-0.23366,-0.33044,0.13074,-0.93472,0.90088
113,148,3,0.35756,0.27853,-0.23049,-0.36978,0.11417,-0.92208,0.88232
114,148,3,0.34717,0.27393,-0.22659,-0.41133,0.09576,-0.90644,0.86572
115,148,3,0.33601,0.26872,-0.22169,-0.45598,0.07487,-0.88684,0.83789
116,148,3,0.32378,0.26265,-0.21540,-0.50490,0.05060,-0.86169,0.80859
117,148,3,0.30990,0.25526,-0.20696,-0.56046,0.02107,-0.82791,0.76904
118,148,3,0.29271,0.24522,-0.19422,-0.62922,-0.01909,-0.77699,0.69434
119,148,1,0.20000,0.17477,-0.08331,0.99832,-0.00008,-0.00067,0.24219
120,148,1,0.20000,0.17849,-0.09292,1.00000,0.00000,-0.00000,0.25732
121,148,1,0.20000,0.18220,-0.10253,1.00000,0.00000,-0.00000,0.27686
122,148,1,0.20000,0.18592,-0.11214,1.00000,0.00000,-0.00000,0.29736
123,148,1,0.20000,0.18964,-0.12175,1.00000,0.00000,-0.00000,0.32324
124,148,1,0.20000,0.19335,-0.13136,1.00000,0.00000,-0.00000,0.34570
125,148,1,0.20000,0.19707,-0.14097,1.00000,0.00000,-0.00000,0.36914
126,148,1,0.20000,0.20078,-0.15058,1.00000,0.00000,-0.00000,0.39697
127,148,1,0.20000,0.20450,-0.16019,1.00000,0.00000,-0.00000,0.42432
128,148,1,0.20000,0.20821,-0.16980,1.00000,0.00000,-0.00000,0.44727
129,148,1,0.20000,0.21193,-0.17941,1.00000,0.00000,-0.00000,0.47266
130,148,1,0.20000,0.21564,-0.18903,1.00000,0.00000,-0.00000,0.50293
131,148,1,0.20000,0.21936,-0.19863,1.00000,0.00000,-0.00000,0.52686
132,148,1,0.19366,0.21800,-0.20000,0.00000,0.00000,-1.00000,0.77344
133,148,1,0.18627,0.21580,-0.20000,0.00000,0.00000,-1.00000,0.75879
134,148,1,0.17887,0.21360,-0.20000,0.00000,0.00000,-1.00000,0.74463
135,148,1,0.17148,0.21140,-0.20000,0.00000,0.00000,-1.00000,0.72461
136,148,1,0.16409,0.20921,-0.20000,0.00000,0.00000,-1.00000,0.70850
137,148,1,0.15670,0.20701,-0.20000,0.00000,0.00000,-1.00000,0.68848
138,148,1,0.14930,0.20481,-0.20000,0.00000,0.00000,-1.00000,0.66895
139,148,1,0.14191,0.20261,-0.20000,0.00000,0.00000,-1.00000,0.64258
140,148,1,0.13452,0.20041,-0.20000,0.00000,0.00000,-1.00000,0.62305
141,148,1,0.12713,0.19821,-0.20000,0.00000,0.00000,-1.00000,0.60059
142,148,1,0.11973,0.19602,-0.20000,0.00000,0.00000,-1.00000,0.57275
143,148,1,0.11234,0.19382,-0.20000,0.00000,0.00000,-1.00000,0.54346
144,148,1,0.10495,0.19162,-0.20000,0.00000,0.00000,-1.00000,0.52002
145,148,1,0.09756,0.18942,-0.20000,0.00000,0.00000,-1.00000,0.49268
146,148,1,0.09016,0.18722,-0.20000,0.00000,0.00000,-1.00000,0.46436
147,148,1,0.08277,0.18502,-0.20000,0.00000,0.00000,-1.00000,0.43652
148,148,1,0.07538,0.18282,-0.20000,0.00000,0.00000,-1.00000,0.41162
149,148,1,0.06799,0.18063,-0.20000,0.00000,0.00000,-1.00000,0.38672
150,148,1,0.06059,0.17843,-0.20000,0.00000,0.00000,-1.00000,0.35986
151,148,4,0.12363,0.23257,-0.29155,0.82417,0.21711,0.52306,0.45068
152,148,4,0.13125,0.24238,-0.31107,0.87508,0.28255,0.39294,0.56836
153,148,4,0.13450,0.24870,-0.32490,0.89677,0.32466,0.30068,0.63721
154,148,4,0.13601,0.25362,-0.33648,0.90681,0.35740,0.22353,0.69189
155,148,4,0.13647,0.25771,-0.34669,0.90988,0.38467,0.15543,0.73389
156,148,4,0.13621,0.26121,-0.35596,0.90815,0.40805,0.09364,0.77002
157,148,4,0.13540,0.26428,-0.36452,0.90278,0.42854,0.03653,0.79932
158,148,4,0.13416,0.26701,-0.37252,0.89452,0.44670,-0.01681,0.82568
159,148,4,0.13256,0.26944,-0.38005,0.88386,0.46294,-0.06700,0.85059
160,148,4,0.13065,0.27163,-0.38717,0.87113,0.47753,-0.11449,0.87061
161,148,4,0.12847,0.27360,-0.39395,0.85660,0.49065,-0.15969,0.88867
162,148,4,0.12605,0.27538,-0.40041,0.84046,0.50251,-0.20277,0.90430
163,148,4,0.12342,0.27698,-0.40660,0.82285,0.51320,-0.24401,0.91699
164,148,4,0.12057,0.27843,-0.41251,0.80393,0.52284,-0.28343,0.93115
165,148,4,0.11755,0.27972,-0.41819,0.78375,0.53149,-0.32132,0.94141
166,148,4,0.11435,0.28088,-0.42365,0.76244,0.53921,-0.35767,0.95068
167,148,4,0.11099,0.28191,-0.42889,0.74006,0.54604,-0.39263,0.96191
168,148,4,0.10748,0.28281,-0.43393,0.71661,0.55207,-0.42626,0.96924
169,148,4,0.10382,0.28360,-0.43878,0.69220,0.55727,-0.45860,0.97510
170,148,4,0.10001,0.28427,-0.44344,0.66680,0.56180,-0.48965,0.97900
171,148,4,0.09606,0.28483,-0.44792,0.64053,0.56551,-0.51954,0.98340
172,148,4,0.09198,0.28528,-0.45223,0.61333,0.56853,-0.54826,0.98779
173,148,4,0.08778,0.28563,-0.45637,0.58526,0.57085,-0.57585,0.99170
174,148,4,0.08344,0.28587,-0.46034,0.55630,0.57249,-0.60231,0.99365
176,148,4,0.07437,0.28605,-0.46778,0.49591,0.57367,-0.65190,0.99805
178,148,4,0.06480,0.28582,-0.47455,0.43207,0.57217,-0.69709,0.99951
180,148,4,0.05471,0.28518,-0.48066,0.36484,0.56788,-0.73783,0.99951
182,148,4,0.04410,0.28412,-0.48608,0.29405,0.56084,-0.77394,1.00000
184,148,4,0.03293,0.28262,-0.49077,0.21956,0.55078,-0.80526,1.00000
186,148,4,0.02116,0.28063,-0.49469,0.14105,0.53753,-0.83136,1.00000
188,148,4,0.00872,0.27811,-0.49774,0.05814,0.52073,-0.85174,1.00000
190,148,4,-0.00448,0.27499,-0.49981,-0.02981,0.49992,-0.86556,1.00000
192,148,4,-0.01856,0.27115,-0.50073,-0.12372,0.47435,-0.87160,1.00000
194,148,4,-0.03377,0.26641,-0.50017,-0.22515,0.44278,-0.86790,1.00000
196,148,4,-0.05051,0.26046,-0.49763,-0.33672,0.40304,-0.85099,1.00000
198,148,4,-0.06963,0.25259,-0.49199,-0.46426,0.35054,-0.81338,1.00000
200,148,4,-0.09387,0.24063,-0.47970,-0.62580,0.27084,-0.73145,1.00000
96,149,3,0.48929,0.31423,-0.23836,0.15719,0.25692,-0.95357,0.99268
97,149,3,0.48292,0.31285,-0.23969,0.13170,0.25141,-0.95887,0.99170
98,149,3,0.47644,0.31138,-0.24087,0.10578,0.24553,-0.96361,0.99072
99,149,3,0.46984,0.30982,-0.24190,0.07937,0.23927,-0.96770,0.98682
100,149,3,0.46311,0.30815,-0.24276,0.05244,0.23260,-0.97117,0.98535
101,149,3,0.45625,0.30638,-0.24346,0.02501,0.22553,-0.97390,0.98145
102,149,3,0.44926,0.30450,-0.24398,-0.00298,0.21798,-0.97595,0.97705
103,149,3,0.44209,0.30248,-0.24427,-0.03163,0.20992,-0.97719,0.97412
104,149,3,0.43478,0.30034,-0.24437,-0.06090,0.20137,-0.97763,0.97119
105,149,3,0.42730,0.29808,-0.24426,-0.09080,0.19228,-0.97714,0.96533
106,149,3,0.41962,0.29565,-0.24389,-0.12153,0.18255,-0.97566,0.95996
107,149,3,0.41174,0.29306,-0.24325,-0.15303,0.17222,-0.97311,0.95361
108,149,3,0.40361,0.29027,-0.24230,-0.18556,0.16110,-0.96935,0.94824
109,149,3,0.39526,0.28731,-0.24105,-0.21898,0.14921,-0.96424,0.93652
110,149,3,0.38657,0.28407,-0.23937,-0.25374,0.13632,-0.95763,0.92676
111,149,3,0.37760,0.28061,-0.23732,-0.28960,0.12245,-0.94928,0.91748
112,149,3,0.36817,0.27679,-0.23467,-0.32733,0.10716,-0.93882,0.89990
113,149,3,0.35829,0.27260,-0.23144,-0.36685,0.09039,-0.92588,0.88574
114,149,3,0.34783,0.26794,-0.22745,-0.40870,0.07176,-0.90984,0.86523
115,149,3,0.33656,0.26264,-0.22240,-0.45379,0.05057,-0.88967,0.83740
116,149,3,0.32417,0.25644,-0.21590,-0.50335,0.02578,-0.86369,0.80664
117,149,3,0.30999,0.24882,-0.20709,-0.56006,-0.00471,-0.82844,0.76562
118,149,3,0.29213,0.23824,-0.19348,-0.63149,-0.04703,-0.77395,0.69043
119,149,1,0.20000,0.16825,-0.08331,1.00000,0.00000,-0.00000,0.25488
120,149,1,0.20000,0.17197,-0.09292,1.00000,0.00000,-0.00000,0.27148
121,149,1,0.20000,0.17569,-0.10253,1.00000,0.00000,-0.00000,0.28857
122,149,1,0.20000,0.17940,-0.11214,1.00000,0.00000,-0.00000,0.31055
123,149,1,0.20000,0.18312,-0.12175,1.00000,0.00000,-0.00000,0.33398
124,149,1,0.20000,0.18683,-0.13136,1.00000,0.00000,-0.00000,0.35400
125,149,1,0.20000,0.19055,-0.14097,1.00000,0.00000,-0.00000,0.38086
126,149,1,0.20000,0.19426,-0.15058,1.00000,0.00000,-0.00000,0.40674
127,149,1,0.20000,0.19798,-0.16019,1.00000,0.00000,-0.00000,0.42627
128,149,1,0.20000,0.20169,-0.16980,1.00000,0.00000,-0.00000,0.45361
129,149,1,0.20000,0.20541,-0.17942,1.00000,0.00000,-0.00000,0.47900
130,149,1,0.20000,0.20912,-0.18903,1.00000,0.00000,-0.00000,0.50439
131,149,1,0.20000,0.21284,-0.19863,1.00000,0.00000,-0.00000,0.53125
132,149,1,0.19366,0.21148,-0.20000,0.00000,0.00000,-1.00000,0.77246
133,149,1,0.18627,0.20928,-0.20000,0.00000,0.00000,-1.00000,0.75830
134,149,1,0.17887,0.20708,-0.20000,0.00000,0.00000,-1.00000,0.74219
135,149,1,0.17148,0.20489,-0.20000,0.00000,0.00000,-1.00000,0.72803
136,149,1,0.16409,0.20269,-0.20000,0.00000,0.00000,-1.00000,0.70508
137,149,1,0.15670,0.20049,-0.20000,0.00000,0.00000,-1.00000,0.68506
138,149,1,0.14930,0.19829,-0.20000,0.00000,0.00000,-1.00000,0.66846
139,149,1,0.14191,0.19609,-0.20000,0.00000,0.00000,-1.00000,0.64160
140,149,1,0.13452,0.19389,-0.20000,0.00000,0.00000,-1.00000,0.62305
141,149,1,0.12713,0.19169,-0.20000,0.00000,0.00000,-1.00000,0.59766
142,149,1,0.11973,0.18950,-0.20000,0.00000,0.00000,-1.00000,0.57324
143,149,1,0.11234,0.18730,-0.20000,0.00000,0.00000,-1.00000,0.54932
144,149,1,0.10495,0.18510,-0.20000,0.00000,0.00000,-1.00000,0.52246
145,149,1,0.09756,0.18290,-0.20000,0.00000,0.00000,-1.00000,0.49951
146,149,1,0.09016,0.18070,-0.20000,0.00000,0.00000,-1.00000,0.47021
147,149,1,0.08277,0.17850,-0.20000,0.00000,0.00000,-1.00000,0.44385
148,149,1,0.07538,0.17630,-0.20000,0.00000,0.00000,-1.00000,0.41797
149,149,1,0.06799,0.17411,-0.20000,0.00000,0.00000,-1.00000,0.39355
150,149,1,0.06059,0.17191,-0.20000,0.00000,0.00000,-1.00000,0.37256
151,149,4,0.12752,0.22916,-0.29661,0.85014,0.19435,0.48937,0.48389
152,149,4,0.13414,0.23818,-0.31483,0.89439,0.25449,0.36784,0.58496
153,149,4,0.13711,0.24427,-0.32830,0.91411,0.29510,0.27805,0.65430
154,149,4,0.13845,0.24905,-0.33965,0.92309,0.32700,0.20240,0.70166
155,149,4,0.13882,0.25306,-0.34974,0.92553,0.35375,0.13508,0.74512
156,149,4,0.13849,0.25651,-0.35892,0.92336,0.37676,0.07388,0.77930
157,149,4,0.13763,0.25955,-0.36742,0.91767,0.39696,0.01725,0.80811
158,149,4,0.13635,0.26224,-0.37536,0.90916,0.41491,-0.03577,0.83350
159,149,4,0.13473,0.26465,-0.38286,0.89827,0.43099,-0.08575,0.85498
160,149,4,0.13279,0.26682,-0.38996,0.88537,0.44543,-0.13307,0.87549
161,149,4,0.13059,0.26877,-0.39670,0.87069,0.45850,-0.17800,0.89258
162,149,4,0.12815,0.27054,-0.40314,0.85443,0.47023,-0.22098,0.90723
163,149,4,0.12549,0.27213,-0.40930,0.83674,0.48085,-0.26200,0.92188
164,149,4,0.12264,0.27356,-0.41520,0.81772,0.49040,-0.30138,0.93311
165,149,4,0.11961,0.27485,-0.42086,0.79750,0.49898,-0.33914,0.94580
166,149,4,0.11640,0.27600,-0.42631,0.77612,0.50666,-0.37541,0.95361
167,149,4,0.11304,0.27702,-0.43154,0.75364,0.51348,-0.41032,0.96143
168,149,4,0.10951,0.27792,-0.43657,0.73017,0.51946,-0.44386,0.96924
169,149,4,0.10584,0.27870,-0.44141,0.70572,0.52464,-0.47613,0.97607
170,149,4,0.10203,0.27937,-0.44607,0.68029,0.52912,-0.50718,0.98145
171,149,4,0.09809,0.27993,-0.45055,0.65395,0.53282,-0.53708,0.98486
172,149,4,0.09401,0.28038,-0.45486,0.62676,0.53584,-0.56573,0.98877
173,149,4,0.08979,0.28072,-0.45899,0.59867,0.53816,-0.59328,0.99121
174,149,4,0.08545,0.28096,-0.46295,0.56971,0.53975,-0.61975,0.99414
36,150,3,0.68566,0.24188,0.08296,0.94276,-0.03248,0.33190,1.00000
38,150,3,0.69433,0.25625,0.05247,0.97740,0.02501,0.20991,1.00000
40,150,3,0.69776,0.26642,0.02879,0.99118,0.06570,0.11521,1.00000
42,150,3,0.69863,0.27455,0.00844,0.99461,0.09821,0.03379,1.00000
44,150,3,0.69781,0.28133,-0.00971,0.99134,0.12531,-0.03884,1.00000
46,150,3,0.69580,0.28715,-0.02631,0.98328,0.14860,-0.10525,1.00000
48,150,3,0.69285,0.29222,-0.04170,0.97143,0.16885,-0.16677,1.00000
50,150,3,0.68909,0.29665,-0.05604,0.95652,0.18660,-0.22420,1.00000
52,150,3,0.68471,0.30057,-0.06956,0.93896,0.20227,-0.27827,1.00000
54,150,3,0.67977,0.30405,-0.08235,0.91910,0.21617,-0.32941,1.00000
56,150,3,0.67429,0.30709,-0.09445,0.89726,0.22839,-0.37784,1.00000
58,150,3,0.66836,0.30978,-0.10597,0.87355,0.23917,-0.42392,1.00000
60,150,3,0.66201,0.31214,-0.11694,0.84816,0.24854,-0.46782,1.00000
62,150,3,0.65527,0.31417,-0.12739,0.82120,0.25671,-0.50963,1.00000
64,150,3,0.64817,0.31592,-0.13738,0.79276,0.26365,-0.54956,1.00000
66,150,3,0.64071,0.31738,-0.14690,0.76291,0.26953,-0.58765,0.99951
68,150,3,0.63291,0.31857,-0.15598,0.73171,0.27429,-0.62400,1.00000
70,150,3,0.62478,0.31950,-0.16464,0.69923,0.27802,-0.65862,1.00000
72,150,3,0.61634,0.32018,-0.17289,0.66546,0.28074,-0.69163,1.00000
74,150,3,0.60759,0.32062,-0.18073,0.63046,0.28246,-0.72301,1.00000
76,150,3,0.59854,0.32080,-0.18818,0.59422,0.28322,-0.75279,1.00000
78,150,3,0.58917,0.32074,-0.19522,0.55677,0.28294,-0.78099,1.00000
80,150,3,0.57950,0.32044,-0.20187,0.51809,0.28175,-0.80759,1.00000
82,150,3,0.56952,0.31988,-0.20812,0.47817,0.27953,-0.83259,1.00000
84,150,3,0.55923,0.31908,-0.21396,0.43698,0.27634,-0.85597,1.00000
86,150,3,0.54862,0.31803,-0.21939,0.39456,0.27210,-0.87766,1.00000
88,150,3,0.53769,0.31671,-0.22440,0.35080,0.26681,-0.89764,0.99951
90,150,3,0.52640,0.31511,-0.22894,0.30562,0.26043,-0.91585,0.99902
92,150,3,0.51475,0.31322,-0.23302,0.25905,0.25287,-0.93217,0.99756
94,150,3,0.50274,0.31104,-0.23662,0.21096,0.24414,-0.94652,0.99658
95,150,3,0.49657,0.30982,-0.23821,0.18628,0.23929,-0.95290,0.99463
96,150,3,0.49029,0.30851,-0.23966,0.16121,0.23406,-0.95875,0.99268
97,150,3,0.48391,0.30713,-0.24098,0.13568,0.22850,-0.96404,0.99072
98,150,3,0.47742,0.30565,-0.24215,0.10971,0.22261,-0.96873,0.98926
99,150,3,0.47081,0.30408,-0.24317,0.08326,0.21631,-0.97277,0.98584
100,150,3,0.46407,0.30239,-0.24401,0.05627,0.20960,-0.97618,0.98438
101,150,3,0.45720,0.30062,-0.24469,0.02880,0.20244,-0.97888,0.98193
102,150,3,0.45020,0.29873,-0.24520,0.00079,0.19489,-0.98083,0.97754
103,150,3,0.44302,0.29670,-0.24547,-0.02793,0.18677,-0.98202,0.97412
104,150,3,0.43568,0.29455,-0.24555,-0.05728,0.17816,-0.98232,0.96973
105,150,3,0.42818,0.29227,-0.24541,-0.08727,0.16903,-0.98173,0.96582
106,150,3,0.42048,0.28982,-0.24501,-0.11808,0.15926,-0.98014,0.96045
107,150,3,0.41258,0.28721,-0.24435,-0.14967,0.14885,-0.97746,0.95215
108,150,3,0.40442,0.28440,-0.24335,-0.18233,0.13762,-0.97355,0.94434
109,150,3,0.39604,0.28141,-0.24206,-0.21585,0.12567,-0.96830,0.93945
110,150,3,0.38732,0.27815,-0.24033,-0.25076,0.11265,-0.96147,0.92822
111,150,3,0.37830,0.27465,-0.23822,-0.28683,0.09860,-0.95289,0.91455
112,150,3,0.36881,0.27078,-0.23550,-0.32479,0.08312,-0.94213,0.90430
113,150,3,0.35887,0.26653,-0.23218,-0.36458,0.06611,-0.92882,0.88184
114,150,3,0.34831,0.26181,-0.22807,-0.40677,0.04723,-0.91231,0.86475
115,150,3,0.33691,0.25640,-0.22285,-0.45240,0.02560,-0.89145,0.83740
116,150,3,0.32431,0.25003,-0.21608,-0.50280,0.00016,-0.86440,0.80518
117,150,3,0.30975,0.24210,-0.20676,-0.56108,-0.03158,-0.82716,0.76611
118,150,3,0.29083,0.23068,-0.19178,-0.63673,-0.07726,-0.76721,0.67432
119,150,1,0.20000,0.16173,-0.08331,1.00000,0.00000,-0.00000,0.27051
120,150,1,0.20000,0.16545,-0.09292,1.00000,0.00000,-0.00000,0.28906
121,150,1,0.20000,0.16917,-0.10253,1.00000,0.00000,-0.00000,0.30615
122,150,1,0.20000,0.17288,-0.11214,1.00000,0.00000,-0.00000,0.32520
123,150,1,0.20000,0.17660,-0.12175,1.00000,0.00000,-0.00000,0.34521
124,150,1,0.20000,0.18031,-0.13136,1.00000,0.00000,-0.00000,0.36426
125,150,1,0.20000,0.18403,-0.14097,1.00000,0.00000,-0.00000,0.38965
126,150,1,0.20000,0.18774,-0.15058,1.00000,0.00000,-0.00000,0.41113
127,150,1,0.20000,0.19146,-0.16019,1.00000,0.00000,-0.00000,0.43555
128,150,1,0.20000,0.19517,-0.16980,1.00000,0.00000,-0.00000,0.45898
129,150,1,0.20000,0.19889,-0.17941,1.00000,0.00000,-0.00000,0.48682
130,150,1,0.20000,0.20260,-0.18902,1.00000,0.00000,-0.00000,0.50879
131,150,1,0.20000,0.20632,-0.19863,1.00000,0.00000,-0.00000,0.53320
132,150,1,0.19366,0.20496,-0.20000,0.00000,0.00000,-1.00000,0.77197
133,150,1,0.18627,0.20276,-0.20000,0.00000,0.00000,-1.00000,0.75537
134,150,1,0.17887,0.20056,-0.20000,0.00000,0.00000,-1.00000,0.74072
135,150,1,0.17148,0.19837,-0.20000,0.00000,0.00000,-1.00000,0.72559
136,150,1,0.16409,0.19617,-0.20000,0.00000,0.00000,-1.00000,0.70557
137,150,1,0.15670,0.19397,-0.20000,0.00000,0.00000,-1.00000,0.68848
138,150,1,0.14930,0.19177,-0.20000,0.00000,0.00000,-1.00000,0.66797
139,150,1,0.14191,0.18957,-0.20000,0.00000,0.00000,-1.00000,0.64795
140,150,1,0.13452,0.18737,-0.20000,0.00000,0.00000,-1.00000,0.62549
141,150,1,0.12713,0.18518,-0.20000,0.00000,0.00000,-1.00000,0.60059
142,150,1,0.11973,0.18298,-0.20000,0.00000,0.00000,-1.00000,0.57568
143,150,1,0.11234,0.18078,-0.20000,0.00000,0.00000,-1.00000,0.55273
144,150,1,0.10495,0.17858,-0.20000,0.00000,0.00000,-1.00000,0.52930
145,150,1,0.09756,0.17638,-0.20000,0.00000,0.00000,-1.00000,0.49902
146,150,1,0.09016,0.17418,-0.20000,0.00000,0.00000,-1.00000,0.47510
147,150,1,0.08277,0.17198,-0.20000,0.00000,0.00000,-1.00000,0.45166
148,150,1,0.07538,0.16979,-0.20000,0.00000,0.00000,-1.00000,0.42822
149,150,1,0.06799,0.16759,-0.20000,0.00000,0.00000,-1.00000,0.40430
150,150,1,0.06059,0.16539,-0.20000,0.00000,0.00000,-1.00000,0.38281
151,150,4,0.13057,0.22508,-0.30058,0.87051,0.16719,0.46288,0.50732
152,150,4,0.13662,0.23364,-0.31805,0.91090,0.22428,0.34636,0.60352
153,150,4,0.13940,0.23958,-0.33127,0.92938,0.26381,0.25818,0.66846
154,150,4,0.14064,0.24428,-0.34249,0.93766,0.29523,0.18339,0.71680
155,150,4,0.14094,0.24824,-0.35249,0.93966,0.32158,0.11673,0.75439
156,150,4,0.14056,0.25165,-0.36161,0.93717,0.34435,0.05594,0.78857
157,150,4,0.13968,0.25466,-0.37008,0.93125,0.36439,-0.00048,0.81641
158,150,4,0.13837,0.25733,-0.37799,0.92255,0.38219,-0.05324,0.84082
159,150,4,0.13671,0.25972,-0.38544,0.91154,0.39812,-0.10295,0.86133
160,150,4,0.13476,0.26187,-0.39251,0.89851,0.41250,-0.15010,0.88184
161,150,4,0.13255,0.26382,-0.39925,0.88371,0.42547,-0.19499,0.89795
162,150,4,0.13009,0.26557,-0.40567,0.86738,0.43715,-0.23779,0.91211
163,150,4,0.12743,0.26716,-0.41182,0.84959,0.44773,-0.27881,0.92676
164,150,4,0.12457,0.26858,-0.41770,0.83055,0.45719,-0.31806,0.93799
165,150,4,0.12152,0.26986,-0.42336,0.81025,0.46576,-0.35575,0.94629
166,150,4,0.11831,0.27101,-0.42879,0.78885,0.47337,-0.39198,0.95605
167,150,4,0.11493,0.27202,-0.43401,0.76634,0.48015,-0.42682,0.96533
168,150,4,0.11141,0.27292,-0.43904,0.74283,0.48612,-0.46032,0.97070
169,150,4,0.10774,0.27370,-0.44388,0.71834,0.49127,-0.49258,0.97461
170,150,4,0.10392,0.27436,-0.44853,0.69290,0.49574,-0.52357,0.98193
171,150,4,0.09997,0.27491,-0.45300,0.66657,0.49944,-0.55339,0.98486
172,150,4,0.09589,0.27536,-0.45730,0.63934,0.50241,-0.58209,0.98975
173,150,4,0.09167,0.27571,-0.46144,0.61125,0.50468,-0.60965,0.99219
174,150,4,0.08733,0.27595,-0.46540,0.58229,0.50632,-0.63607,0.99512
176,150,4,0.07826,0.27613,-0.47283,0.52184,0.50751,-0.68565,0.99756
178,150,4,0.06870,0.27590,-0.47961,0.45804,0.50602,-0.73085,0.99951
180,150,4,0.05862,0.27527,-0.48573,0.39084,0.50181,-0.77164,1.00000
182,150,4,0.04802,0.27422,-0.49117,0.32014,0.49479,-0.80790,1.00000
184,150,4,0.03686,0.27272,-0.49588,0.24576,0.48483,-0.83937,1.00000
186,150,4,0.02512,0.27076,-0.49984,0.16748,0.47174,-0.86569,1.00000
188,150,4,0.01272,0.26827,-0.50294,0.08480,0.45516,-0.88636,1.00000
190,150,4,-0.00042,0.26519,-0.50508,-0.00281,0.43460,-0.90062,1.00000
192,150,4,-0.01444,0.26141,-0.50607,-0.09628,0.40936,-0.90728,1.00000
194,150,4,-0.02955,0.25675,-0.50565,-0.19703,0.37833,-0.90446,1.00000
196,150,4,-0.04613,0.25092,-0.50332,-0.30754,0.33944,-0.88893,0.99951
198,150,4,-0.06494,0.24330,-0.49808,-0.43297,0.28868,-0.85394,1.00000
200,150,4,-0.08832,0.23203,-0.48691,-0.58888,0.21353,-0.77951,1.00000
95,151,3,0.49749,0.30404,-0.23941,0.18998,0.21618,-0.95769,0.99414
96,151,3,0.49121,0.30273,-0.24085,0.16486,0.21091,-0.96350,0.99365
97,151,3,0.48482,0.30133,-0.24215,0.13931,0.20531,-0.96874,0.99121
98,151,3,0.47832,0.29984,-0.24331,0.11329,0.19938,-0.97336,0.98877
99,151,3,0.47169,0.29826,-0.24431,0.08679,0.19305,-0.97733,0.98682
100,151,3,0.46493,0.29657,-0.24513,0.05974,0.18627,-0.98069,0.98389
101,151,3,0.45805,0.29478,-0.24579,0.03218,0.17910,-0.98329,0.98047
102,151,3,0.45103,0.29288,-0.24628,0.00410,0.17149,-0.98519,0.97754
103,151,3,0.44384,0.29084,-0.24655,-0.02462,0.16334,-0.98626,0.97266
104,151,3,0.43648,0.28867,-0.24659,-0.05407,0.15467,-0.98647,0.96973
105,151,3,0.42896,0.28637,-0.24642,-0.08416,0.14549,-0.98577,0.96436
106,151,3,0.42123,0.28390,-0.24598,-0.11509,0.13562,-0.98404,0.95947
107,151,3,0.41331,0.28128,-0.24530,-0.14677,0.12512,-0.98121,0.95361
108,151,3,0.40511,0.27844,-0.24425,-0.17955,0.11379,-0.97716,0.94678
109,151,3,0.39668,0.27541,-0.24290,-0.21328,0.10164,-0.97169,0.93701
110,151,3,0.38792,0.27212,-0.24112,-0.24832,0.08850,-0.96462,0.92578
111,151,3,0.37884,0.26856,-0.23892,-0.28465,0.07425,-0.95575,0.91699
112,151,3,0.36929,0.26464,-0.23612,-0.32287,0.05858,-0.94463,0.89990
113,151,3,0.35926,0.26033,-0.23270,-0.36298,0.04134,-0.93088,0.88281
114,151,3,0.34859,0.25551,-0.22843,-0.40562,0.02209,-0.91377,0.86133
115,151,3,0.33703,0.24998,-0.22301,-0.45188,-0.00011,-0.89208,0.84277
116,151,3,0.32416,0.24340,-0.21589,-0.50341,-0.02643,-0.86365,0.80225
117,151,3,0.30911,0.23507,-0.20593,-0.56364,-0.05972,-0.82386,0.75635
118,151,3,0.28856,0.22235,-0.18883,-0.64582,-0.11064,-0.75543,0.66016
119,151,1,0.20000,0.15522,-0.08331,1.00000,0.00000,-0.00000,0.29053
120,151,1,0.20000,0.15893,-0.09292,1.00000,0.00000,-0.00000,0.30078
121,151,1,0.20000,0.16265,-0.10253,1.00000,0.00000,-0.00000,0.31738
122,151,1,0.20000,0.16636,-0.11214,1.00000,0.00000,-0.00000,0.33496
123,151,1,0.20000,0.17008,-0.12175,1.00000,0.00000,-0.00000,0.35254
124,151,1,0.20000,0.17379,-0.13136,1.00000,0.00000,-0.00000,0.37500
125,151,1,0.20000,0.17751,-0.14097,1.00000,0.00000,-0.00000,0.39893
126,151,1,0.20000,0.18122,-0.15058,1.00000,0.00000,-0.00000,0.42188
127,151,1,0.20000,0.18494,-0.16019,1.00000,0.00000,-0.00000,0.44482
128,151,1,0.20000,0.18865,-0.16980,1.00000,0.00000,-0.00000,0.46680
129,151,1,0.20000,0.19237,-0.17941,1.00000,0.00000,-0.00000,0.49268
130,151,1,0.20000,0.19609,-0.18902,1.00000,0.00000,-0.00000,0.51367
131,151,1,0.20000,0.19980,-0.19863,1.00000,0.00000,-0.00000,0.53662
132,151,1,0.19366,0.19844,-0.20000,0.00000,0.00000,-1.00000,0.77246
133,151,1,0.18627,0.19624,-0.20000,0.00000,0.00000,-1.00000,0.75586
134,151,1,0.17887,0.19405,-0.20000,0.00000,0.00000,-1.00000,0.73828
135,151,1,0.17148,0.19185,-0.20000,0.00000,0.00000,-1.00000,0.72559
136,151,1,0.16409,0.18965,-0.20000,0.00000,0.00000,-1.00000,0.70752
137,151,1,0.15670,0.18745,-0.20000,0.00000,0.00000,-1.00000,0.68896
138,151,1,0.14930,0.18525,-0.20000,0.00000,0.00000,-1.00000,0.66992
139,151,1,0.14191,0.18305,-0.20000,0.00000,0.00000,-1.00000,0.64697
140,151,1,0.13452,0.18085,-0.20000,0.00000,0.00000,-1.00000,0.62744
141,151,1,0.12713,0.17866,-0.20000,0.00000,0.00000,-1.00000,0.60547
142,151,1,0.11973,0.17646,-0.20000,0.00000,0.00000,-1.00000,0.58008
143,151,1,0.11234,0.17426,-0.20000,0.00000,0.00000,-1.00000,0.55762
144,151,1,0.10495,0.17206,-0.20000,0.00000,0.00000,-1.00000,0.52979
145,151,1,0.09756,0.16986,-0.20000,0.00000,0.00000,-1.00000,0.50879
146,151,1,0.09016,0.16766,-0.20000,0.00000,0.00000,-1.00000,0.48193
147,151,1,0.08277,0.16547,-0.20000,0.00000,0.00000,-1.00000,0.45898
148,151,1,0.07538,0.16327,-0.20000,0.00000,0.00000,-1.00000,0.43750
149,151,1,0.06799,0.16107,-0.20000,0.00000,0.00000,-1.00000,0.41406
150,151,1,0.06059,0.15887,-0.20000,0.00000,0.00000,-1.00000,0.39746
151,151,4,0.13296,0.22048,-0.30368,0.88648,0.13649,0.44219,0.52539
152,151,4,0.13873,0.22881,-0.32080,0.92492,0.19203,0.32808,0.62012
153,151,4,0.14138,0.23464,-0.33385,0.94263,0.23094,0.24107,0.67725
154,151,4,0.14257,0.23931,-0.34501,0.95056,0.26207,0.16661,0.72412
155,151,4,0.14283,0.24324,-0.35496,0.95229,0.28824,0.10030,0.76270
156,151,4,0.14243,0.24663,-0.36405,0.94963,0.31085,0.03970,0.79248
157,151,4,0.14152,0.24962,-0.37247,0.94358,0.33075,-0.01644,0.81982
158,151,4,0.14020,0.25228,-0.38037,0.93476,0.34850,-0.06911,0.84424
159,151,4,0.13853,0.25466,-0.38781,0.92366,0.36436,-0.11874,0.86719
160,151,4,0.13657,0.25680,-0.39487,0.91057,0.37866,-0.16578,0.88525
161,151,4,0.13434,0.25873,-0.40158,0.89573,0.39158,-0.21055,0.90137
162,151,4,0.13188,0.26049,-0.40800,0.87933,0.40324,-0.25333,0.91455
163,151,4,0.12921,0.26206,-0.41413,0.86153,0.41376,-0.29422,0.92822
164,151,4,0.12635,0.26349,-0.42002,0.84242,0.42322,-0.33348,0.93896
165,151,4,0.12330,0.26476,-0.42567,0.82209,0.43176,-0.37115,0.95020
166,151,4,0.12008,0.26591,-0.43109,0.80064,0.43937,-0.40734,0.95898
167,151,4,0.11671,0.26692,-0.43632,0.77812,0.44612,-0.44217,0.96436
168,151,4,0.11318,0.26781,-0.44134,0.75458,0.45206,-0.47565,0.97217
169,151,4,0.10950,0.26859,-0.44617,0.73009,0.45724,-0.50784,0.97656
170,151,4,0.10568,0.26925,-0.45081,0.70465,0.46163,-0.53885,0.98340
171,151,4,0.10173,0.26980,-0.45529,0.67831,0.46534,-0.56864,0.98682
172,151,4,0.09765,0.27025,-0.45959,0.65107,0.46831,-0.59732,0.98926
173,151,4,0.09344,0.27060,-0.46373,0.62296,0.47059,-0.62487,0.99170
174,151,4,0.08909,0.27084,-0.46769,0.59400,0.47220,-0.65130,0.99463
36,152,3,0.68389,0.22743,0.08526,0.93567,-0.09030,0.34111,1.00000
38,152,3,0.69430,0.24319,0.05251,0.97730,-0.02726,0.21007,1.00000
40,152,3,0.69836,0.25386,0.02802,0.99357,0.01545,0.11209,1.00000
42,152,3,0.69958,0.26228,0.00721,0.99839,0.04909,0.02883,1.00000
44,152,3,0.69899,0.26923,-0.01124,0.99601,0.07690,-0.04496,1.00000
46,152,3,0.69712,0.27517,-0.02803,0.98858,0.10065,-0.11213,1.00000
48,152,3,0.69428,0.28033,-0.04357,0.97719,0.12128,-0.17428,1.00000
50,152,3,0.69063,0.28483,-0.05803,0.96265,0.13935,-0.23216,1.00000
52,152,3,0.68632,0.28882,-0.07166,0.94536,0.15530,-0.28665,1.00000
54,152,3,0.68142,0.29233,-0.08451,0.92577,0.16935,-0.33805,1.00000
56,152,3,0.67599,0.29542,-0.09667,0.90412,0.18166,-0.38674,1.00000
58,152,3,0.67012,0.29815,-0.10825,0.88056,0.19260,-0.43304,1.00000
60,152,3,0.66380,0.30053,-0.11926,0.85531,0.20210,-0.47707,1.00000
62,152,3,0.65709,0.30259,-0.12975,0.82844,0.21035,-0.51907,1.00000
64,152,3,0.65001,0.30435,-0.13977,0.80009,0.21740,-0.55910,1.00000
66,152,3,0.64256,0.30583,-0.14931,0.77032,0.22328,-0.59729,1.00000
68,152,3,0.63478,0.30703,-0.15841,0.73919,0.22809,-0.63370,1.00000
70,152,3,0.62666,0.30797,-0.16708,0.70673,0.23188,-0.66840,1.00000
72,152,3,0.61823,0.30866,-0.17534,0.67301,0.23462,-0.70143,1.00000
74,152,3,0.60949,0.30909,-0.18319,0.63802,0.23636,-0.73285,1.00000
76,152,3,0.60043,0.30928,-0.19064,0.60180,0.23710,-0.76264,1.00000
78,152,3,0.59107,0.30922,-0.19769,0.56432,0.23686,-0.79085,1.00000
80,152,3,0.58139,0.30891,-0.20433,0.52563,0.23563,-0.81743,1.00000
82,152,3,0.57141,0.30835,-0.21057,0.48569,0.23341,-0.84239,1.00000
84,152,3,0.56110,0.30754,-0.21640,0.44449,0.23018,-0.86571,1.00000
86,152,3,0.55048,0.30647,-0.22181,0.40199,0.22592,-0.88733,1.00000
88,152,3,0.53953,0.30514,-0.22679,0.35815,0.22056,-0.90724,0.99902
90,152,3,0.52822,0.30353,-0.23131,0.31291,0.21410,-0.92533,0.99805
92,152,3,0.51655,0.30162,-0.23535,0.26623,0.20648,-0.94153,0.99756
94,152,3,0.50450,0.29941,-0.23891,0.21804,0.19766,-0.95571,0.99463
95,152,3,0.49832,0.29819,-0.24049,0.19330,0.19276,-0.96203,0.99463
96,152,3,0.49203,0.29687,-0.24193,0.16814,0.18747,-0.96777,0.99316
97,152,3,0.48563,0.29546,-0.24321,0.14255,0.18186,-0.97293,0.99170
98,152,3,0.47912,0.29397,-0.24435,0.11649,0.17586,-0.97751,0.98926
99,152,3,0.47248,0.29237,-0.24534,0.08994,0.16949,-0.98143,0.98633
100,152,3,0.46570,0.29067,-0.24614,0.06284,0.16265,-0.98468,0.98438
101,152,3,0.45880,0.28886,-0.24677,0.03520,0.15542,-0.98721,0.98145
102,152,3,0.45176,0.28694,-0.24723,0.00703,0.14776,-0.98901,0.97803
103,152,3,0.44455,0.28489,-0.24747,-0.02178,0.13959,-0.98998,0.97314
104,152,3,0.43718,0.28271,-0.24749,-0.05129,0.13084,-0.99009,0.97021
105,152,3,0.42963,0.28038,-0.24729,-0.08149,0.12155,-0.98925,0.96533
106,152,3,0.42186,0.27789,-0.24680,-0.11256,0.11158,-0.98735,0.96045
107,152,3,0.41391,0.27524,-0.24608,-0.14434,0.10100,-0.98437,0.95215
108,152,3,0.40568,0.27237,-0.24499,-0.17729,0.08951,-0.98009,0.94385
109,152,3,0.39720,0.26930,-0.24357,-0.21122,0.07722,-0.97438,0.93652
110,152,3,0.38839,0.26597,-0.24173,-0.24645,0.06390,-0.96704,0.92627
111,152,3,0.37924,0.26236,-0.23944,-0.28306,0.04945,-0.95783,0.91406
112,152,3,0.36961,0.25838,-0.23654,-0.32160,0.03352,-0.94628,0.89795
113,152,3,0.35948,0.25399,-0.23298,-0.36211,0.01594,-0.93200,0.88232
114,152,3,0.34867,0.24905,-0.22853,-0.40533,-0.00378,-0.91416,0.85840
115,152,3,0.33689,0.24335,-0.22284,-0.45243,-0.02662,-0.89140,0.83447
116,152,3,0.32370,0.23651,-0.21529,-0.50523,-0.05399,-0.86129,0.80225
117,152,3,0.30802,0.22768,-0.20451,-0.56800,-0.08930,-0.81817,0.75635
118,152,3,0.28461,0.21267,-0.18370,-0.66159,-0.14934,-0.73485,0.62646
119,152,1,0.20000,0.14870,-0.08331,1.00000,0.00000,-0.00000,0.30420
120,152,1,0.20000,0.15241,-0.09292,1.00000,0.00000,-0.00000,0.31738
121,152,1,0.20000,0.15613,-0.10253,1.00000,0.00000,-0.00000,0.33398
122,152,1,0.20000,0.15984,-0.11214,1.00000,0.00000,-0.00000,0.34863
123,152,1,0.20000,0.16356,-0.12175,1.00000,0.00000,-0.00000,0.36670
124,152,1,0.20000,0.16727,-0.13136,1.00000,0.00000,-0.00000,0.38574
125,152,1,0.20000,0.17099,-0.14097,1.00000,0.00000,-0.00000,0.40771
126,152,1,0.20000,0.17470,-0.15058,1.00000,0.00000,-0.00000,0.42773
127,152,1,0.20000,0.17842,-0.16019,1.00000,0.00000,-0.00000,0.45264
128,152,1,0.20000,0.18214,-0.16980,1.00000,0.00000,-0.00000,0.47119
129,152,1,0.20000,0.18585,-0.17941,1.00000,0.00000,-0.00000,0.49609
130,152,1,0.20000,0.18957,-0.18902,1.00000,0.00000,-0.00000,0.52051
131,152,1,0.20000,0.19328,-0.19863,1.00000,0.00000,-0.00000,0.53955
132,152,1,0.19366,0.19192,-0.20000,0.00000,0.00000,-1.00000,0.77441
133,152,1,0.18627,0.18972,-0.20000,0.00000,0.00000,-1.00000,0.76172
134,152,1,0.17887,0.18753,-0.20000,0.00000,0.00000,-1.00000,0.74512
135,152,1,0.17148,0.18533,-0.20000,0.00000,0.00000,-1.00000,0.72510
136,152,1,0.16409,0.18313,-0.20000,0.00000,0.00000,-1.00000,0.70947
137,152,1,0.15670,0.18093,-0.20000,0.00000,0.00000,-1.00000,0.69043
138,152,1,0.14930,0.17873,-0.20000,0.00000,0.00000,-1.00000,0.67041
139,152,1,0.14191,0.17653,-0.20000,0.00000,0.00000,-1.00000,0.65039
140,152,1,0.13452,0.17434,-0.20000,0.00000,0.00000,-1.00000,0.62891
141,152,1,0.12713,0.17214,-0.20000,0.00000,0.00000,-1.00000,0.60742
142,152,1,0.11973,0.16994,-0.20000,0.00000,0.00000,-1.00000,0.58691
143,152,1,0.11234,0.16774,-0.20000,0.00000,0.00000,-1.00000,0.56055
144,152,1,0.10495,0.16554,-0.20000,0.00000,0.00000,-1.00000,0.53955
145,152,1,0.09756,0.16334,-0.20000,0.00000,0.00000,-1.00000,0.51562
146,152,1,0.09016,0.16114,-0.20000,0.00000,0.00000,-1.00000,0.49316
147,152,1,0.08277,0.15895,-0.20000,0.00000,0.00000,-1.00000,0.47021
148,152,1,0.07538,0.15675,-0.20000,0.00000,0.00000,-1.00000,0.44727
149,152,1,0.06799,0.15455,-0.20000,0.00000,0.00000,-1.00000,0.43115
150,152,1,0.06060,0.15235,-0.20000,0.00000,0.00000,-1.00000,0.41504
151,152,4,0.13482,0.21544,-0.30610,0.89881,0.10295,0.42608,0.54004
152,152,4,0.14046,0.22368,-0.32305,0.93653,0.15782,0.31305,0.62695
153,152,4,0.14309,0.22949,-0.33608,0.95403,0.19658,0.22622,0.68652
154,152,4,0.14425,0.23414,-0.34719,0.96181,0.22757,0.15210,0.73389
155,152,4,0.14450,0.23805,-0.35713,0.96348,0.25365,0.08585,0.77148
156,152,4,0.14410,0.24144,-0.36621,0.96074,0.27630,0.02526,0.80029
157,152,4,0.14318,0.24442,-0.37463,0.95463,0.29619,-0.03084,0.82764
158,152,4,0.14186,0.24708,-0.38252,0.94579,0.31387,-0.08348,0.85156
159,152,4,0.14018,0.24946,-0.38995,0.93467,0.32970,-0.13302,0.87012
160,152,4,0.13822,0.25160,-0.39701,0.92155,0.34397,-0.18007,0.88623
161,152,4,0.13599,0.25354,-0.40373,0.90667,0.35690,-0.22487,0.90332
162,152,4,0.13353,0.25528,-0.41013,0.89027,0.36853,-0.26758,0.91748
163,152,4,0.13085,0.25686,-0.41627,0.87244,0.37906,-0.30847,0.92871
164,152,4,0.12798,0.25828,-0.42215,0.85334,0.38849,-0.34768,0.94043
165,152,4,0.12493,0.25955,-0.42779,0.83301,0.39701,-0.38531,0.95020
166,152,4,0.12172,0.26070,-0.43322,0.81154,0.40464,-0.42150,0.95850
167,152,4,0.11834,0.26171,-0.43844,0.78902,0.41139,-0.45629,0.96680
168,152,4,0.11481,0.26260,-0.44346,0.76548,0.41735,-0.48976,0.97314
169,152,4,0.11114,0.26338,-0.44829,0.74096,0.42250,-0.52199,0.97852
170,152,4,0.10732,0.26404,-0.45294,0.71552,0.42687,-0.55300,0.98242
171,152,4,0.10336,0.26459,-0.45741,0.68916,0.43060,-0.58279,0.98633
172,152,4,0.09927,0.26503,-0.46171,0.66193,0.43356,-0.61146,0.99023
173,152,4,0.09506,0.26538,-0.46584,0.63384,0.43585,-0.63898,0.99268
174,152,4,0.09072,0.26562,-0.46980,0.60487,0.43745,-0.66541,0.99609
176,152,4,0.08165,0.26579,-0.47723,0.54441,0.43866,-0.71498,0.99805
178,152,4,0.07208,0.26557,-0.48402,0.48063,0.43717,-0.76019,0.99951
180,152,4,0.06201,0.26494,-0.49014,0.41343,0.43296,-0.80102,0.99951
182,152,4,0.05141,0.26390,-0.49558,0.34277,0.42597,-0.83729,1.00000
184,152,4,0.04026,0.26241,-0.50031,0.26842,0.41604,-0.86883,1.00000
186,152,4,0.02852,0.26045,-0.50427,0.19018,0.40298,-0.89523,1.00000
188,152,4,0.01614,0.25797,-0.50739,0.10760,0.38645,-0.91601,1.00000
190,152,4,0.00301,0.25490,-0.50955,0.02009,0.36599,-0.93040,1.00000
192,152,4,-0.01098,0.25114,-0.51057,-0.07321,0.34089,-0.93725,1.00000
194,152,4,-0.02606,0.24650,-0.51019,-0.17376,0.31005,-0.93470,0.99951
196,152,4,-0.04258,0.24072,-0.50793,-0.28390,0.27143,-0.91963,1.00000
198,152,4,-0.06131,0.23316,-0.50280,-0.40875,0.22115,-0.88545,1.00000
200,152,4,-0.08442,0.22211,-0.49199,-0.56279,0.14746,-0.81334,1.00000
95,153,3,0.49906,0.29226,-0.24145,0.19627,0.16903,-0.96586,0.99365
96,153,3,0.49276,0.29093,-0.24287,0.17105,0.16372,-0.97156,0.99219
97,153,3,0.48635,0.28952,-0.24415,0.14540,0.15808,-0.97667,0.99072
98,153,3,0.47982,0.28801,-0.24527,0.11931,0.15204,-0.98115,0.98779
99,153,3,0.47317,0.28641,-0.24623,0.09268,0.14564,-0.98499,0.98682
100,153,3,0.46637,0.28468,-0.24701,0.06551,0.13874,-0.98816,0.98291
101,153,3,0.45945,0.28286,-0.24761,0.03781,0.13143,-0.99060,0.98047
102,153,3,0.45239,0.28093,-0.24805,0.00955,0.12372,-0.99229,0.97656
103,153,3,0.44516,0.27885,-0.24825,-0.01938,0.11545,-0.99314,0.97363
104,153,3,0.43776,0.27666,-0.24826,-0.04894,0.10665,-0.99307,0.96826
105,153,3,0.43018,0.27431,-0.24801,-0.07927,0.09725,-0.99208,0.96289
106,153,3,0.42238,0.27178,-0.24748,-0.11050,0.08714,-0.99004,0.95801
107,153,3,0.41439,0.26910,-0.24669,-0.14245,0.07639,-0.98683,0.95264
108,153,3,0.40612,0.26620,-0.24555,-0.17555,0.06480,-0.98232,0.94531
109,153,3,0.39758,0.26309,-0.24406,-0.20970,0.05236,-0.97635,0.93701
110,153,3,0.38871,0.25971,-0.24215,-0.24517,0.03885,-0.96871,0.92383
111,153,3,0.37948,0.25603,-0.23975,-0.28212,0.02415,-0.95908,0.91553
112,153,3,0.36976,0.25198,-0.23673,-0.32099,0.00793,-0.94705,0.89648
113,153,3,0.35950,0.24749,-0.23301,-0.36201,-0.01008,-0.93212,0.88184
114,153,3,0.34851,0.24241,-0.22833,-0.40597,-0.03036,-0.91338,0.85986
115,153,3,0.33649,0.23651,-0.22231,-0.45409,-0.05399,-0.88932,0.83350
116,153,3,0.32290,0.22935,-0.21425,-0.50844,-0.08262,-0.85712,0.79785
117,153,3,0.30636,0.21983,-0.20236,-0.57459,-0.12067,-0.80950,0.74805
118,153,1,0.20000,0.13846,-0.07370,0.99840,-0.00016,-0.00073,0.31592
119,153,1,0.20000,0.14218,-0.08331,1.00000,0.00000,-0.00000,0.32031
120,153,1,0.20000,0.14589,-0.09292,1.00000,0.00000,-0.00000,0.33301
121,153,1,0.20000,0.14961,-0.10253,1.00000,0.00000,-0.00000,0.34863
122,153,1,0.20000,0.15332,-0.11214,1.00000,0.00000,-0.00000,0.36426
123,153,1,0.20000,0.15704,-0.12175,1.00000,0.00000,-0.00000,0.37891
124,153,1,0.20000,0.16075,-0.13136,1.00000,0.00000,-0.00000,0.39893
125,153,1,0.20000,0.16447,-0.14097,1.00000,0.00000,-0.00000,0.41748
126,153,1,0.20000,0.16819,-0.15058,1.00000,0.00000,-0.00000,0.43848
127,153,1,0.20000,0.17190,-0.16019,1.00000,0.00000,-0.00000,0.46240
128,153,1,0.20000,0.17562,-0.16980,1.00000,0.00000,-0.00000,0.48145
129,153,1,0.20000,0.17933,-0.17941,1.00000,0.00000,-0.00000,0.50342
130,153,1,0.20000,0.18305,-0.18902,1.00000,0.00000,-0.00000,0.52588
131,153,1,0.20000,0.18676,-0.19863,1.00000,0.00000,-0.00000,0.54443
132,153,1,0.19366,0.18540,-0.20000,0.00000,0.00000,-1.00000,0.77393
133,153,1,0.18627,0.18321,-0.20000,0.00000,0.00000,-1.00000,0.75537
134,153,1,0.17887,0.18101,-0.20000,0.00000,0.00000,-1.00000,0.74609
135,153,1,0.17148,0.17881,-0.20000,0.00000,0.00000,-1.00000,0.72803
136,153,1,0.16409,0.17661,-0.20000,0.00000,0.00000,-1.00000,0.71240
137,153,1,0.15670,0.17441,-0.20000,0.00000,0.00000,-1.00000,0.69238
138,153,1,0.14930,0.17221,-0.20000,0.00000,0.00000,-1.00000,0.67285
139,153,1,0.14191,0.17001,-0.20000,0.00000,0.00000,-1.00000,0.65771
140,153,1,0.13452,0.16782,-0.20000,0.00000,0.00000,-1.00000,0.63379
141,153,1,0.12713,0.16562,-0.20000,0.00000,0.00000,-1.00000,0.61328
142,153,1,0.11973,0.16342,-0.20000,0.00000,0.00000,-1.00000,0.59424
143,153,1,0.11234,0.16122,-0.20000,0.00000,0.00000,-1.00000,0.56738
144,153,1,0.10495,0.15902,-0.20000,0.00000,0.00000,-1.00000,0.54736
145,153,1,0.09756,0.15682,-0.20000,0.00000,0.00000,-1.00000,0.52588
146,153,1,0.09016,0.15463,-0.20000,0.00000,0.00000,-1.00000,0.50488
147,153,1,0.08277,0.15243,-0.20000,0.00000,0.00000,-1.00000,0.48096
148,153,1,0.07538,0.15023,-0.20000,0.00000,0.00000,-1.00000,0.46191
149,153,1,0.06799,0.14803,-0.20000,0.00000,0.00000,-1.00000,0.44336
150,153,1,0.06059,0.14583,-0.20000,0.00000,0.00000,-1.00000,0.42627
151,153,4,0.13609,0.20994,-0.30775,0.90737,0.06626,0.41507,0.55127
152,153,4,0.14187,0.21828,-0.32487,0.94584,0.12184,0.30091,0.63916
153,153,4,0.14452,0.22412,-0.33793,0.96355,0.16075,0.21386,0.69775
154,153,4,0.14571,0.22878,-0.34909,0.97145,0.19187,0.13947,0.73975
155,153,4,0.14597,0.23271,-0.35904,0.97319,0.21809,0.07304,0.77637
156,153,4,0.14556,0.23610,-0.36812,0.97054,0.24064,0.01254,0.81006
157,153,4,0.14465,0.23909,-0.37655,0.96447,0.26057,-0.04364,0.83057
158,153,4,0.14333,0.24175,-0.38444,0.95566,0.27830,-0.09626,0.85596
159,153,4,0.14167,0.24413,-0.39188,0.94454,0.29419,-0.14590,0.87354
160,153,4,0.13970,0.24627,-0.39894,0.93147,0.30844,-0.19296,0.89160
161,153,4,0.13747,0.24820,-0.40565,0.91663,0.32137,-0.23771,0.90576
162,153,4,0.13502,0.24996,-0.41207,0.90022,0.33303,-0.28051,0.92090
163,153,4,0.13235,0.25153,-0.41821,0.88242,0.34355,-0.32141,0.93311
164,153,4,0.12948,0.25296,-0.42409,0.86331,0.35303,-0.36064,0.94141
165,153,4,0.12644,0.25424,-0.42975,0.84297,0.36154,-0.39835,0.95117
166,153,4,0.12321,0.25537,-0.43517,0.82154,0.36915,-0.43452,0.96045
167,153,4,0.11984,0.25639,-0.44039,0.79903,0.37592,-0.46930,0.96777
168,153,4,0.11631,0.25728,-0.44541,0.77549,0.38188,-0.50278,0.97363
169,153,4,0.11263,0.25806,-0.45024,0.75099,0.38701,-0.53500,0.97852
170,153,4,0.10882,0.25872,-0.45489,0.72555,0.39144,-0.56600,0.98291
171,153,4,0.10486,0.25927,-0.45936,0.69919,0.39515,-0.59581,0.98633
172,153,4,0.10078,0.25972,-0.46366,0.67196,0.39810,-0.62449,0.99023
173,153,4,0.09656,0.26006,-0.46779,0.64385,0.40039,-0.65203,0.99316
174,153,4,0.09223,0.26031,-0.47176,0.61490,0.40198,-0.67846,0.99463
36,154,3,0.67953,0.21090,0.09093,0.91824,-0.15641,0.36381,1.00000
38,154,3,0.69321,0.22927,0.05394,0.97292,-0.08293,0.21576,1.00000
40,154,3,0.69819,0.24069,0.02824,0.99291,-0.03726,0.11299,1.00000
42,154,3,0.69989,0.24949,0.00680,0.99963,-0.00208,0.02721,1.00000
44,154,3,0.69961,0.25669,-0.01205,0.99849,0.02673,-0.04821,0.99951
46,154,3,0.69795,0.26279,-0.02911,0.99187,0.05118,-0.11644,1.00000
48,154,3,0.69526,0.26807,-0.04484,0.98111,0.07230,-0.17935,1.00000
50,154,3,0.69173,0.27268,-0.05947,0.96704,0.09071,-0.23790,1.00000
52,154,3,0.68751,0.27673,-0.07320,0.95017,0.10692,-0.29285,1.00000
54,154,3,0.68269,0.28031,-0.08616,0.93086,0.12123,-0.34469,1.00000
56,154,3,0.67733,0.28345,-0.09841,0.90945,0.13383,-0.39368,1.00000
58,154,3,0.67151,0.28622,-0.11006,0.88611,0.14489,-0.44024,0.99951
60,154,3,0.66523,0.28863,-0.12112,0.86102,0.15456,-0.48452,1.00000
62,154,3,0.65856,0.29072,-0.13166,0.83430,0.16291,-0.52670,0.99951
64,154,3,0.65151,0.29252,-0.14172,0.80605,0.17006,-0.56689,1.00000
66,154,3,0.64408,0.29401,-0.15129,0.77639,0.17604,-0.60517,1.00000
68,154,3,0.63632,0.29522,-0.16041,0.74535,0.18089,-0.64167,1.00000
70,154,3,0.62822,0.29618,-0.16910,0.71294,0.18470,-0.67646,1.00000
72,154,3,0.61980,0.29687,-0.17737,0.67925,0.18748,-0.70956,1.00000
74,154,3,0.61106,0.29731,-0.18523,0.64428,0.18921,-0.74101,1.00000
76,154,3,0.60200,0.29750,-0.19268,0.60808,0.18998,-0.77081,0.99951
78,154,3,0.59264,0.29743,-0.19973,0.57061,0.18972,-0.79901,1.00000
80,154,3,0.58296,0.29712,-0.20636,0.53190,0.18849,-0.82556,1.00000
82,154,3,0.57296,0.29656,-0.21259,0.49191,0.18624,-0.85049,1.00000
84,154,3,0.56265,0.29574,-0.21840,0.45066,0.18296,-0.87375,1.00000
86,154,3,0.55201,0.29466,-0.22379,0.40810,0.17862,-0.89529,1.00000
88,154,3,0.54103,0.29331,-0.22875,0.36420,0.17322,-0.91507,0.99951
90,154,3,0.52970,0.29167,-0.23323,0.31884,0.16669,-0.93303,0.99854
92,154,3,0.51799,0.28974,-0.23723,0.27203,0.15894,-0.94908,0.99756
94,154,3,0.50591,0.28750,-0.24074,0.22367,0.14999,-0.96305,0.99609
95,154,3,0.49971,0.28625,-0.24229,0.19885,0.14502,-0.96924,0.99316
96,154,3,0.49339,0.28492,-0.24369,0.17360,0.13966,-0.97486,0.99219
97,154,3,0.48697,0.28349,-0.24495,0.14789,0.13395,-0.97988,0.99072
98,154,3,0.48043,0.28198,-0.24606,0.12173,0.12789,-0.98427,0.98828
99,154,3,0.47376,0.28036,-0.24700,0.09506,0.12141,-0.98804,0.98535
100,154,3,0.46694,0.27862,-0.24775,0.06778,0.11447,-0.99110,0.98340
101,154,3,0.46000,0.27678,-0.24833,0.03999,0.10710,-0.99343,0.98047
102,154,3,0.45291,0.27482,-0.24873,0.01164,0.09928,-0.99499,0.97656
103,154,3,0.44565,0.27273,-0.24890,-0.01741,0.09092,-0.99572,0.97314
104,154,3,0.43823,0.27051,-0.24886,-0.04709,0.08203,-0.99550,0.96875
105,154,3,0.43062,0.26813,-0.24857,-0.07752,0.07253,-0.99436,0.96338
106,154,3,0.42277,0.26558,-0.24799,-0.10892,0.06230,-0.99208,0.95801
107,154,3,0.41473,0.26286,-0.24715,-0.14108,0.05144,-0.98865,0.95215
108,154,3,0.40642,0.25992,-0.24594,-0.17435,0.03969,-0.98389,0.94482
109,154,3,0.39782,0.25676,-0.24437,-0.20874,0.02705,-0.97759,0.93262
110,154,3,0.38888,0.25332,-0.24237,-0.24449,0.01331,-0.96956,0.92578
111,154,3,0.37955,0.24957,-0.23984,-0.28182,-0.00172,-0.95947,0.91406
112,154,3,0.36972,0.24543,-0.23668,-0.32114,-0.01828,-0.94686,0.89941
113,154,3,0.35931,0.24082,-0.23276,-0.36276,-0.03676,-0.93116,0.87939
114,154,3,0.34811,0.23557,-0.22781,-0.40758,-0.05770,-0.91135,0.85498
115,154,3,0.33578,0.22942,-0.22139,-0.45693,-0.08235,-0.88568,0.82764
116,154,3,0.32169,0.22186,-0.21267,-0.51330,-0.11260,-0.85079,0.79443
117,154,3,0.30378,0.21125,-0.19901,-0.58493,-0.15500,-0.79614,0.73730
118,154,1,0.20000,0.13194,-0.07370,0.99920,-0.00009,-0.00036,0.33398
119,154,1,0.20000,0.13566,-0.08331,1.00000,0.00000,-0.00000,0.34131
120,154,1,0.20000,0.13937,-0.09292,1.00000,0.00000,-0.00000,0.35010
121,154,1,0.20000,0.14309,-0.10253,1.00000,0.00000,-0.00000,0.36279
122,154,1,0.20000,0.14680,-0.11214,1.00000,0.00000,-0.00000,0.37598
123,154,1,0.20000,0.15052,-0.12175,1.00000,0.00000,-0.00000,0.39062
124,154,1,0.20000,0.15424,-0.13136,1.00000,0.00000,-0.00000,0.41162
125,154,1,0.20000,0.15795,-0.14097,1.00000,0.00000,-0.00000,0.43018
126,154,1,0.20000,0.16167,-0.15058,1.00000,0.00000,-0.00000,0.45068
127,154,1,0.20000,0.16538,-0.16019,1.00000,0.00000,-0.00000,0.46924
128,154,1,0.20000,0.16910,-0.16980,1.00000,0.00000,-0.00000,0.48975
129,154,1,0.20000,0.17281,-0.17941,1.00000,0.00000,-0.00000,0.51025
130,154,1,0.20000,0.17653,-0.18902,1.00000,0.00000,-0.00000,0.52881
131,154,1,0.20000,0.18024,-0.19863,1.00000,0.00000,-0.00000,0.55322
132,154,1,0.19366,0.17888,-0.20000,0.00000,0.00000,-1.00000,0.77637
133,154,1,0.18627,0.17669,-0.20000,0.00000,0.00000,-1.00000,0.76318
134,154,1,0.17887,0.17449,-0.20000,0.00000,0.00000,-1.00000,0.74414
135,154,1,0.17148,0.17229,-0.20000,0.00000,0.00000,-1.00000,0.73145
136,154,1,0.16409,0.17009,-0.20000,0.00000,0.00000,-1.00000,0.71533
137,154,1,0.15670,0.16789,-0.20000,0.00000,0.00000,-1.00000,0.69580
138,154,1,0.14930,0.16569,-0.20000,0.00000,0.00000,-1.00000,0.67822
139,154,1,0.14191,0.16350,-0.20000,0.00000,0.00000,-1.00000,0.65869
140,154,1,0.13452,0.16130,-0.20000,0.00000,0.00000,-1.00000,0.64062
141,154,1,0.12713,0.15910,-0.20000,0.00000,0.00000,-1.00000,0.61719
142,154,1,0.11973,0.15690,-0.20000,0.00000,0.00000,-1.00000,0.59961
143,154,1,0.11234,0.15470,-0.20000,0.00000,0.00000,-1.00000,0.57666
144,154,1,0.10495,0.15250,-0.20000,0.00000,0.00000,-1.00000,0.55762
145,154,1,0.09756,0.15030,-0.20000,0.00000,0.00000,-1.00000,0.53711
146,154,1,0.09016,0.14811,-0.20000,0.00000,0.00000,-1.00000,0.51758
147,154,1,0.08277,0.14591,-0.20000,0.00000,0.00000,-1.00000,0.49463
148,154,1,0.07538,0.14371,-0.20000,0.00000,0.00000,-1.00000,0.47852
149,154,1,0.06799,0.14151,-0.20000,0.00000,0.00000,-1.00000,0.45801
150,154,1,0.06059,0.13931,-0.20000,0.00000,0.00000,-1.00000,0.44141
151,154,4,0.13685,0.20403,-0.30875,0.91239,0.02682,0.40844,0.55762
152,154,4,0.14290,0.21258,-0.32621,0.95275,0.08387,0.29195,0.64746
153,154,4,0.14567,0.21851,-0.33942,0.97118,0.12341,0.20389,0.70361
154,154,4,0.14690,0.22322,-0.35064,0.97948,0.15478,0.12911,0.74414
155,154,4,0.14720,0.22717,-0.36064,0.98146,0.18114,0.06245,0.78369
156,154,4,0.14683,0.23060,-0.36977,0.97899,0.20395,0.00156,0.81250
157,154,4,0.14594,0.23360,-0.37822,0.97305,0.22397,-0.05479,0.83887
158,154,4,0.14464,0.23627,-0.38614,0.96435,0.24179,-0.10758,0.85938
159,154,4,0.14298,0.23866,-0.39359,0.95334,0.25770,-0.15728,0.87695
160,154,4,0.14103,0.24081,-0.40066,0.94030,0.27211,-0.20443,0.89648
161,154,4,0.13881,0.24276,-0.40739,0.92553,0.28505,-0.24929,0.90869
162,154,4,0.13636,0.24451,-0.41381,0.90918,0.29673,-0.29213,0.92236
163,154,4,0.13369,0.24609,-0.41996,0.89142,0.30729,-0.33309,0.93555
164,154,4,0.13083,0.24752,-0.42585,0.87233,0.31681,-0.37238,0.94385
165,154,4,0.12779,0.24880,-0.43150,0.85206,0.32531,-0.41008,0.95312
166,154,4,0.12458,0.24995,-0.43694,0.83061,0.33298,-0.44634,0.95947
167,154,4,0.12121,0.25096,-0.44217,0.80812,0.33977,-0.48115,0.96631
168,154,4,0.11768,0.25185,-0.44719,0.78463,0.34569,-0.51465,0.97461
169,154,4,0.11400,0.25263,-0.45202,0.76014,0.35087,-0.54688,0.97852
170,154,4,0.11019,0.25330,-0.45668,0.73471,0.35531,-0.57789,0.98242
171,154,4,0.10625,0.25386,-0.46116,0.70835,0.35900,-0.60775,0.98828
172,154,4,0.10216,0.25430,-0.46545,0.68113,0.36197,-0.63643,0.99072
173,154,4,0.09794,0.25464,-0.46958,0.65303,0.36429,-0.66396,0.99170
174,154,4,0.09360,0.25489,-0.47355,0.62408,0.36591,-0.69039,0.99512
176,154,4,0.08453,0.25506,-0.48098,0.56363,0.36710,-0.73997,0.99805
178,154,4,0.07497,0.25484,-0.48777,0.49985,0.36561,-0.78516,1.00000
180,154,4,0.06489,0.25421,-0.49388,0.43266,0.36138,-0.82596,1.00000
182,154,4,0.05428,0.25316,-0.49932,0.36193,0.35437,-0.86222,1.00000
184,154,4,0.04313,0.25166,-0.50404,0.28756,0.34443,-0.89369,1.00000
186,154,4,0.03139,0.24970,-0.50799,0.20927,0.33130,-0.92002,1.00000
188,154,4,0.01899,0.24721,-0.51109,0.12661,0.31473,-0.94070,1.00000
190,154,4,0.00584,0.24413,-0.51323,0.03896,0.29419,-0.95495,1.00000
192,154,4,-0.00817,0.24035,-0.51423,-0.05446,0.26898,-0.96160,1.00000
194,154,4,-0.02328,0.23569,-0.51380,-0.15524,0.23790,-0.95880,1.00000
196,154,4,-0.03986,0.22986,-0.51148,-0.26572,0.19905,-0.94328,1.00000
198,154,4,-0.05868,0.22223,-0.50623,-0.39119,0.14825,-0.90829,1.00000
200,154,4,-0.08203,0.21098,-0.49509,-0.54690,0.07324,-0.83399,1.00000
95,155,3,0.50026,0.28018,-0.24301,0.20106,0.12070,-0.97212,0.99414
96,155,3,0.49393,0.27883,-0.24439,0.17574,0.11529,-0.97766,0.99170
97,155,3,0.48748,0.27739,-0.24562,0.14998,0.10952,-0.98260,0.99023
98,155,3,0.48093,0.27586,-0.24671,0.12373,0.10342,-0.98693,0.98779
99,155,3,0.47425,0.27423,-0.24763,0.09701,0.09689,-0.99057,0.98535
100,155,3,0.46741,0.27247,-0.24835,0.06965,0.08989,-0.99352,0.98340
101,155,3,0.46043,0.27061,-0.24890,0.04175,0.08243,-0.99573,0.97949
102,155,3,0.45332,0.26863,-0.24926,0.01330,0.07452,-0.99713,0.97510
103,155,3,0.44603,0.26651,-0.24939,-0.01588,0.06604,-0.99768,0.97412
104,155,3,0.43857,0.26426,-0.24931,-0.04571,0.05706,-0.99732,0.96729
105,155,3,0.43093,0.26186,-0.24898,-0.07630,0.04746,-0.99597,0.96143
106,155,3,0.42304,0.25927,-0.24833,-0.10786,0.03707,-0.99348,0.95801
107,155,3,0.41495,0.25651,-0.24743,-0.14022,0.02606,-0.98976,0.95215
108,155,3,0.40657,0.25353,-0.24615,-0.17372,0.01411,-0.98470,0.94287
109,155,3,0.39790,0.25031,-0.24449,-0.20838,0.00123,-0.97804,0.93555
110,155,3,0.38888,0.24681,-0.24237,-0.24448,-0.01278,-0.96958,0.92383
111,155,3,0.37944,0.24297,-0.23971,-0.28226,-0.02813,-0.95893,0.91357
112,155,3,0.36949,0.23873,-0.23638,-0.32204,-0.04510,-0.94565,0.89648
113,155,3,0.35890,0.23397,-0.23222,-0.36443,-0.06413,-0.92902,0.87598
114,155,3,0.34745,0.22852,-0.22695,-0.41025,-0.08592,-0.90792,0.85498
115,155,3,0.33475,0.22207,-0.22004,-0.46106,-0.11175,-0.88031,0.82861
116,155,3,0.31994,0.21395,-0.21041,-0.52027,-0.14418,-0.84174,0.78760
117,155,3,0.29990,0.20163,-0.19397,-0.60040,-0.19348,-0.77594,0.70801
118,155,1,0.20000,0.12542,-0.07370,1.00000,0.00000,-0.00000,0.35303
119,155,1,0.20000,0.12914,-0.08331,1.00000,0.00000,-0.00000,0.35693
120,155,1,0.20000,0.13285,-0.09292,1.00000,0.00000,-0.00000,0.36768
121,155,1,0.20000,0.13657,-0.10253,1.00000,0.00000,-0.00000,0.37939
122,155,1,0.20000,0.14029,-0.11214,1.00000,0.00000,-0.00000,0.39307
123,155,1,0.20000,0.14400,-0.12175,1.00000,0.00000,-0.00000,0.40869
124,155,1,0.20000,0.14772,-0.13136,1.00000,0.00000,-0.00000,0.42188
125,155,1,0.20000,0.15143,-0.14097,1.00000,0.00000,-0.00000,0.44336
126,155,1,0.20000,0.15515,-0.15058,1.00000,0.00000,-0.00000,0.46045
127,155,1,0.20000,0.15886,-0.16019,1.00000,0.00000,-0.00000,0.47852
128,155,1,0.20000,0.16258,-0.16980,1.00000,0.00000,-0.00000,0.50000
129,155,1,0.20000,0.16629,-0.17942,1.00000,0.00000,-0.00000,0.51709
130,155,1,0.20000,0.17001,-0.18903,1.00000,0.00000,-0.00000,0.53857
131,155,1,0.20000,0.17372,-0.19863,1.00000,0.00000,-0.00000,0.55615
132,155,1,0.19366,0.17237,-0.20000,0.00000,0.00000,-1.00000,0.77588
133,155,1,0.18627,0.17017,-0.20000,0.00000,0.00000,-1.00000,0.75977
134,155,1,0.17887,0.16797,-0.20000,0.00000,0.00000,-1.00000,0.74707
135,155,1,0.17148,0.16577,-0.20000,0.00000,0.00000,-1.00000,0.73291
136,155,1,0.16409,0.16357,-0.20000,0.00000,0.00000,-1.00000,0.71729
137,155,1,0.15670,0.16137,-0.20000,0.00000,0.00000,-1.00000,0.70166
138,155,1,0.14930,0.15917,-0.20000,0.00000,0.00000,-1.00000,0.68115
139,155,1,0.14191,0.15698,-0.20000,0.00000,0.00000,-1.00000,0.66504
140,155,1,0.13452,0.15478,-0.20000,0.00000,0.00000,-1.00000,0.64453
141,155,1,0.12713,0.15258,-0.20000,0.00000,0.00000,-1.00000,0.62598
142,155,1,0.11973,0.15038,-0.20000,0.00000,0.00000,-1.00000,0.60938
143,155,1,0.11234,0.14818,-0.20000,0.00000,0.00000,-1.00000,0.58691
144,155,1,0.10495,0.14598,-0.20000,0.00000,0.00000,-1.00000,0.56543
145,155,1,0.09756,0.14379,-0.20000,0.00000,0.00000,-1.00000,0.54980
146,155,1,0.09016,0.14159,-0.20000,0.00000,0.00000,-1.00000,0.52637
147,155,1,0.08277,0.13939,-0.20000,0.00000,0.00000,-1.00000,0.51074
148,155,1,0.07538,0.13719,-0.20000,0.00000,0.00000,-1.00000,0.49316
149,155,1,0.06799,0.13499,-0.20000,0.00000,0.00000,-1.00000,0.47607
150,155,1,0.06059,0.13279,-0.20000,0.00000,0.00000,-1.00000,0.46191
151,155,4,0.13693,0.19758,-0.30885,0.91294,-0.01619,0.40778,0.56494
152,155,4,0.14356,0.20660,-0.32708,0.95716,0.04395,0.28621,0.65234
153,155,4,0.14651,0.21267,-0.34052,0.97685,0.08449,0.19655,0.70654
154,155,4,0.14786,0.21747,-0.35189,0.98583,0.11644,0.12075,0.75391
155,155,4,0.14822,0.22147,-0.36197,0.98827,0.14313,0.05358,0.79004
156,155,4,0.14789,0.22492,-0.37115,0.98608,0.16613,-0.00764,0.81641
157,155,4,0.14704,0.22795,-0.37964,0.98037,0.18635,-0.06429,0.84180
158,155,4,0.14576,0.23065,-0.38760,0.97184,0.20433,-0.11733,0.86035
159,155,4,0.14414,0.23307,-0.39510,0.96095,0.22041,-0.16732,0.87891
160,155,4,0.14220,0.23523,-0.40218,0.94806,0.23483,-0.21456,0.89844
161,155,4,0.14000,0.23718,-0.40893,0.93338,0.24786,-0.25957,0.91064
162,155,4,0.13756,0.23895,-0.41537,0.91711,0.25963,-0.30248,0.92285
163,155,4,0.13490,0.24054,-0.42153,0.89941,0.27024,-0.34356,0.93652
164,155,4,0.13204,0.24197,-0.42742,0.88041,0.27979,-0.38288,0.94385
165,155,4,0.12901,0.24326,-0.43309,0.86016,0.28840,-0.42066,0.95410
166,155,4,0.12580,0.24441,-0.43853,0.83879,0.29607,-0.45692,0.96191
167,155,4,0.12244,0.24543,-0.44376,0.81633,0.30287,-0.49181,0.96826
168,155,4,0.11892,0.24633,-0.44880,0.79285,0.30884,-0.52537,0.97461
169,155,4,0.11525,0.24711,-0.45364,0.76841,0.31404,-0.55761,0.97900
170,155,4,0.11143,0.24777,-0.45829,0.74300,0.31847,-0.58867,0.98486
171,155,4,0.10749,0.24833,-0.46277,0.71665,0.32222,-0.61854,0.98779
172,155,4,0.10340,0.24878,-0.46707,0.68945,0.32520,-0.64723,0.99023
173,155,4,0.09919,0.24912,-0.47120,0.66136,0.32753,-0.67478,0.99316
38,156,3,0.69070,0.21423,0.05720,0.96289,-0.14311,0.22884,1.00000
40,156,3,0.69713,0.22681,0.02961,0.98862,-0.09279,0.11847,1.00000
42,156,3,0.69948,0.23612,0.00734,0.99804,-0.05555,0.02936,1.00000
44,156,3,0.69962,0.24366,-0.01207,0.99853,-0.02538,-0.04825,1.00000
46,156,3,0.69824,0.24999,-0.02949,0.99303,-0.00004,-0.11796,1.00000
48,156,3,0.69574,0.25542,-0.04547,0.98307,0.02165,-0.18188,1.00000
50,156,3,0.69238,0.26016,-0.06031,0.96961,0.04063,-0.24127,1.00000
52,156,3,0.68827,0.26431,-0.07419,0.95323,0.05721,-0.29681,1.00000
54,156,3,0.68356,0.26796,-0.08728,0.93431,0.07184,-0.34915,1.00000
56,156,3,0.67827,0.27117,-0.09963,0.91321,0.08466,-0.39859,1.00000
58,156,3,0.67252,0.27399,-0.11137,0.89012,0.09599,-0.44551,1.00000
60,156,3,0.66630,0.27645,-0.12251,0.86525,0.10576,-0.49005,1.00000
62,156,3,0.65966,0.27857,-0.13310,0.83872,0.11427,-0.53245,1.00000
64,156,3,0.65265,0.28039,-0.14320,0.81063,0.12155,-0.57280,1.00000
66,156,3,0.64525,0.28190,-0.15281,0.78106,0.12764,-0.61127,1.00000
68,156,3,0.63751,0.28314,-0.16196,0.75011,0.13256,-0.64789,1.00000
70,156,3,0.62943,0.28411,-0.17068,0.71779,0.13639,-0.68277,1.00000
72,156,3,0.62102,0.28481,-0.17897,0.68415,0.13921,-0.71593,1.00000
74,156,3,0.61229,0.28526,-0.18684,0.64922,0.14101,-0.74741,1.00000
76,156,3,0.60324,0.28545,-0.19429,0.61302,0.14178,-0.77724,1.00000
78,156,3,0.59387,0.28538,-0.20133,0.57556,0.14154,-0.80542,1.00000
80,156,3,0.58419,0.28507,-0.20796,0.53681,0.14027,-0.83196,1.00000
82,156,3,0.57418,0.28449,-0.21418,0.49680,0.13798,-0.85682,1.00000
84,156,3,0.56385,0.28366,-0.21997,0.45549,0.13465,-0.88000,1.00000
86,156,3,0.55319,0.28256,-0.22533,0.41283,0.13023,-0.90145,1.00000
88,156,3,0.54219,0.28119,-0.23025,0.36881,0.12476,-0.92110,0.99951
90,156,3,0.53082,0.27953,-0.23469,0.32336,0.11811,-0.93887,0.99805
92,156,3,0.51908,0.27756,-0.23864,0.27637,0.11024,-0.95471,0.99756
94,156,3,0.50694,0.27529,-0.24208,0.22779,0.10113,-0.96845,0.99463
95,156,3,0.50071,0.27402,-0.24360,0.20288,0.09607,-0.97448,0.99463
96,156,3,0.49436,0.27266,-0.24495,0.17749,0.09063,-0.97995,0.99219
97,156,3,0.48790,0.27120,-0.24617,0.15164,0.08482,-0.98478,0.99023
98,156,3,0.48133,0.26966,-0.24723,0.12533,0.07863,-0.98901,0.98828
99,156,3,0.47463,0.26801,-0.24812,0.09852,0.07202,-0.99254,0.98584
100,156,3,0.46776,0.26624,-0.24882,0.07106,0.06498,-0.99536,0.98291
101,156,3,0.46076,0.26435,-0.24932,0.04307,0.05741,-0.99743,0.98047
102,156,3,0.45362,0.26235,-0.24965,0.01449,0.04941,-0.99866,0.97607
103,156,3,0.44629,0.26020,-0.24973,-0.01484,0.04083,-0.99904,0.97266
104,156,3,0.43880,0.25792,-0.24960,-0.04482,0.03171,-0.99851,0.96729
105,156,3,0.43111,0.25549,-0.24921,-0.07557,0.02196,-0.99692,0.96289
106,156,3,0.42317,0.25285,-0.24850,-0.10733,0.01142,-0.99415,0.95654
107,156,3,0.41502,0.25005,-0.24753,-0.13989,0.00023,-0.99016,0.94971
108,156,3,0.40658,0.24701,-0.24616,-0.17369,-0.01197,-0.98474,0.94336
109,156,3,0.39783,0.24373,-0.24440,-0.20867,-0.02508,-0.97766,0.93262
110,156,3,0.38871,0.24015,-0.24214,-0.24517,-0.03942,-0.96867,0.92334
111,156,3,0.37915,0.23621,-0.23932,-0.28344,-0.05516,-0.95740,0.91162
112,156,3,0.36905,0.23185,-0.23581,-0.32381,-0.07258,-0.94333,0.89697
113,156,3,0.35825,0.22692,-0.23137,-0.36706,-0.09231,-0.92560,0.87598
114,156,3,0.34649,0.22123,-0.22570,-0.41407,-0.11510,-0.90294,0.85449
115,156,3,0.33334,0.21443,-0.21822,-0.46662,-0.14230,-0.87293,0.81934
116,156,3,0.31751,0.20548,-0.20725,-0.53000,-0.17804,-0.82910,0.77783
117,156,3,0.29260,0.18927,-0.18447,-0.62884,-0.24278,-0.73758,0.65918
118,156,1,0.20000,0.11890,-0.07370,1.00000,0.00000,-0.00000,0.37256
119,156,1,0.20000,0.12262,-0.08331,1.00000,0.00000,-0.00000,0.37500
120,156,1,0.20000,0.12633,-0.09292,1.00000,0.00000,-0.00000,0.38428
121,156,1,0.20000,0.13005,-0.10253,1.00000,0.00000,-0.00000,0.39697
122,156,1,0.20000,0.13377,-0.11214,1.00000,0.00000,-0.00000,0.40771
123,156,1,0.20000,0.13748,-0.12175,1.00000,0.00000,-0.00000,0.42041
124,156,1,0.20000,0.14120,-0.13136,1.00000,0.00000,-0.00000,0.43652
125,156,1,0.20000,0.14491,-0.14097,1.00000,0.00000,-0.00000,0.45459
126,156,1,0.20000,0.14863,-0.15058,1.00000,0.00000,-0.00000,0.46826
127,156,1,0.20000,0.15234,-0.16019,1.00000,0.00000,-0.00000,0.48584
128,156,1,0.20000,0.15606,-0.16980,1.00000,0.00000,-0.00000,0.51123
129,156,1,0.20000,0.15977,-0.17941,1.00000,0.00000,-0.00000,0.52734
130,156,1,0.20000,0.16349,-0.18902,1.00000,0.00000,-0.00000,0.54834
131,156,1,0.20000,0.16720,-0.19863,1.00000,0.00000,-0.00000,0.56396
132,156,1,0.19366,0.16585,-0.20000,0.00000,0.00000,-1.00000,0.78027
133,156,1,0.18627,0.16365,-0.20000,0.00000,0.00000,-1.00000,0.76562
134,156,1,0.17887,0.16145,-0.20000,0.00000,0.00000,-1.00000,0.75049
135,156,1,0.17148,0.15925,-0.20000,0.00000,0.00000,-1.00000,0.73584
136,156,1,0.16409,0.15705,-0.20000,0.00000,0.00000,-1.00000,0.72314
137,156,1,0.15670,0.15485,-0.20000,0.00000,0.00000,-1.00000,0.70361
138,156,1,0.14930,0.15266,-0.20000,0.00000,0.00000,-1.00000,0.68896
139,156,1,0.14191,0.15046,-0.20000,0.00000,0.00000,-1.00000,0.67139
140,156,1,0.13452,0.14826,-0.20000,0.00000,0.00000,-1.00000,0.65283
141,156,1,0.12713,0.14606,-0.20000,0.00000,0.00000,-1.00000,0.63330
142,156,1,0.11973,0.14386,-0.20000,0.00000,0.00000,-1.00000,0.61523
143,156,1,0.11234,0.14166,-0.20000,0.00000,0.00000,-1.00000,0.60010
144,156,1,0.10495,0.13946,-0.20000,0.00000,0.00000,-1.00000,0.57959
145,156,1,0.09756,0.13727,-0.20000,0.00000,0.00000,-1.00000,0.56006
146,156,1,0.09016,0.13507,-0.20000,0.00000,0.00000,-1.00000,0.54346
147,156,1,0.08277,0.13287,-0.20000,0.00000,0.00000,-1.00000,0.52246
148,156,1,0.07538,0.13067,-0.20000,0.00000,0.00000,-1.00000,0.51123
149,156,1,0.06799,0.12847,-0.20000,0.00000,0.00000,-1.00000,0.49365
150,156,1,0.06059,0.12627,-0.20000,0.00000,0.00000,-1.00000,0.48291
151,156,4,0.13615,0.19043,-0.30783,0.90735,-0.06378,0.41384,0.56250
152,156,4,0.14381,0.20028,-0.32740,0.95881,0.00182,0.28403,0.65625
153,156,4,0.14705,0.20659,-0.34123,0.98044,0.04388,0.19186,0.71289
154,156,4,0.14855,0.21150,-0.35278,0.99043,0.07665,0.11482,0.75781
155,156,4,0.14901,0.21558,-0.36299,0.99351,0.10389,0.04674,0.79004
156,156,4,0.14875,0.21909,-0.37226,0.99176,0.12723,-0.01503,0.81885
157,156,4,0.14795,0.22217,-0.38084,0.98637,0.14777,-0.07224,0.84473
158,156,4,0.14670,0.22488,-0.38882,0.97813,0.16588,-0.12549,0.86572
159,156,4,0.14510,0.22732,-0.39635,0.96746,0.18210,-0.17564,0.88330
160,156,4,0.14319,0.22951,-0.40348,0.95471,0.19670,-0.22323,0.89844
161,156,4,0.14101,0.23147,-0.41025,0.94019,0.20982,-0.26835,0.91357
162,156,4,0.13859,0.23326,-0.41672,0.92404,0.22170,-0.31146,0.92529
163,156,4,0.13595,0.23486,-0.42289,0.90643,0.23240,-0.35266,0.93604
164,156,4,0.13312,0.23631,-0.42882,0.88749,0.24202,-0.39216,0.94678
165,156,4,0.13009,0.23760,-0.43449,0.86735,0.25066,-0.42998,0.95508
166,156,4,0.12689,0.23875,-0.43994,0.84603,0.25835,-0.46635,0.96338
167,156,4,0.12353,0.23979,-0.44519,0.82362,0.26524,-0.50130,0.96826
168,156,4,0.12002,0.24069,-0.45023,0.80018,0.27129,-0.53490,0.97217
169,156,4,0.11635,0.24147,-0.45507,0.77578,0.27644,-0.56723,0.98096
170,156,4,0.11254,0.24214,-0.45973,0.75040,0.28095,-0.59831,0.98340
171,156,4,0.10860,0.24270,-0.46422,0.72409,0.28468,-0.62821,0.98730
172,156,4,0.10453,0.24316,-0.46853,0.69690,0.28772,-0.65692,0.99023
173,156,4,0.10032,0.24350,-0.47267,0.66884,0.29002,-0.68450,0.99316
174,156,4,0.09598,0.24375,-0.47664,0.63989,0.29169,-0.71095,0.99561
176,156,4,0.08691,0.24393,-0.48407,0.57948,0.29285,-0.76055,0.99854
178,156,4,0.07734,0.24370,-0.49085,0.51567,0.29133,-0.80574,0.99951
180,156,4,0.06726,0.24306,-0.49696,0.44839,0.28713,-0.84646,1.00000
182,156,4,0.05663,0.24200,-0.50237,0.37763,0.28000,-0.88261,1.00000
184,156,4,0.04547,0.24050,-0.50708,0.30315,0.26998,-0.91390,1.00000
186,156,4,0.03369,0.23850,-0.51098,0.22463,0.25669,-0.94003,1.00000
188,156,4,0.02126,0.23599,-0.51405,0.14179,0.23993,-0.96038,1.00000
190,156,4,0.00807,0.23287,-0.51612,0.05381,0.21914,-0.97421,1.00000
192,156,4,-0.00602,0.22903,-0.51703,-0.04010,0.19354,-0.98026,1.00000
194,156,4,-0.02123,0.22429,-0.51647,-0.14152,0.16191,-0.97660,1.00000
196,156,4,-0.03796,0.21834,-0.51394,-0.25308,0.12223,-0.95969,1.00000
198,156,4,-0.05708,0.21048,-0.50831,-0.38052,0.06986,-0.92213,1.00000
200,156,4,-0.08133,0.19851,-0.49600,-0.54224,-0.00992,-0.84017,1.00000
94,157,3,0.50731,0.26906,-0.24257,0.22928,0.07626,-0.97036,0.99365
95,157,3,0.50107,0.26778,-0.24406,0.20429,0.07114,-0.97632,0.99365
96,157,3,0.49470,0.26640,-0.24539,0.17882,0.06562,-0.98169,0.99268
97,157,3,0.48822,0.26494,-0.24658,0.15290,0.05974,-0.98644,0.99023
98,157,3,0.48162,0.26337,-0.24761,0.12649,0.05351,-0.99051,0.98682
99,157,3,0.47489,0.26171,-0.24847,0.09957,0.04683,-0.99391,0.98584
100,157,3,0.46801,0.25991,-0.24913,0.07205,0.03966,-0.99660,0.98242
101,157,3,0.46098,0.25800,-0.24960,0.04392,0.03201,-0.99853,0.97803
102,157,3,0.45380,0.25598,-0.24988,0.01520,0.02391,-0.99961,0.97559
103,157,3,0.44643,0.25380,-0.24991,-0.01427,0.01517,-0.99976,0.97217
104,157,3,0.43889,0.25148,-0.24972,-0.04442,0.00592,-0.99901,0.96777
105,157,3,0.43115,0.24901,-0.24927,-0.07539,-0.00399,-0.99716,0.96191
106,157,3,0.42316,0.24633,-0.24849,-0.10735,-0.01470,-0.99413,0.95654
107,157,3,0.41495,0.24347,-0.24743,-0.14020,-0.02612,-0.98976,0.95166
108,157,3,0.40643,0.24037,-0.24596,-0.17431,-0.03853,-0.98393,0.94141
109,157,3,0.39758,0.23701,-0.24407,-0.20968,-0.05195,-0.97639,0.93408
110,157,3,0.38835,0.23334,-0.24168,-0.24660,-0.06664,-0.96682,0.92090
111,157,3,0.37865,0.22930,-0.23868,-0.28544,-0.08283,-0.95481,0.90967
112,157,3,0.36837,0.22479,-0.23492,-0.32655,-0.10089,-0.93978,0.89307
113,157,3,0.35732,0.21967,-0.23018,-0.37072,-0.12137,-0.92078,0.87207
114,157,3,0.34521,0.21369,-0.22404,-0.41917,-0.14524,-0.89621,0.84814
115,157,3,0.33137,0.20633,-0.21565,-0.47458,-0.17466,-0.86271,0.81592
116,157,3,0.31410,0.19623,-0.20281,-0.54361,-0.21505,-0.81132,0.76758
117,157,1,0.20000,0.10867,-0.06409,0.99921,-0.00013,-0.00036,0.38672
118,157,1,0.20000,0.11238,-0.07370,1.00000,0.00000,-0.00000,0.39111
119,157,1,0.20000,0.11610,-0.08331,1.00000,0.00000,-0.00000,0.39648
120,157,1,0.20000,0.11982,-0.09292,1.00000,0.00000,-0.00000,0.40332
121,157,1,0.20000,0.12353,-0.10253,1.00000,0.00000,-0.00000,0.41162
122,157,1,0.20000,0.12725,-0.11214,1.00000,0.00000,-0.00000,0.42188
123,157,1,0.20000,0.13096,-0.12175,1.00000,0.00000,-0.00000,0.43311
124,157,1,0.20000,0.13468,-0.13137,1.00000,0.00000,-0.00000,0.44922
125,157,1,0.20000,0.13839,-0.14097,1.00000,0.00000,-0.00000,0.46289
126,157,1,0.20000,0.14211,-0.15058,1.00000,0.00000,-0.00000,0.47998
127,157,1,0.20000,0.14582,-0.16019,1.00000,0.00000,-0.00000,0.49756
128,157,1,0.20000,0.14954,-0.16981,1.00000,0.00000,-0.00000,0.51562
129,157,1,0.20000,0.15325,-0.17941,1.00000,0.00000,-0.00000,0.53564
130,157,1,0.20000,0.15697,-0.18903,1.00000,0.00000,-0.00000,0.55322
131,157,1,0.20000,0.16069,-0.19863,1.00000,0.00000,-0.00000,0.57324
132,157,1,0.19366,0.15933,-0.20000,0.00000,0.00000,-1.00000,0.77979
133,157,1,0.18627,0.15713,-0.20000,0.00000,0.00000,-1.00000,0.76514
134,157,1,0.17887,0.15493,-0.20000,0.00000,0.00000,-1.00000,0.75439
135,157,1,0.17148,0.15273,-0.20000,0.00000,0.00000,-1.00000,0.74268
136,157,1,0.16409,0.15053,-0.20000,0.00000,0.00000,-1.00000,0.72705
137,157,1,0.15670,0.14833,-0.20000,0.00000,0.00000,-1.00000,0.70898
138,157,1,0.14930,0.14614,-0.20000,0.00000,0.00000,-1.00000,0.69336
139,157,1,0.14191,0.14394,-0.20000,0.00000,0.00000,-1.00000,0.67773
140,157,1,0.13452,0.14174,-0.20000,0.00000,0.00000,-1.00000,0.66260
141,157,1,0.12713,0.13954,-0.20000,0.00000,0.00000,-1.00000,0.64258
142,157,1,0.11973,0.13734,-0.20000,0.00000,0.00000,-1.00000,0.62646
143,157,1,0.11234,0.13514,-0.20000,0.00000,0.00000,-1.00000,0.60840
144,157,1,0.10495,0.13295,-0.20000,0.00000,0.00000,-1.00000,0.58936
145,157,1,0.09756,0.13075,-0.20000,0.00000,0.00000,-1.00000,0.56885
146,157,1,0.09016,0.12855,-0.20000,0.00000,0.00000,-1.00000,0.55566
147,157,1,0.08277,0.12635,-0.20000,0.00000,0.00000,-1.00000,0.54004
148,157,1,0.07538,0.12415,-0.20000,0.00000,0.00000,-1.00000,0.52783
149,157,1,0.06799,0.12195,-0.20000,0.00000,0.00000,-1.00000,0.51172
150,157,1,0.06059,0.11975,-0.20000,0.00000,0.00000,-1.00000,0.50342
151,157,4,0.13403,0.18221,-0.30507,0.89315,-0.11852,0.43224,0.54980
152,157,4,0.14357,0.19357,-0.32709,0.95723,-0.04293,0.28612,0.65576
153,157,4,0.14726,0.20023,-0.34149,0.98176,0.00151,0.19011,0.71582
154,157,4,0.14895,0.20530,-0.35330,0.99316,0.03533,0.11134,0.75977
155,157,4,0.14955,0.20949,-0.36369,0.99709,0.06329,0.04211,0.79443
156,157,4,0.14938,0.21308,-0.37308,0.99598,0.08716,-0.02053,0.82471
157,157,4,0.14864,0.21620,-0.38173,0.99108,0.10798,-0.07821,0.84619
158,157,4,0.14746,0.21897,-0.38980,0.98315,0.12642,-0.13201,0.86963
159,157,4,0.14590,0.22143,-0.39738,0.97276,0.14289,-0.18257,0.88477
160,157,4,0.14402,0.22365,-0.40455,0.96025,0.15765,-0.23034,0.90039
161,157,4,0.14187,0.22565,-0.41137,0.94589,0.17095,-0.27582,0.91357
162,157,4,0.13947,0.22744,-0.41785,0.92992,0.18288,-0.31906,0.92676
163,157,4,0.13685,0.22906,-0.42407,0.91243,0.19371,-0.36047,0.93848
164,157,4,0.13403,0.23052,-0.43000,0.89362,0.20345,-0.40007,0.94678
165,157,4,0.13102,0.23183,-0.43571,0.87355,0.21218,-0.43805,0.95605
166,157,4,0.12784,0.23299,-0.44118,0.85232,0.21995,-0.47452,0.96289
167,157,4,0.12448,0.23403,-0.44642,0.82999,0.22686,-0.50957,0.96924
168,157,4,0.12098,0.23494,-0.45148,0.80662,0.23290,-0.54326,0.97412
169,157,4,0.11732,0.23573,-0.45634,0.78225,0.23819,-0.57564,0.97949
170,157,4,0.11353,0.23641,-0.46101,0.75690,0.24270,-0.60679,0.98438
171,157,4,0.10959,0.23697,-0.46550,0.73065,0.24647,-0.63672,0.98730
172,157,4,0.10551,0.23743,-0.46981,0.70348,0.24950,-0.66548,0.99121
173,157,4,0.10130,0.23777,-0.47395,0.67544,0.25183,-0.69308,0.99414
38,158,3,0.68607,0.19749,0.06321,0.94441,-0.21008,0.25287,1.00000
40,158,3,0.69492,0.21200,0.03249,0.97979,-0.15203,0.12999,1.00000
42,158,3,0.69824,0.22208,0.00895,0.99309,-0.11168,0.03584,1.00000
44,158,3,0.69893,0.23007,-0.01116,0.99583,-0.07975,-0.04464,1.00000
46,158,3,0.69792,0.23669,-0.02908,0.99180,-0.05323,-0.11630,1.00000
48,158,3,0.69569,0.24234,-0.04540,0.98291,-0.03067,-0.18159,1.00000
50,158,3,0.69253,0.24724,-0.06051,0.97021,-0.01103,-0.24204,1.00000
52,158,3,0.68858,0.25151,-0.07459,0.95444,0.00603,-0.29838,1.00000
54,158,3,0.68398,0.25526,-0.08783,0.93601,0.02102,-0.35135,1.00000
56,158,3,0.67880,0.25855,-0.10032,0.91530,0.03419,-0.40132,1.00000
58,158,3,0.67312,0.26144,-0.11216,0.89253,0.04575,-0.44867,1.00000
60,158,3,0.66697,0.26394,-0.12338,0.86794,0.05576,-0.49353,1.00000
62,158,3,0.66038,0.26611,-0.13404,0.84162,0.06443,-0.53621,1.00000
64,158,3,0.65341,0.26796,-0.14420,0.81369,0.07186,-0.57684,1.00000
66,158,3,0.64606,0.26951,-0.15385,0.78430,0.07805,-0.61546,1.00000
68,158,3,0.63834,0.27077,-0.16305,0.75345,0.08309,-0.65223,0.99951
70,158,3,0.63029,0.27176,-0.17179,0.72121,0.08703,-0.68723,1.00000
72,158,3,0.62189,0.27247,-0.18010,0.68764,0.08989,-0.72046,1.00000
74,158,3,0.61317,0.27292,-0.18798,0.65275,0.09169,-0.75201,1.00000
76,158,3,0.60413,0.27312,-0.19544,0.61658,0.09247,-0.78185,1.00000
78,158,3,0.59476,0.27305,-0.20248,0.57910,0.09220,-0.81003,1.00000
80,158,3,0.58506,0.27273,-0.20910,0.54033,0.09093,-0.83653,1.00000
82,158,3,0.57505,0.27215,-0.21530,0.50027,0.08858,-0.86133,1.00000
84,158,3,0.56470,0.27130,-0.22107,0.45888,0.08518,-0.88441,1.00000
86,158,3,0.55401,0.27018,-0.22640,0.41613,0.08074,-0.90572,1.00000
88,158,3,0.54298,0.26879,-0.23128,0.37198,0.07514,-0.92519,0.99902
90,158,3,0.53157,0.26709,-0.23567,0.32633,0.06837,-0.94277,0.99854
92,158,3,0.51978,0.26509,-0.23955,0.27915,0.06035,-0.95836,0.99658
94,158,3,0.50758,0.26276,-0.24292,0.23036,0.05106,-0.97178,0.99463
95,158,3,0.50131,0.26146,-0.24438,0.20529,0.04585,-0.97764,0.99365
96,158,3,0.49493,0.26007,-0.24569,0.17974,0.04026,-0.98290,0.99121
97,158,3,0.48843,0.25858,-0.24685,0.15374,0.03432,-0.98753,0.98926
98,158,3,0.48180,0.25700,-0.24785,0.12724,0.02799,-0.99146,0.98779
99,158,3,0.47504,0.25531,-0.24867,0.10019,0.02123,-0.99475,0.98535
100,158,3,0.46813,0.25349,-0.24930,0.07255,0.01397,-0.99729,0.98291
101,158,3,0.46107,0.25156,-0.24972,0.04429,0.00622,-0.99902,0.97949
102,158,3,0.45385,0.24950,-0.24995,0.01540,-0.00203,-0.99988,0.97559
103,158,3,0.44644,0.24729,-0.24992,-0.01424,-0.01088,-0.99985,0.97168
104,158,3,0.43886,0.24494,-0.24968,-0.04456,-0.02028,-0.99879,0.96729
105,158,3,0.43106,0.24241,-0.24915,-0.07578,-0.03037,-0.99668,0.96094
106,158,3,0.42301,0.23968,-0.24829,-0.10799,-0.04127,-0.99329,0.95654
107,158,3,0.41471,0.23677,-0.24712,-0.14115,-0.05294,-0.98856,0.94971
108,158,3,0.40611,0.23360,-0.24554,-0.17559,-0.06563,-0.98228,0.94092
109,158,3,0.39715,0.23015,-0.24351,-0.21141,-0.07940,-0.97416,0.93262
110,158,3,0.38779,0.22638,-0.24096,-0.24883,-0.09449,-0.96393,0.92139
111,158,3,0.37793,0.22221,-0.23775,-0.28827,-0.11121,-0.95107,0.90820
112,158,3,0.36742,0.21751,-0.23369,-0.33034,-0.12998,-0.93487,0.89160
113,158,3,0.35607,0.21215,-0.22855,-0.37571,-0.15140,-0.91429,0.86963
114,158,3,0.34346,0.20578,-0.22177,-0.42619,-0.17686,-0.88718,0.84570
115,158,3,0.32876,0.19773,-0.21226,-0.48501,-0.20909,-0.84914,0.80908
116,158,3,0.30876,0.18545,-0.19588,-0.56502,-0.25823,-0.78363,0.74463
117,158,1,0.20000,0.10215,-0.06409,1.00000,0.00000,-0.00000,0.40430
118,158,1,0.20000,0.10587,-0.07370,1.00000,0.00000,-0.00000,0.40674
119,158,1,0.20000,0.10958,-0.08331,1.00000,0.00000,-0.00000,0.40967
120,158,1,0.20000,0.11330,-0.09292,1.00000,0.00000,-0.00000,0.41846
121,158,1,0.20000,0.11701,-0.10253,1.00000,0.00000,-0.00000,0.42773
122,158,1,0.20000,0.12073,-0.11214,1.00000,0.00000,-0.00000,0.43408
123,158,1,0.20000,0.12444,-0.12175,1.00000,0.00000,-0.00000,0.44971
124,158,1,0.20000,0.12816,-0.13136,1.00000,0.00000,-0.00000,0.46729
125,158,1,0.20000,0.13187,-0.14097,1.00000,0.00000,-0.00000,0.47852
126,158,1,0.20000,0.13559,-0.15058,1.00000,0.00000,-0.00000,0.49365
127,158,1,0.20000,0.13930,-0.16020,1.00000,0.00000,-0.00000,0.50830
128,158,1,0.20000,0.14302,-0.16981,1.00000,0.00000,-0.00000,0.52490
129,158,1,0.20000,0.14674,-0.17941,1.00000,0.00000,-0.00000,0.54248
130,158,1,0.20000,0.15045,-0.18903,1.00000,0.00000,-0.00000,0.56152
131,158,1,0.20000,0.15417,-0.19863,1.00000,0.00000,-0.00000,0.57715
132,158,1,0.19366,0.15281,-0.20000,0.00000,0.00000,-1.00000,0.78271
133,158,1,0.18627,0.15061,-0.20000,0.00000,0.00000,-1.00000,0.77246
134,158,1,0.17887,0.14841,-0.20000,0.00000,0.00000,-1.00000,0.75488
135,158,1,0.17148,0.14621,-0.20000,0.00000,0.00000,-1.00000,0.74756
136,158,1,0.16409,0.14401,-0.20000,0.00000,0.00000,-1.00000,0.72852
137,158,1,0.15670,0.14182,-0.20000,0.00000,0.00000,-1.00000,0.71484
138,158,1,0.14930,0.13962,-0.20000,0.00000,0.00000,-1.00000,0.69922
139,158,1,0.14191,0.13742,-0.20000,0.00000,0.00000,-1.00000,0.68359
140,158,1,0.13452,0.13522,-0.20000,0.00000,0.00000,-1.00000,0.66455
141,158,1,0.12713,0.13302,-0.20000,0.00000,0.00000,-1.00000,0.65234
142,158,1,0.11973,0.13082,-0.20000,0.00000,0.00000,-1.00000,0.63477
143,158,1,0.11234,0.12862,-0.20000,0.00000,0.00000,-1.00000,0.61768
144,158,1,0.10495,0.12643,-0.20000,0.00000,0.00000,-1.00000,0.60254
145,158,1,0.09756,0.12423,-0.20000,0.00000,0.00000,-1.00000,0.58496
146,158,1,0.09016,0.12203,-0.20000,0.00000,0.00000,-1.00000,0.57373
147,158,1,0.08277,0.11983,-0.20000,0.00000,0.00000,-1.00000,0.55518
148,158,1,0.07538,0.11763,-0.20000,0.00000,0.00000,-1.00000,0.54346
149,158,1,0.06799,0.11543,-0.20000,0.00000,0.00000,-1.00000,0.53271
150,158,1,0.06059,0.11323,-0.20000,0.00000,0.00000,-1.00000,0.52295
151,158,1,0.05320,0.11104,-0.20000,0.26490,-0.06421,-0.52533,0.50244
152,158,4,0.14274,0.18638,-0.32601,0.95168,-0.09084,0.29335,0.65576
153,158,4,0.14706,0.19355,-0.34124,0.98050,-0.04300,0.19178,0.71973
154,158,4,0.14906,0.19887,-0.35344,0.99387,-0.00756,0.11040,0.76367
155,158,4,0.14983,0.20320,-0.36406,0.99900,0.02132,0.03962,0.79834
156,158,4,0.14979,0.20689,-0.37362,0.99866,0.04588,-0.02410,0.82617
157,158,4,0.14913,0.21007,-0.38237,0.99433,0.06716,-0.08244,0.85205
158,158,4,0.14801,0.21289,-0.39052,0.98686,0.08593,-0.13679,0.87012
159,158,4,0.14651,0.21540,-0.39818,0.97681,0.10268,-0.18785,0.88721
160,158,4,0.14467,0.21765,-0.40540,0.96460,0.11768,-0.23603,0.90381
161,158,4,0.14255,0.21967,-0.41226,0.95048,0.13114,-0.28175,0.91650
162,158,4,0.14019,0.22149,-0.41879,0.93469,0.14329,-0.32531,0.92871
163,158,4,0.13759,0.22313,-0.42502,0.91740,0.15422,-0.36687,0.93994
164,158,4,0.13479,0.22461,-0.43100,0.89872,0.16403,-0.40668,0.94727
165,158,4,0.13181,0.22594,-0.43673,0.87877,0.17289,-0.44483,0.95703
166,158,4,0.12863,0.22711,-0.44221,0.85764,0.18074,-0.48144,0.96240
167,158,4,0.12529,0.22816,-0.44748,0.83541,0.18771,-0.51658,0.96973
168,158,4,0.12180,0.22908,-0.45255,0.81211,0.19385,-0.55037,0.97461
169,158,4,0.11816,0.22988,-0.45742,0.78779,0.19917,-0.58286,0.98096
170,158,4,0.11436,0.23056,-0.46210,0.76251,0.20370,-0.61407,0.98486
171,158,4,0.11043,0.23113,-0.46660,0.73632,0.20751,-0.64403,0.98682
172,158,4,0.10636,0.23159,-0.47092,0.70916,0.21058,-0.67287,0.99121
173,158,4,0.10216,0.23194,-0.47506,0.68114,0.21294,-0.70050,0.99463
174,158,4,0.09782,0.23219,-0.47904,0.65223,0.21463,-0.72700,0.99609
176,158,4,0.08876,0.23237,-0.48648,0.59184,0.21580,-0.77663,0.99951
178,158,4,0.07919,0.23214,-0.49325,0.52800,0.21429,-0.82176,1.00000
180,158,4,0.06909,0.23150,-0.49935,0.46066,0.20997,-0.86238,1.00000
182,158,4,0.05845,0.23041,-0.50473,0.38973,0.20274,-0.89834,1.00000
184,158,4,0.04725,0.22888,-0.50939,0.31503,0.19250,-0.92935,1.00000
186,158,4,0.03543,0.22686,-0.51325,0.23622,0.17904,-0.95506,1.00000
188,158,4,0.02293,0.22429,-0.51621,0.15286,0.16192,-0.97489,1.00000
190,158,4,0.00965,0.22110,-0.51818,0.06437,0.14064,-0.98796,1.00000
192,158,4,-0.00456,0.21716,-0.51893,-0.03036,0.11441,-0.99296,1.00000
194,158,4,-0.01995,0.21228,-0.51814,-0.13299,0.08190,-0.98772,1.00000
196,158,4,-0.03697,0.20609,-0.51523,-0.24649,0.04061,-0.96829,0.99951
198,158,4,-0.05666,0.19777,-0.50885,-0.37779,-0.01487,-0.92577,1.00000
200,158,4,-0.08283,0.18427,-0.49405,-0.55224,-0.10490,-0.82706,1.00000
95,159,3,0.50146,0.25506,-0.24456,0.20585,0.02023,-0.97838,0.99268
96,159,3,0.49505,0.25365,-0.24584,0.18023,0.01456,-0.98352,0.99121
97,159,3,0.48852,0.25214,-0.24697,0.15412,0.00856,-0.98803,0.98926
98,159,3,0.48188,0.25054,-0.24794,0.12751,0.00216,-0.99182,0.98779
99,159,3,0.47508,0.24882,-0.24872,0.10033,-0.00472,-0.99496,0.98535
100,159,3,0.46814,0.24698,-0.24930,0.07257,-0.01209,-0.99731,0.98145
101,159,3,0.46104,0.24502,-0.24968,0.04416,-0.01995,-0.99881,0.97852
102,159,3,0.45377,0.24292,-0.24984,0.01510,-0.02834,-0.99950,0.97607
103,159,3,0.44631,0.24067,-0.24976,-0.01473,-0.03736,-0.99917,0.97168
104,159,3,0.43868,0.23828,-0.24945,-0.04527,-0.04690,-0.99789,0.96680
105,159,3,0.43081,0.23569,-0.24883,-0.07675,-0.05724,-0.99539,0.96045
106,159,3,0.42269,0.23292,-0.24788,-0.10924,-0.06833,-0.99168,0.95654
107,159,3,0.41431,0.22993,-0.24660,-0.14276,-0.08028,-0.98649,0.94775
108,159,3,0.40561,0.22668,-0.24489,-0.17759,-0.09333,-0.97966,0.94043
109,159,3,0.39653,0.22313,-0.24270,-0.21389,-0.10750,-0.97093,0.92969
110,159,3,0.38702,0.21924,-0.23995,-0.25192,-0.12306,-0.95989,0.91895
111,159,3,0.37695,0.21490,-0.23647,-0.29222,-0.14041,-0.94599,0.90625
112,159,3,0.36618,0.21000,-0.23208,-0.33529,-0.16000,-0.92843,0.88623
113,159,3,0.35443,0.20431,-0.22641,-0.38233,-0.18275,-0.90577,0.86963
114,159,3,0.34121,0.19745,-0.21883,-0.43521,-0.21017,-0.87545,0.84033
115,159,3,0.32524,0.18839,-0.20769,-0.49905,-0.24640,-0.83080,0.79932
116,159,3,0.29662,0.16921,-0.18009,-0.61194,-0.32285,-0.71982,0.66846
117,159,1,0.20000,0.09563,-0.06409,1.00000,0.00000,-0.00000,0.42578
118,159,1,0.20000,0.09935,-0.07370,1.00000,0.00000,-0.00000,0.42871
119,159,1,0.20000,0.10306,-0.08331,1.00000,0.00000,-0.00000,0.43213
120,159,1,0.20000,0.10678,-0.09292,1.00000,0.00000,-0.00000,0.43604
121,159,1,0.20000,0.11049,-0.10253,1.00000,0.00000,-0.00000,0.43994
122,159,1,0.20000,0.11421,-0.11214,1.00000,0.00000,-0.00000,0.45459
123,159,1,0.20000,0.11792,-0.12175,1.00000,0.00000,-0.00000,0.46680
124,159,1,0.20000,0.12164,-0.13136,1.00000,0.00000,-0.00000,0.47803
125,159,1,0.20000,0.12535,-0.14097,1.00000,0.00000,-0.00000,0.48926
126,159,1,0.20000,0.12907,-0.15058,1.00000,0.00000,-0.00000,0.50244
127,159,1,0.20000,0.13278,-0.16019,1.00000,0.00000,-0.00000,0.51904
128,159,1,0.20000,0.13650,-0.16980,1.00000,0.00000,-0.00000,0.53369
129,159,1,0.20000,0.14022,-0.17941,1.00000,0.00000,-0.00000,0.55127
130,159,1,0.20000,0.14393,-0.18902,1.00000,0.00000,-0.00000,0.56738
131,159,1,0.20000,0.14765,-0.19863,1.00000,0.00000,-0.00000,0.58545
132,159,1,0.19366,0.14629,-0.20000,0.00000,0.00000,-1.00000,0.78516
133,159,1,0.18627,0.14409,-0.20000,0.00000,0.00000,-1.00000,0.77686
134,159,1,0.17887,0.14189,-0.20000,0.00000,0.00000,-1.00000,0.76172
135,159,1,0.17148,0.13969,-0.20000,0.00000,0.00000,-1.00000,0.75000
136,159,1,0.16409,0.13750,-0.20000,0.00000,0.00000,-1.00000,0.73438
137,159,1,0.15670,0.13530,-0.20000,0.00000,0.00000,-1.00000,0.72217
138,159,1,0.14930,0.13310,-0.20000,0.00000,0.00000,-1.00000,0.70654
139,159,1,0.14191,0.13090,-0.20000,0.00000,0.00000,-1.00000,0.68896
140,159,1,0.13452,0.12870,-0.20000,0.00000,0.00000,-1.00000,0.67676
141,159,1,0.12713,0.12650,-0.20000,0.00000,0.00000,-1.00000,0.65967
142,159,1,0.11973,0.12430,-0.20000,0.00000,0.00000,-1.00000,0.64404
143,159,1,0.11234,0.12211,-0.20000,0.00000,0.00000,-1.00000,0.62939
144,159,1,0.10495,0.11991,-0.20000,0.00000,0.00000,-1.00000,0.61182
145,159,1,0.09756,0.11771,-0.20000,0.00000,0.00000,-1.00000,0.60205
146,159,1,0.09016,0.11551,-0.20000,0.00000,0.00000,-1.00000,0.58838
147,159,1,0.08277,0.11331,-0.20000,0.00000,0.00000,-1.00000,0.57080
148,159,1,0.07538,0.11111,-0.20000,0.00000,0.00000,-1.00000,0.56201
149,159,1,0.06799,0.10891,-0.20000,0.00000,0.00000,-1.00000,0.55029
150,159,1,0.06059,0.10672,-0.20000,0.00000,0.00000,-1.00000,0.54053
151,159,1,0.05320,0.10452,-0.20000,0.00000,0.00000,-1.00000,0.53125
152,159,4,0.14110,0.17855,-0.32388,0.94071,-0.14304,0.30757,0.65332
153,159,4,0.14641,0.18652,-0.34040,0.97619,-0.08990,0.19739,0.71777
154,159,4,0.14883,0.19216,-0.35314,0.99229,-0.05225,0.11242,0.76562
155,159,4,0.14983,0.19668,-0.36406,0.99898,-0.02213,0.03964,0.79834
156,159,4,0.14994,0.20049,-0.37381,0.99966,0.00322,-0.02541,0.82666
157,159,4,0.14940,0.20377,-0.38272,0.99609,0.02509,-0.08478,0.85254
158,159,4,0.14836,0.20665,-0.39098,0.98917,0.04432,-0.13985,0.87207
159,159,4,0.14692,0.20921,-0.39871,0.97959,0.06142,-0.19143,0.88916
160,159,4,0.14515,0.21151,-0.40602,0.96770,0.07674,-0.24013,0.90430
161,159,4,0.14307,0.21357,-0.41293,0.95389,0.09040,-0.28620,0.91748
162,159,4,0.14074,0.21542,-0.41951,0.93834,0.10275,-0.33008,0.92871
163,159,4,0.13817,0.21708,-0.42578,0.92127,0.11382,-0.37190,0.93945
164,159,4,0.13540,0.21858,-0.43179,0.90276,0.12381,-0.41193,0.94824
165,159,4,0.13243,0.21991,-0.43753,0.88297,0.13275,-0.45026,0.95703
166,159,4,0.12928,0.22111,-0.44306,0.86195,0.14076,-0.48706,0.96436
167,159,4,0.12596,0.22217,-0.44835,0.83982,0.14781,-0.52236,0.97168
168,159,4,0.12248,0.22310,-0.45343,0.81662,0.15399,-0.55625,0.97607
169,159,4,0.11885,0.22391,-0.45832,0.79239,0.15939,-0.58882,0.98096
170,159,4,0.11506,0.22460,-0.46301,0.76718,0.16398,-0.62012,0.98584
171,159,4,0.11114,0.22517,-0.46752,0.74102,0.16782,-0.65017,0.98926
172,159,4,0.10708,0.22565,-0.47186,0.71392,0.17094,-0.67904,0.99219
173,159,4,0.10288,0.22600,-0.47600,0.68592,0.17330,-0.70674,0.99365
38,160,3,0.67730,0.17743,0.07462,0.90918,-0.29029,0.29853,1.00000
40,160,3,0.69120,0.19599,0.03732,0.96489,-0.21608,0.14930,1.00000
42,160,3,0.69604,0.20728,0.01182,0.98415,-0.17089,0.04726,1.00000
44,160,3,0.69745,0.21584,-0.00924,0.98993,-0.13666,-0.03694,1.00000
46,160,3,0.69693,0.22286,-0.02778,0.98785,-0.10861,-0.11113,1.00000
48,160,3,0.69504,0.22878,-0.04456,0.98033,-0.08489,-0.17822,1.00000
50,160,3,0.69213,0.23389,-0.05999,0.96863,-0.06447,-0.23997,1.00000
52,160,3,0.68838,0.23832,-0.07434,0.95362,-0.04677,-0.29735,1.00000
54,160,3,0.68392,0.24218,-0.08776,0.93582,-0.03129,-0.35106,1.00000
56,160,3,0.67888,0.24557,-0.10042,0.91560,-0.01772,-0.40170,1.00000
58,160,3,0.67330,0.24854,-0.11238,0.89324,-0.00587,-0.44955,1.00000
60,160,3,0.66722,0.25111,-0.12371,0.86896,0.00445,-0.49487,1.00000
62,160,3,0.66071,0.25333,-0.13446,0.84292,0.01331,-0.53787,1.00000
64,160,3,0.65379,0.25522,-0.14468,0.81521,0.02090,-0.57878,1.00000
66,160,3,0.64648,0.25681,-0.15440,0.78598,0.02721,-0.61765,1.00000
68,160,3,0.63880,0.25810,-0.16364,0.75528,0.03237,-0.65461,1.00000
70,160,3,0.63077,0.25910,-0.17242,0.72315,0.03641,-0.68973,1.00000
72,160,3,0.62240,0.25983,-0.18076,0.68963,0.03934,-0.72309,1.00000
74,160,3,0.61369,0.26030,-0.18865,0.65480,0.04117,-0.75468,1.00000
76,160,3,0.60464,0.26049,-0.19612,0.61864,0.04195,-0.78455,0.99951
78,160,3,0.59527,0.26043,-0.20315,0.58117,0.04172,-0.81271,1.00000
80,160,3,0.58557,0.26010,-0.20976,0.54236,0.04040,-0.83918,1.00000
82,160,3,0.57554,0.25950,-0.21594,0.50225,0.03800,-0.86389,1.00000
84,160,3,0.56517,0.25864,-0.22168,0.46075,0.03457,-0.88685,1.00000
86,160,3,0.55446,0.25750,-0.22697,0.41790,0.02998,-0.90799,0.99902
88,160,3,0.54339,0.25607,-0.23180,0.37359,0.02429,-0.92727,0.99951
90,160,3,0.53192,0.25433,-0.23612,0.32774,0.01731,-0.94460,0.99854
92,160,3,0.52007,0.25228,-0.23993,0.28032,0.00911,-0.95985,0.99756
94,160,3,0.50780,0.24990,-0.24321,0.23123,-0.00039,-0.97290,0.99414
95,160,3,0.50149,0.24856,-0.24460,0.20597,-0.00575,-0.97853,0.99365
96,160,3,0.49505,0.24713,-0.24585,0.18025,-0.01148,-0.98354,0.99121
97,160,3,0.48850,0.24561,-0.24695,0.15403,-0.01760,-0.98791,0.98926
98,160,3,0.48183,0.24398,-0.24788,0.12732,-0.02410,-0.99157,0.98682
99,160,3,0.47500,0.24223,-0.24861,0.09999,-0.03110,-0.99451,0.98486
100,160,3,0.46801,0.24036,-0.24914,0.07207,-0.03856,-0.99667,0.98242
101,160,3,0.46088,0.23837,-0.24947,0.04352,-0.04655,-0.99795,0.97900
102,160,3,0.45355,0.23622,-0.24956,0.01422,-0.05513,-0.99839,0.97363
103,160,3,0.44605,0.23394,-0.24942,-0.01578,-0.06428,-0.99780,0.97070
104,160,3,0.43836,0.23150,-0.24904,-0.04652,-0.07401,-0.99619,0.96582
105,160,3,0.43041,0.22885,-0.24830,-0.07837,-0.08461,-0.99331,0.96045
106,160,3,0.42222,0.22602,-0.24727,-0.11113,-0.09594,-0.98915,0.95459
107,160,3,0.41374,0.22295,-0.24585,-0.14505,-0.10822,-0.98350,0.94678
108,160,3,0.40492,0.21961,-0.24399,-0.18034,-0.12161,-0.97606,0.93994
109,160,3,0.39570,0.21595,-0.24162,-0.21720,-0.13620,-0.96657,0.92822
110,160,3,0.38599,0.21190,-0.23861,-0.25605,-0.15241,-0.95457,0.91650
111,160,3,0.37570,0.20738,-0.23485,-0.29719,-0.17045,-0.93948,0.90234
112,160,3,0.36460,0.20221,-0.23002,-0.34164,-0.19115,-0.92019,0.88330
113,160,3,0.35237,0.19615,-0.22373,-0.39054,-0.21542,-0.89503,0.86377
114,160,3,0.33827,0.18858,-0.21502,-0.44695,-0.24567,-0.86016,0.83105
115,160,3,0.32007,0.17774,-0.20096,-0.51977,-0.28907,-0.80392,0.78662
116,160,1,0.20000,0.08540,-0.05448,1.00000,0.00000,-0.00000,0.44385
117,160,1,0.20000,0.08911,-0.06409,1.00000,0.00000,-0.00000,0.44482
118,160,1,0.20000,0.09283,-0.07370,1.00000,0.00000,-0.00000,0.44727
119,160,1,0.20000,0.09654,-0.08331,1.00000,0.00000,-0.00000,0.45166
120,160,1,0.20000,0.10026,-0.09292,1.00000,0.00000,-0.00000,0.45654
121,160,1,0.20000,0.10397,-0.10253,1.00000,0.00000,-0.00000,0.46143
122,160,1,0.20000,0.10769,-0.11214,1.00000,0.00000,-0.00000,0.46973
123,160,1,0.20000,0.11140,-0.12175,1.00000,0.00000,-0.00000,0.47852
124,160,1,0.20000,0.11512,-0.13136,1.00000,0.00000,-0.00000,0.48926
125,160,1,0.20000,0.11884,-0.14097,1.00000,0.00000,-0.00000,0.49902
126,160,1,0.20000,0.12255,-0.15058,1.00000,0.00000,-0.00000,0.51758
127,160,1,0.20000,0.12627,-0.16019,1.00000,0.00000,-0.00000,0.52930
128,160,1,0.20000,0.12998,-0.16980,1.00000,0.00000,-0.00000,0.54492
129,160,1,0.20000,0.13370,-0.17941,1.00000,0.00000,-0.00000,0.56006
130,160,1,0.20000,0.13741,-0.18903,1.00000,0.00000,-0.00000,0.57666
131,160,1,0.20000,0.14113,-0.19863,1.00000,0.00000,-0.00000,0.59619
132,160,1,0.19366,0.13977,-0.20000,0.00000,0.00000,-1.00000,0.79248
133,160,1,0.18627,0.13757,-0.20000,0.00000,0.00000,-1.00000,0.77881
134,160,1,0.17887,0.13537,-0.20000,0.00000,0.00000,-1.00000,0.76514
135,160,1,0.17148,0.13317,-0.20000,0.00000,0.00000,-1.00000,0.75391
136,160,1,0.16409,0.13098,-0.20000,0.00000,0.00000,-1.00000,0.74023
137,160,1,0.15670,0.12878,-0.20000,0.00000,0.00000,-1.00000,0.72559
138,160,1,0.14930,0.12658,-0.20000,0.00000,0.00000,-1.00000,0.71729
139,160,1,0.14191,0.12438,-0.20000,0.00000,0.00000,-1.00000,0.70020
140,160,1,0.13452,0.12218,-0.20000,0.00000,0.00000,-1.00000,0.68652
141,160,1,0.12713,0.11998,-0.20000,0.00000,0.00000,-1.00000,0.67041
142,160,1,0.11973,0.11778,-0.20000,0.00000,0.00000,-1.00000,0.65723
143,160,1,0.11234,0.11559,-0.20000,0.00000,0.00000,-1.00000,0.63965
144,160,1,0.10495,0.11339,-0.20000,0.00000,0.00000,-1.00000,0.62891
145,160,1,0.09756,0.11119,-0.20000,0.00000,0.00000,-1.00000,0.61426
146,160,1,0.09016,0.10899,-0.20000,0.00000,0.00000,-1.00000,0.60352
147,160,1,0.08277,0.10679,-0.20000,0.00000,0.00000,-1.00000,0.59229
148,160,1,0.07538,0.10459,-0.20000,0.00000,0.00000,-1.00000,0.58105
149,160,1,0.06799,0.10239,-0.20000,0.00000,0.00000,-1.00000,0.57080
150,160,1,0.06059,0.10020,-0.20000,0.00000,0.00000,-1.00000,0.56104
151,160,1,0.05320,0.09800,-0.20000,0.00000,0.00000,-1.00000,0.55811
152,160,4,0.13809,0.16963,-0.31997,0.92068,-0.20255,0.33365,0.63916
153,160,4,0.14519,0.17902,-0.33881,0.96807,-0.13989,0.20802,0.71777
154,160,4,0.14821,0.18515,-0.35233,0.98808,-0.09904,0.11781,0.76514
155,160,4,0.14951,0.18990,-0.36364,0.99683,-0.06733,0.04243,0.80176
156,160,4,0.14982,0.19387,-0.37365,0.99888,-0.04088,-0.02434,0.83105
157,160,4,0.14941,0.19726,-0.38273,0.99622,-0.01828,-0.08489,0.85449
158,160,4,0.14849,0.20024,-0.39115,0.99001,0.00158,-0.14095,0.87305
159,160,4,0.14713,0.20287,-0.39899,0.98096,0.01908,-0.19328,0.88965
160,160,4,0.14542,0.20521,-0.40637,0.96953,0.03471,-0.24249,0.90576
161,160,4,0.14341,0.20732,-0.41336,0.95606,0.04875,-0.28909,0.91650
162,160,4,0.14111,0.20919,-0.41999,0.94083,0.06128,-0.33328,0.93164
163,160,4,0.13859,0.21089,-0.42632,0.92398,0.07261,-0.37549,0.94141
164,160,4,0.13584,0.21241,-0.43236,0.90571,0.08270,-0.41575,0.94971
165,160,4,0.13290,0.21377,-0.43814,0.88609,0.09181,-0.45434,0.95801
166,160,4,0.12978,0.21499,-0.44370,0.86522,0.09989,-0.49133,0.96436
167,160,4,0.12647,0.21606,-0.44901,0.84324,0.10704,-0.52678,0.97021
168,160,4,0.12300,0.21700,-0.45411,0.82014,0.11332,-0.56083,0.97803
169,160,4,0.11939,0.21783,-0.45902,0.79598,0.11882,-0.59355,0.98242
170,160,4,0.11562,0.21852,-0.46373,0.77086,0.12346,-0.62493,0.98486
171,160,4,0.11170,0.21910,-0.46825,0.74476,0.12735,-0.65506,0.98828
172,160,4,0.10765,0.21958,-0.47259,0.71773,0.13048,-0.68399,0.99170
173,160,4,0.10345,0.21994,-0.47674,0.68977,0.13288,-0.71173,0.99463
174,160,4,0.09912,0.22019,-0.48073,0.66092,0.13458,-0.73829,0.99658
176,160,4,0.09007,0.22038,-0.48818,0.60056,0.13583,-0.78795,0.99854
178,160,4,0.08049,0.22014,-0.49494,0.53666,0.13428,-0.83305,1.00000
180,160,4,0.07037,0.21948,-0.50101,0.46919,0.12986,-0.87350,1.00000
182,160,4,0.05970,0.21838,-0.50637,0.39805,0.12249,-0.90915,1.00000
184,160,4,0.04844,0.21680,-0.51094,0.32300,0.11197,-0.93975,1.00000
186,160,4,0.03656,0.21473,-0.51472,0.24377,0.09816,-0.96485,1.00000
188,160,4,0.02396,0.21208,-0.51756,0.15977,0.08051,-0.98387,1.00000
190,160,4,0.01056,0.20878,-0.51935,0.07040,0.05856,-0.99581,1.00000
192,160,4,-0.00383,0.20470,-0.51987,-0.02554,0.03131,-0.99917,0.99951
194,160,4,-0.01951,0.19959,-0.51871,-0.13004,-0.00270,-0.99150,1.00000
196,160,4,-0.03700,0.19303,-0.51519,-0.24669,-0.04649,-0.96798,1.00000
198,160,4,-0.05770,0.18390,-0.50750,-0.38472,-0.10732,-0.91677,1.00000
200,160,4,-0.08937,0.16600,-0.48555,-0.59583,-0.22671,-0.77044,1.00000
94,161,3,0.50774,0.24333,-0.24312,0.23100,-0.02667,-0.97258,0.99414
95,161,3,0.50140,0.24197,-0.24449,0.20563,-0.03212,-0.97811,0.99268
96,161,3,0.49494,0.24052,-0.24571,0.17981,-0.03790,-0.98297,0.99072
97,161,3,0.48836,0.23898,-0.24676,0.15347,-0.04411,-0.98718,0.98828
98,161,3,0.48165,0.23732,-0.24765,0.12662,-0.05072,-0.99064,0.98730
99,161,3,0.47478,0.23554,-0.24833,0.09915,-0.05784,-0.99340,0.98389
100,161,3,0.46776,0.23364,-0.24881,0.07104,-0.06546,-0.99534,0.98096
101,161,3,0.46058,0.23161,-0.24908,0.04231,-0.07359,-0.99637,0.97852
102,161,3,0.45319,0.22942,-0.24909,0.01278,-0.08236,-0.99652,0.97412
103,161,3,0.44564,0.22709,-0.24888,-0.01744,-0.09169,-0.99562,0.97021
104,161,3,0.43787,0.22459,-0.24840,-0.04852,-0.10166,-0.99365,0.96484
105,161,3,0.42984,0.22188,-0.24756,-0.08065,-0.11254,-0.99036,0.95898
106,161,3,0.42156,0.21897,-0.24641,-0.11375,-0.12415,-0.98572,0.95410
107,161,3,0.41296,0.21580,-0.24484,-0.14818,-0.13680,-0.97946,0.94580
108,161,3,0.40400,0.21235,-0.24280,-0.18402,-0.15057,-0.97132,0.93848
109,161,3,0.39462,0.20856,-0.24021,-0.22155,-0.16575,-0.96096,0.92773
110,161,3,0.38471,0.20435,-0.23694,-0.26118,-0.18258,-0.94787,0.91699
111,161,3,0.37412,0.19959,-0.23278,-0.30356,-0.20163,-0.93123,0.90234
112,161,3,0.36262,0.19411,-0.22745,-0.34955,-0.22354,-0.90986,0.88135
113,161,3,0.34970,0.18749,-0.22026,-0.40123,-0.25003,-0.88119,0.85596
114,161,3,0.33431,0.17890,-0.20987,-0.46280,-0.28442,-0.83960,0.81982
115,161,3,0.31071,0.16373,-0.18879,-0.55722,-0.34513,-0.75524,0.74316
116,161,1,0.20000,0.07888,-0.05448,1.00000,0.00000,-0.00000,0.46387
117,161,1,0.20000,0.08259,-0.06409,1.00000,0.00000,-0.00000,0.46094
118,161,1,0.20000,0.08631,-0.07370,1.00000,0.00000,-0.00000,0.46533
119,161,1,0.20000,0.09002,-0.08331,1.00000,0.00000,-0.00000,0.46680
120,161,1,0.20000,0.09374,-0.09292,1.00000,0.00000,-0.00000,0.46924
121,161,1,0.20000,0.09745,-0.10253,1.00000,0.00000,-0.00000,0.47705
122,161,1,0.20000,0.10117,-0.11214,1.00000,0.00000,-0.00000,0.48682
123,161,1,0.20000,0.10488,-0.12175,1.00000,0.00000,-0.00000,0.49316
124,161,1,0.20000,0.10860,-0.13136,1.00000,0.00000,-0.00000,0.50439
125,161,1,0.20000,0.11232,-0.14097,1.00000,0.00000,-0.00000,0.51270
126,161,1,0.20000,0.11603,-0.15058,1.00000,0.00000,-0.00000,0.52783
127,161,1,0.20000,0.11975,-0.16019,1.00000,0.00000,-0.00000,0.54346
128,161,1,0.20000,0.12346,-0.16980,1.00000,0.00000,-0.00000,0.55566
129,161,1,0.20000,0.12718,-0.17941,1.00000,0.00000,-0.00000,0.56885
130,161,1,0.20000,0.13089,-0.18902,1.00000,0.00000,-0.00000,0.58301
131,161,1,0.20000,0.13461,-0.19863,1.00000,0.00000,-0.00000,0.60352
132,161,1,0.19366,0.13325,-0.20000,0.00000,0.00000,-1.00000,0.79541
133,161,1,0.18627,0.13105,-0.20000,0.00000,0.00000,-1.00000,0.78223
134,161,1,0.17887,0.12885,-0.20000,0.00000,0.00000,-1.00000,0.77051
135,161,1,0.17148,0.12665,-0.20000,0.00000,0.00000,-1.00000,0.76074
136,161,1,0.16409,0.12446,-0.20000,0.00000,0.00000,-1.00000,0.74756
137,161,1,0.15670,0.12226,-0.20000,0.00000,0.00000,-1.00000,0.73340
138,161,1,0.14930,0.12006,-0.20000,0.00000,0.00000,-1.00000,0.72119
139,161,1,0.14191,0.11786,-0.20000,0.00000,0.00000,-1.00000,0.70801
140,161,1,0.13452,0.11566,-0.20000,0.00000,0.00000,-1.00000,0.69580
141,161,1,0.12713,0.11346,-0.20000,0.00000,0.00000,-1.00000,0.68018
142,161,1,0.11973,0.11127,-0.20000,0.00000,0.00000,-1.00000,0.66797
143,161,1,0.11234,0.10907,-0.20000,0.00000,0.00000,-1.00000,0.65479
144,161,1,0.10495,0.10687,-0.20000,0.00000,0.00000,-1.00000,0.64111
145,161,1,0.09756,0.10467,-0.20000,0.00000,0.00000,-1.00000,0.62842
146,161,1,0.09016,0.10247,-0.20000,0.00000,0.00000,-1.00000,0.61719
147,161,1,0.08277,0.10027,-0.20000,0.00000,0.00000,-1.00000,0.60693
148,161,1,0.07538,0.09807,-0.20000,0.00000,0.00000,-1.00000,0.59619
149,161,1,0.06799,0.09588,-0.20000,0.00000,0.00000,-1.00000,0.59082
150,161,1,0.06059,0.09368,-0.20000,0.00000,0.00000,-1.00000,0.58252
151,161,1,0.05320,0.09148,-0.20000,0.00000,0.00000,-1.00000,0.57764
152,161,4,0.13127,0.15765,-0.31110,0.87396,-0.28193,0.39068,0.60059
153,161,4,0.14322,0.17092,-0.33624,0.95484,-0.19389,0.22512,0.71143
154,161,4,0.14709,0.17773,-0.35088,0.98067,-0.14846,0.12748,0.76562
155,161,4,0.14883,0.18284,-0.36275,0.99226,-0.11441,0.04834,0.80176
156,161,4,0.14939,0.18700,-0.37309,0.99601,-0.08668,-0.02057,0.83203
157,161,4,0.14916,0.19054,-0.38241,0.99458,-0.06309,-0.08273,0.85645
158,161,4,0.14837,0.19362,-0.39099,0.98925,-0.04255,-0.13991,0.87451
159,161,4,0.14712,0.19634,-0.39898,0.98085,-0.02443,-0.19318,0.89453
160,161,4,0.14549,0.19874,-0.40646,0.96997,-0.00837,-0.24307,0.90723
161,161,4,0.14353,0.20090,-0.41353,0.95695,0.00595,-0.29019,0.91943
162,161,4,0.14130,0.20283,-0.42023,0.94206,0.01880,-0.33492,0.93018
163,161,4,0.13881,0.20455,-0.42662,0.92552,0.03035,-0.37748,0.94189
164,161,4,0.13611,0.20610,-0.43270,0.90750,0.04066,-0.41809,0.95215
165,161,4,0.13320,0.20749,-0.43854,0.88808,0.04992,-0.45697,0.95801
166,161,4,0.13010,0.20873,-0.44412,0.86742,0.05817,-0.49416,0.96631
167,161,4,0.12682,0.20982,-0.44947,0.84558,0.06548,-0.52981,0.97021
168,161,4,0.12338,0.21078,-0.45460,0.82259,0.07187,-0.56407,0.97803
169,161,4,0.11978,0.21162,-0.45953,0.79858,0.07744,-0.59689,0.98242
170,161,4,0.11602,0.21232,-0.46425,0.77354,0.08214,-0.62840,0.98633
171,161,4,0.11211,0.21291,-0.46878,0.74753,0.08609,-0.65863,0.98926
172,161,4,0.10807,0.21340,-0.47314,0.72053,0.08932,-0.68765,0.99170
173,161,4,0.10388,0.21376,-0.47730,0.69263,0.09173,-0.71544,0.99463
40,162,3,0.68508,0.17805,0.04528,0.94040,-0.28779,0.18116,1.00000
42,162,3,0.69244,0.19136,0.01650,0.96985,-0.23457,0.06601,1.00000
44,162,3,0.69505,0.20088,-0.00612,0.98021,-0.19647,-0.02444,1.00000
46,162,3,0.69517,0.20841,-0.02550,0.98079,-0.16634,-0.10200,1.00000
48,162,3,0.69374,0.21470,-0.04285,0.97501,-0.14121,-0.17143,1.00000
50,162,3,0.69114,0.22005,-0.05870,0.96462,-0.11979,-0.23479,0.99951
52,162,3,0.68763,0.22467,-0.07335,0.95059,-0.10133,-0.29343,1.00000
54,162,3,0.68336,0.22869,-0.08702,0.93356,-0.08528,-0.34814,1.00000
56,162,3,0.67847,0.23221,-0.09989,0.91394,-0.07117,-0.39956,1.00000
58,162,3,0.67300,0.23526,-0.11200,0.89208,-0.05897,-0.44803,1.00000
60,162,3,0.66704,0.23793,-0.12347,0.86817,-0.04829,-0.49390,0.99951
62,162,3,0.66060,0.24020,-0.13431,0.84247,-0.03920,-0.53732,1.00000
64,162,3,0.65374,0.24215,-0.14462,0.81506,-0.03142,-0.57852,1.00000
66,162,3,0.64649,0.24378,-0.15442,0.78601,-0.02489,-0.61771,1.00000
68,162,3,0.63885,0.24510,-0.16371,0.75546,-0.01961,-0.65490,1.00000
70,162,3,0.63085,0.24613,-0.17253,0.72348,-0.01545,-0.69017,1.00000
72,162,3,0.62250,0.24688,-0.18089,0.69008,-0.01246,-0.72363,1.00000
74,162,3,0.61381,0.24735,-0.18881,0.65530,-0.01060,-0.75529,1.00000
76,162,3,0.60477,0.24756,-0.19628,0.61915,-0.00979,-0.78521,1.00000
78,162,3,0.59540,0.24749,-0.20331,0.58165,-0.01006,-0.81337,1.00000
80,162,3,0.58569,0.24715,-0.20991,0.54283,-0.01139,-0.83976,1.00000
82,162,3,0.57564,0.24654,-0.21607,0.50262,-0.01383,-0.86440,1.00000
84,162,3,0.56524,0.24566,-0.22177,0.46102,-0.01739,-0.88721,1.00000
86,162,3,0.55449,0.24449,-0.22702,0.41802,-0.02206,-0.90818,1.00000
88,162,3,0.54337,0.24302,-0.23178,0.37349,-0.02794,-0.92722,0.99902
90,162,3,0.53185,0.24123,-0.23602,0.32743,-0.03508,-0.94422,0.99756
92,162,3,0.51992,0.23913,-0.23974,0.27973,-0.04350,-0.95910,0.99512
94,162,3,0.50756,0.23667,-0.24289,0.23027,-0.05334,-0.97167,0.99463
95,162,3,0.50119,0.23529,-0.24422,0.20482,-0.05884,-0.97704,0.99365
96,162,3,0.49471,0.23382,-0.24540,0.17885,-0.06476,-0.98174,0.99072
97,162,3,0.48810,0.23224,-0.24642,0.15242,-0.07102,-0.98575,0.98926
98,162,3,0.48134,0.23055,-0.24724,0.12536,-0.07780,-0.98904,0.98633
99,162,3,0.47443,0.22874,-0.24787,0.09774,-0.08506,-0.99157,0.98389
100,162,3,0.46736,0.22680,-0.24829,0.06946,-0.09282,-0.99327,0.98047
101,162,3,0.46012,0.22472,-0.24849,0.04049,-0.10111,-0.99404,0.97607
102,162,3,0.45268,0.22249,-0.24843,0.01072,-0.11007,-0.99388,0.97217
103,162,3,0.44507,0.22011,-0.24814,-0.01974,-0.11960,-0.99264,0.96924
104,162,3,0.43721,0.21754,-0.24753,-0.05118,-0.12989,-0.99022,0.96484
105,162,3,0.42909,0.21476,-0.24659,-0.08365,-0.14099,-0.98646,0.96045
106,162,3,0.42070,0.21176,-0.24529,-0.11721,-0.15296,-0.98126,0.95264
107,162,3,0.41197,0.20849,-0.24355,-0.15214,-0.16602,-0.97432,0.94580
108,162,3,0.40285,0.20492,-0.24131,-0.18862,-0.18032,-0.96535,0.93750
109,162,3,0.39327,0.20097,-0.23847,-0.22690,-0.19612,-0.95397,0.92676
110,162,3,0.38309,0.19654,-0.23484,-0.26765,-0.21388,-0.93948,0.91455
111,162,3,0.37214,0.19149,-0.23021,-0.31149,-0.23403,-0.92098,0.89795
112,162,3,0.36009,0.18557,-0.22416,-0.35969,-0.25774,-0.89677,0.87451
113,162,3,0.34630,0.17825,-0.21584,-0.41482,-0.28700,-0.86345,0.85107
114,162,3,0.32869,0.16788,-0.20256,-0.48526,-0.32854,-0.81030,0.80908
115,162,1,0.20000,0.06864,-0.04487,0.99924,-0.00018,-0.00037,0.48584
116,162,1,0.20000,0.07236,-0.05448,1.00000,0.00000,-0.00000,0.48145
117,162,1,0.20000,0.07607,-0.06409,1.00000,0.00000,-0.00000,0.47949
118,162,1,0.20000,0.07979,-0.07370,1.00000,0.00000,-0.00000,0.48389
119,162,1,0.20000,0.08350,-0.08331,1.00000,0.00000,-0.00000,0.48340
120,162,1,0.20000,0.08722,-0.09292,1.00000,0.00000,-0.00000,0.48584
121,162,1,0.20000,0.09094,-0.10253,1.00000,0.00000,-0.00000,0.49414
122,162,1,0.20000,0.09465,-0.11214,1.00000,0.00000,-0.00000,0.50098
123,162,1,0.20000,0.09837,-0.12175,1.00000,0.00000,-0.00000,0.50684
124,162,1,0.20000,0.10208,-0.13136,1.00000,0.00000,-0.00000,0.51807
125,162,1,0.20000,0.10580,-0.14097,1.00000,0.00000,-0.00000,0.52734
126,162,1,0.20000,0.10951,-0.15059,1.00000,0.00000,-0.00000,0.53955
127,162,1,0.20000,0.11323,-0.16019,1.00000,0.00000,-0.00000,0.55322
128,162,1,0.20000,0.11694,-0.16980,1.00000,0.00000,-0.00000,0.56592
129,162,1,0.20000,0.12066,-0.17941,1.00000,0.00000,-0.00000,0.58057
130,162,1,0.20000,0.12437,-0.18903,1.00000,0.00000,-0.00000,0.59570
131,162,1,0.20000,0.12809,-0.19863,1.00000,0.00000,-0.00000,0.60986
132,162,1,0.19366,0.12673,-0.20000,0.00000,0.00000,-1.00000,0.79785
133,162,1,0.18626,0.12453,-0.20000,0.00000,0.00000,-1.00000,0.78467
134,162,1,0.17887,0.12233,-0.20000,0.00000,0.00000,-1.00000,0.77539
135,162,1,0.17148,0.12014,-0.20000,0.00000,0.00000,-1.00000,0.76611
136,162,1,0.16409,0.11794,-0.20000,0.00000,0.00000,-1.00000,0.75439
137,162,1,0.15670,0.11574,-0.20000,0.00000,0.00000,-1.00000,0.73926
138,162,1,0.14930,0.11354,-0.20000,0.00000,0.00000,-1.00000,0.72852
139,162,1,0.14191,0.11134,-0.20000,0.00000,0.00000,-1.00000,0.71338
140,162,1,0.13452,0.10914,-0.20000,0.00000,0.00000,-1.00000,0.70361
141,162,1,0.12713,0.10694,-0.20000,0.00000,0.00000,-1.00000,0.69287
142,162,1,0.11973,0.10475,-0.20000,0.00000,0.00000,-1.00000,0.67871
143,162,1,0.11234,0.10255,-0.20000,0.00000,0.00000,-1.00000,0.66748
144,162,1,0.10495,0.10035,-0.20000,0.00000,0.00000,-1.00000,0.65576
145,162,1,0.09756,0.09815,-0.20000,0.00000,0.00000,-1.00000,0.64600
146,162,1,0.09016,0.09595,-0.20000,0.00000,0.00000,-1.00000,0.63428
147,162,1,0.08277,0.09375,-0.20000,0.00000,0.00000,-1.00000,0.62256
148,162,1,0.07538,0.09156,-0.20000,0.00000,0.00000,-1.00000,0.61475
149,162,1,0.06799,0.08936,-0.20000,0.00000,0.00000,-1.00000,0.60596
150,162,1,0.06059,0.08716,-0.20000,0.00000,0.00000,-1.00000,0.60449
151,162,1,0.05320,0.08496,-0.20000,0.00000,0.00000,-1.00000,0.59766
152,162,1,0.04581,0.08276,-0.20000,0.00000,0.00000,-1.00000,0.59424
153,162,4,0.13998,0.16181,-0.33203,0.93331,-0.25459,0.25319,0.70312
154,162,4,0.14536,0.16983,-0.34864,0.96916,-0.20112,0.14243,0.76221
155,162,4,0.14769,0.17541,-0.36128,0.98476,-0.16392,0.05815,0.80420
156,162,4,0.14860,0.17986,-0.37207,0.99084,-0.13429,-0.01381,0.83301
157,162,4,0.14862,0.18359,-0.38170,0.99094,-0.10945,-0.07801,0.85645
158,162,4,0.14798,0.18679,-0.39049,0.98670,-0.08809,-0.13658,0.87500
159,162,4,0.14686,0.18961,-0.39864,0.97915,-0.06926,-0.19093,0.89404
160,162,4,0.14533,0.19210,-0.40626,0.96892,-0.05268,-0.24170,0.90918
161,162,4,0.14345,0.19431,-0.41342,0.95642,-0.03792,-0.28952,0.92041
162,162,4,0.14129,0.19630,-0.42022,0.94196,-0.02469,-0.33482,0.93066
163,162,4,0.13885,0.19806,-0.42666,0.92580,-0.01294,-0.37779,0.94238
164,162,4,0.13619,0.19965,-0.43282,0.90806,-0.00230,-0.41883,0.95117
165,162,4,0.13332,0.20107,-0.43869,0.88892,0.00712,-0.45801,0.95898
166,162,4,0.13026,0.20233,-0.44432,0.86846,0.01555,-0.49551,0.96680
167,162,4,0.12701,0.20345,-0.44971,0.84679,0.02300,-0.53143,0.97217
168,162,4,0.12358,0.20443,-0.45487,0.82399,0.02950,-0.56583,0.97803
169,162,4,0.12000,0.20527,-0.45982,0.80009,0.03515,-0.59885,0.98193
170,162,4,0.11626,0.20600,-0.46457,0.77516,0.03999,-0.63049,0.98682
171,162,4,0.11237,0.20660,-0.46912,0.74922,0.04399,-0.66085,0.98926
172,162,4,0.10834,0.20709,-0.47349,0.72231,0.04729,-0.68995,0.99219
174,162,4,0.09984,0.20773,-0.48166,0.66568,0.05150,-0.74446,0.99609
176,162,4,0.09079,0.20792,-0.48912,0.60536,0.05276,-0.79420,0.99902
178,162,4,0.08120,0.20768,-0.49587,0.54138,0.05117,-0.83922,0.99951
180,162,4,0.07106,0.20699,-0.50191,0.47378,0.04659,-0.87941,1.00000
182,162,4,0.06034,0.20585,-0.50719,0.40230,0.03898,-0.91468,1.00000
184,162,4,0.04901,0.20422,-0.51169,0.32680,0.02811,-0.94468,1.00000
186,162,4,0.03703,0.20206,-0.51533,0.24689,0.01374,-0.96895,1.00000
188,162,4,0.02430,0.19931,-0.51800,0.16201,-0.00461,-0.98679,1.00000
190,162,4,0.01071,0.19587,-0.51955,0.07142,-0.02754,-0.99707,1.00000
192,162,4,-0.00396,0.19156,-0.51970,-0.02640,-0.05629,-0.99805,1.00000
194,162,4,-0.02007,0.18611,-0.51798,-0.13379,-0.09265,-0.98667,1.00000
196,162,4,-0.03833,0.17893,-0.51346,-0.25554,-0.14051,-0.95653,1.00000
198,162,4,-0.06090,0.16831,-0.50335,-0.40603,-0.21135,-0.88908,1.00000
93,163,3,0.51353,0.23121,-0.24104,0.25413,-0.07517,-0.96424,0.99463
94,163,3,0.50725,0.22990,-0.24249,0.22903,-0.08041,-0.97009,0.99414
95,163,3,0.50086,0.22850,-0.24379,0.20346,-0.08601,-0.97531,0.99219
96,163,3,0.49434,0.22701,-0.24493,0.17741,-0.09197,-0.97984,0.99072
97,163,3,0.48770,0.22540,-0.24590,0.15081,-0.09839,-0.98365,0.98877
98,163,3,0.48089,0.22367,-0.24666,0.12359,-0.10531,-0.98671,0.98535
99,163,3,0.47394,0.22182,-0.24723,0.09576,-0.11270,-0.98901,0.98438
100,163,3,0.46682,0.21985,-0.24759,0.06730,-0.12061,-0.99042,0.98047
101,163,3,0.45951,0.21771,-0.24769,0.03803,-0.12917,-0.99088,0.97705
102,163,3,0.45201,0.21543,-0.24756,0.00802,-0.13829,-0.99036,0.97412
103,163,3,0.44432,0.21300,-0.24717,-0.02271,-0.14800,-0.98874,0.96973
104,163,3,0.43635,0.21034,-0.24642,-0.05457,-0.15867,-0.98583,0.96582
105,163,3,0.42815,0.20749,-0.24537,-0.08741,-0.17003,-0.98156,0.95898
106,163,3,0.41963,0.20439,-0.24390,-0.12149,-0.18246,-0.97569,0.95166
107,163,3,0.41075,0.20100,-0.24197,-0.15700,-0.19598,-0.96796,0.94482
108,163,3,0.40144,0.19727,-0.23947,-0.19426,-0.21093,-0.95800,0.93457
109,163,3,0.39161,0.19312,-0.23631,-0.23354,-0.22752,-0.94535,0.92432
110,163,3,0.38112,0.18844,-0.23228,-0.27552,-0.24620,-0.92923,0.91016
111,163,3,0.36973,0.18305,-0.22709,-0.32109,-0.26776,-0.90841,0.89160
112,163,3,0.35694,0.17653,-0.22007,-0.37224,-0.29387,-0.88038,0.87158
113,163,3,0.34168,0.16804,-0.20984,-0.43333,-0.32792,-0.83946,0.84131
114,163,3,0.31833,0.15307,-0.18909,-0.52674,-0.38774,-0.75644,0.76660
115,163,1,0.20000,0.06212,-0.04487,1.00000,0.00000,-0.00000,0.50391
116,163,1,0.20000,0.06584,-0.05448,1.00000,0.00000,-0.00000,0.50098
117,163,1,0.20000,0.06955,-0.06409,1.00000,0.00000,-0.00000,0.50098
118,163,1,0.20000,0.07327,-0.07370,1.00000,0.00000,-0.00000,0.49854
119,163,1,0.20000,0.07698,-0.08331,1.00000,0.00000,-0.00000,0.50244
120,163,1,0.20000,0.08070,-0.09292,1.00000,0.00000,-0.00000,0.50537
121,163,1,0.20000,0.08442,-0.10253,1.00000,0.00000,-0.00000,0.51123
122,163,1,0.20000,0.08813,-0.11214,1.00000,0.00000,-0.00000,0.51562
123,163,1,0.20000,0.09185,-0.12175,1.00000,0.00000,-0.00000,0.52002
124,163,1,0.20000,0.09556,-0.13136,1.00000,0.00000,-0.00000,0.53271
125,163,1,0.20000,0.09928,-0.14098,1.00000,0.00000,-0.00000,0.54150
126,163,1,0.20000,0.10299,-0.15059,1.00000,0.00000,-0.00000,0.55322
127,163,1,0.20000,0.10671,-0.16019,1.00000,0.00000,-0.00000,0.56934
128,163,1,0.20000,0.11042,-0.16981,1.00000,0.00000,-0.00000,0.57764
129,163,1,0.20000,0.11414,-0.17941,1.00000,0.00000,-0.00000,0.58643
130,163,1,0.20000,0.11785,-0.18903,1.00000,0.00000,-0.00000,0.60352
131,163,1,0.20000,0.12157,-0.19863,1.00000,0.00000,-0.00000,0.61670
132,163,1,0.19366,0.12021,-0.20000,0.00000,0.00000,-1.00000,0.80225
133,163,1,0.18627,0.11801,-0.20000,0.00000,0.00000,-1.00000,0.79004
134,163,1,0.17887,0.11581,-0.20000,0.00000,0.00000,-1.00000,0.78320
135,163,1,0.17148,0.11362,-0.20000,0.00000,0.00000,-1.00000,0.77100
136,163,1,0.16409,0.11142,-0.20000,0.00000,0.00000,-1.00000,0.75928
137,163,1,0.15670,0.10922,-0.20000,0.00000,0.00000,-1.00000,0.74707
138,163,1,0.14930,0.10702,-0.20000,0.00000,0.00000,-1.00000,0.73584
139,163,1,0.14191,0.10482,-0.20000,0.00000,0.00000,-1.00000,0.72705
140,163,1,0.13452,0.10262,-0.20000,0.00000,0.00000,-1.00000,0.71338
141,163,1,0.12713,0.10042,-0.20000,0.00000,0.00000,-1.00000,0.69824
142,163,1,0.11973,0.09823,-0.20000,0.00000,0.00000,-1.00000,0.69336
143,163,1,0.11234,0.09603,-0.20000,0.00000,0.00000,-1.00000,0.67578
144,163,1,0.10495,0.09383,-0.20000,0.00000,0.00000,-1.00000,0.66943
145,163,1,0.09756,0.09163,-0.20000,0.00000,0.00000,-1.00000,0.65918
146,163,1,0.09016,0.08943,-0.20000,0.00000,0.00000,-1.00000,0.64795
147,163,1,0.08277,0.08723,-0.20000,0.00000,0.00000,-1.00000,0.64014
148,163,1,0.07538,0.08504,-0.20000,0.00000,0.00000,-1.00000,0.63281
149,163,1,0.06799,0.08284,-0.20000,0.00000,0.00000,-1.00000,0.62598
150,163,1,0.06059,0.08064,-0.20000,0.00000,0.00000,-1.00000,0.62061
151,163,1,0.05320,0.07844,-0.20000,0.00000,0.00000,-1.00000,0.61816
152,163,1,0.04581,0.07624,-0.20000,0.00000,0.00000,-1.00000,0.61475
153,163,4,0.13395,0.15047,-0.32419,0.89264,-0.33011,0.30485,0.68066
154,163,4,0.14277,0.16124,-0.34526,0.95184,-0.25843,0.16494,0.75537
155,163,4,0.14604,0.16758,-0.35913,0.97366,-0.21617,0.07248,0.79785
156,163,4,0.14742,0.17239,-0.37053,0.98290,-0.18409,-0.00352,0.83105
157,163,4,0.14773,0.17636,-0.38055,0.98499,-0.15763,-0.07033,0.85742
158,163,4,0.14730,0.17973,-0.38960,0.98217,-0.13516,-0.13068,0.87842
159,163,4,0.14633,0.18267,-0.39795,0.97568,-0.11557,-0.18631,0.89404
160,163,4,0.14493,0.18526,-0.40573,0.96622,-0.09828,-0.23822,0.90918
161,163,4,0.14314,0.18755,-0.41302,0.95437,-0.08305,-0.28683,0.92139
162,163,4,0.14105,0.18959,-0.41992,0.94044,-0.06941,-0.33280,0.93311
163,163,4,0.13869,0.19141,-0.42645,0.92470,-0.05726,-0.37637,0.94287
164,163,4,0.13608,0.19305,-0.43268,0.90732,-0.04639,-0.41788,0.95117
165,163,4,0.13325,0.19450,-0.43861,0.88849,-0.03671,-0.45742,0.95947
166,163,4,0.13023,0.19580,-0.44429,0.86828,-0.02804,-0.49528,0.96680
167,163,4,0.12701,0.19694,-0.44972,0.84682,-0.02043,-0.53148,0.97266
168,163,4,0.12361,0.19793,-0.45491,0.82421,-0.01378,-0.56611,0.97900
169,163,4,0.12006,0.19880,-0.45989,0.80047,-0.00802,-0.59932,0.98145
170,163,4,0.11634,0.19954,-0.46467,0.77565,-0.00308,-0.63116,0.98633
171,163,4,0.11246,0.20016,-0.46924,0.74982,0.00103,-0.66164,0.99023
172,163,4,0.10844,0.20065,-0.47362,0.72298,0.00437,-0.69085,0.99170
173,163,4,0.10427,0.20103,-0.47780,0.69521,0.00687,-0.71877,0.99365
40,164,3,0.67357,0.15581,0.06024,0.89438,-0.37681,0.24101,1.00000
42,164,3,0.68695,0.17394,0.02363,0.94789,-0.30425,0.09452,1.00000
44,164,3,0.69134,0.18488,-0.00130,0.96546,-0.26049,-0.00517,1.00000
46,164,3,0.69243,0.19319,-0.02194,0.96986,-0.22728,-0.08776,1.00000
48,164,3,0.69161,0.19996,-0.04009,0.96655,-0.20019,-0.16036,1.00000
50,164,3,0.68943,0.20565,-0.05648,0.95786,-0.17742,-0.22592,1.00000
52,164,3,0.68625,0.21053,-0.07156,0.94506,-0.15789,-0.28624,1.00000
54,164,3,0.68222,0.21474,-0.08554,0.92897,-0.14107,-0.34219,1.00000
56,164,3,0.67751,0.21840,-0.09864,0.91013,-0.12640,-0.39459,1.00000
58,164,3,0.67219,0.22158,-0.11095,0.88887,-0.11369,-0.44383,1.00000
60,164,3,0.66636,0.22434,-0.12258,0.86547,-0.10267,-0.49033,1.00000
62,164,3,0.66002,0.22670,-0.13357,0.84014,-0.09321,-0.53429,1.00000
64,164,3,0.65324,0.22871,-0.14397,0.81305,-0.08518,-0.57593,0.99951
66,164,3,0.64605,0.23039,-0.15385,0.78428,-0.07843,-0.61543,1.00000
68,164,3,0.63848,0.23176,-0.16322,0.75393,-0.07296,-0.65289,1.00000
70,164,3,0.63051,0.23282,-0.17209,0.72210,-0.06872,-0.68837,1.00000
72,164,3,0.62219,0.23359,-0.18048,0.68879,-0.06565,-0.72198,1.00000
74,164,3,0.61350,0.23407,-0.18841,0.65408,-0.06372,-0.75373,1.00000
76,164,3,0.60447,0.23428,-0.19590,0.61797,-0.06288,-0.78368,1.00000
78,164,3,0.59510,0.23421,-0.20293,0.58048,-0.06316,-0.81182,1.00000
80,164,3,0.58538,0.23387,-0.20951,0.54159,-0.06454,-0.83816,1.00000
82,164,3,0.57531,0.23324,-0.21564,0.50129,-0.06707,-0.86268,1.00000
84,164,3,0.56488,0.23233,-0.22131,0.45958,-0.07069,-0.88532,1.00000
86,164,3,0.55408,0.23112,-0.22649,0.41638,-0.07552,-0.90605,1.00000
88,164,3,0.54289,0.22960,-0.23116,0.37165,-0.08159,-0.92479,0.99951
90,164,3,0.53131,0.22777,-0.23532,0.32528,-0.08896,-0.94142,0.99756
92,164,3,0.51930,0.22559,-0.23894,0.27724,-0.09765,-0.95582,0.99561
94,164,3,0.50682,0.22303,-0.24192,0.22731,-0.10787,-0.96783,0.99414
95,164,3,0.50039,0.22161,-0.24318,0.20159,-0.11358,-0.97288,0.99170
96,164,3,0.49384,0.22009,-0.24428,0.17539,-0.11967,-0.97719,0.99219
97,164,3,0.48715,0.21844,-0.24518,0.14860,-0.12624,-0.98082,0.98779
98,164,3,0.48030,0.21668,-0.24589,0.12120,-0.13330,-0.98364,0.98633
99,164,3,0.47329,0.21479,-0.24639,0.09316,-0.14085,-0.98562,0.98291
100,164,3,0.46611,0.21276,-0.24666,0.06444,-0.14898,-0.98672,0.97998
101,164,3,0.45873,0.21057,-0.24668,0.03492,-0.15774,-0.98685,0.97803
102,164,3,0.45117,0.20824,-0.24646,0.00465,-0.16702,-0.98595,0.97266
103,164,3,0.44337,0.20572,-0.24594,-0.02650,-0.17713,-0.98384,0.96924
104,164,3,0.43531,0.20298,-0.24506,-0.05875,-0.18807,-0.98039,0.96436
105,164,3,0.42698,0.20004,-0.24385,-0.09208,-0.19985,-0.97548,0.95996
106,164,3,0.41831,0.19681,-0.24218,-0.12679,-0.21276,-0.96885,0.95117
107,164,3,0.40925,0.19328,-0.24002,-0.16299,-0.22688,-0.96019,0.94287
108,164,3,0.39973,0.18938,-0.23725,-0.20110,-0.24245,-0.94909,0.93359
109,164,3,0.38960,0.18499,-0.23369,-0.24164,-0.26001,-0.93488,0.92090
110,164,3,0.37869,0.17998,-0.22912,-0.28528,-0.28008,-0.91661,0.90820
111,164,3,0.36667,0.17408,-0.22310,-0.33337,-0.30373,-0.89253,0.88867
112,164,3,0.35285,0.16674,-0.21475,-0.38864,-0.33310,-0.85907,0.86377
113,164,3,0.33497,0.15615,-0.20112,-0.46014,-0.37540,-0.80458,0.82666
114,164,1,0.20000,0.05189,-0.03526,1.00000,0.00000,-0.00000,0.53027
115,164,1,0.20000,0.05560,-0.04487,1.00000,0.00000,-0.00000,0.52100
116,164,1,0.20000,0.05932,-0.05448,1.00000,0.00000,-0.00000,0.52148
117,164,1,0.20000,0.06303,-0.06409,1.00000,0.00000,-0.00000,0.51709
118,164,1,0.20000,0.06675,-0.07370,1.00000,0.00000,-0.00000,0.51562
119,164,1,0.20000,0.07047,-0.08331,1.00000,0.00000,-0.00000,0.51562
120,164,1,0.20000,0.07418,-0.09292,1.00000,0.00000,-0.00000,0.52197
121,164,1,0.20000,0.07790,-0.10253,1.00000,0.00000,-0.00000,0.52539
122,164,1,0.20000,0.08161,-0.11214,1.00000,0.00000,-0.00000,0.53027
123,164,1,0.20000,0.08533,-0.12175,1.00000,0.00000,-0.00000,0.53955
124,164,1,0.20000,0.08904,-0.13136,1.00000,0.00000,-0.00000,0.54590
125,164,1,0.20000,0.09276,-0.14097,1.00000,0.00000,-0.00000,0.55469
126,164,1,0.20000,0.09647,-0.15058,1.00000,0.00000,-0.00000,0.56738
127,164,1,0.20000,0.10019,-0.16019,1.00000,0.00000,-0.00000,0.57617
128,164,1,0.20000,0.10390,-0.16980,1.00000,0.00000,-0.00000,0.58936
129,164,1,0.20000,0.10762,-0.17941,1.00000,0.00000,-0.00000,0.59766
130,164,1,0.20000,0.11134,-0.18902,1.00000,0.00000,-0.00000,0.61230
131,164,1,0.20000,0.11505,-0.19863,1.00000,0.00000,-0.00000,0.62695
132,164,1,0.19366,0.11369,-0.20000,0.00000,0.00000,-1.00000,0.80566
133,164,1,0.18627,0.11149,-0.20000,0.00000,0.00000,-1.00000,0.79688
134,164,1,0.17887,0.10930,-0.20000,0.00000,0.00000,-1.00000,0.78467
135,164,1,0.17148,0.10710,-0.20000,0.00000,0.00000,-1.00000,0.77686
136,164,1,0.16409,0.10490,-0.20000,0.00000,0.00000,-1.00000,0.76758
137,164,1,0.15670,0.10270,-0.20000,0.00000,0.00000,-1.00000,0.75439
138,164,1,0.14930,0.10050,-0.20000,0.00000,0.00000,-1.00000,0.74365
139,164,1,0.14191,0.09830,-0.20000,0.00000,0.00000,-1.00000,0.73340
140,164,1,0.13452,0.09610,-0.20000,0.00000,0.00000,-1.00000,0.72168
141,164,1,0.12713,0.09391,-0.20000,0.00000,0.00000,-1.00000,0.71191
142,164,1,0.11973,0.09171,-0.20000,0.00000,0.00000,-1.00000,0.70410
143,164,1,0.11234,0.08951,-0.20000,0.00000,0.00000,-1.00000,0.69141
144,164,1,0.10495,0.08731,-0.20000,0.00000,0.00000,-1.00000,0.68262
145,164,1,0.09756,0.08511,-0.20000,0.00000,0.00000,-1.00000,0.67285
146,164,1,0.09016,0.08291,-0.20000,0.00000,0.00000,-1.00000,0.66504
147,164,1,0.08277,0.08072,-0.20000,0.00000,0.00000,-1.00000,0.65918
148,164,1,0.07538,0.07852,-0.20000,0.00000,0.00000,-1.00000,0.64990
149,164,1,0.06799,0.07632,-0.20000,0.00000,0.00000,-1.00000,0.64209
150,164,1,0.06060,0.07412,-0.20000,0.00000,0.00000,-1.00000,0.64111
151,164,1,0.05320,0.07192,-0.20000,0.00000,0.00000,-1.00000,0.64062
152,164,1,0.04581,0.06972,-0.20000,0.00000,0.00000,-1.00000,0.63477
153,164,1,0.03842,0.06752,-0.20000,0.00000,0.00000,-1.00000,0.63428
154,164,4,0.13869,0.15146,-0.33997,0.92474,-0.32365,0.20025,0.74316
155,164,4,0.14363,0.15913,-0.35600,0.95761,-0.27251,0.09340,0.79395
156,164,4,0.14571,0.16450,-0.36831,0.97152,-0.23669,0.01130,0.83203
157,164,4,0.14643,0.16879,-0.37885,0.97633,-0.20804,-0.05903,0.85645
158,164,4,0.14629,0.17240,-0.38828,0.97534,-0.18404,-0.12185,0.88037
159,164,4,0.14550,0.17548,-0.39687,0.97015,-0.16345,-0.17915,0.89697
160,164,4,0.14424,0.17819,-0.40485,0.96171,-0.14537,-0.23232,0.90967
161,164,4,0.14258,0.18058,-0.41229,0.95065,-0.12951,-0.28195,0.92285
162,164,4,0.14058,0.18270,-0.41931,0.93735,-0.11537,-0.32873,0.93262
163,164,4,0.13830,0.18458,-0.42595,0.92211,-0.10278,-0.37303,0.94434
164,164,4,0.13576,0.18627,-0.43225,0.90517,-0.09157,-0.41506,0.95117
165,164,4,0.13299,0.18776,-0.43826,0.88669,-0.08160,-0.45511,0.96143
166,164,4,0.13001,0.18910,-0.44400,0.86679,-0.07269,-0.49335,0.96729
167,164,4,0.12682,0.19027,-0.44947,0.84560,-0.06491,-0.52985,0.97412
168,164,4,0.12346,0.19129,-0.45471,0.82319,-0.05808,-0.56478,0.97900
169,164,4,0.11993,0.19218,-0.45973,0.79962,-0.05212,-0.59824,0.98291
170,164,4,0.11623,0.19294,-0.46453,0.77495,-0.04709,-0.63027,0.98682
171,164,4,0.11237,0.19357,-0.46912,0.74925,-0.04293,-0.66089,0.99072
172,164,4,0.10837,0.19408,-0.47353,0.72251,-0.03951,-0.69023,0.99316
173,164,4,0.10420,0.19446,-0.47772,0.69481,-0.03695,-0.71825,0.99463
174,164,4,0.09990,0.19474,-0.48174,0.66610,-0.03512,-0.74503,0.99805
176,164,4,0.09086,0.19494,-0.48921,0.60585,-0.03377,-0.79486,0.99902
178,164,4,0.08126,0.19468,-0.49595,0.54182,-0.03546,-0.83975,0.99951
180,164,4,0.07108,0.19397,-0.50193,0.47392,-0.04020,-0.87965,1.00000
182,164,4,0.06031,0.19278,-0.50715,0.40207,-0.04810,-0.91434,1.00000
184,164,4,0.04888,0.19107,-0.51151,0.32589,-0.05955,-0.94353,1.00000
186,164,4,0.03677,0.18881,-0.51499,0.24512,-0.07459,-0.96662,1.00000
188,164,4,0.02384,0.18590,-0.51740,0.15897,-0.09400,-0.98279,1.00000
190,164,4,0.00997,0.18224,-0.51860,0.06652,-0.11841,-0.99073,1.00000
192,164,4,-0.00510,0.17761,-0.51822,-0.03402,-0.14930,-0.98820,1.00000
194,164,4,-0.02186,0.17163,-0.51565,-0.14573,-0.18910,-0.97108,1.00000
196,164,4,-0.04143,0.16341,-0.50944,-0.27618,-0.24391,-0.92964,1.00000
198,164,4,-0.06871,0.14902,-0.49319,-0.45807,-0.33987,-0.82138,1.00000
93,165,3,0.51258,0.21741,-0.23980,0.25035,-0.13038,-0.95934,0.99463
94,165,3,0.50624,0.21606,-0.24118,0.22500,-0.13578,-0.96485,0.99316
95,165,3,0.49979,0.21461,-0.24239,0.19919,-0.14156,-0.96969,0.99365
96,165,3,0.49320,0.21305,-0.24344,0.17280,-0.14780,-0.97380,0.98877
97,165,3,0.48645,0.21136,-0.24427,0.14581,-0.15454,-0.97717,0.98877
98,165,3,0.47954,0.20956,-0.24491,0.11818,-0.16178,-0.97973,0.98633
99,165,3,0.47248,0.20762,-0.24534,0.08994,-0.16950,-0.98143,0.98340
100,165,3,0.46522,0.20553,-0.24551,0.06089,-0.17788,-0.98217,0.98145
101,165,3,0.45778,0.20329,-0.24544,0.03110,-0.18686,-0.98191,0.97656
102,165,3,0.45014,0.20090,-0.24512,0.00056,-0.19639,-0.98053,0.97314
103,165,3,0.44221,0.19827,-0.24443,-0.03116,-0.20691,-0.97787,0.96875
104,165,3,0.43406,0.19546,-0.24344,-0.06377,-0.21815,-0.97384,0.96338
105,165,3,0.42557,0.19239,-0.24202,-0.09771,-0.23045,-0.96816,0.95752
106,165,3,0.41674,0.18903,-0.24014,-0.13307,-0.24385,-0.96064,0.95020
107,165,3,0.40745,0.18532,-0.23768,-0.17021,-0.25869,-0.95084,0.94189
108,165,3,0.39766,0.18120,-0.23456,-0.20938,-0.27519,-0.93831,0.93262
109,165,3,0.38717,0.17653,-0.23053,-0.25135,-0.29389,-0.92220,0.91895
110,165,3,0.37575,0.17111,-0.22530,-0.29700,-0.31561,-0.90121,0.90332
111,165,3,0.36283,0.16449,-0.21812,-0.34869,-0.34210,-0.87257,0.88232
112,165,3,0.34725,0.15574,-0.20747,-0.41101,-0.37702,-0.83002,0.85449
113,165,3,0.31891,0.13678,-0.18023,-0.52365,-0.45260,-0.72072,0.76367
114,165,1,0.20000,0.04537,-0.03526,1.00000,0.00000,-0.00000,0.54541
115,165,1,0.20000,0.04908,-0.04487,1.00000,0.00000,-0.00000,0.54053
116,165,1,0.20000,0.05280,-0.05448,1.00000,0.00000,-0.00000,0.53711
117,165,1,0.20000,0.05652,-0.06409,1.00000,0.00000,-0.00000,0.53418
118,165,1,0.20000,0.06023,-0.07370,1.00000,0.00000,-0.00000,0.53369
119,165,1,0.20000,0.06395,-0.08331,1.00000,0.00000,-0.00000,0.53564
120,165,1,0.20000,0.06766,-0.09292,1.00000,0.00000,-0.00000,0.53467
121,165,1,0.20000,0.07138,-0.10253,1.00000,0.00000,-0.00000,0.54297
122,165,1,0.20000,0.07509,-0.11214,1.00000,0.00000,-0.00000,0.54688
123,165,1,0.20000,0.07881,-0.12175,1.00000,0.00000,-0.00000,0.55127
124,165,1,0.20000,0.08252,-0.13136,1.00000,0.00000,-0.00000,0.55713
125,165,1,0.20000,0.08624,-0.14097,1.00000,0.00000,-0.00000,0.56689
126,165,1,0.20000,0.08995,-0.15058,1.00000,0.00000,-0.00000,0.57910
127,165,1,0.20000,0.09367,-0.16019,1.00000,0.00000,-0.00000,0.58447
128,165,1,0.20000,0.09739,-0.16980,1.00000,0.00000,-0.00000,0.59766
129,165,1,0.20000,0.10110,-0.17941,1.00000,0.00000,-0.00000,0.60840
130,165,1,0.20000,0.10482,-0.18903,1.00000,0.00000,-0.00000,0.61914
131,165,1,0.20000,0.10853,-0.19863,1.00000,0.00000,-0.00000,0.63135
132,165,1,0.19366,0.10717,-0.20000,0.00000,0.00000,-1.00000,0.81299
133,165,1,0.18627,0.10497,-0.20000,0.00000,0.00000,-1.00000,0.80322
134,165,1,0.17887,0.10278,-0.20000,0.00000,0.00000,-1.00000,0.79297
135,165,1,0.17148,0.10058,-0.20000,0.00000,0.00000,-1.00000,0.78174
136,165,1,0.16409,0.09838,-0.20000,0.00000,0.00000,-1.00000,0.77637
137,165,1,0.15670,0.09618,-0.20000,0.00000,0.00000,-1.00000,0.76270
138,165,1,0.14930,0.09398,-0.20000,0.00000,0.00000,-1.00000,0.74902
139,165,1,0.14191,0.09178,-0.20000,0.00000,0.00000,-1.00000,0.74316
140,165,1,0.13452,0.08958,-0.20000,0.00000,0.00000,-1.00000,0.73242
141,165,1,0.12713,0.08739,-0.20000,0.00000,0.00000,-1.00000,0.72363
142,165,1,0.11973,0.08519,-0.20000,0.00000,0.00000,-1.00000,0.71387
143,165,1,0.11234,0.08299,-0.20000,0.00000,0.00000,-1.00000,0.70312
144,165,1,0.10495,0.08079,-0.20000,0.00000,0.00000,-1.00000,0.69287
145,165,1,0.09756,0.07859,-0.20000,0.00000,0.00000,-1.00000,0.68652
146,165,1,0.09016,0.07639,-0.20000,0.00000,0.00000,-1.00000,0.68018
147,165,1,0.08277,0.07420,-0.20000,0.00000,0.00000,-1.00000,0.67090
148,165,1,0.07538,0.07200,-0.20000,0.00000,0.00000,-1.00000,0.66650
149,165,1,0.06799,0.06980,-0.20000,0.00000,0.00000,-1.00000,0.66260
150,165,1,0.06059,0.06760,-0.20000,0.00000,0.00000,-1.00000,0.65674
151,165,1,0.05320,0.06540,-0.20000,0.00000,0.00000,-1.00000,0.65332
152,165,1,0.04581,0.06320,-0.20000,0.00000,0.00000,-1.00000,0.65186
153,165,1,0.03842,0.06100,-0.20000,0.00000,0.00000,-1.00000,0.65234
154,165,4,0.13075,0.13859,-0.32964,0.87090,-0.40903,0.26785,0.71484
155,165,4,0.14010,0.14978,-0.35141,0.93410,-0.33480,0.12398,0.78613
156,165,4,0.14333,0.15608,-0.36522,0.95564,-0.29280,0.03190,0.82520
157,165,4,0.14464,0.16084,-0.37653,0.96434,-0.26108,-0.04349,0.85596
158,165,4,0.14485,0.16472,-0.38641,0.96578,-0.23520,-0.10938,0.87793
159,165,4,0.14433,0.16803,-0.39535,0.96229,-0.21315,-0.16900,0.89502
160,165,4,0.14326,0.17088,-0.40356,0.95512,-0.19412,-0.22372,0.91064
161,165,4,0.14173,0.17338,-0.41119,0.94503,-0.17745,-0.27465,0.92480
162,165,4,0.13985,0.17559,-0.41836,0.93250,-0.16274,-0.32243,0.93408
163,165,4,0.13767,0.17756,-0.42513,0.91789,-0.14960,-0.36755,0.94629
164,165,4,0.13520,0.17930,-0.43153,0.90147,-0.13801,-0.41026,0.95459
165,165,4,0.13250,0.18085,-0.43763,0.88342,-0.12767,-0.45085,0.96094
166,165,4,0.12957,0.18223,-0.44344,0.86387,-0.11846,-0.48959,0.96680
167,165,4,0.12643,0.18343,-0.44896,0.84300,-0.11049,-0.52645,0.97412
168,165,4,0.12311,0.18449,-0.45425,0.82082,-0.10343,-0.56174,0.97949
169,165,4,0.11961,0.18541,-0.45932,0.79748,-0.09726,-0.59546,0.98438
170,165,4,0.11594,0.18618,-0.46414,0.77299,-0.09215,-0.62769,0.98682
171,165,4,0.11210,0.18683,-0.46876,0.74743,-0.08786,-0.65851,0.99121
172,165,4,0.10811,0.18735,-0.47319,0.72081,-0.08432,-0.68799,0.99268
42,166,3,0.67798,0.15373,0.03528,0.91200,-0.38513,0.14119,1.00000
44,166,3,0.68591,0.16750,0.00576,0.94369,-0.33002,0.02309,1.00000
46,166,3,0.68850,0.17700,-0.01683,0.95405,-0.29200,-0.06729,1.00000
48,166,3,0.68852,0.18445,-0.03607,0.95416,-0.26221,-0.14431,1.00000
50,166,3,0.68692,0.19060,-0.05322,0.94775,-0.23760,-0.21289,1.00000
52,166,3,0.68413,0.19580,-0.06881,0.93661,-0.21685,-0.27524,1.00000
54,166,3,0.68042,0.20026,-0.08321,0.92176,-0.19896,-0.33283,1.00000
56,166,3,0.67593,0.20410,-0.09659,0.90387,-0.18361,-0.38641,1.00000
58,166,3,0.67082,0.20744,-0.10917,0.88335,-0.17024,-0.43670,1.00000
60,166,3,0.66512,0.21031,-0.12097,0.86058,-0.15874,-0.48395,1.00000
62,166,3,0.65893,0.21279,-0.13214,0.83573,-0.14880,-0.52859,1.00000
64,166,3,0.65224,0.21487,-0.14267,0.80903,-0.14052,-0.57072,1.00000
66,166,3,0.64513,0.21661,-0.15264,0.78057,-0.13358,-0.61062,1.00000
68,166,3,0.63761,0.21803,-0.16209,0.75049,-0.12789,-0.64839,1.00000
70,166,3,0.62970,0.21913,-0.17103,0.71883,-0.12349,-0.68413,1.00000
72,166,3,0.62141,0.21993,-0.17947,0.68566,-0.12031,-0.71791,1.00000
74,166,3,0.61275,0.22043,-0.18743,0.65103,-0.11828,-0.74978,1.00000
76,166,3,0.60372,0.22064,-0.19492,0.61497,-0.11743,-0.77976,1.00000
78,166,3,0.59435,0.22057,-0.20195,0.57746,-0.11772,-0.80789,1.00000
80,166,3,0.58461,0.22022,-0.20852,0.53850,-0.11915,-0.83416,1.00000
82,166,3,0.57452,0.21957,-0.21461,0.49813,-0.12171,-0.85852,1.00000
84,166,3,0.56404,0.21862,-0.22022,0.45623,-0.12552,-0.88097,1.00000
86,166,3,0.55319,0.21737,-0.22532,0.41282,-0.13054,-0.90140,1.00000
88,166,3,0.54193,0.21580,-0.22991,0.36780,-0.13680,-0.91979,0.99854
90,166,3,0.53027,0.21389,-0.23397,0.32111,-0.14444,-0.93596,0.99756
92,166,3,0.51814,0.21162,-0.23742,0.27259,-0.15354,-0.94981,0.99561
94,166,3,0.50553,0.20896,-0.24025,0.22214,-0.16414,-0.96109,0.99316
95,166,3,0.49903,0.20748,-0.24142,0.19614,-0.17007,-0.96571,0.99121
96,166,3,0.49238,0.20588,-0.24238,0.16956,-0.17649,-0.96960,0.99170
97,166,3,0.48558,0.20415,-0.24315,0.14234,-0.18339,-0.97267,0.98828
98,166,3,0.47862,0.20230,-0.24371,0.11449,-0.19080,-0.97494,0.98633
99,166,3,0.47148,0.20030,-0.24404,0.08595,-0.19879,-0.97628,0.98193
100,166,3,0.46415,0.19816,-0.24412,0.05662,-0.20741,-0.97661,0.97949
101,166,3,0.45664,0.19586,-0.24396,0.02657,-0.21654,-0.97592,0.97559
102,166,3,0.44887,0.19336,-0.24347,-0.00453,-0.22657,-0.97399,0.97119
103,166,3,0.44084,0.19066,-0.24265,-0.03662,-0.23738,-0.97072,0.96826
104,166,3,0.43255,0.18773,-0.24147,-0.06981,-0.24907,-0.96596,0.96387
105,166,3,0.42389,0.18452,-0.23982,-0.10445,-0.26190,-0.95943,0.95508
106,166,3,0.41485,0.18101,-0.23769,-0.14062,-0.27594,-0.95083,0.95020
107,166,3,0.40531,0.17709,-0.23490,-0.17876,-0.29161,-0.93969,0.93896
108,166,3,0.39515,0.17268,-0.23130,-0.21942,-0.30932,-0.92530,0.93018
109,166,3,0.38417,0.16761,-0.22663,-0.26335,-0.32965,-0.90663,0.91602
110,166,3,0.37201,0.16159,-0.22043,-0.31199,-0.35367,-0.88180,0.90088
111,166,3,0.35780,0.15395,-0.21158,-0.36881,-0.38417,-0.84640,0.87695
112,166,3,0.33842,0.14215,-0.19599,-0.44634,-0.43141,-0.78401,0.83447
113,166,1,0.20000,0.03513,-0.02565,1.00000,0.00000,-0.00000,0.56494
114,166,1,0.20000,0.03885,-0.03526,1.00000,0.00000,-0.00000,0.56152
115,166,1,0.20000,0.04257,-0.04487,1.00000,0.00000,-0.00000,0.55908
116,166,1,0.20000,0.04628,-0.05448,1.00000,0.00000,-0.00000,0.55371
117,166,1,0.20000,0.05000,-0.06409,1.00000,0.00000,-0.00000,0.55029
118,166,1,0.20000,0.05371,-0.07370,1.00000,0.00000,-0.00000,0.54980
119,166,1,0.20000,0.05743,-0.08331,1.00000,0.00000,-0.00000,0.55029
120,166,1,0.20000,0.06114,-0.09292,1.00000,0.00000,-0.00000,0.54834
121,166,1,0.20000,0.06486,-0.10253,1.00000,0.00000,-0.00000,0.55420
122,166,1,0.20000,0.06857,-0.11214,1.00000,0.00000,-0.00000,0.56104
123,166,1,0.20000,0.07229,-0.12175,1.00000,0.00000,-0.00000,0.56396
124,166,1,0.20000,0.07600,-0.13136,1.00000,0.00000,-0.00000,0.57520
125,166,1,0.20000,0.07972,-0.14097,1.00000,0.00000,-0.00000,0.57520
126,166,1,0.20000,0.08343,-0.15058,1.00000,0.00000,-0.00000,0.58887
127,166,1,0.20000,0.08715,-0.16019,1.00000,0.00000,-0.00000,0.59961
128,166,1,0.20000,0.09087,-0.16980,1.00000,0.00000,-0.00000,0.60840
129,166,1,0.20000,0.09458,-0.17941,1.00000,0.00000,-0.00000,0.61670
130,166,1,0.20000,0.09830,-0.18903,1.00000,0.00000,-0.00000,0.62793
131,166,1,0.20000,0.10201,-0.19864,1.00000,0.00000,-0.00000,0.64111
132,166,1,0.19366,0.10065,-0.20000,0.00000,0.00000,-1.00000,0.81641
133,166,1,0.18627,0.09845,-0.20000,0.00000,0.00000,-1.00000,0.80566
134,166,1,0.17887,0.09626,-0.20000,0.00000,0.00000,-1.00000,0.79688
135,166,1,0.17148,0.09406,-0.20000,0.00000,0.00000,-1.00000,0.79053
136,166,1,0.16409,0.09186,-0.20000,0.00000,0.00000,-1.00000,0.77979
137,166,1,0.15670,0.08966,-0.20000,0.00000,0.00000,-1.00000,0.77100
138,166,1,0.14930,0.08746,-0.20000,0.00000,0.00000,-1.00000,0.75928
139,166,1,0.14191,0.08526,-0.20000,0.00000,0.00000,-1.00000,0.75391
140,166,1,0.13452,0.08307,-0.20000,0.00000,0.00000,-1.00000,0.74023
141,166,1,0.12713,0.08087,-0.20000,0.00000,0.00000,-1.00000,0.73096
142,166,1,0.11973,0.07867,-0.20000,0.00000,0.00000,-1.00000,0.72656
143,166,1,0.11234,0.07647,-0.20000,0.00000,0.00000,-1.00000,0.71338
144,166,1,0.10495,0.07427,-0.20000,0.00000,0.00000,-1.00000,0.70557
145,166,1,0.09756,0.07207,-0.20000,0.00000,0.00000,-1.00000,0.69971
146,166,1,0.09016,0.06988,-0.20000,0.00000,0.00000,-1.00000,0.69287
147,166,1,0.08277,0.06768,-0.20000,0.00000,0.00000,-1.00000,0.68750
148,166,1,0.07538,0.06548,-0.20000,0.00000,0.00000,-1.00000,0.68652
149,166,1,0.06799,0.06328,-0.20000,0.00000,0.00000,-1.00000,0.67920
150,166,1,0.06059,0.06108,-0.20000,0.00000,0.00000,-1.00000,0.67432
151,166,1,0.05320,0.05888,-0.20000,0.00000,0.00000,-1.00000,0.66943
152,166,1,0.04581,0.05668,-0.20000,0.00000,0.00000,-1.00000,0.67139
153,166,1,0.03842,0.05449,-0.20000,0.00000,0.00000,-1.00000,0.67139
154,166,1,0.03103,0.05229,-0.20000,0.00000,0.00000,-1.00000,0.67725
155,166,4,0.13439,0.13870,-0.34399,0.89600,-0.40875,0.17349,0.77393
156,166,4,0.13995,0.14686,-0.36083,0.93313,-0.35429,0.06122,0.82275
157,166,4,0.14219,0.15236,-0.37334,0.94797,-0.31759,-0.02226,0.85205
158,166,4,0.14293,0.15667,-0.38391,0.95286,-0.28890,-0.09273,0.87646
159,166,4,0.14273,0.16023,-0.39327,0.95165,-0.26514,-0.15513,0.89600
160,166,4,0.14191,0.16329,-0.40181,0.94612,-0.24470,-0.21209,0.91211
161,166,4,0.14057,0.16593,-0.40968,0.93724,-0.22717,-0.26453,0.92529
162,166,4,0.13883,0.16826,-0.41703,0.92567,-0.21165,-0.31358,0.93506
163,166,4,0.13676,0.17032,-0.42395,0.91185,-0.19790,-0.35968,0.94727
164,166,4,0.13439,0.17213,-0.43048,0.89605,-0.18579,-0.40321,0.95312
165,166,4,0.13177,0.17375,-0.43667,0.87850,-0.17502,-0.44452,0.96191
166,166,4,0.12890,0.17517,-0.44256,0.85941,-0.16551,-0.48375,0.96826
167,166,4,0.12581,0.17642,-0.44816,0.83888,-0.15720,-0.52112,0.97461
168,166,4,0.12254,0.17751,-0.45351,0.81702,-0.14991,-0.55678,0.97998
169,166,4,0.11908,0.17846,-0.45862,0.79390,-0.14361,-0.59085,0.98389
170,166,4,0.11543,0.17926,-0.46349,0.76964,-0.13828,-0.62332,0.98584
171,166,4,0.11162,0.17992,-0.46814,0.74424,-0.13387,-0.65436,0.99121
172,166,4,0.10765,0.18047,-0.47260,0.71775,-0.13025,-0.68401,0.99219
174,166,4,0.09924,0.18116,-0.48088,0.66165,-0.12559,-0.73922,0.99707
176,166,4,0.09021,0.18138,-0.48837,0.60149,-0.12416,-0.78918,0.99951
178,166,4,0.08059,0.18111,-0.49508,0.53731,-0.12595,-0.83392,1.00000
180,166,4,0.07036,0.18035,-0.50100,0.46911,-0.13099,-0.87337,1.00000
182,166,4,0.05949,0.17909,-0.50608,0.39665,-0.13942,-0.90732,1.00000
184,166,4,0.04794,0.17728,-0.51029,0.31962,-0.15150,-0.93535,1.00000
186,166,4,0.03563,0.17487,-0.51351,0.23757,-0.16756,-0.95681,1.00000
188,166,4,0.02244,0.17174,-0.51558,0.14961,-0.18841,-0.97062,1.00000
190,166,4,0.00817,0.16776,-0.51625,0.05449,-0.21493,-0.97510,1.00000
192,166,4,-0.00753,0.16263,-0.51506,-0.05018,-0.24911,-0.96717,1.00000
194,166,4,-0.02541,0.15576,-0.51104,-0.16939,-0.29500,-0.94036,1.00000
196,166,4,-0.04770,0.14536,-0.50128,-0.31804,-0.36427,-0.87531,1.00000
93,167,3,0.51106,0.20315,-0.23783,0.24427,-0.18738,-0.95142,0.99463
94,167,3,0.50466,0.20175,-0.23912,0.21864,-0.19301,-0.95653,0.99316
95,167,3,0.49811,0.20022,-0.24021,0.19244,-0.19910,-0.96091,0.99219
96,167,3,0.49140,0.19857,-0.24110,0.16562,-0.20572,-0.96448,0.98975
97,167,3,0.48454,0.19680,-0.24179,0.13817,-0.21281,-0.96728,0.98828
98,167,3,0.47752,0.19490,-0.24227,0.11008,-0.22041,-0.96918,0.98682
99,167,3,0.47029,0.19283,-0.24249,0.08118,-0.22868,-0.97010,0.98242
100,167,3,0.46289,0.19063,-0.24248,0.05157,-0.23750,-0.97001,0.97949
101,167,3,0.45526,0.18824,-0.24218,0.02107,-0.24703,-0.96877,0.97510
102,167,3,0.44737,0.18564,-0.24152,-0.01051,-0.25741,-0.96624,0.97119
103,167,3,0.43923,0.18285,-0.24056,-0.04307,-0.26857,-0.96229,0.96631
104,167,3,0.43074,0.17977,-0.23913,-0.07704,-0.28091,-0.95664,0.96143
105,167,3,0.42190,0.17641,-0.23724,-0.11239,-0.29437,-0.94906,0.95557
106,167,3,0.41259,0.17268,-0.23475,-0.14964,-0.30932,-0.93911,0.94775
107,167,3,0.40272,0.16850,-0.23153,-0.18911,-0.32602,-0.92625,0.93896
108,167,3,0.39213,0.16374,-0.22737,-0.23150,-0.34505,-0.90958,0.92480
109,167,3,0.38048,0.15814,-0.22184,-0.27811,-0.36745,-0.88749,0.91309
110,167,3,0.36722,0.15124,-0.21420,-0.33115,-0.39501,-0.85692,0.89111
111,167,3,0.35046,0.14155,-0.20203,-0.39822,-0.43384,-0.80821,0.86523
112,167,1,0.20000,0.02490,-0.01604,0.99927,-0.00024,-0.00035,0.59277
113,167,1,0.20000,0.02862,-0.02565,1.00000,0.00000,-0.00000,0.58545
114,167,1,0.20000,0.03233,-0.03526,1.00000,0.00000,-0.00000,0.57715
115,167,1,0.20000,0.03605,-0.04487,1.00000,0.00000,-0.00000,0.57422
116,167,1,0.20000,0.03976,-0.05448,1.00000,0.00000,-0.00000,0.56934
117,167,1,0.20000,0.04348,-0.06409,1.00000,0.00000,-0.00000,0.56738
118,167,1,0.20000,0.04719,-0.07370,1.00000,0.00000,-0.00000,0.56885
119,167,1,0.20000,0.05091,-0.08331,1.00000,0.00000,-0.00000,0.56787
120,167,1,0.20000,0.05462,-0.09292,1.00000,0.00000,-0.00000,0.56348
121,167,1,0.20000,0.05834,-0.10253,1.00000,0.00000,-0.00000,0.57031
122,167,1,0.20000,0.06205,-0.11214,1.00000,0.00000,-0.00000,0.57520
123,167,1,0.20000,0.06577,-0.12175,1.00000,0.00000,-0.00000,0.57959
124,167,1,0.20000,0.06948,-0.13136,1.00000,0.00000,-0.00000,0.58594
125,167,1,0.20000,0.07320,-0.14097,1.00000,0.00000,-0.00000,0.59229
126,167,1,0.20000,0.07692,-0.15059,1.00000,0.00000,-0.00000,0.59863
127,167,1,0.20000,0.08063,-0.16019,1.00000,0.00000,-0.00000,0.60938
128,167,1,0.20000,0.08435,-0.16980,1.00000,0.00000,-0.00000,0.61865
129,167,1,0.20000,0.08806,-0.17941,1.00000,0.00000,-0.00000,0.62939
130,167,1,0.20000,0.09178,-0.18903,1.00000,0.00000,-0.00000,0.63916
131,167,1,0.20000,0.09549,-0.19863,1.00000,0.00000,-0.00000,0.65137
132,167,1,0.19366,0.09413,-0.20000,0.00000,0.00000,-1.00000,0.81836
133,167,1,0.18626,0.09194,-0.20000,0.00000,0.00000,-1.00000,0.81104
134,167,1,0.17887,0.08974,-0.20000,0.00000,0.00000,-1.00000,0.80371
135,167,1,0.17148,0.08754,-0.20000,0.00000,0.00000,-1.00000,0.79688
136,167,1,0.16409,0.08534,-0.20000,0.00000,0.00000,-1.00000,0.78662
137,167,1,0.15670,0.08314,-0.20000,0.00000,0.00000,-1.00000,0.77881
138,167,1,0.14930,0.08094,-0.20000,0.00000,0.00000,-1.00000,0.76904
139,167,1,0.14191,0.07874,-0.20000,0.00000,0.00000,-1.00000,0.75879
140,167,1,0.13452,0.07655,-0.20000,0.00000,0.00000,-1.00000,0.75391
141,167,1,0.12713,0.07435,-0.20000,0.00000,0.00000,-1.00000,0.74414
142,167,1,0.11973,0.07215,-0.20000,0.00000,0.00000,-1.00000,0.73633
143,167,1,0.11234,0.06995,-0.20000,0.00000,0.00000,-1.00000,0.72754
144,167,1,0.10495,0.06775,-0.20000,0.00000,0.00000,-1.00000,0.72070
145,167,1,0.09756,0.06555,-0.20000,0.00000,0.00000,-1.00000,0.71240
146,167,1,0.09016,0.06336,-0.20000,0.00000,0.00000,-1.00000,0.70703
147,167,1,0.08277,0.06116,-0.20000,0.00000,0.00000,-1.00000,0.70068
148,167,1,0.07538,0.05896,-0.20000,0.00000,0.00000,-1.00000,0.69727
149,167,1,0.06799,0.05676,-0.20000,0.00000,0.00000,-1.00000,0.69531
150,167,1,0.06059,0.05456,-0.20000,0.00000,0.00000,-1.00000,0.69287
151,167,1,0.05320,0.05236,-0.20000,0.00000,0.00000,-1.00000,0.69043
152,167,1,0.04581,0.05016,-0.20000,0.00000,0.00000,-1.00000,0.69092
153,167,1,0.03842,0.04797,-0.20000,0.00000,0.00000,-1.00000,0.68799
154,167,1,0.03103,0.04577,-0.20000,0.00000,0.00000,-1.00000,0.69287
155,167,1,0.02363,0.04357,-0.20000,0.00000,0.00000,-1.00000,0.69238
156,167,4,0.13484,0.13625,-0.35418,0.89902,-0.42501,0.10549,0.81250
157,167,4,0.13878,0.14311,-0.36891,0.92526,-0.37927,0.00732,0.84912
158,167,4,0.14031,0.14806,-0.38052,0.93551,-0.34629,-0.07008,0.87354
159,167,4,0.14062,0.15202,-0.39052,0.93752,-0.31991,-0.13678,0.89697
160,167,4,0.14011,0.15533,-0.39947,0.93417,-0.29788,-0.19645,0.90918
161,167,4,0.13902,0.15817,-0.40766,0.92691,-0.27889,-0.25111,0.92725
162,167,4,0.13748,0.16065,-0.41527,0.91658,-0.26229,-0.30180,0.93652
163,167,4,0.13555,0.16282,-0.42237,0.90371,-0.24784,-0.34912,0.94727
164,167,4,0.13329,0.16474,-0.42905,0.88869,-0.23510,-0.39365,0.95459
165,167,4,0.13076,0.16642,-0.43536,0.87179,-0.22387,-0.43574,0.96191
166,167,4,0.12797,0.16791,-0.44134,0.85320,-0.21398,-0.47567,0.96924
167,167,4,0.12495,0.16921,-0.44703,0.83310,-0.20532,-0.51360,0.97510
168,167,4,0.12173,0.17035,-0.45246,0.81159,-0.19770,-0.54976,0.97998
169,167,4,0.11831,0.17133,-0.45762,0.78879,-0.19113,-0.58420,0.98340
170,167,4,0.11470,0.17215,-0.46254,0.76477,-0.18567,-0.61697,0.98828
171,167,4,0.11092,0.17284,-0.46723,0.73955,-0.18107,-0.64829,0.99121
172,167,4,0.10697,0.17340,-0.47172,0.71321,-0.17729,-0.67816,0.99365
44,168,3,0.67750,0.14773,0.01669,0.91005,-0.40909,0.06678,1.00000
46,168,3,0.68279,0.15939,-0.00940,0.93125,-0.36244,-0.03760,1.00000
48,168,3,0.68414,0.16791,-0.03038,0.93668,-0.32841,-0.12153,1.00000
50,168,3,0.68335,0.17471,-0.04858,0.93356,-0.30119,-0.19433,1.00000
52,168,3,0.68113,0.18036,-0.06491,0.92466,-0.27855,-0.25969,1.00000
54,168,3,0.67783,0.18515,-0.07984,0.91143,-0.25943,-0.31935,1.00000
56,168,3,0.67368,0.18926,-0.09366,0.89477,-0.24293,-0.37468,1.00000
58,168,3,0.66878,0.19277,-0.10651,0.87524,-0.22894,-0.42608,1.00000
60,168,3,0.66328,0.19580,-0.11859,0.85320,-0.21678,-0.47439,1.00000
62,168,3,0.65722,0.19839,-0.12993,0.82898,-0.20647,-0.51977,1.00000
64,168,3,0.65068,0.20058,-0.14064,0.80275,-0.19765,-0.56260,1.00000
66,168,3,0.64366,0.20240,-0.15074,0.77469,-0.19042,-0.60298,1.00000
68,168,3,0.63621,0.20387,-0.16027,0.74490,-0.18452,-0.64115,1.00000
70,168,3,0.62835,0.20502,-0.16928,0.71347,-0.17992,-0.67719,1.00000
72,168,3,0.62011,0.20585,-0.17778,0.68049,-0.17660,-0.71115,1.00000
74,168,3,0.61148,0.20637,-0.18578,0.64596,-0.17451,-0.74316,1.00000
76,168,3,0.60247,0.20660,-0.19329,0.60992,-0.17360,-0.77321,1.00000
78,168,3,0.59309,0.20653,-0.20031,0.57241,-0.17388,-0.80132,1.00000
80,168,3,0.58333,0.20615,-0.20685,0.53340,-0.17539,-0.82748,1.00000
82,168,3,0.57320,0.20547,-0.21289,0.49286,-0.17811,-0.85168,1.00000
84,168,3,0.56267,0.20449,-0.21844,0.45078,-0.18207,-0.87388,1.00000
86,168,3,0.55176,0.20319,-0.22347,0.40711,-0.18725,-0.89398,1.00000
88,168,3,0.54043,0.20155,-0.22796,0.36174,-0.19379,-0.91191,0.99951
90,168,3,0.52864,0.19955,-0.23185,0.31460,-0.20180,-0.92752,0.99805
92,168,3,0.51638,0.19718,-0.23514,0.26555,-0.21133,-0.94066,0.99512
93,168,3,0.51007,0.19584,-0.23654,0.24027,-0.21665,-0.94622,0.99463
94,168,3,0.50361,0.19439,-0.23776,0.21445,-0.22242,-0.95106,0.99414
95,168,3,0.49700,0.19282,-0.23877,0.18801,-0.22873,-0.95517,0.99219
96,168,3,0.49023,0.19112,-0.23958,0.16094,-0.23553,-0.95845,0.98975
97,168,3,0.48332,0.18930,-0.24020,0.13328,-0.24278,-0.96089,0.98730
98,168,3,0.47620,0.18732,-0.24056,0.10482,-0.25072,-0.96238,0.98486
99,168,3,0.46890,0.18520,-0.24069,0.07563,-0.25920,-0.96287,0.98291
100,168,3,0.46141,0.18292,-0.24055,0.04565,-0.26831,-0.96226,0.97949
101,168,3,0.45364,0.18042,-0.24006,0.01456,-0.27834,-0.96037,0.97510
102,168,3,0.44564,0.17774,-0.23927,-0.01745,-0.28905,-0.95715,0.97217
103,168,3,0.43731,0.17479,-0.23805,-0.05078,-0.30087,-0.95231,0.96582
104,168,3,0.42865,0.17157,-0.23640,-0.08541,-0.31374,-0.94566,0.96094
105,168,3,0.41953,0.16800,-0.23416,-0.12189,-0.32808,-0.93675,0.95508
106,168,3,0.40993,0.16403,-0.23129,-0.16029,-0.34388,-0.92523,0.94873
107,168,3,0.39965,0.15952,-0.22753,-0.20141,-0.36191,-0.91020,0.93555
108,168,3,0.38846,0.15429,-0.22260,-0.24616,-0.38281,-0.89043,0.92383
109,168,3,0.37581,0.14788,-0.21577,-0.29679,-0.40846,-0.86317,0.90576
110,168,3,0.36057,0.13941,-0.20557,-0.35777,-0.44239,-0.82237,0.88330
111,168,3,0.33368,0.12161,-0.18022,-0.46466,-0.51331,-0.72053,0.81494
112,168,1,0.20000,0.01838,-0.01604,1.00000,0.00000,-0.00000,0.60547
113,168,1,0.20000,0.02210,-0.02565,1.00000,0.00000,-0.00000,0.60059
114,168,1,0.20000,0.02581,-0.03526,1.00000,0.00000,-0.00000,0.59521
115,168,1,0.20000,0.02953,-0.04487,1.00000,0.00000,-0.00000,0.59229
116,168,1,0.20000,0.03324,-0.05448,1.00000,0.00000,-0.00000,0.58545
117,168,1,0.20000,0.03696,-0.06409,1.00000,0.00000,-0.00000,0.58252
118,168,1,0.20000,0.04067,-0.07370,1.00000,0.00000,-0.00000,0.58301
119,168,1,0.20000,0.04439,-0.08331,1.00000,0.00000,-0.00000,0.57959
120,168,1,0.20000,0.04810,-0.09292,1.00000,0.00000,-0.00000,0.58203
121,168,1,0.20000,0.05182,-0.10253,1.00000,0.00000,-0.00000,0.58252
122,168,1,0.20000,0.05553,-0.11214,1.00000,0.00000,-0.00000,0.59033
123,168,1,0.20000,0.05925,-0.12175,1.00000,0.00000,-0.00000,0.58887
124,168,1,0.20000,0.06297,-0.13136,1.00000,0.00000,-0.00000,0.59814
125,168,1,0.20000,0.06668,-0.14097,1.00000,0.00000,-0.00000,0.60059
126,168,1,0.20000,0.07040,-0.15058,1.00000,0.00000,-0.00000,0.61523
127,168,1,0.20000,0.07411,-0.16019,1.00000,0.00000,-0.00000,0.62207
128,168,1,0.20000,0.07783,-0.16980,1.00000,0.00000,-0.00000,0.62549
129,168,1,0.20000,0.08154,-0.17941,1.00000,0.00000,-0.00000,0.63721
130,168,1,0.20000,0.08526,-0.18902,1.00000,0.00000,-0.00000,0.64941
131,168,1,0.20000,0.08897,-0.19863,1.00000,0.00000,-0.00000,0.65918
132,168,1,0.19366,0.08762,-0.20000,0.00000,0.00000,-1.00000,0.82520
133,168,1,0.18627,0.08542,-0.20000,0.00000,0.00000,-1.00000,0.81738
134,168,1,0.17887,0.08322,-0.20000,0.00000,0.00000,-1.00000,0.81201
135,168,1,0.17148,0.08102,-0.20000,0.00000,0.00000,-1.00000,0.80225
136,168,1,0.16409,0.07882,-0.20000,0.00000,0.00000,-1.00000,0.79199
137,168,1,0.15670,0.07662,-0.20000,0.00000,0.00000,-1.00000,0.78711
138,168,1,0.14930,0.07442,-0.20000,0.00000,0.00000,-1.00000,0.77490
139,168,1,0.14191,0.07223,-0.20000,0.00000,0.00000,-1.00000,0.77197
140,168,1,0.13452,0.07003,-0.20000,0.00000,0.00000,-1.00000,0.76270
141,168,1,0.12713,0.06783,-0.20000,0.00000,0.00000,-1.00000,0.75684
142,168,1,0.11973,0.06563,-0.20000,0.00000,0.00000,-1.00000,0.74805
143,168,1,0.11234,0.06343,-0.20000,0.00000,0.00000,-1.00000,0.73975
144,168,1,0.10495,0.06123,-0.20000,0.00000,0.00000,-1.00000,0.73291
145,168,1,0.09756,0.05904,-0.20000,0.00000,0.00000,-1.00000,0.72607
146,168,1,0.09016,0.05684,-0.20000,0.00000,0.00000,-1.00000,0.72217
147,168,1,0.08277,0.05464,-0.20000,0.00000,0.00000,-1.00000,0.71875
148,168,1,0.07538,0.05244,-0.20000,0.00000,0.00000,-1.00000,0.71631
149,168,1,0.06799,0.05024,-0.20000,0.00000,0.00000,-1.00000,0.71094
150,168,1,0.06060,0.04804,-0.20000,0.00000,0.00000,-1.00000,0.70557
151,168,1,0.05320,0.04584,-0.20000,0.00000,0.00000,-1.00000,0.70508
152,168,1,0.04581,0.04365,-0.20000,0.00000,0.00000,-1.00000,0.70557
153,168,1,0.03842,0.04145,-0.20000,0.00000,0.00000,-1.00000,0.70752
154,168,1,0.03103,0.03925,-0.20000,0.00000,0.00000,-1.00000,0.71094
155,168,1,0.02363,0.03705,-0.20000,0.00000,0.00000,-1.00000,0.71045
156,168,4,0.12383,0.12092,-0.33986,0.82443,-0.52643,0.19919,0.77979
157,168,4,0.13378,0.13260,-0.36241,0.89190,-0.44938,0.05062,0.83984
158,168,4,0.13676,0.13870,-0.37590,0.91182,-0.40870,-0.03927,0.87256
159,168,4,0.13782,0.14326,-0.38688,0.91883,-0.37829,-0.11248,0.89209
160,168,4,0.13777,0.14694,-0.39643,0.91858,-0.35379,-0.17621,0.91016
161,168,4,0.13701,0.15005,-0.40505,0.91350,-0.33301,-0.23370,0.92578
162,168,4,0.13570,0.15271,-0.41296,0.90476,-0.31526,-0.28640,0.93750
163,168,4,0.13395,0.15503,-0.42029,0.89312,-0.29986,-0.33530,0.94727
164,168,4,0.13185,0.15706,-0.42717,0.87907,-0.28629,-0.38115,0.95801
165,168,4,0.12943,0.15884,-0.43363,0.86295,-0.27445,-0.42426,0.96338
166,168,4,0.12674,0.16040,-0.43975,0.84503,-0.26398,-0.46502,0.96973
167,168,4,0.12380,0.16177,-0.44554,0.82546,-0.25487,-0.50365,0.97607
168,168,4,0.12065,0.16296,-0.45105,0.80438,-0.24695,-0.54036,0.98096
169,168,4,0.11728,0.16398,-0.45628,0.78193,-0.24009,-0.57527,0.98486
170,168,4,0.11371,0.16485,-0.46125,0.75820,-0.23437,-0.60844,0.98730
171,168,4,0.10997,0.16557,-0.46600,0.73322,-0.22958,-0.64006,0.99219
172,168,4,0.10605,0.16615,-0.47052,0.70708,-0.22572,-0.67014,0.99414
174,168,4,0.09770,0.16690,-0.47888,0.65141,-0.22068,-0.72593,0.99707
176,168,4,0.08870,0.16713,-0.48640,0.59137,-0.21918,-0.77604,0.99951
178,168,4,0.07905,0.16684,-0.49308,0.52707,-0.22106,-0.82056,0.99951
180,168,4,0.06875,0.16603,-0.49890,0.45838,-0.22646,-0.85942,1.00000
182,168,4,0.05775,0.16466,-0.50383,0.38507,-0.23559,-0.89231,1.00000
184,168,4,0.04602,0.16271,-0.50780,0.30685,-0.24862,-0.91871,1.00000
186,168,4,0.03344,0.16007,-0.51066,0.22292,-0.26620,-0.93779,1.00000
188,168,4,0.01984,0.15663,-0.51220,0.13229,-0.28917,-0.94809,1.00000
190,168,4,0.00494,0.15214,-0.51205,0.03295,-0.31912,-0.94714,1.00000
192,168,4,-0.01181,0.14617,-0.50950,-0.07875,-0.35888,-0.93005,0.99951
194,168,4,-0.03195,0.13748,-0.50253,-0.21306,-0.41681,-0.88367,1.00000
94,169,3,0.50237,0.18688,-0.23614,0.20950,-0.25250,-0.94465,0.99316
95,169,3,0.49570,0.18526,-0.23708,0.18281,-0.25897,-0.94843,0.99170
96,169,3,0.48888,0.18352,-0.23782,0.15552,-0.26593,-0.95137,0.98975
97,169,3,0.48186,0.18162,-0.23831,0.12747,-0.27354,-0.95337,0.98779
98,169,3,0.47467,0.17958,-0.23858,0.09871,-0.28167,-0.95443,0.98584
99,169,3,0.46730,0.17740,-0.23860,0.06918,-0.29039,-0.95441,0.98242
100,169,3,0.45964,0.17499,-0.23825,0.03856,-0.30007,-0.95313,0.97900
101,169,3,0.45176,0.17240,-0.23762,0.00705,-0.31041,-0.95057,0.97510
102,169,3,0.44358,0.16957,-0.23660,-0.02566,-0.32175,-0.94648,0.96973
103,169,3,0.43506,0.16647,-0.23513,-0.05975,-0.33417,-0.94062,0.96436
104,169,3,0.42614,0.16305,-0.23315,-0.09543,-0.34783,-0.93269,0.95898
105,169,3,0.41675,0.15925,-0.23054,-0.13303,-0.36298,-0.92225,0.95361
106,169,3,0.40671,0.15494,-0.22711,-0.17314,-0.38025,-0.90853,0.94385
107,169,3,0.39584,0.14996,-0.22259,-0.21663,-0.40015,-0.89048,0.93311
108,169,3,0.38377,0.14401,-0.21650,-0.26496,-0.42393,-0.86607,0.91748
109,169,3,0.36952,0.13633,-0.20759,-0.32192,-0.45469,-0.83043,0.90137
110,169,3,0.34919,0.12378,-0.19077,-0.40332,-0.50489,-0.76316,0.86182
111,169,1,0.20000,0.00815,-0.00643,1.00000,0.00000,-0.00000,0.63037
112,169,1,0.20000,0.01186,-0.01604,1.00000,0.00000,-0.00000,0.62207
113,169,1,0.20000,0.01558,-0.02565,1.00000,0.00000,-0.00000,0.61426
114,169,1,0.20000,0.01929,-0.03526,1.00000,0.00000,-0.00000,0.61084
115,169,1,0.20000,0.02301,-0.04487,1.00000,0.00000,-0.00000,0.60547
116,169,1,0.20000,0.02672,-0.05448,1.00000,0.00000,-0.00000,0.60156
117,169,1,0.20000,0.03044,-0.06409,1.00000,0.00000,-0.00000,0.59766
118,169,1,0.20000,0.03415,-0.07370,1.00000,0.00000,-0.00000,0.59619
119,169,1,0.20000,0.03787,-0.08331,1.00000,0.00000,-0.00000,0.59521
120,169,1,0.20000,0.04158,-0.09292,1.00000,0.00000,-0.00000,0.59863
121,169,1,0.20000,0.04530,-0.10253,1.00000,0.00000,-0.00000,0.59912
122,169,1,0.20000,0.04902,-0.11214,1.00000,0.00000,-0.00000,0.60303
123,169,1,0.20000,0.05273,-0.12175,1.00000,0.00000,-0.00000,0.60596
124,169,1,0.20000,0.05645,-0.13136,1.00000,0.00000,-0.00000,0.61035
125,169,1,0.20000,0.06016,-0.14097,1.00000,0.00000,-0.00000,0.61475
126,169,1,0.20000,0.06388,-0.15058,1.00000,0.00000,-0.00000,0.62158
127,169,1,0.20000,0.06759,-0.16019,1.00000,0.00000,-0.00000,0.63135
128,169,1,0.20000,0.07131,-0.16980,1.00000,0.00000,-0.00000,0.63867
129,169,1,0.20000,0.07502,-0.17941,1.00000,0.00000,-0.00000,0.64990
130,169,1,0.20000,0.07874,-0.18902,1.00000,0.00000,-0.00000,0.65576
131,169,1,0.20000,0.08245,-0.19863,1.00000,0.00000,-0.00000,0.66602
132,169,1,0.19366,0.08110,-0.20000,0.00000,0.00000,-1.00000,0.82861
133,169,1,0.18627,0.07890,-0.20000,0.00000,0.00000,-1.00000,0.82275
134,169,1,0.17887,0.07670,-0.20000,0.00000,0.00000,-1.00000,0.81592
135,169,1,0.17148,0.07450,-0.20000,0.00000,0.00000,-1.00000,0.80664
136,169,1,0.16409,0.07230,-0.20000,0.00000,0.00000,-1.00000,0.80127
137,169,1,0.15670,0.07010,-0.20000,0.00000,0.00000,-1.00000,0.79248
138,169,1,0.14930,0.06791,-0.20000,0.00000,0.00000,-1.00000,0.78857
139,169,1,0.14191,0.06571,-0.20000,0.00000,0.00000,-1.00000,0.77783
140,169,1,0.13452,0.06351,-0.20000,0.00000,0.00000,-1.00000,0.77051
141,169,1,0.12713,0.06131,-0.20000,0.00000,0.00000,-1.00000,0.76270
142,169,1,0.11973,0.05911,-0.20000,0.00000,0.00000,-1.00000,0.75684
143,169,1,0.11234,0.05691,-0.20000,0.00000,0.00000,-1.00000,0.75146
144,169,1,0.10495,0.05471,-0.20000,0.00000,0.00000,-1.00000,0.74561
145,169,1,0.09756,0.05252,-0.20000,0.00000,0.00000,-1.00000,0.73828
146,169,1,0.09016,0.05032,-0.20000,0.00000,0.00000,-1.00000,0.73633
147,169,1,0.08277,0.04812,-0.20000,0.00000,0.00000,-1.00000,0.73047
148,169,1,0.07538,0.04592,-0.20000,0.00000,0.00000,-1.00000,0.72803
149,169,1,0.06799,0.04372,-0.20000,0.00000,0.00000,-1.00000,0.72559
150,169,1,0.06060,0.04152,-0.20000,0.00000,0.00000,-1.00000,0.72119
151,169,1,0.05320,0.03932,-0.20000,0.00000,0.00000,-1.00000,0.72070
152,169,1,0.04581,0.03713,-0.20000,0.00000,0.00000,-1.00000,0.72363
153,169,1,0.03842,0.03493,-0.20000,0.00000,0.00000,-1.00000,0.72168
154,169,1,0.03103,0.03273,-0.20000,0.00000,0.00000,-1.00000,0.72461
155,169,1,0.02363,0.03053,-0.20000,0.00000,0.00000,-1.00000,0.72754
156,169,1,0.01624,0.02833,-0.20000,0.00000,0.00000,-1.00000,0.72949
157,169,4,0.12437,0.11855,-0.35017,0.82840,-0.54253,0.13114,0.82129
158,169,4,0.13159,0.12805,-0.36918,0.87740,-0.47972,0.00551,0.86475
159,169,4,0.13399,0.13368,-0.38191,0.89342,-0.44216,-0.07938,0.89111
160,169,4,0.13469,0.13796,-0.39243,0.89807,-0.41366,-0.14952,0.91162
161,169,4,0.13440,0.14143,-0.40165,0.89609,-0.39051,-0.21102,0.92627
162,169,4,0.13342,0.14437,-0.40999,0.88957,-0.37092,-0.26662,0.93750
163,169,4,0.13192,0.14689,-0.41766,0.87957,-0.35409,-0.31776,0.94775
164,169,4,0.13001,0.14907,-0.42478,0.86679,-0.33958,-0.36519,0.95557
165,169,4,0.12773,0.15097,-0.43143,0.85168,-0.32693,-0.40958,0.96533
166,169,4,0.12517,0.15263,-0.43771,0.83455,-0.31582,-0.45142,0.97021
167,169,4,0.12233,0.15408,-0.44363,0.81564,-0.30616,-0.49092,0.97754
168,169,4,0.11925,0.15533,-0.44924,0.79511,-0.29784,-0.52830,0.98047
169,169,4,0.11596,0.15641,-0.45456,0.77309,-0.29067,-0.56378,0.98584
170,169,4,0.11244,0.15731,-0.45960,0.74972,-0.28463,-0.59742,0.98877
171,169,4,0.10874,0.15806,-0.46440,0.72503,-0.27961,-0.62941,0.99170
172,169,4,0.10485,0.15867,-0.46896,0.69911,-0.27556,-0.65978,0.99365
44,170,3,0.66104,0.12152,0.03809,0.84415,-0.51396,0.15247,1.00000
46,170,3,0.67421,0.13949,0.00175,0.89695,-0.44207,0.00702,1.00000
48,170,3,0.67800,0.14995,-0.02239,0.91203,-0.40023,-0.08954,1.00000
50,170,3,0.67845,0.15775,-0.04221,0.91395,-0.36904,-0.16884,1.00000
52,170,3,0.67704,0.16405,-0.05958,0.90827,-0.34385,-0.23837,1.00000
54,170,3,0.67430,0.16929,-0.07524,0.89730,-0.32288,-0.30100,1.00000
56,170,3,0.67054,0.17371,-0.08958,0.88229,-0.30517,-0.35839,1.00000
58,170,3,0.66600,0.17751,-0.10289,0.86402,-0.28997,-0.41155,1.00000
60,170,3,0.66071,0.18071,-0.11525,0.84298,-0.27718,-0.46104,1.00000
62,170,3,0.65486,0.18346,-0.12686,0.81953,-0.26611,-0.50750,1.00000
64,170,3,0.64845,0.18576,-0.13775,0.79392,-0.25699,-0.55104,1.00000
66,170,3,0.64156,0.18768,-0.14801,0.76635,-0.24926,-0.59210,1.00000
68,170,3,0.63422,0.18924,-0.15769,0.73691,-0.24303,-0.63079,1.00000
70,170,3,0.62643,0.19044,-0.16678,0.70579,-0.23826,-0.66715,1.00000
72,170,3,0.61823,0.19131,-0.17533,0.67297,-0.23480,-0.70142,1.00000
74,170,3,0.60962,0.19186,-0.18337,0.63859,-0.23260,-0.73356,1.00000
76,170,3,0.60063,0.19209,-0.19090,0.60259,-0.23165,-0.76369,1.00000
78,170,3,0.59124,0.19201,-0.19792,0.56507,-0.23196,-0.79176,1.00000
80,170,3,0.58147,0.19162,-0.20443,0.52595,-0.23350,-0.81784,1.00000
82,170,3,0.57130,0.19092,-0.21043,0.48525,-0.23632,-0.84183,1.00000
84,170,3,0.56073,0.18989,-0.21591,0.44296,-0.24042,-0.86370,1.00000
86,170,3,0.54973,0.18852,-0.22083,0.39894,-0.24590,-0.88339,0.99951
88,170,3,0.53828,0.18679,-0.22516,0.35315,-0.25283,-0.90076,0.99902
90,170,3,0.52636,0.18469,-0.22890,0.30549,-0.26121,-0.91566,0.99756
92,170,3,0.51394,0.18218,-0.23196,0.25579,-0.27125,-0.92789,0.99561
93,170,3,0.50750,0.18075,-0.23320,0.23005,-0.27698,-0.93293,0.99414
94,170,3,0.50092,0.17920,-0.23426,0.20373,-0.28319,-0.93717,0.99365
95,170,3,0.49420,0.17754,-0.23513,0.17682,-0.28982,-0.94060,0.99170
96,170,3,0.48728,0.17572,-0.23575,0.14915,-0.29714,-0.94311,0.98975
97,170,3,0.48019,0.17376,-0.23614,0.12077,-0.30496,-0.94468,0.98730
98,170,3,0.47292,0.17166,-0.23629,0.09167,-0.31334,-0.94520,0.98486
99,170,3,0.46537,0.16934,-0.23610,0.06149,-0.32269,-0.94450,0.98145
100,170,3,0.45761,0.16685,-0.23562,0.03045,-0.33262,-0.94257,0.97900
101,170,3,0.44956,0.16412,-0.23477,-0.00174,-0.34352,-0.93914,0.97510
102,170,3,0.44118,0.16113,-0.23347,-0.03529,-0.35549,-0.93401,0.96973
103,170,3,0.43242,0.15784,-0.23170,-0.07031,-0.36861,-0.92692,0.96338
104,170,3,0.42321,0.15419,-0.22934,-0.10716,-0.38323,-0.91742,0.95801
105,170,3,0.41338,0.15004,-0.22617,-0.14648,-0.39985,-0.90480,0.94824
106,170,3,0.40279,0.14528,-0.22201,-0.18885,-0.41891,-0.88817,0.93945
107,170,3,0.39110,0.13965,-0.21643,-0.23562,-0.44142,-0.86581,0.93018
108,170,3,0.37756,0.13253,-0.20843,-0.28977,-0.46988,-0.83381,0.91406
109,170,3,0.35959,0.12187,-0.19468,-0.36170,-0.51253,-0.77877,0.88428
111,170,1,0.20000,0.00163,-0.00643,0.99951,0.00000,-0.00000,0.64209
112,170,1,0.20000,0.00534,-0.01604,1.00000,0.00000,-0.00000,0.63428
113,170,1,0.20000,0.00906,-0.02565,1.00000,0.00000,-0.00000,0.63037
114,170,1,0.20000,0.01277,-0.03526,1.00000,0.00000,-0.00000,0.62549
115,170,1,0.20000,0.01649,-0.04487,1.00000,0.00000,-0.00000,0.61865
116,170,1,0.20000,0.02020,-0.05448,1.00000,0.00000,-0.00000,0.61377
117,170,1,0.20000,0.02392,-0.06409,1.00000,0.00000,-0.00000,0.61523
118,170,1,0.20000,0.02763,-0.07370,1.00000,0.00000,-0.00000,0.61230
119,170,1,0.20000,0.03135,-0.08331,1.00000,0.00000,-0.00000,0.61230
120,170,1,0.20000,0.03507,-0.09292,1.00000,0.00000,-0.00000,0.61523
121,170,1,0.20000,0.03878,-0.10253,1.00000,0.00000,-0.00000,0.61377
122,170,1,0.20000,0.04250,-0.11214,1.00000,0.00000,-0.00000,0.61670
123,170,1,0.20000,0.04621,-0.12175,1.00000,0.00000,-0.00000,0.61719
124,170,1,0.20000,0.04993,-0.13136,1.00000,0.00000,-0.00000,0.62305
125,170,1,0.20000,0.05364,-0.14097,1.00000,0.00000,-0.00000,0.62744
126,170,1,0.20000,0.05736,-0.15058,1.00000,0.00000,-0.00000,0.63232
127,170,1,0.20000,0.06107,-0.16019,1.00000,0.00000,-0.00000,0.64307
128,170,1,0.20000,0.06479,-0.16980,1.00000,0.00000,-0.00000,0.65088
129,170,1,0.20000,0.06850,-0.17941,1.00000,0.00000,-0.00000,0.65820
130,170,1,0.20000,0.07222,-0.18902,1.00000,0.00000,-0.00000,0.66309
131,170,1,0.20000,0.07594,-0.19863,1.00000,0.00000,-0.00000,0.67529
132,170,1,0.19366,0.07458,-0.20000,0.00000,0.00000,-1.00000,0.83496
133,170,1,0.18627,0.07238,-0.20000,0.00000,0.00000,-1.00000,0.82715
134,170,1,0.17887,0.07018,-0.20000,0.00000,0.00000,-1.00000,0.82227
135,170,1,0.17148,0.06798,-0.20000,0.00000,0.00000,-1.00000,0.81299
136,170,1,0.16409,0.06578,-0.20000,0.00000,0.00000,-1.00000,0.80713
137,170,1,0.15670,0.06358,-0.20000,0.00000,0.00000,-1.00000,0.79932
138,170,1,0.14930,0.06139,-0.20000,0.00000,0.00000,-1.00000,0.79102
139,170,1,0.14191,0.05919,-0.20000,0.00000,0.00000,-1.00000,0.78613
140,170,1,0.13452,0.05699,-0.20000,0.00000,0.00000,-1.00000,0.78027
141,170,1,0.12713,0.05479,-0.20000,0.00000,0.00000,-1.00000,0.77490
142,170,1,0.11973,0.05259,-0.20000,0.00000,0.00000,-1.00000,0.76611
143,170,1,0.11234,0.05039,-0.20000,0.00000,0.00000,-1.00000,0.76221
144,170,1,0.10495,0.04820,-0.20000,0.00000,0.00000,-1.00000,0.75732
145,170,1,0.09756,0.04600,-0.20000,0.00000,0.00000,-1.00000,0.75488
146,170,1,0.09016,0.04380,-0.20000,0.00000,0.00000,-1.00000,0.74805
147,170,1,0.08277,0.04160,-0.20000,0.00000,0.00000,-1.00000,0.74609
148,170,1,0.07538,0.03940,-0.20000,0.00000,0.00000,-1.00000,0.74170
149,170,1,0.06799,0.03720,-0.20000,0.00000,0.00000,-1.00000,0.74023
150,170,1,0.06059,0.03500,-0.20000,0.00000,0.00000,-1.00000,0.73828
151,170,1,0.05320,0.03281,-0.20000,0.00000,0.00000,-1.00000,0.73633
152,170,1,0.04581,0.03061,-0.20000,0.00000,0.00000,-1.00000,0.73877
153,170,1,0.03842,0.02841,-0.20000,0.00000,0.00000,-1.00000,0.73682
154,170,1,0.03103,0.02621,-0.20000,0.00000,0.00000,-1.00000,0.74072
155,170,1,0.02363,0.02401,-0.20000,0.00000,0.00000,-1.00000,0.73926
156,170,1,0.01624,0.02181,-0.20000,0.00000,0.00000,-1.00000,0.74365
157,170,1,0.00885,0.01961,-0.20000,0.00000,0.00000,-1.00000,0.75391
158,170,4,0.12220,0.11401,-0.35696,0.81395,-0.57271,0.08589,0.84668
159,170,4,0.12848,0.12275,-0.37474,0.85660,-0.51502,-0.03156,0.88330
160,170,4,0.13052,0.12810,-0.38701,0.87027,-0.47936,-0.11336,0.90576
161,170,4,0.13098,0.13218,-0.39721,0.87331,-0.45211,-0.18144,0.92383
162,170,4,0.13050,0.13551,-0.40619,0.87004,-0.42989,-0.24131,0.93896
163,170,4,0.12933,0.13829,-0.41428,0.86229,-0.41145,-0.29523,0.95020
164,170,4,0.12767,0.14068,-0.42173,0.85123,-0.39554,-0.34491,0.95605
165,170,4,0.12561,0.14275,-0.42867,0.83745,-0.38171,-0.39113,0.96484
166,170,4,0.12319,0.14453,-0.43513,0.82137,-0.36986,-0.43424,0.97119
167,170,4,0.12048,0.14608,-0.44123,0.80330,-0.35946,-0.47487,0.97852
168,170,4,0.11750,0.14740,-0.44695,0.78343,-0.35067,-0.51309,0.98193
169,170,4,0.11428,0.14855,-0.45238,0.76198,-0.34305,-0.54927,0.98584
170,170,4,0.11085,0.14952,-0.45753,0.73904,-0.33655,-0.58357,0.98877
171,170,4,0.10720,0.15031,-0.46240,0.71471,-0.33124,-0.61601,0.99023
172,170,4,0.10334,0.15094,-0.46699,0.68905,-0.32708,-0.64670,0.99414
174,170,4,0.09509,0.15177,-0.47549,0.63400,-0.32154,-0.70332,0.99805
176,170,4,0.08611,0.15202,-0.48303,0.57418,-0.31990,-0.75365,0.99951
178,170,4,0.07643,0.15171,-0.48967,0.50961,-0.32195,-0.79790,1.00000
180,170,4,0.06603,0.15081,-0.49536,0.44022,-0.32796,-0.83585,1.00000
182,170,4,0.05486,0.14931,-0.50007,0.36577,-0.33796,-0.86718,1.00000
184,170,4,0.04283,0.14712,-0.50365,0.28562,-0.35255,-0.89114,1.00000
186,170,4,0.02982,0.14414,-0.50596,0.19884,-0.37240,-0.90652,1.00000
188,170,4,0.01557,0.14017,-0.50665,0.10379,-0.39892,-0.91109,1.00000
190,170,4,-0.00043,0.13480,-0.50507,-0.00284,-0.43465,-0.90059,1.00000
192,170,4,-0.01943,0.12704,-0.49960,-0.12949,-0.48641,-0.86408,1.00000
194,170,4,-0.04999,0.11002,-0.47909,-0.33295,-0.59927,-0.72667,0.99902
93,171,3,0.50591,0.17296,-0.23114,0.22368,-0.30819,-0.92466,0.99414
94,171,3,0.49927,0.17136,-0.23212,0.19711,-0.31456,-0.92855,0.99170
95,171,3,0.49245,0.16962,-0.23285,0.16981,-0.32156,-0.93153,0.99072
96,171,3,0.48546,0.16774,-0.23337,0.14185,-0.32905,-0.93360,0.98828
97,171,3,0.47828,0.16571,-0.23365,0.11313,-0.33713,-0.93464,0.98682
98,171,3,0.47083,0.16347,-0.23359,0.08337,-0.34612,-0.93448,0.98389
99,171,3,0.46318,0.16107,-0.23325,0.05275,-0.35572,-0.93310,0.98145
100,171,3,0.45525,0.15844,-0.23255,0.02100,-0.36622,-0.93029,0.97803
101,171,3,0.44699,0.15555,-0.23142,-0.01204,-0.37782,-0.92580,0.97314
102,171,3,0.43838,0.15237,-0.22983,-0.04650,-0.39049,-0.91943,0.97070
103,171,3,0.42932,0.14884,-0.22766,-0.08272,-0.40463,-0.91073,0.96240
104,171,3,0.41967,0.14484,-0.22473,-0.12132,-0.42071,-0.89905,0.95557
105,171,3,0.40931,0.14026,-0.22087,-0.16280,-0.43898,-0.88362,0.94922
106,171,3,0.39791,0.13486,-0.21567,-0.20836,-0.46056,-0.86283,0.93848
107,171,3,0.38485,0.12813,-0.20830,-0.26064,-0.48750,-0.83331,0.92285
108,171,3,0.36814,0.11847,-0.19618,-0.32752,-0.52612,-0.78481,0.89990
113,171,1,0.20000,0.00254,-0.02565,1.00000,0.00000,-0.00000,0.64648
114,171,1,0.20000,0.00625,-0.03526,1.00000,0.00000,-0.00000,0.63818
115,171,1,0.20000,0.00997,-0.04487,1.00000,0.00000,-0.00000,0.63574
116,171,1,0.20000,0.01368,-0.05448,1.00000,0.00000,-0.00000,0.63281
117,171,1,0.20000,0.01740,-0.06409,1.00000,0.00000,-0.00000,0.62646
118,171,1,0.20000,0.02112,-0.07370,1.00000,0.00000,-0.00000,0.62646
119,171,1,0.20000,0.02483,-0.08331,1.00000,0.00000,-0.00000,0.62549
120,171,1,0.20000,0.02855,-0.09292,1.00000,0.00000,-0.00000,0.62549
121,171,1,0.20000,0.03226,-0.10253,1.00000,0.00000,-0.00000,0.62305
122,171,1,0.20000,0.03598,-0.11214,1.00000,0.00000,-0.00000,0.62842
123,171,1,0.20000,0.03969,-0.12175,1.00000,0.00000,-0.00000,0.63135
124,171,1,0.20000,0.04341,-0.13136,1.00000,0.00000,-0.00000,0.63770
125,171,1,0.20000,0.04712,-0.14097,1.00000,0.00000,-0.00000,0.63916
126,171,1,0.20000,0.05084,-0.15058,1.00000,0.00000,-0.00000,0.64648
127,171,1,0.20000,0.05455,-0.16019,1.00000,0.00000,-0.00000,0.65332
128,171,1,0.20000,0.05827,-0.16980,1.00000,0.00000,-0.00000,0.65967
129,171,1,0.20000,0.06199,-0.17941,1.00000,0.00000,-0.00000,0.66699
130,171,1,0.20000,0.06570,-0.18902,1.00000,0.00000,-0.00000,0.67676
131,171,1,0.20000,0.06942,-0.19863,1.00000,0.00000,-0.00000,0.68408
132,171,1,0.19366,0.06806,-0.20000,0.00000,0.00000,-1.00000,0.83838
133,171,1,0.18627,0.06586,-0.20000,0.00000,0.00000,-1.00000,0.83447
134,171,1,0.17887,0.06366,-0.20000,0.00000,0.00000,-1.00000,0.82617
135,171,1,0.17148,0.06146,-0.20000,0.00000,0.00000,-1.00000,0.82324
136,171,1,0.16409,0.05926,-0.20000,0.00000,0.00000,-1.00000,0.81592
137,171,1,0.15670,0.05707,-0.20000,0.00000,0.00000,-1.00000,0.80615
138,171,1,0.14930,0.05487,-0.20000,0.00000,0.00000,-1.00000,0.79785
139,171,1,0.14191,0.05267,-0.20000,0.00000,0.00000,-1.00000,0.79834
140,171,1,0.13452,0.05047,-0.20000,0.00000,0.00000,-1.00000,0.78857
141,171,1,0.12713,0.04827,-0.20000,0.00000,0.00000,-1.00000,0.78516
142,171,1,0.11973,0.04607,-0.20000,0.00000,0.00000,-1.00000,0.77637
143,171,1,0.11234,0.04387,-0.20000,0.00000,0.00000,-1.00000,0.77344
144,171,1,0.10495,0.04168,-0.20000,0.00000,0.00000,-1.00000,0.76758
145,171,1,0.09756,0.03948,-0.20000,0.00000,0.00000,-1.00000,0.76221
146,171,1,0.09016,0.03728,-0.20000,0.00000,0.00000,-1.00000,0.76074
147,171,1,0.08277,0.03508,-0.20000,0.00000,0.00000,-1.00000,0.75781
148,171,1,0.07538,0.03288,-0.20000,0.00000,0.00000,-1.00000,0.75684
149,171,1,0.06799,0.03068,-0.20000,0.00000,0.00000,-1.00000,0.75000
150,171,1,0.06059,0.02848,-0.20000,0.00000,0.00000,-1.00000,0.74902
151,171,1,0.05320,0.02629,-0.20000,0.00000,0.00000,-1.00000,0.75098
152,171,1,0.04581,0.02409,-0.20000,0.00000,0.00000,-1.00000,0.75146
153,171,1,0.03842,0.02189,-0.20000,0.00000,0.00000,-1.00000,0.75195
154,171,1,0.03103,0.01969,-0.20000,0.00000,0.00000,-1.00000,0.75488
155,171,1,0.02363,0.01749,-0.20000,0.00000,0.00000,-1.00000,0.75537
156,171,1,0.01624,0.01529,-0.20000,0.00000,0.00000,-1.00000,0.75732
157,171,1,0.00885,0.01310,-0.20000,0.00000,0.00000,-1.00000,0.76416
158,171,1,0.00146,0.01090,-0.20000,0.00000,0.00000,-1.00000,0.76953
159,171,4,0.11806,0.10790,-0.36120,0.78669,-0.61375,0.05825,0.87061
160,171,4,0.12440,0.11669,-0.37905,0.82937,-0.55543,-0.06030,0.90186
161,171,4,0.12630,0.12192,-0.39113,0.84211,-0.52058,-0.14087,0.92139
162,171,4,0.12663,0.12590,-0.40117,0.84427,-0.49400,-0.20777,0.93701
163,171,4,0.12599,0.12910,-0.40995,0.84004,-0.47265,-0.26635,0.94775
164,171,4,0.12470,0.13179,-0.41788,0.83143,-0.45478,-0.31922,0.95752
165,171,4,0.12290,0.13406,-0.42515,0.81947,-0.43962,-0.36771,0.96387
166,171,4,0.12071,0.13602,-0.43191,0.80480,-0.42652,-0.41277,0.97119
167,171,4,0.11816,0.13770,-0.43820,0.78783,-0.41537,-0.45473,0.97705
168,171,4,0.11532,0.13914,-0.44413,0.76887,-0.40572,-0.49420,0.98096
169,171,4,0.11220,0.14037,-0.44968,0.74812,-0.39759,-0.53126,0.98730
170,171,4,0.10885,0.14140,-0.45494,0.72574,-0.39071,-0.56626,0.99072
171,171,4,0.10527,0.14225,-0.45989,0.70186,-0.38503,-0.59929,0.99316
46,172,3,0.65846,0.11385,0.02223,0.83393,-0.54464,0.08900,1.00000
48,172,3,0.66880,0.12956,-0.01044,0.87530,-0.48178,-0.04174,1.00000
50,172,3,0.67161,0.13924,-0.03331,0.88652,-0.44308,-0.13325,1.00000
52,172,3,0.67145,0.14654,-0.05233,0.88594,-0.41388,-0.20934,1.00000
54,172,3,0.66954,0.15244,-0.06906,0.87828,-0.39027,-0.27625,1.00000
56,172,3,0.66637,0.15734,-0.08416,0.86560,-0.37068,-0.33666,0.99951
58,172,3,0.66223,0.16145,-0.09800,0.84902,-0.35423,-0.39202,1.00000
60,172,3,0.65732,0.16495,-0.11083,0.82931,-0.34018,-0.44331,1.00000
62,172,3,0.65169,0.16788,-0.12273,0.80687,-0.32847,-0.49100,1.00000
64,172,3,0.64549,0.17035,-0.13389,0.78204,-0.31864,-0.53562,1.00000
66,172,3,0.63875,0.17239,-0.14435,0.75508,-0.31044,-0.57748,1.00000
68,172,3,0.63151,0.17403,-0.15416,0.72615,-0.30392,-0.61672,1.00000
70,172,3,0.62382,0.17531,-0.16338,0.69537,-0.29878,-0.65360,1.00000
72,172,3,0.61569,0.17624,-0.17203,0.66280,-0.29508,-0.68820,1.00000
74,172,3,0.60713,0.17682,-0.18013,0.62857,-0.29275,-0.72055,0.99951
76,172,3,0.59815,0.17707,-0.18768,0.59267,-0.29171,-0.75076,1.00000
78,172,3,0.58876,0.17699,-0.19469,0.55510,-0.29206,-0.77882,0.99951
80,172,3,0.57896,0.17658,-0.20117,0.51589,-0.29371,-0.80473,1.00000
82,172,3,0.56873,0.17583,-0.20709,0.47499,-0.29671,-0.82846,1.00000
84,172,3,0.55808,0.17473,-0.21246,0.43237,-0.30108,-0.84995,0.99951
86,172,3,0.54698,0.17329,-0.21725,0.38796,-0.30685,-0.86910,0.99951
88,172,3,0.53541,0.17146,-0.22144,0.34166,-0.31414,-0.88576,0.99902
90,172,3,0.52330,0.16920,-0.22491,0.29324,-0.32320,-0.89976,0.99756
92,172,3,0.51065,0.16651,-0.22768,0.24263,-0.33395,-0.91083,0.99463
93,172,3,0.50409,0.16498,-0.22877,0.21638,-0.34012,-0.91515,0.99365
94,172,3,0.49735,0.16331,-0.22962,0.18945,-0.34680,-0.91860,0.99268
95,172,3,0.49046,0.16151,-0.23027,0.16184,-0.35398,-0.92114,0.99170
96,172,3,0.48336,0.15954,-0.23065,0.13345,-0.36180,-0.92265,0.98877
97,172,3,0.47602,0.15739,-0.23071,0.10409,-0.37049,-0.92298,0.98730
98,172,3,0.46847,0.15506,-0.23051,0.07388,-0.37978,-0.92212,0.98340
99,172,3,0.46064,0.15251,-0.22994,0.04256,-0.38997,-0.91984,0.98193
100,172,3,0.45249,0.14971,-0.22896,0.00997,-0.40114,-0.91596,0.97754
101,172,3,0.44399,0.14663,-0.22752,-0.02402,-0.41348,-0.91020,0.97266
102,172,3,0.43507,0.14320,-0.22553,-0.05971,-0.42720,-0.90218,0.96729
103,172,3,0.42557,0.13932,-0.22280,-0.09773,-0.44272,-0.89132,0.96240
104,172,3,0.41539,0.13489,-0.21917,-0.13844,-0.46047,-0.87681,0.95605
105,172,3,0.40423,0.12968,-0.21427,-0.18311,-0.48129,-0.85722,0.94531
106,172,3,0.39151,0.12322,-0.20735,-0.23397,-0.50712,-0.82951,0.93213
107,172,3,0.37552,0.11414,-0.19617,-0.29798,-0.54344,-0.78478,0.91357
115,172,1,0.20000,0.00345,-0.04487,1.00000,0.00000,-0.00000,0.64453
116,172,1,0.20000,0.00717,-0.05448,1.00000,0.00000,-0.00000,0.64258
117,172,1,0.20000,0.01088,-0.06409,1.00000,0.00000,-0.00000,0.64111
118,172,1,0.20000,0.01460,-0.07370,1.00000,0.00000,-0.00000,0.63965
119,172,1,0.20000,0.01831,-0.08331,1.00000,0.00000,-0.00000,0.63818
120,172,1,0.20000,0.02203,-0.09292,1.00000,0.00000,-0.00000,0.63916
121,172,1,0.20000,0.02574,-0.10253,1.00000,0.00000,-0.00000,0.63916
122,172,1,0.20000,0.02946,-0.11214,1.00000,0.00000,-0.00000,0.64062
123,172,1,0.20000,0.03317,-0.12175,1.00000,0.00000,-0.00000,0.64502
124,172,1,0.20000,0.03689,-0.13137,1.00000,0.00000,-0.00000,0.64941
125,172,1,0.20000,0.04060,-0.14097,1.00000,0.00000,-0.00000,0.64990
126,172,1,0.20000,0.04432,-0.15058,1.00000,0.00000,-0.00000,0.65723
127,172,1,0.20000,0.04804,-0.16019,1.00000,0.00000,-0.00000,0.66357
128,172,1,0.20000,0.05175,-0.16980,1.00000,0.00000,-0.00000,0.66992
129,172,1,0.20000,0.05547,-0.17941,1.00000,0.00000,-0.00000,0.67480
130,172,1,0.20000,0.05918,-0.18902,1.00000,0.00000,-0.00000,0.68896
131,172,1,0.20000,0.06290,-0.19863,1.00000,0.00000,-0.00000,0.69092
132,172,1,0.19366,0.06154,-0.20000,0.00000,0.00000,-1.00000,0.84473
133,172,1,0.18627,0.05934,-0.20000,0.00000,0.00000,-1.00000,0.83838
134,172,1,0.17887,0.05714,-0.20000,0.00000,0.00000,-1.00000,0.83643
135,172,1,0.17148,0.05494,-0.20000,0.00000,0.00000,-1.00000,0.82715
136,172,1,0.16409,0.05274,-0.20000,0.00000,0.00000,-1.00000,0.82129
137,172,1,0.15670,0.05055,-0.20000,0.00000,0.00000,-1.00000,0.81299
138,172,1,0.14930,0.04835,-0.20000,0.00000,0.00000,-1.00000,0.80762
139,172,1,0.14191,0.04615,-0.20000,0.00000,0.00000,-1.00000,0.80420
140,172,1,0.13452,0.04395,-0.20000,0.00000,0.00000,-1.00000,0.80029
141,172,1,0.12713,0.04175,-0.20000,0.00000,0.00000,-1.00000,0.79297
142,172,1,0.11973,0.03955,-0.20000,0.00000,0.00000,-1.00000,0.78760
143,172,1,0.11234,0.03735,-0.20000,0.00000,0.00000,-1.00000,0.78223
144,172,1,0.10495,0.03516,-0.20000,0.00000,0.00000,-1.00000,0.77832
145,172,1,0.09756,0.03296,-0.20000,0.00000,0.00000,-1.00000,0.77393
146,172,1,0.09016,0.03076,-0.20000,0.00000,0.00000,-1.00000,0.77148
147,172,1,0.08277,0.02856,-0.20000,0.00000,0.00000,-1.00000,0.77051
148,172,1,0.07538,0.02636,-0.20000,0.00000,0.00000,-1.00000,0.76562
149,172,1,0.06799,0.02416,-0.20000,0.00000,0.00000,-1.00000,0.76318
150,172,1,0.06060,0.02197,-0.20000,0.00000,0.00000,-1.00000,0.76416
151,172,1,0.05320,0.01977,-0.20000,0.00000,0.00000,-1.00000,0.76465
152,172,1,0.04581,0.01757,-0.20000,0.00000,0.00000,-1.00000,0.76611
153,172,1,0.03842,0.01537,-0.20000,0.00000,0.00000,-1.00000,0.76660
154,172,1,0.03103,0.01317,-0.20000,0.00000,0.00000,-1.00000,0.76953
155,172,1,0.02363,0.01097,-0.20000,0.00000,0.00000,-1.00000,0.76807
156,172,1,0.01624,0.00877,-0.20000,0.00000,0.00000,-1.00000,0.77002
157,172,1,0.00885,0.00658,-0.20000,0.00000,0.00000,-1.00000,0.77490
158,172,1,0.00146,0.00438,-0.20000,0.00000,0.00000,-1.00000,0.77734
159,172,1,-0.00594,0.00218,-0.20000,0.00000,0.00000,-1.00000,0.78369
160,172,4,0.11090,0.09937,-0.36150,0.73795,-0.66957,0.05560,0.88037
161,172,4,0.11917,0.10969,-0.38185,0.79452,-0.60208,-0.07899,0.91455
162,172,4,0.12124,0.11507,-0.39416,0.80836,-0.56623,-0.16105,0.93506
163,172,4,0.12154,0.11902,-0.40416,0.81033,-0.53991,-0.22772,0.94482
164,172,4,0.12084,0.12218,-0.41287,0.80570,-0.51882,-0.28579,0.95703
165,172,4,0.11946,0.12479,-0.42067,0.79649,-0.50148,-0.33783,0.96582
166,172,4,0.11756,0.12699,-0.42782,0.78385,-0.48680,-0.38548,0.97119
167,172,4,0.11526,0.12886,-0.43443,0.76845,-0.47431,-0.42955,0.97803
168,172,4,0.11259,0.13044,-0.44057,0.75070,-0.46374,-0.47053,0.98340
169,172,4,0.10962,0.13178,-0.44632,0.73088,-0.45482,-0.50887,0.98584
170,172,4,0.10638,0.13290,-0.45172,0.70926,-0.44735,-0.54482,0.98926
171,172,4,0.10288,0.13381,-0.45678,0.68593,-0.44130,-0.57858,0.99316
172,172,4,0.09915,0.13455,-0.46154,0.66108,-0.43640,-0.61035,0.99414
174,172,4,0.09105,0.13550,-0.47024,0.60705,-0.43001,-0.66827,0.99756
176,172,4,0.08212,0.13579,-0.47784,0.54750,-0.42811,-0.71900,0.99951
178,172,4,0.07238,0.13543,-0.48441,0.48260,-0.43044,-0.76277,1.00000
180,172,4,0.06181,0.13440,-0.48988,0.41210,-0.43740,-0.79928,1.00000
182,172,4,0.05035,0.13267,-0.49421,0.33570,-0.44891,-0.82812,1.00000
184,172,4,0.03786,0.13010,-0.49719,0.25245,-0.46600,-0.84800,1.00000
186,172,4,0.02410,0.12652,-0.49852,0.16068,-0.48987,-0.85686,1.00000
188,172,4,0.00855,0.12151,-0.49752,0.05698,-0.52329,-0.85025,1.00000
190,172,4,-0.01012,0.11401,-0.49247,-0.06747,-0.57329,-0.81657,1.00000
93,173,3,0.50199,0.15678,-0.22604,0.20798,-0.37289,-0.90427,0.99463
94,173,3,0.49519,0.15505,-0.22680,0.18074,-0.37978,-0.90725,0.99219
95,173,3,0.48815,0.15314,-0.22727,0.15263,-0.38745,-0.90917,0.99023
96,173,3,0.48091,0.15106,-0.22746,0.12365,-0.39578,-0.90998,0.98975
97,173,3,0.47346,0.14882,-0.22739,0.09384,-0.40473,-0.90961,0.98633
98,173,3,0.46571,0.14633,-0.22692,0.06283,-0.41470,-0.90779,0.98389
99,173,3,0.45767,0.14362,-0.22608,0.03069,-0.42552,-0.90443,0.98242
100,173,3,0.44927,0.14061,-0.22477,-0.00293,-0.43755,-0.89919,0.97656
101,173,3,0.44045,0.13728,-0.22292,-0.03820,-0.45086,-0.89178,0.97363
102,173,3,0.43108,0.13350,-0.22035,-0.07566,-0.46602,-0.88153,0.96631
103,173,3,0.42104,0.12918,-0.21690,-0.11586,-0.48332,-0.86774,0.95850
104,173,3,0.41004,0.12409,-0.21221,-0.15987,-0.50367,-0.84897,0.95020
105,173,3,0.39754,0.11781,-0.20558,-0.20985,-0.52876,-0.82242,0.94189
106,173,3,0.38192,0.10903,-0.19488,-0.27237,-0.56392,-0.77962,0.92285
116,173,1,0.20000,0.00065,-0.05448,0.99902,0.00000,-0.00000,0.65967
117,173,1,0.20000,0.00436,-0.06409,1.00000,0.00000,-0.00000,0.65430
118,173,1,0.20000,0.00808,-0.07370,1.00000,0.00000,-0.00000,0.65332
119,173,1,0.20000,0.01179,-0.08331,1.00000,0.00000,-0.00000,0.65088
120,173,1,0.20000,0.01551,-0.09292,1.00000,0.00000,-0.00000,0.64990
121,173,1,0.20000,0.01922,-0.10253,1.00000,0.00000,-0.00000,0.65283
122,173,1,0.20000,0.02294,-0.11214,1.00000,0.00000,-0.00000,0.65381
123,173,1,0.20000,0.02665,-0.12175,1.00000,0.00000,-0.00000,0.65332
124,173,1,0.20000,0.03037,-0.13137,1.00000,0.00000,-0.00000,0.65918
125,173,1,0.20000,0.03409,-0.14097,1.00000,0.00000,-0.00000,0.66357
126,173,1,0.20000,0.03780,-0.15058,1.00000,0.00000,-0.00000,0.66846
127,173,1,0.20000,0.04152,-0.16019,1.00000,0.00000,-0.00000,0.67236
128,173,1,0.20000,0.04523,-0.16981,1.00000,0.00000,-0.00000,0.67920
129,173,1,0.20000,0.04895,-0.17941,1.00000,0.00000,-0.00000,0.68359
130,173,1,0.20000,0.05266,-0.18902,1.00000,0.00000,-0.00000,0.69141
131,173,1,0.20000,0.05638,-0.19863,1.00000,0.00000,-0.00000,0.69873
132,173,1,0.19366,0.05502,-0.20000,0.00000,0.00000,-1.00000,0.85107
133,173,1,0.18627,0.05282,-0.20000,0.00000,0.00000,-1.00000,0.84326
134,173,1,0.17887,0.05062,-0.20000,0.00000,0.00000,-1.00000,0.84082
135,173,1,0.17148,0.04842,-0.20000,0.00000,0.00000,-1.00000,0.83252
136,173,1,0.16409,0.04623,-0.20000,0.00000,0.00000,-1.00000,0.82666
137,173,1,0.15670,0.04403,-0.20000,0.00000,0.00000,-1.00000,0.82227
138,173,1,0.14930,0.04183,-0.20000,0.00000,0.00000,-1.00000,0.81689
139,173,1,0.14191,0.03963,-0.20000,0.00000,0.00000,-1.00000,0.81299
140,173,1,0.13452,0.03743,-0.20000,0.00000,0.00000,-1.00000,0.80615
141,173,1,0.12713,0.03523,-0.20000,0.00000,0.00000,-1.00000,0.80078
142,173,1,0.11973,0.03303,-0.20000,0.00000,0.00000,-1.00000,0.79688
143,173,1,0.11234,0.03084,-0.20000,0.00000,0.00000,-1.00000,0.79395
144,173,1,0.10495,0.02864,-0.20000,0.00000,0.00000,-1.00000,0.78760
145,173,1,0.09756,0.02644,-0.20000,0.00000,0.00000,-1.00000,0.78467
146,173,1,0.09016,0.02424,-0.20000,0.00000,0.00000,-1.00000,0.78223
147,173,1,0.08277,0.02204,-0.20000,0.00000,0.00000,-1.00000,0.78076
148,173,1,0.07538,0.01984,-0.20000,0.00000,0.00000,-1.00000,0.78027
149,173,1,0.06799,0.01764,-0.20000,0.00000,0.00000,-1.00000,0.77783
150,173,1,0.06059,0.01545,-0.20000,0.00000,0.00000,-1.00000,0.77783
151,173,1,0.05320,0.01325,-0.20000,0.00000,0.00000,-1.00000,0.77637
152,173,1,0.04581,0.01105,-0.20000,0.00000,0.00000,-1.00000,0.77490
153,173,1,0.03842,0.00885,-0.20000,0.00000,0.00000,-1.00000,0.77930
154,173,1,0.03103,0.00665,-0.20000,0.00000,0.00000,-1.00000,0.78027
155,173,1,0.02363,0.00445,-0.20000,0.00000,0.00000,-1.00000,0.78320
156,173,1,0.01624,0.00226,-0.20000,0.00000,0.00000,-1.00000,0.78662
162,173,4,0.11235,0.10143,-0.38260,0.74903,-0.65719,-0.08391,0.92529
163,173,4,0.11511,0.10736,-0.39580,0.76745,-0.61761,-0.17198,0.94336
164,173,4,0.11557,0.11144,-0.40601,0.77057,-0.59042,-0.24007,0.95508
165,173,4,0.11491,0.11463,-0.41476,0.76616,-0.56917,-0.29842,0.96289
166,173,4,0.11350,0.11722,-0.42254,0.75676,-0.55192,-0.35028,0.97119
167,173,4,0.11155,0.11938,-0.42962,0.74371,-0.53751,-0.39746,0.97607
168,173,4,0.10914,0.12116,-0.43609,0.72771,-0.52562,-0.44065,0.98096
169,173,4,0.10638,0.12267,-0.44211,0.70925,-0.51557,-0.48077,0.98633
170,173,4,0.10329,0.12391,-0.44770,0.68866,-0.50731,-0.51805,0.99023
171,173,4,0.09991,0.12492,-0.45292,0.66617,-0.50051,-0.55290,0.99268
48,174,3,0.65175,0.10288,0.01173,0.80710,-0.58854,0.04695,1.00000
50,174,3,0.66132,0.11797,-0.01994,0.84539,-0.52817,-0.07974,1.00000
52,174,3,0.66366,0.12727,-0.04220,0.85471,-0.49089,-0.16879,1.00000
54,174,3,0.66308,0.13423,-0.06066,0.85244,-0.46308,-0.24269,1.00000
56,174,3,0.66079,0.13984,-0.07691,0.84329,-0.44067,-0.30768,1.00000
58,174,3,0.65729,0.14446,-0.09157,0.82921,-0.42219,-0.36629,0.99951
60,174,3,0.65281,0.14831,-0.10497,0.81131,-0.40676,-0.41991,1.00000
62,174,3,0.64754,0.15152,-0.11734,0.79026,-0.39392,-0.46938,1.00000
64,174,3,0.64162,0.15422,-0.12886,0.76650,-0.38312,-0.51546,1.00000
66,174,3,0.63506,0.15640,-0.13956,0.74035,-0.37441,-0.55830,1.00000
68,174,3,0.62798,0.15817,-0.14958,0.71204,-0.36735,-0.59838,1.00000
70,174,3,0.62041,0.15955,-0.15896,0.68173,-0.36182,-0.63587,1.00000
72,174,3,0.61236,0.16054,-0.16771,0.64950,-0.35786,-0.67088,1.00000
74,174,3,0.60384,0.16115,-0.17586,0.61544,-0.35543,-0.70350,1.00000
76,174,3,0.59489,0.16142,-0.18343,0.57962,-0.35434,-0.73382,1.00000
78,174,3,0.58549,0.16134,-0.19044,0.54203,-0.35469,-0.76184,1.00000
80,174,3,0.57566,0.16090,-0.19688,0.50268,-0.35640,-0.78758,1.00000
82,174,3,0.56538,0.16011,-0.20274,0.46155,-0.35955,-0.81098,1.00000
84,174,3,0.55463,0.15893,-0.20798,0.41853,-0.36425,-0.83196,1.00000
86,174,3,0.54338,0.15737,-0.21257,0.37355,-0.37055,-0.85038,0.99951
88,174,3,0.53162,0.15539,-0.21651,0.32651,-0.37845,-0.86612,0.99854
90,174,3,0.51929,0.15296,-0.21970,0.27720,-0.38818,-0.87890,0.99707
92,174,3,0.50634,0.15003,-0.22208,0.22538,-0.39991,-0.88841,0.99561
93,174,3,0.49961,0.14836,-0.22294,0.19845,-0.40656,-0.89181,0.99365
94,174,3,0.49265,0.14651,-0.22350,0.17062,-0.41401,-0.89414,0.99219
95,174,3,0.48550,0.14450,-0.22382,0.14203,-0.42200,-0.89540,0.99121
96,174,3,0.47813,0.14232,-0.22384,0.11251,-0.43072,-0.89545,0.98828
97,174,3,0.47045,0.13990,-0.22348,0.08183,-0.44044,-0.89405,0.98584
98,174,3,0.46251,0.13726,-0.22277,0.05006,-0.45097,-0.89114,0.98340
99,174,3,0.45418,0.13431,-0.22155,0.01673,-0.46278,-0.88631,0.98096
100,174,3,0.44546,0.13105,-0.21982,-0.01817,-0.47583,-0.87935,0.97607
101,174,3,0.43619,0.12735,-0.21738,-0.05522,-0.49061,-0.86963,0.97119
102,174,3,0.42623,0.12310,-0.21405,-0.09507,-0.50761,-0.85632,0.96436
103,174,3,0.41533,0.11809,-0.20949,-0.13869,-0.52764,-0.83807,0.95605
104,174,3,0.40294,0.11189,-0.20298,-0.18826,-0.55245,-0.81200,0.94873
105,174,3,0.38738,0.10316,-0.19236,-0.25052,-0.58738,-0.76956,0.93213
118,174,1,0.20000,0.00156,-0.07370,0.99902,0.00000,-0.00000,0.66748
119,174,1,0.20000,0.00527,-0.08331,1.00000,0.00000,-0.00000,0.66406
120,174,1,0.20000,0.00899,-0.09292,1.00000,0.00000,-0.00000,0.66211
121,174,1,0.20000,0.01270,-0.10253,1.00000,0.00000,-0.00000,0.66113
122,174,1,0.20000,0.01642,-0.11214,1.00000,0.00000,-0.00000,0.66553
123,174,1,0.20000,0.02013,-0.12175,1.00000,0.00000,-0.00000,0.66602
124,174,1,0.20000,0.02385,-0.13136,1.00000,0.00000,-0.00000,0.66846
125,174,1,0.20000,0.02757,-0.14098,1.00000,0.00000,-0.00000,0.67529
126,174,1,0.20000,0.03128,-0.15059,1.00000,0.00000,-0.00000,0.67676
127,174,1,0.20000,0.03500,-0.16019,1.00000,0.00000,-0.00000,0.68262
128,174,1,0.20000,0.03871,-0.16981,1.00000,0.00000,-0.00000,0.68848
129,174,1,0.20000,0.04243,-0.17941,1.00000,0.00000,-0.00000,0.69482
130,174,1,0.20000,0.04614,-0.18903,1.00000,0.00000,-0.00000,0.69922
131,174,1,0.20000,0.04986,-0.19863,1.00000,0.00000,-0.00000,0.70605
132,174,1,0.19366,0.04850,-0.20000,0.00000,0.00000,-1.00000,0.85596
133,174,1,0.18627,0.04630,-0.20000,0.00000,0.00000,-1.00000,0.85107
134,174,1,0.17887,0.04410,-0.20000,0.00000,0.00000,-1.00000,0.84277
135,174,1,0.17148,0.04190,-0.20000,0.00000,0.00000,-1.00000,0.83838
136,174,1,0.16409,0.03971,-0.20000,0.00000,0.00000,-1.00000,0.83447
137,174,1,0.15670,0.03751,-0.20000,0.00000,0.00000,-1.00000,0.82812
138,174,1,0.14930,0.03531,-0.20000,0.00000,0.00000,-1.00000,0.82568
139,174,1,0.14191,0.03311,-0.20000,0.00000,0.00000,-1.00000,0.81885
140,174,1,0.13452,0.03091,-0.20000,0.00000,0.00000,-1.00000,0.81250
141,174,1,0.12713,0.02871,-0.20000,0.00000,0.00000,-1.00000,0.81006
142,174,1,0.11973,0.02651,-0.20000,0.00000,0.00000,-1.00000,0.80615
143,174,1,0.11234,0.02432,-0.20000,0.00000,0.00000,-1.00000,0.80322
144,174,1,0.10495,0.02212,-0.20000,0.00000,0.00000,-1.00000,0.79688
145,174,1,0.09756,0.01992,-0.20000,0.00000,0.00000,-1.00000,0.79590
146,174,1,0.09016,0.01772,-0.20000,0.00000,0.00000,-1.00000,0.79395
147,174,1,0.08277,0.01552,-0.20000,0.00000,0.00000,-1.00000,0.79248
148,174,1,0.07538,0.01332,-0.20000,0.00000,0.00000,-1.00000,0.78809
149,174,1,0.06799,0.01113,-0.20000,0.00000,0.00000,-1.00000,0.78857
150,174,1,0.06059,0.00893,-0.20000,0.00000,0.00000,-1.00000,0.78906
151,174,1,0.05320,0.00673,-0.20000,0.00000,0.00000,-1.00000,0.78857
152,174,1,0.04581,0.00453,-0.20000,0.00000,0.00000,-1.00000,0.78760
153,174,1,0.03842,0.00233,-0.20000,0.00000,0.00000,-1.00000,0.79248
154,174,1,0.03103,0.00013,-0.20000,0.00000,0.00000,-0.99902,0.79102
164,174,4,0.10732,0.09832,-0.39529,0.71558,-0.67789,-0.16855,0.95068
165,174,4,0.10840,0.10290,-0.40630,0.72276,-0.64735,-0.24199,0.96387
166,174,4,0.10795,0.10626,-0.41533,0.71979,-0.62496,-0.30220,0.97070
167,174,4,0.10662,0.10891,-0.42320,0.71089,-0.60730,-0.35471,0.97803
168,174,4,0.10466,0.11106,-0.43027,0.69781,-0.59298,-0.40179,0.98389
169,174,4,0.10221,0.11281,-0.43668,0.68147,-0.58131,-0.44461,0.98682
170,174,4,0.09936,0.11425,-0.44260,0.66247,-0.57173,-0.48400,0.99023
171,174,4,0.09616,0.11540,-0.44805,0.64116,-0.56402,-0.52039,0.99316
172,174,4,0.09267,0.11632,-0.45312,0.61783,-0.55788,-0.55413,0.99512
174,174,4,0.08483,0.11748,-0.46214,0.56558,-0.55016,-0.61436,0.99854
176,174,4,0.07597,0.11783,-0.46985,0.50656,-0.54784,-0.66578,0.99951
178,174,4,0.06614,0.11739,-0.47629,0.44099,-0.55072,-0.70868,1.00000
180,174,4,0.05528,0.11614,-0.48139,0.36854,-0.55911,-0.74268,1.00000
182,174,4,0.04326,0.11395,-0.48498,0.28842,-0.57369,-0.76662,1.00000
184,174,4,0.02980,0.11062,-0.48671,0.19866,-0.59590,-0.77810,1.00000
186,174,4,0.01422,0.10558,-0.48567,0.09478,-0.62947,-0.77123,1.00000
188,174,4,-0.00579,0.09701,-0.47889,-0.03860,-0.68661,-0.72600,1.00000
92,175,3,0.50370,0.14140,-0.21865,0.21485,-0.43441,-0.87471,0.99463
93,175,3,0.49683,0.13962,-0.21933,0.18736,-0.44154,-0.87746,0.99463
94,175,3,0.48977,0.13769,-0.21977,0.15912,-0.44925,-0.87912,0.99170
95,175,3,0.48245,0.13554,-0.21986,0.12981,-0.45784,-0.87950,0.98975
96,175,3,0.47486,0.13319,-0.21960,0.09946,-0.46726,-0.87851,0.98828
97,175,3,0.46697,0.13059,-0.21896,0.06791,-0.47762,-0.87594,0.98633
98,175,3,0.45873,0.12771,-0.21785,0.03491,-0.48916,-0.87149,0.98193
99,175,3,0.45006,0.12449,-0.21619,0.00025,-0.50200,-0.86487,0.97949
100,175,3,0.44086,0.12085,-0.21384,-0.03655,-0.51659,-0.85545,0.97510
101,175,3,0.43096,0.11665,-0.21059,-0.07614,-0.53342,-0.84241,0.97021
102,175,3,0.42010,0.11167,-0.20607,-0.11962,-0.55333,-0.82433,0.96387
103,175,3,0.40763,0.10541,-0.19947,-0.16951,-0.57836,-0.79797,0.95361
104,175,3,0.39180,0.09646,-0.18850,-0.23281,-0.61415,-0.75407,0.94092
120,175,1,0.20000,0.00247,-0.09292,1.00000,0.00000,-0.00000,0.67773
121,175,1,0.20000,0.00618,-0.10253,1.00000,0.00000,-0.00000,0.67676
122,175,1,0.20000,0.00990,-0.11214,1.00000,0.00000,-0.00000,0.67529
123,175,1,0.20000,0.01362,-0.12175,1.00000,0.00000,-0.00000,0.68018
124,175,1,0.20000,0.01733,-0.13137,1.00000,0.00000,-0.00000,0.68018
125,175,1,0.20000,0.02105,-0.14097,1.00000,0.00000,-0.00000,0.68262
126,175,1,0.20000,0.02476,-0.15058,1.00000,0.00000,-0.00000,0.68799
127,175,1,0.20000,0.02848,-0.16020,1.00000,0.00000,-0.00000,0.69189
128,175,1,0.20000,0.03219,-0.16981,1.00000,0.00000,-0.00000,0.69629
129,175,1,0.20000,0.03591,-0.17942,1.00000,0.00000,-0.00000,0.69922
130,175,1,0.20000,0.03962,-0.18903,1.00000,0.00000,-0.00000,0.70996
131,175,1,0.20000,0.04334,-0.19863,1.00000,0.00000,-0.00000,0.71582
132,175,1,0.19366,0.04198,-0.20000,0.00000,0.00000,-1.00000,0.85986
133,175,1,0.18627,0.03978,-0.20000,0.00000,0.00000,-1.00000,0.85352
134,175,1,0.17887,0.03758,-0.20000,0.00000,0.00000,-1.00000,0.84814
135,175,1,0.17148,0.03538,-0.20000,0.00000,0.00000,-1.00000,0.84375
136,175,1,0.16409,0.03319,-0.20000,0.00000,0.00000,-1.00000,0.83789
137,175,1,0.15670,0.03099,-0.20000,0.00000,0.00000,-1.00000,0.83643
138,175,1,0.14930,0.02879,-0.20000,0.00000,0.00000,-1.00000,0.83057
139,175,1,0.14191,0.02659,-0.20000,0.00000,0.00000,-1.00000,0.82568
140,175,1,0.13452,0.02439,-0.20000,0.00000,0.00000,-1.00000,0.82178
141,175,1,0.12713,0.02219,-0.20000,0.00000,0.00000,-1.00000,0.81934
142,175,1,0.11973,0.02000,-0.20000,0.00000,0.00000,-1.00000,0.81445
143,175,1,0.11234,0.01780,-0.20000,0.00000,0.00000,-1.00000,0.81055
144,175,1,0.10495,0.01560,-0.20000,0.00000,0.00000,-1.00000,0.80859
145,175,1,0.09756,0.01340,-0.20000,0.00000,0.00000,-1.00000,0.80469
146,175,1,0.09016,0.01120,-0.20000,0.00000,0.00000,-1.00000,0.80371
147,175,1,0.08277,0.00900,-0.20000,0.00000,0.00000,-1.00000,0.80078
148,175,1,0.07538,0.00680,-0.20000,0.00000,0.00000,-1.00000,0.80029
149,175,1,0.06799,0.00461,-0.20000,0.00000,0.00000,-1.00000,0.80273
150,175,1,0.06059,0.00241,-0.20000,0.00000,0.00000,-1.00000,0.79932
151,175,1,0.05320,0.00021,-0.20000,0.00000,0.00000,-0.99902,0.79834
165,175,4,0.09575,0.08626,-0.38985,0.63776,-0.75752,-0.13219,0.95459
166,175,4,0.09917,0.09272,-0.40391,0.66124,-0.71530,-0.22608,0.96826
167,175,4,0.09947,0.09667,-0.41391,0.66314,-0.68889,-0.29270,0.97705
168,175,4,0.09842,0.09955,-0.42216,0.65619,-0.66972,-0.34770,0.98096
169,175,4,0.09657,0.10178,-0.42936,0.64390,-0.65478,-0.39579,0.98730
170,175,4,0.09414,0.10355,-0.43581,0.62769,-0.64302,-0.43879,0.99072
171,175,4,0.09126,0.10497,-0.44168,0.60846,-0.63356,-0.47789,0.99268
50,176,3,0.64039,0.08818,0.00727,0.76130,-0.64699,0.02912,0.99951
52,176,3,0.65158,0.10456,-0.02649,0.80642,-0.58177,-0.10594,1.00000
54,176,3,0.65389,0.11385,-0.04872,0.81570,-0.54465,-0.19490,1.00000
56,176,3,0.65319,0.12072,-0.06703,0.81283,-0.51711,-0.26814,1.00000
58,176,3,0.65067,0.12613,-0.08297,0.80272,-0.49548,-0.33188,1.00000
60,176,3,0.64686,0.13051,-0.09724,0.78754,-0.47798,-0.38898,1.00000
62,176,3,0.64210,0.13413,-0.11027,0.76851,-0.46347,-0.44112,1.00000
64,176,3,0.63655,0.13712,-0.12227,0.74627,-0.45152,-0.48910,1.00000
66,176,3,0.63029,0.13955,-0.13336,0.72125,-0.44178,-0.53350,1.00000
68,176,3,0.62343,0.14149,-0.14365,0.69379,-0.43407,-0.57466,1.00000
70,176,3,0.61601,0.14299,-0.15323,0.66409,-0.42807,-0.61298,1.00000
72,176,3,0.60806,0.14405,-0.16211,0.63232,-0.42380,-0.64851,1.00000
74,176,3,0.59961,0.14473,-0.17035,0.59853,-0.42109,-0.68150,1.00000
76,176,3,0.59068,0.14502,-0.17797,0.56281,-0.41996,-0.71196,1.00000
78,176,3,0.58128,0.14493,-0.18497,0.52519,-0.42028,-0.73996,1.00000
80,176,3,0.57140,0.14446,-0.19135,0.48567,-0.42216,-0.76545,1.00000
82,176,3,0.56103,0.14359,-0.19709,0.44416,-0.42566,-0.78838,1.00000
84,176,3,0.55014,0.14231,-0.20215,0.40063,-0.43078,-0.80866,1.00000
86,176,3,0.53871,0.14059,-0.20650,0.35488,-0.43768,-0.82614,0.99951
88,176,3,0.52672,0.13843,-0.21013,0.30691,-0.44627,-0.84062,0.99805
90,176,3,0.51407,0.13574,-0.21291,0.25631,-0.45703,-0.85172,0.99707
92,176,3,0.50068,0.13246,-0.21473,0.20275,-0.47017,-0.85897,0.99414
93,176,3,0.49366,0.13056,-0.21521,0.17469,-0.47776,-0.86095,0.99365
94,176,3,0.48641,0.12848,-0.21539,0.14565,-0.48612,-0.86167,0.99219
95,176,3,0.47889,0.12617,-0.21523,0.11556,-0.49530,-0.86100,0.99023
96,176,3,0.47106,0.12362,-0.21465,0.08424,-0.50550,-0.85870,0.98828
97,176,3,0.46285,0.12078,-0.21360,0.05141,-0.51692,-0.85449,0.98535
98,176,3,0.45422,0.11758,-0.21198,0.01686,-0.52969,-0.84802,0.98145
99,176,3,0.44504,0.11396,-0.20966,-0.01985,-0.54421,-0.83871,0.97900
100,176,3,0.43513,0.10975,-0.20640,-0.05946,-0.56102,-0.82566,0.97510
101,176,3,0.42418,0.10470,-0.20177,-0.10327,-0.58118,-0.80719,0.96729
102,176,3,0.41151,0.09828,-0.19491,-0.15396,-0.60686,-0.77975,0.95996
103,176,3,0.39470,0.08855,-0.18266,-0.22125,-0.64582,-0.73072,0.94482
122,176,1,0.20000,0.00338,-0.11214,1.00000,0.00000,-0.00000,0.68848
123,176,1,0.20000,0.00710,-0.12175,1.00000,0.00000,-0.00000,0.68750
124,176,1,0.20000,0.01081,-0.13136,1.00000,0.00000,-0.00000,0.69385
125,176,1,0.20000,0.01453,-0.14097,1.00000,0.00000,-0.00000,0.69531
126,176,1,0.20000,0.01824,-0.15058,1.00000,0.00000,-0.00000,0.69971
127,176,1,0.20000,0.02196,-0.16019,1.00000,0.00000,-0.00000,0.70264
128,176,1,0.20000,0.02567,-0.16980,1.00000,0.00000,-0.00000,0.71143
129,176,1,0.20000,0.02939,-0.17942,1.00000,0.00000,-0.00000,0.71191
130,176,1,0.20000,0.03310,-0.18903,1.00000,0.00000,-0.00000,0.71582
131,176,1,0.20000,0.03682,-0.19864,1.00000,0.00000,-0.00000,0.72461
132,176,1,0.19366,0.03546,-0.20000,0.00000,0.00000,-1.00000,0.86572
133,176,1,0.18626,0.03326,-0.20000,0.00000,0.00000,-1.00000,0.86084
134,176,1,0.17887,0.03106,-0.20000,0.00000,0.00000,-1.00000,0.85449
135,176,1,0.17148,0.02887,-0.20000,0.00000,0.00000,-1.00000,0.84961
136,176,1,0.16409,0.02667,-0.20000,0.00000,0.00000,-1.00000,0.84717
137,176,1,0.15670,0.02447,-0.20000,0.00000,0.00000,-1.00000,0.84180
138,176,1,0.14930,0.02227,-0.20000,0.00000,0.00000,-1.00000,0.83789
139,176,1,0.14191,0.02007,-0.20000,0.00000,0.00000,-1.00000,0.83350
140,176,1,0.13452,0.01787,-0.20000,0.00000,0.00000,-1.00000,0.83105
141,176,1,0.12713,0.01567,-0.20000,0.00000,0.00000,-1.00000,0.82568
142,176,1,0.11973,0.01348,-0.20000,0.00000,0.00000,-1.00000,0.82373
143,176,1,0.11234,0.01128,-0.20000,0.00000,0.00000,-1.00000,0.81934
144,176,1,0.10495,0.00908,-0.20000,0.00000,0.00000,-1.00000,0.81689
145,176,1,0.09756,0.00688,-0.20000,0.00000,0.00000,-1.00000,0.81641
146,176,1,0.09016,0.00468,-0.20000,0.00000,0.00000,-1.00000,0.81396
147,176,1,0.08277,0.00248,-0.20000,0.00000,0.00000,-1.00000,0.81152
148,176,1,0.07538,0.00029,-0.20000,0.00000,0.00000,-0.99902,0.80957
168,176,4,0.08763,0.08439,-0.40813,0.58422,-0.77078,-0.25412,0.97998
169,176,4,0.08779,0.08823,-0.41794,0.58530,-0.74517,-0.31960,0.98584
170,176,4,0.08645,0.09089,-0.42582,0.57644,-0.72748,-0.37214,0.99023
171,176,4,0.08425,0.09284,-0.43257,0.56174,-0.71445,-0.41713,0.99268
172,176,4,0.08143,0.09429,-0.43850,0.54290,-0.70475,-0.45671,0.99609
174,176,4,0.07435,0.09606,-0.44853,0.49575,-0.69293,-0.52353,0.99902
176,176,4,0.06571,0.09659,-0.45652,0.43812,-0.68945,-0.57681,0.99951
178,176,4,0.05561,0.09593,-0.46260,0.37075,-0.69381,-0.61739,1.00000
180,176,4,0.04391,0.09401,-0.46662,0.29278,-0.70664,-0.64416,1.00000
182,176,4,0.03006,0.09035,-0.46783,0.20043,-0.73101,-0.65227,1.00000
184,176,4,0.01183,0.08320,-0.46335,0.07888,-0.77870,-0.62242,1.00000
93,177,3,0.48998,0.12110,-0.21042,0.15992,-0.51563,-0.84176,0.99268
94,177,3,0.48248,0.11882,-0.21029,0.12996,-0.52476,-0.84127,0.99268
95,177,3,0.47471,0.11631,-0.20979,0.09884,-0.53474,-0.83921,0.99023
96,177,3,0.46651,0.11347,-0.20874,0.06603,-0.54618,-0.83506,0.98828
97,177,3,0.45788,0.11028,-0.20713,0.03152,-0.55888,-0.82865,0.98535
98,177,3,0.44868,0.10663,-0.20478,-0.00529,-0.57349,-0.81920,0.98096
99,177,3,0.43868,0.10235,-0.20139,-0.04529,-0.59063,-0.80567,0.97607
100,177,3,0.42754,0.09716,-0.19653,-0.08983,-0.61139,-0.78621,0.96973
101,177,3,0.41437,0.09033,-0.18901,-0.14257,-0.63872,-0.75612,0.96436
102,177,3,0.39482,0.07841,-0.17321,-0.22050,-0.68568,-0.69229,0.94580
124,177,1,0.20000,0.00429,-0.13136,1.00000,0.00000,-0.00000,0.70215
125,177,1,0.20000,0.00801,-0.14097,1.00000,0.00000,-0.00000,0.70410
126,177,1,0.20000,0.01172,-0.15058,1.00000,0.00000,-0.00000,0.70996
127,177,1,0.20000,0.01544,-0.16019,1.00000,0.00000,-0.00000,0.71094
128,177,1,0.20000,0.01915,-0.16980,1.00000,0.00000,-0.00000,0.71631
129,177,1,0.20000,0.02287,-0.17941,1.00000,0.00000,-0.00000,0.72412
130,177,1,0.20000,0.02659,-0.18902,1.00000,0.00000,-0.00000,0.72754
131,177,1,0.20000,0.03030,-0.19863,1.00000,0.00000,-0.00000,0.73486
132,177,1,0.19366,0.02894,-0.20000,0.00000,0.00000,-1.00000,0.86914
133,177,1,0.18627,0.02674,-0.20000,0.00000,0.00000,-1.00000,0.86572
134,177,1,0.17887,0.02455,-0.20000,0.00000,0.00000,-1.00000,0.86035
135,177,1,0.17148,0.02235,-0.20000,0.00000,0.00000,-1.00000,0.85645
136,177,1,0.16409,0.02015,-0.20000,0.00000,0.00000,-1.00000,0.85010
137,177,1,0.15670,0.01795,-0.20000,0.00000,0.00000,-1.00000,0.84863
138,177,1,0.14930,0.01575,-0.20000,0.00000,0.00000,-1.00000,0.84180
139,177,1,0.14191,0.01355,-0.20000,0.00000,0.00000,-1.00000,0.84033
140,177,1,0.13452,0.01135,-0.20000,0.00000,0.00000,-1.00000,0.84033
141,177,1,0.12713,0.00916,-0.20000,0.00000,0.00000,-1.00000,0.83301
142,177,1,0.11973,0.00696,-0.20000,0.00000,0.00000,-1.00000,0.83008
143,177,1,0.11234,0.00476,-0.20000,0.00000,0.00000,-1.00000,0.82764
144,177,1,0.10495,0.00256,-0.20000,0.00000,0.00000,-0.99951,0.82520
145,177,1,0.09756,0.00036,-0.20000,0.00000,0.00000,-0.99902,0.82422
171,177,4,0.07025,0.07512,-0.41436,0.46815,-0.83215,-0.29561,0.99121
172,177,4,0.06985,0.07851,-0.42346,0.46555,-0.80955,-0.35626,0.99463
54,178,3,0.63874,0.08868,-0.02902,0.75505,-0.64531,-0.11606,1.00000
56,178,3,0.64195,0.09868,-0.05241,0.76788,-0.60531,-0.20965,1.00000
58,178,3,0.64139,0.10567,-0.07091,0.76565,-0.57733,-0.28367,1.00000
60,178,3,0.63882,0.11104,-0.08678,0.75533,-0.55585,-0.34714,1.00000
62,178,3,0.63486,0.11531,-0.10086,0.73952,-0.53880,-0.40348,1.00000
64,178,3,0.62988,0.11875,-0.11361,0.71961,-0.52498,-0.45448,1.00000
66,178,3,0.62406,0.12153,-0.12526,0.69630,-0.51390,-0.50107,1.00000
68,178,3,0.61750,0.12371,-0.13594,0.67007,-0.50521,-0.54384,0.99951
70,178,3,0.61031,0.12539,-0.14582,0.64131,-0.49844,-0.58334,1.00000
72,178,3,0.60252,0.12659,-0.15492,0.61013,-0.49367,-0.61970,1.00000
74,178,3,0.59417,0.12733,-0.16328,0.57673,-0.49068,-0.65316,1.00000
76,178,3,0.58528,0.12766,-0.17094,0.54116,-0.48938,-0.68385,1.00000
78,178,3,0.57587,0.12756,-0.17793,0.50350,-0.48976,-0.71177,1.00000
80,178,3,0.56592,0.12703,-0.18422,0.46371,-0.49186,-0.73692,1.00000
82,178,3,0.55541,0.12606,-0.18978,0.42170,-0.49578,-0.75919,1.00000
84,178,3,0.54433,0.12462,-0.19459,0.37738,-0.50155,-0.77848,1.00000
86,178,3,0.53266,0.12272,-0.19864,0.33066,-0.50916,-0.79462,0.99902
88,178,3,0.52028,0.12024,-0.20177,0.28118,-0.51905,-0.80717,0.99805
90,178,3,0.50715,0.11717,-0.20391,0.22860,-0.53137,-0.81571,0.99658
92,178,3,0.49306,0.11333,-0.20482,0.17228,-0.54670,-0.81941,0.99463
93,178,3,0.48564,0.11111,-0.20479,0.14260,-0.55551,-0.81919,0.99268
94,178,3,0.47781,0.10856,-0.20422,0.11127,-0.56578,-0.81701,0.99121
95,178,3,0.46966,0.10576,-0.20323,0.07866,-0.57694,-0.81299,0.98877
96,178,3,0.46096,0.10251,-0.20153,0.04383,-0.58998,-0.80623,0.98633
97,178,3,0.45164,0.09877,-0.19903,0.00657,-0.60494,-0.79625,0.98340
98,178,3,0.44147,0.09435,-0.19542,-0.03410,-0.62264,-0.78177,0.98096
99,178,3,0.42993,0.08883,-0.19002,-0.08028,-0.64473,-0.76018,0.97314
100,178,3,0.41568,0.08115,-0.18111,-0.13728,-0.67541,-0.72455,0.96729
125,178,1,0.20000,0.00149,-0.14097,0.99951,0.00000,-0.00000,0.71729
126,178,1,0.20000,0.00520,-0.15058,1.00000,0.00000,-0.00000,0.71777
127,178,1,0.20000,0.00892,-0.16019,1.00000,0.00000,-0.00000,0.72021
128,178,1,0.20000,0.01264,-0.16980,1.00000,0.00000,-0.00000,0.72461
129,178,1,0.20000,0.01635,-0.17941,1.00000,0.00000,-0.00000,0.72949
130,178,1,0.20000,0.02007,-0.18902,1.00000,0.00000,-0.00000,0.73584
131,178,1,0.20000,0.02378,-0.19863,1.00000,0.00000,-0.00000,0.73975
132,178,1,0.19366,0.02242,-0.20000,0.00000,0.00000,-1.00000,0.87305
133,178,1,0.18627,0.02022,-0.20000,0.00000,0.00000,-1.00000,0.86816
134,178,1,0.17887,0.01803,-0.20000,0.00000,0.00000,-1.00000,0.86670
135,178,1,0.17148,0.01583,-0.20000,0.00000,0.00000,-1.00000,0.85986
136,178,1,0.16409,0.01363,-0.20000,0.00000,0.00000,-1.00000,0.86035
137,178,1,0.15670,0.01143,-0.20000,0.00000,0.00000,-1.00000,0.85449
138,178,1,0.14930,0.00923,-0.20000,0.00000,0.00000,-1.00000,0.85107
139,178,1,0.14191,0.00703,-0.20000,0.00000,0.00000,-1.00000,0.85107
140,178,1,0.13452,0.00483,-0.20000,0.00000,0.00000,-1.00000,0.84521
141,178,1,0.12713,0.00264,-0.20000,0.00000,0.00000,-1.00000,0.84277
142,178,1,0.11973,0.00044,-0.20000,0.00000,0.00000,-0.99902,0.83594
93,179,3,0.48038,0.10038,-0.19795,0.12154,-0.59848,-0.79186,0.99316
94,179,3,0.47212,0.09749,-0.19682,0.08849,-0.61007,-0.78739,0.99219
95,179,3,0.46333,0.09417,-0.19501,0.05335,-0.62334,-0.78013,0.98975
96,179,3,0.45384,0.09029,-0.19227,0.01536,-0.63882,-0.76920,0.98779
97,179,3,0.44328,0.08556,-0.18815,-0.02689,-0.65778,-0.75273,0.98438
98,179,3,0.43093,0.07939,-0.18171,-0.07631,-0.68245,-0.72694,0.97754
99,179,3,0.41368,0.06931,-0.16889,-0.14522,-0.72239,-0.67534,0.96631
127,179,1,0.20000,0.00240,-0.16019,1.00000,0.00000,-0.00000,0.72900
128,179,1,0.20000,0.00612,-0.16980,1.00000,0.00000,-0.00000,0.73486
129,179,1,0.20000,0.00983,-0.17941,1.00000,0.00000,-0.00000,0.73535
130,179,1,0.20000,0.01355,-0.18902,1.00000,0.00000,-0.00000,0.74512
131,179,1,0.20000,0.01726,-0.19863,1.00000,0.00000,-0.00000,0.74609
132,179,1,0.19366,0.01590,-0.20000,0.00000,0.00000,-1.00000,0.87744
133,179,1,0.18627,0.01370,-0.20000,0.00000,0.00000,-1.00000,0.87402
134,179,1,0.17887,0.01151,-0.20000,0.00000,0.00000,-1.00000,0.87061
135,179,1,0.17148,0.00931,-0.20000,0.00000,0.00000,-1.00000,0.87109
136,179,1,0.16409,0.00711,-0.20000,0.00000,0.00000,-1.00000,0.86572
137,179,1,0.15670,0.00491,-0.20000,0.00000,0.00000,-1.00000,0.86084
138,179,1,0.14930,0.00271,-0.20000,0.00000,0.00000,-1.00000,0.85791
139,179,1,0.14191,0.00051,-0.20000,0.00000,0.00000,-0.99902,0.85156
56,180,3,0.61930,0.06753,-0.02297,0.67699,-0.72957,-0.09182,0.99951
58,180,3,0.62660,0.08080,-0.05168,0.70649,-0.67687,-0.20670,1.00000
60,180,3,0.62696,0.08852,-0.07137,0.70796,-0.64597,-0.28551,1.00000
62,180,3,0.62468,0.09413,-0.08763,0.69883,-0.62351,-0.35054,1.00000
64,180,3,0.62076,0.09842,-0.10175,0.68312,-0.60638,-0.40701,1.00000
66,180,3,0.61566,0.10177,-0.11434,0.66272,-0.59294,-0.45742,1.00000
68,180,3,0.60962,0.10436,-0.12570,0.63856,-0.58257,-0.50284,1.00000
70,180,3,0.60279,0.10633,-0.13604,0.61121,-0.57467,-0.54423,1.00000
72,180,3,0.59524,0.10772,-0.14545,0.58102,-0.56913,-0.58182,1.00000
74,180,3,0.58702,0.10858,-0.15398,0.54815,-0.56573,-0.61602,1.00000
76,180,3,0.57819,0.10895,-0.16173,0.51285,-0.56424,-0.64701,1.00000
78,180,3,0.56877,0.10884,-0.16870,0.47510,-0.56465,-0.67487,1.00000
80,180,3,0.55870,0.10822,-0.17483,0.43487,-0.56716,-0.69944,1.00000
82,180,3,0.54802,0.10711,-0.18017,0.39213,-0.57162,-0.72075,1.00000
84,180,3,0.53667,0.10545,-0.18463,0.34671,-0.57816,-0.73859,1.00000
86,180,3,0.52453,0.10318,-0.18808,0.29820,-0.58732,-0.75242,0.99854
88,180,3,0.51157,0.10024,-0.19045,0.24632,-0.59905,-0.76188,0.99854
90,180,3,0.49758,0.09647,-0.19147,0.19032,-0.61410,-0.76594,0.99707
92,180,3,0.48220,0.09160,-0.19071,0.12883,-0.63356,-0.76289,0.99414
93,180,3,0.47381,0.08860,-0.18940,0.09522,-0.64563,-0.75769,0.99268
94,180,3,0.46480,0.08511,-0.18730,0.05919,-0.65958,-0.74930,0.99121
95,180,3,0.45492,0.08092,-0.18406,0.01966,-0.67633,-0.73633,0.98828
96,180,3,0.44358,0.07557,-0.17893,-0.02569,-0.69780,-0.71584,0.98438
97,180,3,0.42924,0.06781,-0.16991,-0.08299,-0.72837,-0.67942,0.97803
129,180,1,0.20000,0.00331,-0.17942,1.00000,0.00000,-0.00000,0.74609
130,180,1,0.20000,0.00703,-0.18903,1.00000,0.00000,-0.00000,0.74756
131,180,1,0.20000,0.01074,-0.19864,1.00000,0.00000,-0.00000,0.75293
132,180,1,0.19366,0.00938,-0.20000,0.00000,0.00000,-1.00000,0.88135
133,180,1,0.18627,0.00719,-0.20000,0.00000,0.00000,-1.00000,0.87793
134,180,1,0.17887,0.00499,-0.20000,0.00000,0.00000,-1.00000,0.87500
135,180,1,0.17148,0.00279,-0.20000,0.00000,0.00000,-0.99951,0.87256
136,180,1,0.16409,0.00059,-0.20000,0.00000,0.00000,-0.99951,0.86719
92,181,3,0.47438,0.07882,-0.18053,0.09753,-0.68472,-0.72225,0.99316
93,181,3,0.46492,0.07497,-0.17785,0.05967,-0.70016,-0.71148,0.99268
94,181,3,0.45423,0.07014,-0.17356,0.01690,-0.71947,-0.69432,0.98828
95,181,3,0.44093,0.06321,-0.16588,-0.03625,-0.74683,-0.66329,0.98535
131,181,1,0.20000,0.00422,-0.19864,1.00000,0.00000,-0.00000,0.75928
132,181,1,0.19366,0.00287,-0.20000,0.00000,0.00000,-1.00000,0.88818
133,181,1,0.18626,0.00067,-0.20000,0.00000,0.00000,-0.99951,0.88379
60,182,3,0.60247,0.05588,-0.03953,0.60966,-0.77612,-0.15804,0.99951
62,182,3,0.60780,0.06758,-0.06567,0.63125,-0.72972,-0.26272,1.00000
64,182,3,0.60686,0.07426,-0.08368,0.62750,-0.70298,-0.33475,1.00000
66,182,3,0.60342,0.07894,-0.09843,0.61378,-0.68428,-0.39375,1.00000
68,182,3,0.59846,0.08240,-0.11120,0.59391,-0.67037,-0.44482,1.00000
70,182,3,0.59230,0.08490,-0.12241,0.56925,-0.66042,-0.48970,1.00000
72,182,3,0.58521,0.08666,-0.13241,0.54090,-0.65334,-0.52969,1.00000
74,182,3,0.57726,0.08773,-0.14130,0.50912,-0.64907,-0.56524,1.00000
76,182,3,0.56853,0.08818,-0.14917,0.47419,-0.64730,-0.59678,1.00000
78,182,3,0.55907,0.08804,-0.15609,0.43633,-0.64786,-0.62442,0.99951
80,182,3,0.54884,0.08729,-0.16201,0.39542,-0.65084,-0.64811,0.99951
82,182,3,0.53780,0.08589,-0.16688,0.35124,-0.65645,-0.66760,1.00000
84,182,3,0.52588,0.08378,-0.17060,0.30354,-0.66491,-0.68246,1.00000
86,182,3,0.51291,0.08084,-0.17296,0.25166,-0.67668,-0.69194,0.99854
88,182,3,0.49863,0.07685,-0.17362,0.19454,-0.69264,-0.69455,0.99854
90,182,3,0.48242,0.07131,-0.17177,0.12970,-0.71481,-0.68718,0.99658
92,182,3,0.46272,0.06298,-0.16538,0.05089,-0.74812,-0.66160,0.99316
93,182,3,0.44951,0.05613,-0.15782,-0.00194,-0.77511,-0.63105,0.98926
91,183,3,0.45203,0.04419,-0.14187,0.00811,-0.82247,-0.56703,0.99219
66,184,3,0.57841,0.04589,-0.06592,0.51348,-0.81603,-0.26357,0.99951
68,184,3,0.57886,0.05368,-0.08572,0.51549,-0.78530,-0.34288,1.00000
70,184,3,0.57512,0.05812,-0.10007,0.50057,-0.76755,-0.40036,1.00000
72,184,3,0.56938,0.06096,-0.11183,0.47757,-0.75616,-0.44737,1.00000
74,184,3,0.56212,0.06258,-0.12162,0.44856,-0.74971,-0.48654,1.00000
76,184,3,0.55369,0.06327,-0.12987,0.41483,-0.74697,-0.51956,1.00000
78,184,3,0.54412,0.06305,-0.13666,0.37655,-0.74785,-0.54674,1.00000
80,184,3,0.53342,0.06191,-0.14196,0.33372,-0.75239,-0.56793,1.00000
82,184,3,0.52140,0.05973,-0.14556,0.28563,-0.76113,-0.58232,1.00000
84,184,3,0.50773,0.05622,-0.14700,0.23092,-0.77513,-0.58808,1.00000
86,184,3,0.49130,0.05051,-0.14487,0.16519,-0.79802,-0.57954,0.99902
88,184,3,0.46422,0.03628,-0.12889,0.05687,-0.85403,-0.51520,0.99609
