# ORÁCULO: o `open_pbr_surface` do MaterialX renderizado sem interface pelo `GlslRenderer`
# MaterialX 1.39.5 (Apache-2.0) · sphere.obj sha256 0ea02dac561c039c692051fcd430fee3882a9b5424253fdfc56c55644f4e209b
# 48x48 ortográfica, olho em z=5, uma amostra a cada 6 px, 45 pixels de esfera por imagem · luz directa só (FIS, indirecta desligada)
# gerado por docs/Render3d/ferramentas/fixture_openpbr.py · formato no docstring do script
D base_weight=1.0 base_color=0.8,0.8,0.8 base_diffuse_roughness=0.0 base_metalness=0.0 specular_weight=1.0 specular_color=1,1,1 specular_roughness=0.3 specular_ior=1.5 specular_roughness_anisotropy=0.0 transmission_weight=0.0 transmission_color=1,1,1 transmission_depth=0.0 transmission_scatter=0,0,0 transmission_scatter_anisotropy=0.0 transmission_dispersion_scale=0.0 transmission_dispersion_abbe_number=20.0 subsurface_weight=0 subsurface_color=0.8,0.8,0.8 subsurface_radius=1.0 subsurface_radius_scale=1.0,0.5,0.25 subsurface_scatter_anisotropy=0.0 fuzz_weight=0.0 fuzz_color=1,1,1 fuzz_roughness=0.5 coat_weight=0.0 coat_color=1,1,1 coat_roughness=0.0 coat_roughness_anisotropy=0.0 coat_ior=1.6 coat_darkening=1.0 thin_film_weight=0 thin_film_thickness=0.5 thin_film_ior=1.4 emission_luminance=0.0 emission_color=1,1,1 geometry_opacity=1 geometry_thin_walled=false
M 0
M 1 base_color=0.8,0.1,0.05 specular_roughness=0.6 base_diffuse_roughness=0.5
M 2 base_metalness=1 base_color=1,0.766,0.336 specular_color=1,0.9,0.7 specular_roughness=0.2
M 3 base_color=0.05,0.2,0.8 specular_roughness=0.5 coat_weight=1 coat_roughness=0.05
M 4 base_metalness=0.5 specular_weight=0.5 specular_ior=2 specular_roughness=0.45 coat_weight=0.5 coat_color=0.9,0.8,0.6 coat_ior=1.4 coat_darkening=1
M 5 base_weight=0.5 emission_luminance=2 emission_color=0.2,0.6,1 coat_weight=0.3
M 6 base_metalness=1 base_color=0.95,0.95,0.95 specular_roughness=0.02
L 0 0.000000000e+00 0.000000000e+00 -1.000000000e+00  1 1 1  1
L 1 -5.014059076e-01 -6.016870891e-01 -6.217433254e-01  1 0.9 0.8  2.5
L 2 9.794042137e-01 4.897021069e-02 -1.958808427e-01  1 1 1  1.5
S 0 0  -5.044396670e-01 -7.653940549e-01 3.996405423e-01  1.072352358e-01 1.632017840e-01 9.807475628e-01  7.722642273e-02 7.722642273e-02 7.722642273e-02
S 0 0  -2.412186025e-01 -7.653625791e-01 5.966856026e-01  5.373550989e-02 1.710150904e-01 9.838019790e-01  1.383975595e-01 1.383975595e-01 1.383975595e-01
S 0 0  2.194131373e-02 -7.653590515e-01 6.432294312e-01  -4.946470834e-03 1.730303346e-01 9.849040744e-01  1.522238255e-01 1.522238255e-01 1.522238255e-01
S 0 0  2.850729445e-01 -7.653879512e-01 5.769876086e-01  -6.319548457e-02 1.701824975e-01 9.833840797e-01  1.324060559e-01 1.324060559e-01 1.324060559e-01
S 0 0  5.482525106e-01 -7.653165524e-01 3.372087770e-01  -1.149473380e-01 1.609415952e-01 9.802473731e-01  5.951513350e-02 5.951513350e-02 5.951513350e-02
S 0 0  -7.668132893e-01 -5.028999911e-01 3.988595973e-01  1.631705309e-01 1.072189222e-01 9.807545466e-01  7.700020075e-02 7.700020075e-02 7.700020075e-02
S 0 0  -5.034693375e-01 -5.025218619e-01 7.028445095e-01  1.154799422e-01 1.154850869e-01 9.865736555e-01  1.692150980e-01 1.692150980e-01 1.692150980e-01
S 0 0  -2.409497305e-01 -5.028329993e-01 8.301217996e-01  5.717505143e-02 1.195476024e-01 9.911808030e-01  2.030543834e-01 2.030543834e-01 2.030543834e-01
S 0 0  2.189140243e-02 -5.027762732e-01 8.641393323e-01  -5.245876965e-03 1.207135510e-01 9.926735210e-01  2.116761655e-01 2.116761655e-01 2.116761655e-01
S 0 0  2.847324255e-01 -5.027344126e-01 8.162019090e-01  -6.731594854e-02 1.190852044e-01 9.905994534e-01  1.994871646e-01 1.994871646e-01 1.994871646e-01
S 0 0  5.476947250e-01 -5.029074388e-01 6.686662816e-01  -1.244013023e-01 1.144491282e-01 9.856093105e-01  1.595780253e-01 1.595780253e-01 1.595780253e-01
S 0 0  8.106966504e-01 -5.028847388e-01 2.997963984e-01  -1.687644880e-01 1.048887341e-01 9.800596416e-01  5.002954975e-02 5.002954975e-02 5.002954975e-02
S 0 0  -7.667574699e-01 -2.406194450e-01 5.951346613e-01  1.709613389e-01 5.373748814e-02 9.838112131e-01  1.379411519e-01 1.379411519e-01 1.379411519e-01
S 0 0  -5.037593207e-01 -2.405635087e-01 8.296720708e-01  1.195486519e-01 5.718196837e-02 9.911802774e-01  2.029401958e-01 2.029401958e-01 2.029401958e-01
S 0 0  -2.409977016e-01 -2.406543937e-01 9.402157043e-01  5.903513852e-02 5.904711996e-02 9.965080482e-01  2.311044186e-01 2.311044186e-01 2.311044186e-01
S 0 0  2.191250923e-02 -2.405668366e-01 9.703852014e-01  -5.419633896e-03 5.959496301e-02 9.982079282e-01  2.411804050e-01 2.411804050e-01 2.411804050e-01
S 0 0  2.846360781e-01 -2.405219358e-01 9.279717137e-01  -6.951612777e-02 5.883805620e-02 9.958441601e-01  2.277938575e-01 2.277938575e-01 2.277938575e-01
S 0 0  5.476891694e-01 -2.406043391e-01 8.013402060e-01  -1.289223193e-01 5.672898233e-02 9.900307360e-01  1.956496239e-01 1.956496239e-01 1.956496239e-01
S 0 0  8.106811273e-01 -2.406629512e-01 5.337391252e-01  -1.780189513e-01 5.293373360e-02 9.826022964e-01  1.190235913e-01 1.190235913e-01 1.190235913e-01
S 0 0  -7.668101786e-01 2.189276926e-02 6.415004729e-01  1.729673796e-01 -4.945954001e-03 9.849151350e-01  1.517311335e-01 1.517311335e-01 1.517311335e-01
S 0 0  -5.033497108e-01 2.186957514e-02 8.638059911e-01  1.207239213e-01 -5.253459622e-03 9.926722198e-01  2.115924060e-01 2.115924060e-01 2.115924060e-01
S 0 0  -2.409810507e-01 2.189187781e-02 9.702828860e-01  5.958021064e-02 -5.420949496e-03 9.982088017e-01  2.411344945e-01 2.411344945e-01 2.411344945e-01
S 0 0  2.189522510e-02 2.188541082e-02 9.995206991e-01  -5.464459908e-03 -5.470530272e-03 9.999701060e-01  5.420193672e-01 5.420193672e-01 5.420193672e-01
S 0 0  2.847302059e-01 2.188759187e-02 9.583577845e-01  -7.015800031e-02 -5.401512600e-03 9.975212673e-01  2.364888787e-01 2.364888787e-01 2.364888787e-01
S 0 0  5.477662733e-01 2.189540324e-02 8.363448458e-01  -1.301721139e-01 -5.211339270e-03 9.914777167e-01  2.046419680e-01 2.046419680e-01 2.046419680e-01
S 0 0  8.097284337e-01 2.186730825e-02 5.863972070e-01  -1.803662735e-01 -4.878484013e-03 9.835874175e-01  1.352800578e-01 1.352800578e-01 1.352800578e-01
S 0 0  -7.664620309e-01 2.842804800e-01 5.759518764e-01  1.701531517e-01 -6.321449141e-02 9.833879362e-01  1.320968717e-01 1.320968717e-01 1.320968717e-01
S 0 0  -5.038486968e-01 2.843860826e-01 8.156353638e-01  1.190667753e-01 -6.731597366e-02 9.906016670e-01  1.993425190e-01 1.993425190e-01 1.993425190e-01
S 0 0  -2.410095420e-01 2.844455344e-01 9.279036257e-01  5.881646064e-02 -6.953125583e-02 9.958443796e-01  2.277759761e-01 2.277759761e-01 2.277759761e-01
S 0 0  2.189360822e-02 2.843388419e-01 9.584738353e-01  -5.394717378e-03 -7.018015116e-02 9.975197459e-01  2.365263700e-01 2.365263700e-01 2.365263700e-01
S 0 0  2.846139424e-01 2.842477911e-01 9.155315926e-01  -6.926051350e-02 -6.928627109e-02 9.951896271e-01  2.245549709e-01 2.245549709e-01 2.245549709e-01
S 0 0  5.475841080e-01 2.843192772e-01 7.869651792e-01  -1.284116234e-01 -6.678523094e-02 9.894696498e-01  1.919033825e-01 1.919033825e-01 1.919033825e-01
S 0 0  8.107317657e-01 2.844308902e-01 5.116767269e-01  -1.770926984e-01 -6.223294985e-02 9.822246363e-01  1.120937914e-01 1.120937914e-01 1.120937914e-01
S 0 0  -7.662406490e-01 5.461841598e-01 3.384643726e-01  1.609922608e-01 -1.149889825e-01 9.802341689e-01  5.984092131e-02 5.984092131e-02 5.984092131e-02
S 0 0  -5.036457100e-01 5.464113267e-01 6.691604149e-01  1.144612822e-01 -1.244315173e-01 9.856040850e-01  1.597157866e-01 1.597157866e-01 1.597157866e-01
S 0 0  -2.410154400e-01 5.464784634e-01 8.020429207e-01  5.675137826e-02 -1.289377733e-01 9.900274399e-01  1.958302259e-01 1.958302259e-01 1.958302259e-01
S 0 0  2.190313067e-02 5.465211151e-01 8.371588402e-01  -5.207912298e-03 -1.302114980e-01 9.914725631e-01  2.048478872e-01 2.048478872e-01 2.048478872e-01
S 0 0  2.848640434e-01 5.465803245e-01 7.874658250e-01  -6.679162606e-02 -1.284153246e-01 9.894687378e-01  1.920331419e-01 1.920331419e-01 1.920331419e-01
S 0 0  5.475162312e-01 5.464576527e-01 6.337270788e-01  -1.232950755e-01 -1.233058271e-01 9.846796420e-01  1.494438797e-01 1.494438797e-01 1.494438797e-01
S 0 0  8.107129959e-01 5.466376561e-01 2.095989294e-01  -1.655472918e-01 -1.118490063e-01 9.798387081e-01  3.126489371e-02 3.126489371e-02 3.126489371e-02
S 0 0  -5.043380958e-01 8.086147471e-01 3.029608489e-01  1.049454269e-01 -1.688456061e-01 9.800396006e-01  5.078263581e-02 5.078263581e-02 5.078263581e-02
S 0 0  -2.411759907e-01 8.084496042e-01 5.368830217e-01  5.295703666e-02 -1.781348964e-01 9.825800278e-01  1.199774966e-01 1.199774966e-01 1.199774966e-01
S 0 0  2.190643274e-02 8.087542923e-01 5.877385498e-01  -4.868289068e-03 -1.803585761e-01 9.835888795e-01  1.356799006e-01 1.356799006e-01 1.356799006e-01
S 0 0  2.850576141e-01 8.086190500e-01 5.146624026e-01  -6.224509061e-02 -1.771832543e-01 9.822075356e-01  1.130071357e-01 1.130071357e-01 1.130071357e-01
S 0 0  5.483925343e-01 8.087848113e-01 2.124447160e-01  -1.119109099e-01 -1.656229458e-01 9.798188547e-01  3.176542372e-02 3.176542372e-02 3.176542372e-02
S 0 1  -5.044396670e-01 -7.653940549e-01 3.996405423e-01  1.072352358e-01 1.632017840e-01 9.807475628e-01  4.892566796e-09 4.403310161e-09 3.914053526e-09
S 0 1  -2.412186025e-01 -7.653625791e-01 5.966856026e-01  5.373550989e-02 1.710150904e-01 9.838019790e-01  5.827731631e-09 5.244958245e-09 4.662185304e-09
S 0 1  2.194131373e-02 -7.653590515e-01 6.432294312e-01  -4.946470834e-03 1.730303346e-01 9.849040744e-01  5.944667869e-09 5.350201171e-09 4.755734473e-09
S 0 1  2.850729445e-01 -7.653879512e-01 5.769876086e-01  -6.319548457e-02 1.701824975e-01 9.833840797e-01  2.369286492e-02 2.132357843e-02 1.895429194e-02
S 0 1  5.482525106e-01 -7.653165524e-01 3.372087770e-01  -1.149473380e-01 1.609415952e-01 9.802473731e-01  1.077268645e-02 9.695417248e-03 8.618148975e-03
S 0 1  -7.668132893e-01 -5.028999911e-01 3.988595973e-01  1.631705309e-01 1.072189222e-01 9.807545466e-01  4.887619642e-09 4.398857723e-09 3.910095803e-09
S 0 1  -5.034693375e-01 -5.025218619e-01 7.028445095e-01  1.154799422e-01 1.154850869e-01 9.865736555e-01  6.042768508e-09 5.438491435e-09 4.834214806e-09
S 0 1  -2.409497305e-01 -5.028329993e-01 8.301217996e-01  5.717505143e-02 1.195476024e-01 9.911808030e-01  5.677305907e-02 5.109575391e-02 4.541844875e-02
S 0 1  2.189140243e-02 -5.027762732e-01 8.641393323e-01  -5.245876965e-03 1.207135510e-01 9.926735210e-01  1.504231840e-01 1.353808641e-01 1.203385517e-01
S 0 1  2.847324255e-01 -5.027344126e-01 8.162019090e-01  -6.731594854e-02 1.190852044e-01 9.905994534e-01  2.124589831e-01 1.912130862e-01 1.699671894e-01
S 0 1  5.476947250e-01 -5.029074388e-01 6.686662816e-01  -1.244013023e-01 1.144491282e-01 9.856093105e-01  2.314011008e-01 2.082609832e-01 1.851208806e-01
S 0 1  8.106966504e-01 -5.028847388e-01 2.997963984e-01  -1.687644880e-01 1.048887341e-01 9.800596416e-01  1.211495250e-01 1.090345681e-01 9.691961855e-02
S 0 1  -7.667574699e-01 -2.406194450e-01 5.951346613e-01  1.709613389e-01 5.373748814e-02 9.838112131e-01  5.824334348e-09 5.241901135e-09 4.659467479e-09
S 0 1  -5.037593207e-01 -2.405635087e-01 8.296720708e-01  1.195486519e-01 5.718196837e-02 9.911802774e-01  7.251138240e-02 6.526024640e-02 5.800910667e-02
S 0 1  -2.409977016e-01 -2.406543937e-01 9.402157043e-01  5.903513852e-02 5.904711996e-02 9.965080482e-01  1.951589584e-01 1.756430715e-01 1.561271697e-01
S 0 1  2.191250923e-02 -2.405668366e-01 9.703852014e-01  -5.419633896e-03 5.959496301e-02 9.982079282e-01  2.871921062e-01 2.584728897e-01 2.297536880e-01
S 0 1  2.846360781e-01 -2.405219358e-01 9.279717137e-01  -6.951612777e-02 5.883805620e-02 9.958441601e-01  3.520652950e-01 3.168587685e-01 2.816522419e-01
S 0 1  5.476891694e-01 -2.406043391e-01 8.013402060e-01  -1.289223193e-01 5.672898233e-02 9.900307360e-01  3.834607899e-01 3.451147079e-01 3.067686260e-01
S 0 1  8.106811273e-01 -2.406629512e-01 5.337391252e-01  -1.780189513e-01 5.293373360e-02 9.826022964e-01  3.309425414e-01 2.978482842e-01 2.647540271e-01
S 0 1  -7.668101786e-01 2.189276926e-02 6.415004729e-01  1.729673796e-01 -4.945954001e-03 9.849151350e-01  1.634136587e-02 1.470723003e-02 1.307309326e-02
S 0 1  -5.033497108e-01 2.186957514e-02 8.638059911e-01  1.207239213e-01 -5.253459622e-03 9.926722198e-01  1.823033988e-01 1.640730500e-01 1.458427161e-01
S 0 1  -2.409810507e-01 2.189187781e-02 9.702828860e-01  5.958021064e-02 -5.420949496e-03 9.982088017e-01  3.031560481e-01 2.728404403e-01 2.425248325e-01
S 0 1  2.189522510e-02 2.188541082e-02 9.995206991e-01  -5.464459908e-03 -5.470530272e-03 9.999701060e-01  3.961029649e-01 3.564926684e-01 3.168823719e-01
S 0 1  2.847302059e-01 2.188759187e-02 9.583577845e-01  -7.015800031e-02 -5.401512600e-03 9.975212673e-01  4.654091299e-01 4.188682139e-01 3.723272979e-01
S 0 1  5.477662733e-01 2.189540324e-02 8.363448458e-01  -1.301721139e-01 -5.211339270e-03 9.914777167e-01  4.954427183e-01 4.458984435e-01 3.963541687e-01
S 0 1  8.097284337e-01 2.186730825e-02 5.863972070e-01  -1.803662735e-01 -4.878484013e-03 9.835874175e-01  4.522299469e-01 4.070069492e-01 3.617839515e-01
S 0 1  -7.664620309e-01 2.842804800e-01 5.759518764e-01  1.701531517e-01 -6.321449141e-02 9.833879362e-01  8.315195143e-02 7.483676076e-02 6.652156264e-02
S 0 1  -5.038486968e-01 2.843860826e-01 8.156353638e-01  1.190667753e-01 -6.731597366e-02 9.906016670e-01  2.600108385e-01 2.340097576e-01 2.080086768e-01
S 0 1  -2.410095420e-01 2.844455344e-01 9.279036257e-01  5.881646064e-02 -6.953125583e-02 9.958443796e-01  3.842641711e-01 3.458377719e-01 3.074113429e-01
S 0 1  2.189360822e-02 2.843388419e-01 9.584738353e-01  -5.394717378e-03 -7.018015116e-02 9.975197459e-01  4.877670109e-01 4.389902949e-01 3.902136087e-01
S 0 1  2.846139424e-01 2.842477911e-01 9.155315926e-01  -6.926051350e-02 -6.928627109e-02 9.951896271e-01  1.308201432e+00 1.177381277e+00 1.046561122e+00
S 0 1  5.475841080e-01 2.843192772e-01 7.869651792e-01  -1.284116234e-01 -6.678523094e-02 9.894696498e-01  5.748282075e-01 5.173453689e-01 4.598625600e-01
S 0 1  8.107317657e-01 2.844308902e-01 5.116767269e-01  -1.770926984e-01 -6.223294985e-02 9.822246363e-01  4.909182191e-01 4.418264031e-01 3.927345872e-01
S 0 1  -7.662406490e-01 5.461841598e-01 3.384643726e-01  1.609922608e-01 -1.149889825e-01 9.802341689e-01  6.865582615e-02 6.179024279e-02 5.492465943e-02
S 0 1  -5.036457100e-01 5.464113267e-01 6.691604149e-01  1.144612822e-01 -1.244315173e-01 9.856040850e-01  2.937996984e-01 2.644197345e-01 2.350397706e-01
S 0 1  -2.410154400e-01 5.464784634e-01 8.020429207e-01  5.675137826e-02 -1.289377733e-01 9.900274399e-01  4.316000640e-01 3.884400725e-01 3.452800512e-01
S 0 1  2.190313067e-02 5.465211151e-01 8.371588402e-01  -5.207912298e-03 -1.302114980e-01 9.914725631e-01  5.293559432e-01 4.764203727e-01 4.234847724e-01
S 0 1  2.848640434e-01 5.465803245e-01 7.874658250e-01  -6.679162606e-02 -1.284153246e-01 9.894687378e-01  5.949764848e-01 5.354788303e-01 4.759812057e-01
S 0 1  5.475162312e-01 5.464576527e-01 6.337270788e-01  -1.232950755e-01 -1.233058271e-01 9.846796420e-01  5.895932913e-01 5.306339860e-01 4.716746509e-01
S 0 1  8.107129959e-01 5.466376561e-01 2.095989294e-01  -1.655472918e-01 -1.118490063e-01 9.798387081e-01  3.198778331e-01 2.878900468e-01 2.559022605e-01
S 0 1  -5.043380958e-01 8.086147471e-01 3.029608489e-01  1.049454269e-01 -1.688456061e-01 9.800396006e-01  1.767010391e-01 1.590309441e-01 1.413608342e-01
S 0 1  -2.411759907e-01 8.084496042e-01 5.368830217e-01  5.295703666e-02 -1.781348964e-01 9.825800278e-01  3.907788992e-01 3.517009914e-01 3.126231134e-01
S 0 1  2.190643274e-02 8.087542923e-01 5.877385498e-01  -4.868289068e-03 -1.803585761e-01 9.835888795e-01  4.984487295e-01 4.486038387e-01 3.987589777e-01
S 0 1  2.850576141e-01 8.086190500e-01 5.146624026e-01  -6.224509061e-02 -1.771832543e-01 9.822075356e-01  5.216870308e-01 4.695183337e-01 4.173496366e-01
S 0 1  5.483925343e-01 8.087848113e-01 2.124447160e-01  -1.119109099e-01 -1.656229458e-01 9.798188547e-01  3.312360048e-01 2.981124222e-01 2.649888098e-01
S 0 2  -5.044396670e-01 -7.653940549e-01 3.996405423e-01  1.072352358e-01 1.632017840e-01 9.807475628e-01  1.768511236e-01 1.768511236e-01 1.768511236e-01
S 0 2  -2.412186025e-01 -7.653625791e-01 5.966856026e-01  5.373550989e-02 1.710150904e-01 9.838019790e-01  1.359961778e-01 1.359961778e-01 1.359961778e-01
S 0 2  2.194131373e-02 -7.653590515e-01 6.432294312e-01  -4.946470834e-03 1.730303346e-01 9.849040744e-01  5.048173666e-02 5.048173666e-02 5.048173666e-02
S 0 2  2.850729445e-01 -7.653879512e-01 5.769876086e-01  -6.319548457e-02 1.701824975e-01 9.833840797e-01  3.463731080e-09 3.463731080e-09 3.463731080e-09
S 0 2  5.482525106e-01 -7.653165524e-01 3.372087770e-01  -1.149473380e-01 1.609415952e-01 9.802473731e-01  2.708491431e-09 2.708491431e-09 2.708491431e-09
S 0 2  -7.668132893e-01 -5.028999911e-01 3.988595973e-01  1.631705309e-01 1.072189222e-01 9.807545466e-01  2.477982044e-01 2.477982044e-01 2.477982044e-01
S 0 2  -5.034693375e-01 -5.025218619e-01 7.028445095e-01  1.154799422e-01 1.154850869e-01 9.865736555e-01  2.373976111e-01 2.373976111e-01 2.373976111e-01
S 0 2  -2.409497305e-01 -5.028329993e-01 8.301217996e-01  5.717505143e-02 1.195476024e-01 9.911808030e-01  1.554750055e-01 1.554750055e-01 1.554750055e-01
S 0 2  2.189140243e-02 -5.027762732e-01 8.641393323e-01  -5.245876965e-03 1.207135510e-01 9.926735210e-01  6.340420246e-02 6.340420246e-02 6.340420246e-02
S 0 2  2.847324255e-01 -5.027344126e-01 8.162019090e-01  -6.731594854e-02 1.190852044e-01 9.905994534e-01  3.680648675e-09 3.680648675e-09 3.680648675e-09
S 0 2  5.476947250e-01 -5.029074388e-01 6.686662816e-01  -1.244013023e-01 1.144491282e-01 9.856093105e-01  3.594955666e-09 3.594955666e-09 3.594955666e-09
S 0 2  8.106966504e-01 -5.028847388e-01 2.997963984e-01  -1.687644880e-01 1.048887341e-01 9.800596416e-01  2.610059502e-09 2.610059502e-09 2.610059502e-09
S 0 2  -7.667574699e-01 -2.406194450e-01 5.951346613e-01  1.709613389e-01 5.373748814e-02 9.838112131e-01  3.100095987e-01 3.100095987e-01 3.100095987e-01
S 0 2  -5.037593207e-01 -2.405635087e-01 8.296720708e-01  1.195486519e-01 5.718196837e-02 9.911802774e-01  2.559022903e-01 2.559022903e-01 2.559022903e-01
S 0 2  -2.409977016e-01 -2.406543937e-01 9.402157043e-01  5.903513852e-02 5.904711996e-02 9.965080482e-01  1.594844311e-01 1.594844311e-01 1.594844311e-01
S 0 2  2.191250923e-02 -2.405668366e-01 9.703852014e-01  -5.419633896e-03 5.959496301e-02 9.982079282e-01  6.629663706e-02 6.629663706e-02 6.629663706e-02
S 0 2  2.846360781e-01 -2.405219358e-01 9.279717137e-01  -6.951612777e-02 5.883805620e-02 9.958441601e-01  3.686671857e-09 3.686671857e-09 3.686671857e-09
S 0 2  5.476891694e-01 -2.406043391e-01 8.013402060e-01  -1.289223193e-01 5.672898233e-02 9.900307360e-01  3.673024107e-09 3.673024107e-09 3.673024107e-09
S 0 2  8.106811273e-01 -2.406629512e-01 5.337391252e-01  -1.780189513e-01 5.293373360e-02 9.826022964e-01  3.368801904e-09 3.368801904e-09 3.368801904e-09
S 0 2  -7.668101786e-01 2.189276926e-02 6.415004729e-01  1.729673796e-01 -4.945954001e-03 9.849151350e-01  3.237673640e-01 3.237673640e-01 3.237673640e-01
S 0 2  -5.033497108e-01 2.186957514e-02 8.638059911e-01  1.207239213e-01 -5.253459622e-03 9.926722198e-01  3.741009831e-01 3.741009831e-01 3.741009831e-01
S 0 2  -2.409810507e-01 2.189187781e-02 9.702828860e-01  5.958021064e-02 -5.420949496e-03 9.982088017e-01  1.573223174e-01 1.573223174e-01 1.573223174e-01
S 0 2  2.189522510e-02 2.188541082e-02 9.995206991e-01  -5.464459908e-03 -5.470530272e-03 9.999701060e-01  6.363879144e-02 6.363879144e-02 6.363879144e-02
S 0 2  2.847302059e-01 2.188759187e-02 9.583577845e-01  -7.015800031e-02 -5.401512600e-03 9.975212673e-01  3.684775152e-09 3.684775152e-09 3.684775152e-09
S 0 2  5.477662733e-01 2.189540324e-02 8.363448458e-01  -1.301721139e-01 -5.211339270e-03 9.914777167e-01  3.679534011e-09 3.679534011e-09 3.679534011e-09
S 0 2  8.097284337e-01 2.186730825e-02 5.863972070e-01  -1.803662735e-01 -4.878484013e-03 9.835874175e-01  3.480006283e-09 3.480006283e-09 3.480006283e-09
S 0 2  -7.664620309e-01 2.842804800e-01 5.759518764e-01  1.701531517e-01 -6.321449141e-02 9.833879362e-01  2.942508757e-01 2.942508757e-01 2.942508757e-01
S 0 2  -5.038486968e-01 2.843860826e-01 8.156353638e-01  1.190667753e-01 -6.731597366e-02 9.906016670e-01  2.373014092e-01 2.373014092e-01 2.373014092e-01
S 0 2  -2.410095420e-01 2.844455344e-01 9.279036257e-01  5.881646064e-02 -6.953125583e-02 9.958443796e-01  1.487929225e-01 1.487929225e-01 1.487929225e-01
S 0 2  2.189360822e-02 2.843388419e-01 9.584738353e-01  -5.394717378e-03 -7.018015116e-02 9.975197459e-01  5.601609498e-02 5.601609498e-02 5.601609498e-02
S 0 2  2.846139424e-01 2.842477911e-01 9.155315926e-01  -6.926051350e-02 -6.928627109e-02 9.951896271e-01  3.685793004e-09 3.685793004e-09 3.685793004e-09
S 0 2  5.475841080e-01 2.843192772e-01 7.869651792e-01  -1.284116234e-01 -6.678523094e-02 9.894696498e-01  3.668788606e-09 3.668788606e-09 3.668788606e-09
S 0 2  8.107317657e-01 2.844308902e-01 5.116767269e-01  -1.770926984e-01 -6.223294985e-02 9.822246363e-01  3.312542685e-09 3.312542685e-09 3.312542685e-09
S 0 2  -7.662406490e-01 5.461841598e-01 3.384643726e-01  1.609922608e-01 -1.149889825e-01 9.802341689e-01  2.096947730e-01 2.096947730e-01 2.096947730e-01
S 0 2  -5.036457100e-01 5.464113267e-01 6.691604149e-01  1.144612822e-01 -1.244315173e-01 9.856040850e-01  2.142844051e-01 2.142844051e-01 2.142844051e-01
S 0 2  -2.410154400e-01 5.464784634e-01 8.020429207e-01  5.675137826e-02 -1.289377733e-01 9.900274399e-01  1.343069971e-01 1.343069971e-01 1.343069971e-01
S 0 2  2.190313067e-02 5.465211151e-01 8.371588402e-01  -5.207912298e-03 -1.302114980e-01 9.914725631e-01  4.254703969e-02 4.254703969e-02 4.254703969e-02
S 0 2  2.848640434e-01 5.465803245e-01 7.874658250e-01  -6.679162606e-02 -1.284153246e-01 9.894687378e-01  3.672002702e-09 3.672002702e-09 3.672002702e-09
S 0 2  5.475162312e-01 5.464576527e-01 6.337270788e-01  -1.232950755e-01 -1.233058271e-01 9.846796420e-01  3.553692451e-09 3.553692451e-09 3.553692451e-09
S 0 2  8.107129959e-01 5.466376561e-01 2.095989294e-01  -1.655472918e-01 -1.118490063e-01 9.798387081e-01  3.698936268e-09 3.698936268e-09 3.698936268e-09
S 0 2  -5.043380958e-01 8.086147471e-01 3.029608489e-01  1.049454269e-01 -1.688456061e-01 9.800396006e-01  1.290893108e-01 1.290893108e-01 1.290893108e-01
S 0 2  -2.411759907e-01 8.084496042e-01 5.368830217e-01  5.295703666e-02 -1.781348964e-01 9.825800278e-01  1.012447849e-01 1.012447849e-01 1.012447849e-01
S 0 2  2.190643274e-02 8.087542923e-01 5.877385498e-01  -4.868289068e-03 -1.803585761e-01 9.835888795e-01  1.879062131e-02 1.879062131e-02 1.879062131e-02
S 0 2  2.850576141e-01 8.086190500e-01 5.146624026e-01  -6.224509061e-02 -1.771832543e-01 9.822075356e-01  3.318258557e-09 3.318258557e-09 3.318258557e-09
S 0 2  5.483925343e-01 8.087848113e-01 2.124447160e-01  -1.119109099e-01 -1.656229458e-01 9.798188547e-01  3.114536629e-09 3.114536629e-09 3.114536629e-09
S 1 0  -5.044396670e-01 -7.653940549e-01 3.996405423e-01  1.072352358e-01 1.632017840e-01 9.807475628e-01  1.744425744e-01 2.290040068e-02 1.216421835e-02
S 1 0  -2.412186025e-01 -7.653625791e-01 5.966856026e-01  5.373550989e-02 1.710150904e-01 9.838019790e-01  2.102995515e-01 2.669535577e-02 1.401002426e-02
S 1 0  2.194131373e-02 -7.653590515e-01 6.432294312e-01  -4.946470834e-03 1.730303346e-01 9.849040744e-01  2.176147550e-01 2.742539160e-02 1.440097950e-02
S 1 0  2.850729445e-01 -7.653879512e-01 5.769876086e-01  -6.319548457e-02 1.701824975e-01 9.833840797e-01  2.070691735e-01 2.636833489e-02 1.384094916e-02
S 1 0  5.482525106e-01 -7.653165524e-01 3.372087770e-01  -1.149473380e-01 1.609415952e-01 9.802473731e-01  1.613911688e-01 2.146874182e-02 1.151518244e-02
S 1 0  -7.668132893e-01 -5.028999911e-01 3.988595973e-01  1.631705309e-01 1.072189222e-01 9.807545466e-01  1.742867380e-01 2.288313024e-02 1.215613540e-02
S 1 0  -5.034693375e-01 -5.025218619e-01 7.028445095e-01  1.154799422e-01 1.154850869e-01 9.865736555e-01  2.263033241e-01 2.828702703e-02 1.490067784e-02
S 1 0  -2.409497305e-01 -5.028329993e-01 8.301217996e-01  5.717505143e-02 1.195476024e-01 9.911808030e-01  2.420359552e-01 3.016377240e-02 1.629636809e-02
S 1 0  2.189140243e-02 -5.027762732e-01 8.641393323e-01  -5.245876965e-03 1.207135510e-01 9.926735210e-01  2.455996722e-01 3.088826314e-02 1.696497761e-02
S 1 0  2.847324255e-01 -5.027344126e-01 8.162019090e-01  -6.731594854e-02 1.190852044e-01 9.905994534e-01  2.405093014e-01 2.992030047e-02 1.608492620e-02
S 1 0  5.476947250e-01 -5.029074388e-01 6.686662816e-01  -1.244013023e-01 1.144491282e-01 9.856093105e-01  2.214163840e-01 2.780096419e-02 1.461225282e-02
S 1 0  8.106966504e-01 -5.028847388e-01 2.997963984e-01  -1.687644880e-01 1.048887341e-01 9.800596416e-01  1.531693786e-01 2.057419904e-02 1.112574898e-02
S 1 0  -7.667574699e-01 -2.406194450e-01 5.951346613e-01  1.709613389e-01 5.373748814e-02 9.838112131e-01  2.100474834e-01 2.666937187e-02 1.399638411e-02
S 1 0  -5.037593207e-01 -2.405635087e-01 8.296720708e-01  1.195486519e-01 5.718196837e-02 9.911802774e-01  2.419838756e-01 3.015522659e-02 1.628911868e-02
S 1 0  -2.409977016e-01 -2.406543937e-01 9.402157043e-01  5.903513852e-02 5.904711996e-02 9.965080482e-01  2.537727058e-01 3.460355103e-02 2.067937143e-02
S 1 0  2.191250923e-02 -2.405668366e-01 9.703852014e-01  -5.419633896e-03 5.959496301e-02 9.982079282e-01  2.591355741e-01 3.913279995e-02 2.525906637e-02
S 1 0  2.846360781e-01 -2.405219358e-01 9.279717137e-01  -6.951612777e-02 5.883805620e-02 9.958441601e-01  2.522437871e-01 3.358349577e-02 1.964730769e-02
S 1 0  5.476891694e-01 -2.406043391e-01 8.013402060e-01  -1.289223193e-01 5.672898233e-02 9.900307360e-01  2.388233542e-01 2.968010679e-02 1.588522643e-02
S 1 0  8.106811273e-01 -2.406629512e-01 5.337391252e-01  -1.780189513e-01 5.293373360e-02 9.826022964e-01  1.997029483e-01 2.560968511e-02 1.345854905e-02
S 1 0  -7.668101786e-01 2.189276926e-02 6.415004729e-01  1.729673796e-01 -4.945954001e-03 9.849151350e-01  2.173485011e-01 2.739826962e-02 1.438600849e-02
S 1 0  -5.033497108e-01 2.186957514e-02 8.638059911e-01  1.207239213e-01 -5.253459622e-03 9.926722198e-01  2.455628812e-01 3.087980673e-02 1.695719361e-02
S 1 0  -2.409810507e-01 2.189187781e-02 9.702828860e-01  5.958021064e-02 -5.420949496e-03 9.982088017e-01  2.591104805e-01 3.911159560e-02 2.523781732e-02
S 1 0  2.189522510e-02 2.188541082e-02 9.995206991e-01  -5.464459908e-03 -5.470530272e-03 9.999701060e-01  2.718009353e-01 5.173584819e-02 3.794201091e-02
S 1 0  2.847302059e-01 2.188759187e-02 9.583577845e-01  -7.015800031e-02 -5.401512600e-03 9.975212673e-01  2.565867007e-01 3.683960438e-02 2.294217795e-02
S 1 0  5.477662733e-01 2.189540324e-02 8.363448458e-01  -1.301721139e-01 -5.211339270e-03 9.914777167e-01  2.426985055e-01 3.027998656e-02 1.640055515e-02
S 1 0  8.097284337e-01 2.186730825e-02 5.863972070e-01  -1.803662735e-01 -4.878484013e-03 9.835874175e-01  2.086220980e-01 2.652584761e-02 1.392198633e-02
S 1 0  -7.664620309e-01 2.842804800e-01 5.759518764e-01  1.701531517e-01 -6.321449141e-02 9.833879362e-01  2.068971545e-01 2.635049261e-02 1.383174304e-02
S 1 0  -5.038486968e-01 2.843860826e-01 8.156353638e-01  1.190667753e-01 -6.731597366e-02 9.906016670e-01  2.404417843e-01 2.991033159e-02 1.607681997e-02
S 1 0  -2.410095420e-01 2.844455344e-01 9.279036257e-01  5.881646064e-02 -6.953125583e-02 9.958443796e-01  2.522350848e-01 3.357887641e-02 1.964272559e-02
S 1 0  2.189360822e-02 2.843388419e-01 9.584738353e-01  -5.394717378e-03 -7.018015116e-02 9.975197459e-01  2.566086352e-01 3.685610369e-02 2.295867540e-02
S 1 0  2.846139424e-01 2.842477911e-01 9.155315926e-01  -6.926051350e-02 -6.928627109e-02 9.951896271e-01  2.508483231e-01 3.279526532e-02 1.885182038e-02
S 1 0  5.475841080e-01 2.843192772e-01 7.869651792e-01  -1.284116234e-01 -6.678523094e-02 9.894696498e-01  2.371461540e-01 2.946245857e-02 1.571178250e-02
S 1 0  8.107317657e-01 2.844308902e-01 5.116767269e-01  -1.770926984e-01 -6.223294985e-02 9.822246363e-01  1.958001405e-01 2.520118840e-02 1.325722970e-02
S 1 0  -7.662406490e-01 5.461841598e-01 3.384643726e-01  1.609922608e-01 -1.149889825e-01 9.802341689e-01  1.616573930e-01 2.149823681e-02 1.152846869e-02
S 1 0  -5.036457100e-01 5.464113267e-01 6.691604149e-01  1.144612822e-01 -1.244315173e-01 9.856040850e-01  2.214901596e-01 2.780850790e-02 1.461657416e-02
S 1 0  -2.410154400e-01 5.464784634e-01 8.020429207e-01  5.675137826e-02 -1.289377733e-01 9.900274399e-01  2.389091998e-01 2.969171666e-02 1.589429379e-02
S 1 0  2.190313067e-02 5.465211151e-01 8.371588402e-01  -5.207912298e-03 -1.302114980e-01 9.914725631e-01  2.427928895e-01 3.029629588e-02 1.641453989e-02
S 1 0  2.848640434e-01 5.465803245e-01 7.874658250e-01  -6.679162606e-02 -1.284153246e-01 9.894687378e-01  2.372085601e-01 2.947030962e-02 1.571767777e-02
S 1 0  5.475162312e-01 5.464576527e-01 6.337270788e-01  -1.232950755e-01 -1.233058271e-01 9.846796420e-01  2.161575556e-01 2.728070877e-02 1.432167552e-02
S 1 0  8.107129959e-01 5.466376561e-01 2.095989294e-01  -1.655472918e-01 -1.118490063e-01 9.798387081e-01  1.322014183e-01 1.846820675e-02 1.034537330e-02
S 1 0  -5.043380958e-01 8.086147471e-01 3.029608489e-01  1.049454269e-01 -1.688456061e-01 9.800396006e-01  1.538679302e-01 2.065022849e-02 1.115856599e-02
S 1 0  -2.411759907e-01 8.084496042e-01 5.368830217e-01  5.295703666e-02 -1.781348964e-01 9.825800278e-01  2.002486885e-01 2.566746064e-02 1.348753925e-02
S 1 0  2.190643274e-02 8.087542923e-01 5.877385498e-01  -4.868289068e-03 -1.803585761e-01 9.835888795e-01  2.088422477e-01 2.654848807e-02 1.393375918e-02
S 1 0  2.850576141e-01 8.086190500e-01 5.146624026e-01  -6.224509061e-02 -1.771832543e-01 9.822075356e-01  1.963307559e-01 2.525785938e-02 1.328527648e-02
S 1 0  5.483925343e-01 8.087848113e-01 2.124447160e-01  -1.119109099e-01 -1.656229458e-01 9.798188547e-01  1.328741759e-01 1.852732711e-02 1.036097109e-02
S 1 1  -5.044396670e-01 -7.653940549e-01 3.996405423e-01  1.072352358e-01 1.632017840e-01 9.807475628e-01  1.439192676e-08 1.841340080e-09 9.312621785e-10
S 1 1  -2.412186025e-01 -7.653625791e-01 5.966856026e-01  5.373550989e-02 1.710150904e-01 9.838019790e-01  9.818929669e-09 1.211281853e-09 5.925216429e-10
S 1 1  2.194131373e-02 -7.653590515e-01 6.432294312e-01  -4.946470834e-03 1.730303346e-01 9.849040744e-01  9.212368646e-09 1.138696915e-09 5.580538809e-10
S 1 1  2.850729445e-01 -7.653879512e-01 5.769876086e-01  -6.319548457e-02 1.701824975e-01 9.833840797e-01  3.943297639e-02 4.870070610e-03 2.388488036e-03
S 1 1  5.482525106e-01 -7.653165524e-01 3.372087770e-01  -1.149473380e-01 1.609415952e-01 9.802473731e-01  3.942978382e-02 5.097971298e-03 2.602467081e-03
S 1 1  -7.668132893e-01 -5.028999911e-01 3.988595973e-01  1.631705309e-01 1.072189222e-01 9.807545466e-01  1.435523522e-08 1.836803043e-09 9.290378467e-10
S 1 1  -5.034693375e-01 -5.025218619e-01 7.028445095e-01  1.154799422e-01 1.154850869e-01 9.865736555e-01  8.870259194e-09 1.086684631e-09 5.280678672e-10
S 1 1  -2.409497305e-01 -5.028329993e-01 8.301217996e-01  5.717505143e-02 1.195476024e-01 9.911808030e-01  7.290530950e-02 8.785756305e-03 4.233993124e-03
S 1 1  2.189140243e-02 -5.027762732e-01 8.641393323e-01  -5.245876965e-03 1.207135510e-01 9.926735210e-01  1.799860299e-01 2.117920481e-02 1.013479196e-02
S 1 1  2.847324255e-01 -5.027344126e-01 8.162019090e-01  -6.731594854e-02 1.190852044e-01 9.905994534e-01  2.503935695e-01 2.911518328e-02 1.389314700e-02
S 1 1  5.476947250e-01 -5.029074388e-01 6.686662816e-01  -1.244013023e-01 1.144491282e-01 9.856093105e-01  2.979831696e-01 3.473074734e-02 1.649313606e-02
S 1 1  8.106966504e-01 -5.028847388e-01 2.997963984e-01  -1.687644880e-01 1.048887341e-01 9.800596416e-01  2.829104662e-01 3.515330702e-02 1.735542528e-02
S 1 1  -7.667574699e-01 -2.406194450e-01 5.951346613e-01  1.709613389e-01 5.373748814e-02 9.838112131e-01  9.766035092e-09 1.207260181e-09 5.917140666e-10
S 1 1  -5.037593207e-01 -2.405635087e-01 8.296720708e-01  1.195486519e-01 5.718196837e-02 9.911802774e-01  9.228997678e-02 1.107153576e-02 5.324271973e-03
S 1 1  -2.409977016e-01 -2.406543937e-01 9.402157043e-01  5.903513852e-02 5.904711996e-02 9.965080482e-01  2.210529894e-01 2.588832565e-02 1.248169132e-02
S 1 1  2.191250923e-02 -2.405668366e-01 9.703852014e-01  -5.419633896e-03 5.959496301e-02 9.982079282e-01  3.057511151e-01 3.589455411e-02 1.772950962e-02
S 1 1  2.846360781e-01 -2.405219358e-01 9.279717137e-01  -6.951612777e-02 5.883805620e-02 9.958441601e-01  3.651437163e-01 4.291868582e-02 2.147297561e-02
S 1 1  5.476891694e-01 -2.406043391e-01 8.013402060e-01  -1.289223193e-01 5.672898233e-02 9.900307360e-01  4.068533182e-01 4.691848904e-02 2.291535959e-02
S 1 1  8.106811273e-01 -2.406629512e-01 5.337391252e-01  -1.780189513e-01 5.293373360e-02 9.826022964e-01  4.163832963e-01 4.878105596e-02 2.336168848e-02
S 1 1  -7.668101786e-01 2.189276926e-02 6.415004729e-01  1.729673796e-01 -4.945954001e-03 9.849151350e-01  2.496763133e-02 3.074949374e-03 1.503742766e-03
S 1 1  -5.033497108e-01 2.186957514e-02 8.638059911e-01  1.207239213e-01 -5.253459622e-03 9.926722198e-01  2.140889466e-01 2.503158711e-02 1.197442599e-02
S 1 1  -2.409810507e-01 2.189187781e-02 9.702828860e-01  5.958021064e-02 -5.420949496e-03 9.982088017e-01  3.198166490e-01 3.765117005e-02 1.871272177e-02
S 1 1  2.189522510e-02 2.188541082e-02 9.995206991e-01  -5.464459908e-03 -5.470530272e-03 9.999701060e-01  3.955756426e-01 5.143676326e-02 2.827754617e-02
S 1 1  2.847302059e-01 2.188759187e-02 9.583577845e-01  -7.015800031e-02 -5.401512600e-03 9.975212673e-01  4.550569654e-01 6.469875574e-02 3.806753084e-02
S 1 1  5.477662733e-01 2.189540324e-02 8.363448458e-01  -1.301721139e-01 -5.211339270e-03 9.914777167e-01  4.857202768e-01 6.062153354e-02 3.242255375e-02
S 1 1  8.097284337e-01 2.186730825e-02 5.863972070e-01  -1.803662735e-01 -4.878484013e-03 9.835874175e-01  4.954899848e-01 5.805327743e-02 2.834172174e-02
S 1 1  -7.664620309e-01 2.842804800e-01 5.759518764e-01  1.701531517e-01 -6.321449141e-02 9.833879362e-01  1.331252307e-01 1.608864218e-02 7.761882152e-03
S 1 1  -5.038486968e-01 2.843860826e-01 8.156353638e-01  1.190667753e-01 -6.731597366e-02 9.906016670e-01  2.974694371e-01 3.436059505e-02 1.643527299e-02
S 1 1  -2.410095420e-01 2.844455344e-01 9.279036257e-01  5.881646064e-02 -6.953125583e-02 9.958443796e-01  3.909947276e-01 4.666499421e-02 2.382596768e-02
S 1 1  2.189360822e-02 2.843388419e-01 9.584738353e-01  -5.394717378e-03 -7.018015116e-02 9.975197459e-01  4.726127386e-01 7.241403311e-02 4.456193745e-02
S 1 1  2.846139424e-01 2.842477911e-01 9.155315926e-01  -6.926051350e-02 -6.928627109e-02 9.951896271e-01  5.562869906e-01 1.113496721e-01 7.735118270e-02
S 1 1  5.475841080e-01 2.843192772e-01 7.869651792e-01  -1.284116234e-01 -6.678523094e-02 9.894696498e-01  5.538871288e-01 7.699487358e-02 4.451894015e-02
S 1 1  8.107317657e-01 2.844308902e-01 5.116767269e-01  -1.770926984e-01 -6.223294985e-02 9.822246363e-01  5.486375690e-01 6.575595587e-02 3.259682283e-02
S 1 1  -7.662406490e-01 5.461841598e-01 3.384643726e-01  1.609922608e-01 -1.149889825e-01 9.802341689e-01  2.283972651e-01 2.799794450e-02 1.363032032e-02
S 1 1  -5.036457100e-01 5.464113267e-01 6.691604149e-01  1.144612822e-01 -1.244315173e-01 9.856040850e-01  3.617121577e-01 4.184979573e-02 1.990236528e-02
S 1 1  -2.410154400e-01 5.464784634e-01 8.020429207e-01  5.675137826e-02 -1.289377733e-01 9.900274399e-01  4.425554872e-01 5.164840072e-02 2.573952451e-02
S 1 1  2.190313067e-02 5.465211151e-01 8.371588402e-01  -5.207912298e-03 -1.302114980e-01 9.914725631e-01  5.129840970e-01 6.837082654e-02 3.851034120e-02
S 1 1  2.848640434e-01 5.465803245e-01 7.874658250e-01  -6.679162606e-02 -1.284153246e-01 9.894687378e-01  5.706821680e-01 8.469056338e-02 5.099977180e-02
S 1 1  5.475162312e-01 5.464576527e-01 6.337270788e-01  -1.232950755e-01 -1.233058271e-01 9.846796420e-01  5.889723897e-01 7.475747913e-02 3.977596760e-02
S 1 1  8.107129959e-01 5.466376561e-01 2.095989294e-01  -1.655472918e-01 -1.118490063e-01 9.798387081e-01  5.178676248e-01 6.592189521e-02 3.322082385e-02
S 1 1  -5.043380958e-01 8.086147471e-01 3.029608489e-01  1.049454269e-01 -1.688456061e-01 9.800396006e-01  3.388920426e-01 4.181037471e-02 2.054746449e-02
S 1 1  -2.411759907e-01 8.084496042e-01 5.368830217e-01  5.295703666e-02 -1.781348964e-01 9.825800278e-01  4.614051580e-01 5.408422276e-02 2.609708346e-02
S 1 1  2.190643274e-02 8.087542923e-01 5.877385498e-01  -4.868289068e-03 -1.803585761e-01 9.835888795e-01  5.302006602e-01 6.287375093e-02 3.118911199e-02
S 1 1  2.850576141e-01 8.086190500e-01 5.146624026e-01  -6.224509061e-02 -1.771832543e-01 9.822075356e-01  5.726267099e-01 6.947698444e-02 3.489934653e-02
S 1 1  5.483925343e-01 8.087848113e-01 2.124447160e-01  -1.119109099e-01 -1.656229458e-01 9.798188547e-01  5.304653049e-01 6.762330234e-02 3.413193673e-02
S 1 2  -5.044396670e-01 -7.653940549e-01 3.996405423e-01  1.072352358e-01 1.632017840e-01 9.807475628e-01  1.898856908e-01 2.701173909e-02 1.568091102e-02
S 1 2  -2.412186025e-01 -7.653625791e-01 5.966856026e-01  5.373550989e-02 1.710150904e-01 9.838019790e-01  1.281193942e-01 1.760359295e-02 9.989507496e-03
S 1 2  2.194131373e-02 -7.653590515e-01 6.432294312e-01  -4.946470834e-03 1.730303346e-01 9.849040744e-01  5.220082402e-02 7.339385338e-03 4.175382201e-03
S 1 2  2.850729445e-01 -7.653879512e-01 5.769876086e-01  -6.319548457e-02 1.701824975e-01 9.833840797e-01  4.178604129e-09 6.079600157e-10 3.529150860e-10
S 1 2  5.482525106e-01 -7.653165524e-01 3.372087770e-01  -1.149473380e-01 1.609415952e-01 9.802473731e-01  6.304536448e-09 1.030719177e-09 6.540183395e-10
S 1 2  -7.668132893e-01 -5.028999911e-01 3.988595973e-01  1.631705309e-01 1.072189222e-01 9.807545466e-01  2.574785054e-01 3.917468712e-02 2.412854321e-02
S 1 2  -5.034693375e-01 -5.025218619e-01 7.028445095e-01  1.154799422e-01 1.154850869e-01 9.865736555e-01  2.027103007e-01 3.047506511e-02 1.917271502e-02
S 1 2  -2.409497305e-01 -5.028329993e-01 8.301217996e-01  5.717505143e-02 1.195476024e-01 9.911808030e-01  1.366695166e-01 1.939522848e-02 1.155566424e-02
S 1 2  2.189140243e-02 -5.027762732e-01 8.641393323e-01  -5.245876965e-03 1.207135510e-01 9.926735210e-01  6.037405506e-02 8.462696336e-03 4.845324904e-03
S 1 2  2.847324255e-01 -5.027344126e-01 8.162019090e-01  -6.731594854e-02 1.190852044e-01 9.905994534e-01  3.855196162e-09 5.443042128e-10 3.078138022e-10
S 1 2  5.476947250e-01 -5.029074388e-01 6.686662816e-01  -1.244013023e-01 1.144491282e-01 9.856093105e-01  4.187674651e-09 5.864506658e-10 3.292217332e-10
S 1 2  8.106966504e-01 -5.028847388e-01 2.997963984e-01  -1.687644880e-01 1.048887341e-01 9.800596416e-01  8.329728018e-09 1.442162612e-09 9.501940346e-10
S 1 2  -7.667574699e-01 -2.406194450e-01 5.951346613e-01  1.709613389e-01 5.373748814e-02 9.838112131e-01  2.720732987e-01 5.219602212e-02 3.775887191e-02
S 1 2  -5.037593207e-01 -2.405635087e-01 8.296720708e-01  1.195486519e-01 5.718196837e-02 9.911802774e-01  2.181269228e-01 4.832610860e-02 3.749498352e-02
S 1 2  -2.409977016e-01 -2.406543937e-01 9.402157043e-01  5.903513852e-02 5.904711996e-02 9.965080482e-01  1.394504011e-01 2.266925573e-02 1.496060751e-02
S 1 2  2.191250923e-02 -2.405668366e-01 9.703852014e-01  -5.419633896e-03 5.959496301e-02 9.982079282e-01  6.247400492e-02 9.031893685e-03 5.324044731e-03
S 1 2  2.846360781e-01 -2.405219358e-01 9.279717137e-01  -6.951612777e-02 5.883805620e-02 9.958441601e-01  3.772148371e-09 5.340938802e-10 3.028063078e-10
S 1 2  5.476891694e-01 -2.406043391e-01 8.013402060e-01  -1.289223193e-01 5.672898233e-02 9.900307360e-01  3.998971820e-09 5.501633593e-10 3.038217455e-10
S 1 2  8.106811273e-01 -2.406629512e-01 5.337391252e-01  -1.780189513e-01 5.293373360e-02 9.826022964e-01  4.792663155e-09 6.933919550e-10 4.005878129e-10
S 1 2  -7.668101786e-01 2.189276926e-02 6.415004729e-01  1.729673796e-01 -4.945954001e-03 9.849151350e-01  2.815855145e-01 6.452950090e-02 5.045448989e-02
S 1 2  -5.033497108e-01 2.186957514e-02 8.638059911e-01  1.207239213e-01 -5.253459622e-03 9.926722198e-01  2.325882018e-01 6.582631916e-02 5.524844304e-02
S 1 2  -2.409810507e-01 2.189187781e-02 9.702828860e-01  5.958021064e-02 -5.420949496e-03 9.982088017e-01  1.383432001e-01 2.406103536e-02 1.652272791e-02
S 1 2  2.189522510e-02 2.188541082e-02 9.995206991e-01  -5.464459908e-03 -5.470530272e-03 9.999701060e-01  6.009268016e-02 8.818925358e-03 5.258298945e-03
S 1 2  2.847302059e-01 2.188759187e-02 9.583577845e-01  -7.015800031e-02 -5.401512600e-03 9.975212673e-01  3.755447064e-09 5.322372543e-10 3.020101391e-10
S 1 2  5.477662733e-01 2.189540324e-02 8.363448458e-01  -1.301721139e-01 -5.211339270e-03 9.914777167e-01  3.964652606e-09 5.435604189e-10 2.991986103e-10
S 1 2  8.097284337e-01 2.186730825e-02 5.863972070e-01  -1.803662735e-01 -4.878484013e-03 9.835874175e-01  4.604032711e-09 6.540571973e-10 3.719172192e-10
S 1 2  -7.664620309e-01 2.842804800e-01 5.759518764e-01  1.701531517e-01 -6.321449141e-02 9.833879362e-01  2.590417266e-01 4.400824755e-02 2.978358418e-02
S 1 2  -5.038486968e-01 2.843860826e-01 8.156353638e-01  1.190667753e-01 -6.731597366e-02 9.906016670e-01  2.018723488e-01 3.688728809e-02 2.627550624e-02
S 1 2  -2.410095420e-01 2.844455344e-01 9.279036257e-01  5.881646064e-02 -6.953125583e-02 9.958443796e-01  1.307686418e-01 2.006627433e-02 1.270657685e-02
S 1 2  2.189360822e-02 2.843388419e-01 9.584738353e-01  -5.394717378e-03 -7.018015116e-02 9.975197459e-01  5.339343101e-02 7.667371072e-03 4.478227347e-03
S 1 2  2.846139424e-01 2.842477911e-01 9.155315926e-01  -6.926051350e-02 -6.928627109e-02 9.951896271e-01  3.789828007e-09 5.334257480e-10 3.008276406e-10
S 1 2  5.475841080e-01 2.843192772e-01 7.869651792e-01  -1.284116234e-01 -6.678523094e-02 9.894696498e-01  4.029979905e-09 5.543178139e-10 3.060580123e-10
S 1 2  8.107317657e-01 2.844308902e-01 5.116767269e-01  -1.770926984e-01 -6.223294985e-02 9.822246363e-01  4.923948804e-09 7.194260743e-10 4.191038627e-10
S 1 2  -7.662406490e-01 5.461841598e-01 3.384643726e-01  1.609922608e-01 -1.149889825e-01 9.802341689e-01  2.385531664e-01 3.544651717e-02 2.125755325e-02
S 1 2  -5.036457100e-01 5.464113267e-01 6.691604149e-01  1.144612822e-01 -1.244315173e-01 9.856040850e-01  1.868802607e-01 2.646997571e-02 1.579207927e-02
S 1 2  -2.410154400e-01 5.464784634e-01 8.020429207e-01  5.675137826e-02 -1.289377733e-01 9.900274399e-01  1.203749925e-01 1.669324562e-02 9.672791697e-03
S 1 2  2.190313067e-02 5.465211151e-01 8.371588402e-01  -5.207912298e-03 -1.302114980e-01 9.914725631e-01  4.171097279e-02 5.865165498e-03 3.343527205e-03
S 1 2  2.848640434e-01 5.465803245e-01 7.874658250e-01  -6.679162606e-02 -1.284153246e-01 9.894687378e-01  3.906421853e-09 5.482799770e-10 3.084145161e-10
S 1 2  5.475162312e-01 5.464576527e-01 6.337270788e-01  -1.232950755e-01 -1.233058271e-01 9.846796420e-01  4.294236078e-09 6.043105460e-10 3.407457372e-10
S 1 2  8.107129959e-01 5.466376561e-01 2.095989294e-01  -1.655472918e-01 -1.118490063e-01 9.798387081e-01  5.846434803e-08 1.221147095e-08 8.907693250e-09
S 1 2  -5.043380958e-01 8.086147471e-01 3.029608489e-01  1.049454269e-01 -1.688456061e-01 9.800396006e-01  1.626285613e-01 2.374937758e-02 1.393269841e-02
S 1 2  -2.411759907e-01 8.084496042e-01 5.368830217e-01  5.295703666e-02 -1.781348964e-01 9.825800278e-01  1.036438048e-01 1.443996560e-02 8.205728605e-03
S 1 2  2.190643274e-02 8.087542923e-01 5.877385498e-01  -4.868289068e-03 -1.803585761e-01 9.835888795e-01  2.126816660e-02 3.078226000e-03 1.783831278e-03
S 1 2  2.850576141e-01 8.086190500e-01 5.146624026e-01  -6.224509061e-02 -1.771832543e-01 9.822075356e-01  4.420667388e-09 6.512256290e-10 3.819806693e-10
S 1 2  5.483925343e-01 8.087848113e-01 2.124447160e-01  -1.119109099e-01 -1.656229458e-01 9.798188547e-01  4.005196530e-08 8.092175818e-09 5.809334347e-09
S 2 0  -5.044396670e-01 -7.653940549e-01 3.996405423e-01  1.072352358e-01 1.632017840e-01 9.807475628e-01  7.383871125e-04 5.626361817e-04 2.444033453e-04
S 2 0  -2.412186025e-01 -7.653625791e-01 5.966856026e-01  5.373550989e-02 1.710150904e-01 9.838019790e-01  5.495828227e-04 4.194357607e-04 1.827372180e-04
S 2 0  2.194131373e-02 -7.653590515e-01 6.432294312e-01  -4.946470834e-03 1.730303346e-01 9.849040744e-01  5.722618080e-04 4.368591181e-04 1.904210803e-04
S 2 0  2.850729445e-01 -7.653879512e-01 5.769876086e-01  -6.319548457e-02 1.701824975e-01 9.833840797e-01  5.468581803e-04 4.173492489e-04 1.818224264e-04
S 2 0  5.482525106e-01 -7.653165524e-01 3.372087770e-01  -1.149473380e-01 1.609415952e-01 9.802473731e-01  1.019634190e-03 7.728492492e-04 3.324024146e-04
S 2 0  -7.668132893e-01 -5.028999911e-01 3.988595973e-01  1.631705309e-01 1.072189222e-01 9.807545466e-01  7.404365460e-04 5.641758326e-04 2.450543689e-04
S 2 0  -5.034693375e-01 -5.025218619e-01 7.028445095e-01  1.154799422e-01 1.154850869e-01 9.865736555e-01  6.439315621e-04 4.919521743e-04 2.147436317e-04
S 2 0  -2.409497305e-01 -5.028329993e-01 8.301217996e-01  5.717505143e-02 1.195476024e-01 9.911808030e-01  1.208692440e-03 9.259129874e-04 4.061886866e-04
S 2 0  2.189140243e-02 -5.027762732e-01 8.641393323e-01  -5.245876965e-03 1.207135510e-01 9.926735210e-01  1.675525797e-03 1.283452613e-03 5.629766383e-04
S 2 0  2.847324255e-01 -5.027344126e-01 8.162019090e-01  -6.731594854e-02 1.190852044e-01 9.905994534e-01  1.086827600e-03 8.323009242e-04 3.649140126e-04
S 2 0  5.476947250e-01 -5.029074388e-01 6.686662816e-01  -1.244013023e-01 1.144491282e-01 9.856093105e-01  5.958742695e-04 4.550105659e-04 1.984349801e-04
S 2 0  8.106966504e-01 -5.028847388e-01 2.997963984e-01  -1.687644880e-01 1.048887341e-01 9.800596416e-01  1.362438663e-03 1.028541592e-03 4.390014801e-04
S 2 0  -7.667574699e-01 -2.406194450e-01 5.951346613e-01  1.709613389e-01 5.373748814e-02 9.838112131e-01  5.491199554e-04 4.190813052e-04 1.825817599e-04
S 2 0  -5.037593207e-01 -2.405635087e-01 8.296720708e-01  1.195486519e-01 5.718196837e-02 9.911802774e-01  1.204515458e-03 9.227166884e-04 4.047891998e-04
S 2 0  -2.409977016e-01 -2.406543937e-01 9.402157043e-01  5.903513852e-02 5.904711996e-02 9.965080482e-01  6.624428555e-03 5.074312445e-03 2.225808101e-03
S 2 0  2.191250923e-02 -2.405668366e-01 9.703852014e-01  -5.419633896e-03 5.959496301e-02 9.982079282e-01  2.391823754e-02 1.832541823e-02 8.041566238e-03
S 2 0  2.846360781e-01 -2.405219358e-01 9.279717137e-01  -6.951612777e-02 5.883805620e-02 9.958441601e-01  4.767854698e-03 3.652176820e-03 1.601999276e-03
S 2 0  5.476891694e-01 -2.406043391e-01 8.013402060e-01  -1.289223193e-01 5.672898233e-02 9.900307360e-01  9.834822267e-04 7.528922870e-04 3.298836236e-04
S 2 0  8.106811273e-01 -2.406629512e-01 5.337391252e-01  -1.780189513e-01 5.293373360e-02 9.826022964e-01  5.541054998e-04 4.229288897e-04 1.842925994e-04
S 2 0  -7.668101786e-01 2.189276926e-02 6.415004729e-01  1.729673796e-01 -4.945954001e-03 9.849151350e-01  5.709052202e-04 4.358175793e-04 1.899623458e-04
S 2 0  -5.033497108e-01 2.186957514e-02 8.638059911e-01  1.207239213e-01 -5.253459622e-03 9.926722198e-01  1.669717487e-03 1.279003685e-03 5.610251101e-04
S 2 0  -2.409810507e-01 2.189187781e-02 9.702828860e-01  5.958021064e-02 -5.420949496e-03 9.982088017e-01  2.378327213e-02 1.822199859e-02 7.996174507e-03
S 2 0  2.189522510e-02 2.188541082e-02 9.995206991e-01  -5.464459908e-03 -5.470530272e-03 9.999701060e-01  1.609558678e+01 1.233539486e+01 5.415802002e+00
S 2 0  2.847302059e-01 2.188759187e-02 9.583577845e-01  -7.015800031e-02 -5.401512600e-03 9.975212673e-01  1.274583023e-02 9.764501825e-03 4.284088034e-03
S 2 0  5.477662733e-01 2.189540324e-02 8.363448458e-01  -1.301721139e-01 -5.211339270e-03 9.914777167e-01  1.274636248e-03 9.763742564e-04 4.282813752e-04
S 2 0  8.097284337e-01 2.186730825e-02 5.863972070e-01  -1.803662735e-01 -4.878484013e-03 9.835874175e-01  5.476592924e-04 4.179613316e-04 1.820895850e-04
S 2 0  -7.664620309e-01 2.842804800e-01 5.759518764e-01  1.701531517e-01 -6.321449141e-02 9.833879362e-01  5.467440351e-04 4.172624031e-04 1.817847369e-04
S 2 0  -5.038486968e-01 2.843860826e-01 8.156353638e-01  1.190667753e-01 -6.731597366e-02 9.906016670e-01  1.082719536e-03 8.291454287e-04 3.635227913e-04
S 2 0  -2.410095420e-01 2.844455344e-01 9.279036257e-01  5.881646064e-02 -6.953125583e-02 9.958443796e-01  4.760775249e-03 3.646753728e-03 1.599620446e-03
S 2 0  2.189360822e-02 2.843388419e-01 9.584738353e-01  -5.394717378e-03 -7.018015116e-02 9.975197459e-01  1.280312985e-02 9.808405302e-03 4.303355236e-03
S 2 0  2.846139424e-01 2.842477911e-01 9.155315926e-01  -6.926051350e-02 -6.928627109e-02 9.951896271e-01  3.622174729e-03 2.774585970e-03 1.217050827e-03
S 2 0  5.475841080e-01 2.843192772e-01 7.869651792e-01  -1.284116234e-01 -6.678523094e-02 9.894696498e-01  9.026500629e-04 6.907804054e-04 3.024819598e-04
S 2 0  8.107317657e-01 2.844308902e-01 5.116767269e-01  -1.770926984e-01 -6.223294985e-02 9.822246363e-01  5.652980763e-04 4.315114347e-04 1.880645432e-04
S 2 0  -7.662406490e-01 5.461841598e-01 3.384643726e-01  1.609922608e-01 -1.149889825e-01 9.802341689e-01  1.011943677e-03 7.671169587e-04 3.300158132e-04
S 2 0  -5.036457100e-01 5.464113267e-01 6.691604149e-01  1.144612822e-01 -1.244315173e-01 9.856040850e-01  5.964332959e-04 4.554397892e-04 1.986240968e-04
S 2 0  -2.410154400e-01 5.464784634e-01 8.020429207e-01  5.675137826e-02 -1.289377733e-01 9.900274399e-01  9.876018157e-04 7.560566301e-04 3.312785993e-04
S 2 0  2.190313067e-02 5.465211151e-01 8.371588402e-01  -5.207912298e-03 -1.302114980e-01 9.914725631e-01  1.282997546e-03 9.827761678e-04 4.310871882e-04
S 2 0  2.848640434e-01 5.465803245e-01 7.874658250e-01  -6.679162606e-02 -1.284153246e-01 9.894687378e-01  9.050586959e-04 6.926304777e-04 3.032975947e-04
S 2 0  5.475162312e-01 5.464576527e-01 6.337270788e-01  -1.232950755e-01 -1.233058271e-01 9.846796420e-01  5.656064022e-04 4.317442363e-04 1.881639473e-04
S 2 0  8.107129959e-01 5.466376561e-01 2.095989294e-01  -1.655472918e-01 -1.118490063e-01 9.798387081e-01  5.329986569e-03 4.036922473e-03 1.733809942e-03
S 2 0  -5.043380958e-01 8.086147471e-01 3.029608489e-01  1.049454269e-01 -1.688456061e-01 9.800396006e-01  1.326436992e-03 1.001655706e-03 4.277655098e-04
S 2 0  -2.411759907e-01 8.084496042e-01 5.368830217e-01  5.295703666e-02 -1.781348964e-01 9.825800278e-01  5.532756913e-04 4.222905845e-04 1.840104524e-04
S 2 0  2.190643274e-02 8.087542923e-01 5.877385498e-01  -4.868289068e-03 -1.803585761e-01 9.835888795e-01  5.479209940e-04 4.181614786e-04 1.821771584e-04
S 2 0  2.850576141e-01 8.086190500e-01 5.146624026e-01  -6.224509061e-02 -1.771832543e-01 9.822075356e-01  5.638139555e-04 4.303740570e-04 1.875651942e-04
S 2 0  5.483925343e-01 8.087848113e-01 2.124447160e-01  -1.119109099e-01 -1.656229458e-01 9.798188547e-01  4.998363554e-03 3.783542197e-03 1.623185002e-03
S 2 1  -5.044396670e-01 -7.653940549e-01 3.996405423e-01  1.072352358e-01 1.632017840e-01 9.807475628e-01  7.928544488e-10 5.437253980e-10 2.099456997e-10
S 2 1  -2.412186025e-01 -7.653625791e-01 5.966856026e-01  5.373550989e-02 1.710150904e-01 9.838019790e-01  3.764447087e-10 2.585687775e-10 1.001349628e-10
S 2 1  2.194131373e-02 -7.653590515e-01 6.432294312e-01  -4.946470834e-03 1.730303346e-01 9.849040744e-01  3.643415847e-10 2.503214303e-10 9.698849363e-11
S 2 1  2.850729445e-01 -7.653879512e-01 5.769876086e-01  -6.319548457e-02 1.701824975e-01 9.833840797e-01  7.328717038e-04 5.033795605e-04 1.949363213e-04
S 2 1  5.482525106e-01 -7.653165524e-01 3.372087770e-01  -1.149473380e-01 1.609415952e-01 9.802473731e-01  1.578504336e-03 1.076810062e-03 4.116791242e-04
S 2 1  -7.668132893e-01 -5.028999911e-01 3.988595973e-01  1.631705309e-01 1.072189222e-01 9.807545466e-01  7.905506250e-10 5.421242899e-10 2.093123452e-10
S 2 1  -5.034693375e-01 -5.025218619e-01 7.028445095e-01  1.154799422e-01 1.154850869e-01 9.865736555e-01  3.159488782e-10 2.172413915e-10 8.429235088e-11
S 2 1  -2.409497305e-01 -5.028329993e-01 8.301217996e-01  5.717505143e-02 1.195476024e-01 9.911808030e-01  6.452968228e-04 4.448940454e-04 1.734853140e-04
S 2 1  2.189140243e-02 -5.027762732e-01 8.641393323e-01  -5.245876965e-03 1.207135510e-01 9.926735210e-01  8.625389310e-04 5.946347374e-04 2.318514889e-04
S 2 1  2.847324255e-01 -5.027344126e-01 8.162019090e-01  -6.731594854e-02 1.190852044e-01 9.905994534e-01  1.031416352e-03 7.108806167e-04 2.770492283e-04
S 2 1  5.476947250e-01 -5.029074388e-01 6.686662816e-01  -1.244013023e-01 1.144491282e-01 9.856093105e-01  1.105727977e-03 7.599031087e-04 2.945822198e-04
S 2 1  8.106966504e-01 -5.028847388e-01 2.997963984e-01  -1.687644880e-01 1.048887341e-01 9.800596416e-01  3.461103886e-03 2.351596486e-03 8.921961999e-04
S 2 1  -7.667574699e-01 -2.406194450e-01 5.951346613e-01  1.709613389e-01 5.373748814e-02 9.838112131e-01  3.836900242e-10 2.635446583e-10 1.020614288e-10
S 2 1  -5.037593207e-01 -2.405635087e-01 8.296720708e-01  1.195486519e-01 5.718196837e-02 9.911802774e-01  6.789031904e-04 4.680653510e-04 1.825221843e-04
S 2 1  -2.409977016e-01 -2.406543937e-01 9.402157043e-01  5.903513852e-02 5.904711996e-02 9.965080482e-01  1.139222994e-03 7.853807765e-04 3.062245087e-04
S 2 1  2.191250923e-02 -2.405668366e-01 9.703852014e-01  -5.419633896e-03 5.959496301e-02 9.982079282e-01  2.209379105e-03 1.523483545e-03 5.942576681e-04
S 2 1  2.846360781e-01 -2.405219358e-01 9.279717137e-01  -6.951612777e-02 5.883805620e-02 9.958441601e-01  3.119694302e-03 2.150719985e-03 8.385828114e-04
S 2 1  5.476891694e-01 -2.406043391e-01 8.013402060e-01  -1.289223193e-01 5.672898233e-02 9.900307360e-01  2.355712466e-03 1.623050310e-03 6.321400870e-04
S 2 1  8.106811273e-01 -2.406629512e-01 5.337391252e-01  -1.780189513e-01 5.293373360e-02 9.826022964e-01  1.772966702e-03 1.217920333e-03 4.717537959e-04
S 2 1  -7.668101786e-01 2.189276926e-02 6.415004729e-01  1.729673796e-01 -4.945954001e-03 9.849151350e-01  5.550043425e-04 3.813114599e-04 1.477377955e-04
S 2 1  -5.033497108e-01 2.186957514e-02 8.638059911e-01  1.207239213e-01 -5.253459622e-03 9.926722198e-01  9.625299717e-04 6.635685568e-04 2.587294148e-04
S 2 1  -2.409810507e-01 2.189187781e-02 9.702828860e-01  5.958021064e-02 -5.420949496e-03 9.982088017e-01  2.524768701e-03 1.740960404e-03 6.790871266e-04
S 2 1  2.189522510e-02 2.188541082e-02 9.995206991e-01  -5.464459908e-03 -5.470530272e-03 9.999701060e-01  1.180028636e-02 8.139202371e-03 3.176459810e-03
S 2 1  2.847302059e-01 2.188759187e-02 9.583577845e-01  -7.015800031e-02 -5.401512600e-03 9.975212673e-01  3.324110433e-02 2.291926928e-02 8.938463405e-03
S 2 1  5.477662733e-01 2.189540324e-02 8.363448458e-01  -1.301721139e-01 -5.211339270e-03 9.914777167e-01  9.559125639e-03 6.590095814e-03 2.569573000e-03
S 2 1  8.097284337e-01 2.186730825e-02 5.863972070e-01  -1.803662735e-01 -4.878484013e-03 9.835874175e-01  2.824897179e-03 1.940313843e-03 7.514156750e-04
S 2 1  -7.664620309e-01 2.842804800e-01 5.759518764e-01  1.701531517e-01 -6.321449141e-02 9.833879362e-01  9.266266716e-04 6.364624714e-04 2.464739664e-04
S 2 1  -5.038486968e-01 2.843860826e-01 8.156353638e-01  1.190667753e-01 -6.731597366e-02 9.906016670e-01  1.240182901e-03 8.547586040e-04 3.331158368e-04
S 2 1  -2.410095420e-01 2.844455344e-01 9.279036257e-01  5.881646064e-02 -6.953125583e-02 9.958443796e-01  4.407459404e-03 3.038506256e-03 1.184739755e-03
S 2 1  2.189360822e-02 2.843388419e-01 9.584738353e-01  -5.394717378e-03 -7.018015116e-02 9.975197459e-01  7.134963572e-02 4.919459671e-02 1.918582432e-02
S 2 1  2.846139424e-01 2.842477911e-01 9.155315926e-01  -6.926051350e-02 -6.928627109e-02 9.951896271e-01  3.038971138e+01 2.095071793e+01 8.168950081e+00
S 2 1  5.475841080e-01 2.843192772e-01 7.869651792e-01  -1.284116234e-01 -6.678523094e-02 9.894696498e-01  2.822165377e-02 1.943778805e-02 7.565998472e-03
S 2 1  8.107317657e-01 2.844308902e-01 5.116767269e-01  -1.770926984e-01 -6.223294985e-02 9.822246363e-01  4.006224219e-03 2.752288710e-03 1.066280878e-03
S 2 1  -7.662406490e-01 5.461841598e-01 3.384643726e-01  1.609922608e-01 -1.149889825e-01 9.802341689e-01  2.340104198e-03 1.596553484e-03 6.105316570e-04
S 2 1  -5.036457100e-01 5.464113267e-01 6.691604149e-01  1.144612822e-01 -1.244315173e-01 9.856040850e-01  1.341154100e-03 9.217029437e-04 3.573097638e-04
S 2 1  -2.410154400e-01 5.464784634e-01 8.020429207e-01  5.675137826e-02 -1.289377733e-01 9.900274399e-01  3.455547616e-03 2.380853752e-03 9.273135802e-04
S 2 1  2.190313067e-02 5.465211151e-01 8.371588402e-01  -5.207912298e-03 -1.302114980e-01 9.914725631e-01  1.920265704e-02 1.323834434e-02 5.161806010e-03
S 2 1  2.848640434e-01 5.465803245e-01 7.874658250e-01  -6.679162606e-02 -1.284153246e-01 9.894687378e-01  5.103578418e-02 3.515146673e-02 1.368268859e-02
S 2 1  5.475162312e-01 5.464576527e-01 6.337270788e-01  -1.232950755e-01 -1.233058271e-01 9.846796420e-01  1.032424904e-02 7.092750631e-03 2.747822320e-03
S 2 1  8.107129959e-01 5.466376561e-01 2.095989294e-01  -1.655472918e-01 -1.118490063e-01 9.798387081e-01  2.398060821e-02 1.634664461e-02 6.240887567e-03
S 2 1  -5.043380958e-01 8.086147471e-01 3.029608489e-01  1.049454269e-01 -1.688456061e-01 9.800396006e-01  3.676499473e-03 2.498675371e-03 9.485332412e-04
S 2 1  -2.411759907e-01 8.084496042e-01 5.368830217e-01  5.295703666e-02 -1.781348964e-01 9.825800278e-01  2.215113956e-03 1.521631726e-03 5.893844063e-04
S 2 1  2.190643274e-02 8.087542923e-01 5.877385498e-01  -4.868289068e-03 -1.803585761e-01 9.835888795e-01  3.824037500e-03 2.626588801e-03 1.017192611e-03
S 2 1  2.850576141e-01 8.086190500e-01 5.146624026e-01  -6.224509061e-02 -1.771832543e-01 9.822075356e-01  4.998775665e-03 3.434139071e-03 1.330419327e-03
S 2 1  5.483925343e-01 8.087848113e-01 2.124447160e-01  -1.119109099e-01 -1.656229458e-01 9.798188547e-01  2.373116091e-02 1.616716385e-02 6.165535189e-03
S 2 2  -5.044396670e-01 -7.653940549e-01 3.996405423e-01  1.072352358e-01 1.632017840e-01 9.807475628e-01  1.927406294e-03 1.468472765e-03 6.379638216e-04
S 2 2  -2.412186025e-01 -7.653625791e-01 5.966856026e-01  5.373550989e-02 1.710150904e-01 9.838019790e-01  9.072392131e-04 6.923496258e-04 3.016831470e-04
S 2 2  2.194131373e-02 -7.653590515e-01 6.432294312e-01  -4.946470834e-03 1.730303346e-01 9.849040744e-01  5.551061477e-04 4.237492103e-04 1.847343228e-04
S 2 2  2.850729445e-01 -7.653879512e-01 5.769876086e-01  -6.319548457e-02 1.701824975e-01 9.833840797e-01  2.479561001e-10 1.892319357e-10 8.245181621e-11
S 2 2  5.482525106e-01 -7.653165524e-01 3.372087770e-01  -1.149473380e-01 1.609415952e-01 9.802473731e-01  7.393479162e-10 5.603998376e-10 2.410551758e-10
S 2 2  -7.668132893e-01 -5.028999911e-01 3.988595973e-01  1.631705309e-01 1.072189222e-01 9.807545466e-01  4.555242602e-03 3.470198717e-03 1.507370966e-03
S 2 2  -5.034693375e-01 -5.025218619e-01 7.028445095e-01  1.154799422e-01 1.154850869e-01 9.865736555e-01  3.862934187e-03 2.950853668e-03 1.288229483e-03
S 2 2  -2.409497305e-01 -5.028329993e-01 8.301217996e-01  5.717505143e-02 1.195476024e-01 9.911808030e-01  1.636414789e-03 1.253486378e-03 5.499724066e-04
S 2 2  2.189140243e-02 -5.027762732e-01 8.641393323e-01  -5.245876965e-03 1.207135510e-01 9.926735210e-01  6.420501741e-04 4.917959450e-04 2.157544659e-04
S 2 2  2.847324255e-01 -5.027344126e-01 8.162019090e-01  -6.731594854e-02 1.190852044e-01 9.905994534e-01  1.859684906e-10 1.424146356e-10 6.244837980e-11
S 2 2  5.476947250e-01 -5.029074388e-01 6.686662816e-01  -1.244013023e-01 1.144491282e-01 9.856093105e-01  1.847344361e-10 1.410632999e-10 6.152573589e-11
S 2 2  8.106966504e-01 -5.028847388e-01 2.997963984e-01  -1.687644880e-01 1.048887341e-01 9.800596416e-01  1.307072228e-09 9.867461293e-10 4.211991866e-10
S 2 2  -7.667574699e-01 -2.406194450e-01 5.951346613e-01  1.709613389e-01 5.373748814e-02 9.838112131e-01  1.991960034e-02 1.519934833e-02 6.622128189e-03
S 2 2  -5.037593207e-01 -2.405635087e-01 8.296720708e-01  1.195486519e-01 5.718196837e-02 9.911802774e-01  5.481108278e-02 4.198284447e-02 1.841959357e-02
S 2 2  -2.409977016e-01 -2.406543937e-01 9.402157043e-01  5.903513852e-02 5.904711996e-02 9.965080482e-01  4.789093509e-03 3.668213263e-03 1.609270461e-03
S 2 2  2.191250923e-02 -2.405668366e-01 9.703852014e-01  -5.419633896e-03 5.959496301e-02 9.982079282e-01  9.197345353e-04 7.046526880e-04 3.092614934e-04
S 2 2  2.846360781e-01 -2.405219358e-01 9.279717137e-01  -6.951612777e-02 5.883805620e-02 9.958441601e-01  1.941405092e-10 1.487103080e-10 6.523892537e-11
S 2 2  5.476891694e-01 -2.406043391e-01 8.013402060e-01  -1.289223193e-01 5.672898233e-02 9.900307360e-01  1.477858114e-10 1.131354802e-10 4.957593711e-11
S 2 2  8.106811273e-01 -2.406629512e-01 5.337391252e-01  -1.780189513e-01 5.293373360e-02 9.826022964e-01  2.835698065e-10 2.164392415e-10 9.432170323e-11
S 2 2  -7.668101786e-01 2.189276926e-02 6.415004729e-01  1.729673796e-01 -4.945954001e-03 9.849151350e-01  6.288959086e-02 4.799916968e-02 2.092237957e-02
S 2 2  -5.033497108e-01 2.186957514e-02 8.638059911e-01  1.207239213e-01 -5.253459622e-03 9.926722198e-01  1.125397682e+00 8.619526625e-01 3.781312704e-01
S 2 2  -2.409810507e-01 2.189187781e-02 9.702828860e-01  5.958021064e-02 -5.420949496e-03 9.982088017e-01  7.304064464e-03 5.595803726e-03 2.455912530e-03
S 2 2  2.189522510e-02 2.188541082e-02 9.995206991e-01  -5.464459908e-03 -5.470530272e-03 9.999701060e-01  1.024236670e-03 7.849374670e-04 3.446739283e-04
S 2 2  2.847302059e-01 2.188759187e-02 9.583577845e-01  -7.015800031e-02 -5.401512600e-03 9.975212673e-01  1.972857155e-10 1.511381575e-10 6.631883931e-11
S 2 2  5.477662733e-01 2.189540324e-02 8.363448458e-01  -1.301721139e-01 -5.211339270e-03 9.914777167e-01  1.413166806e-10 1.082488821e-10 4.748753474e-11
S 2 2  8.097284337e-01 2.186730825e-02 5.863972070e-01  -1.803662735e-01 -4.878484013e-03 9.835874175e-01  2.358131190e-10 1.799677629e-10 7.841115951e-11
S 2 2  -7.664620309e-01 2.842804800e-01 5.759518764e-01  1.701531517e-01 -6.321449141e-02 9.833879362e-01  9.521592408e-03 7.265291177e-03 3.165340517e-03
S 2 2  -5.038486968e-01 2.843860826e-01 8.156353638e-01  1.190667753e-01 -6.731597366e-02 9.906016670e-01  1.430069469e-02 1.095021516e-02 4.801468458e-03
S 2 2  -2.410095420e-01 2.844455344e-01 9.279036257e-01  5.881646064e-02 -6.953125583e-02 9.958443796e-01  2.995178569e-03 2.294172067e-03 1.006470527e-03
S 2 2  2.189360822e-02 2.843388419e-01 9.584738353e-01  -5.394717378e-03 -7.018015116e-02 9.975197459e-01  7.746378542e-04 5.934307701e-04 2.604007605e-04
S 2 2  2.846139424e-01 2.842477911e-01 9.155315926e-01  -6.926051350e-02 -6.928627109e-02 9.951896271e-01  1.832158592e-10 1.403422378e-10 6.156773008e-11
S 2 2  5.475841080e-01 2.843192772e-01 7.869651792e-01  -1.284116234e-01 -6.678523094e-02 9.894696498e-01  1.485687684e-10 1.136967603e-10 4.979097690e-11
S 2 2  8.107317657e-01 2.844308902e-01 5.116767269e-01  -1.770926984e-01 -6.223294985e-02 9.822246363e-01  3.140087357e-10 2.396943199e-10 1.044736103e-10
S 2 2  -7.662406490e-01 5.461841598e-01 3.384643726e-01  1.609922608e-01 -1.149889825e-01 9.802341689e-01  4.008805379e-03 3.038397292e-03 1.307214261e-03
S 2 2  -5.036457100e-01 5.464113267e-01 6.691604149e-01  1.144612822e-01 -1.244315173e-01 9.856040850e-01  2.131473739e-03 1.627430785e-03 7.098340429e-04
S 2 2  -2.410154400e-01 5.464784634e-01 8.020429207e-01  5.675137826e-02 -1.289377733e-01 9.900274399e-01  1.098388340e-03 8.408217691e-04 3.684749245e-04
S 2 2  2.190313067e-02 5.465211151e-01 8.371588402e-01  -5.207912298e-03 -1.302114980e-01 9.914725631e-01  5.238778540e-04 4.012805584e-04 1.760442683e-04
S 2 2  2.848640434e-01 5.465803245e-01 7.874658250e-01  -6.679162606e-02 -1.284153246e-01 9.894687378e-01  1.771603142e-10 1.355775492e-10 5.937580289e-11
S 2 2  5.475162312e-01 5.464576527e-01 6.337270788e-01  -1.232950755e-01 -1.233058271e-01 9.846796420e-01  1.985615283e-10 1.515678832e-10 6.606341169e-11
S 2 2  8.107129959e-01 5.466376561e-01 2.095989294e-01  -1.655472918e-01 -1.118490063e-01 9.798387081e-01  1.634908386e-08 1.238279879e-08 5.318709029e-09
S 2 2  -5.043380958e-01 8.086147471e-01 3.029608489e-01  1.049454269e-01 -1.688456061e-01 9.800396006e-01  2.690868452e-03 2.031800337e-03 8.678145823e-04
S 2 2  -2.411759907e-01 8.084496042e-01 5.368830217e-01  5.295703666e-02 -1.781348964e-01 9.825800278e-01  8.050029865e-04 6.143897772e-04 2.677569864e-04
S 2 2  2.190643274e-02 8.087542923e-01 5.877385498e-01  -4.868289068e-03 -1.803585761e-01 9.835888795e-01  4.911080468e-04 3.747938317e-04 1.633074135e-04
S 2 2  2.850576141e-01 8.086190500e-01 5.146624026e-01  -6.224509061e-02 -1.771832543e-01 9.822075356e-01  2.849973868e-10 2.175440661e-10 9.482188645e-11
S 2 2  5.483925343e-01 8.087848113e-01 2.124447160e-01  -1.119109099e-01 -1.656229458e-01 9.798188547e-01  9.760713127e-09 7.388421430e-09 3.170060214e-09
S 3 0  -5.044396670e-01 -7.653940549e-01 3.996405423e-01  1.072352358e-01 1.632017840e-01 9.807475628e-01  1.453537378e-03 6.424199324e-03 4.525823891e-02
S 3 0  -2.412186025e-01 -7.653625791e-01 5.966856026e-01  5.373550989e-02 1.710150904e-01 9.838019790e-01  3.160560271e-03 1.398710720e-02 9.857112914e-02
S 3 0  2.194131373e-02 -7.653590515e-01 6.432294312e-01  -4.946470834e-03 1.730303346e-01 9.849040744e-01  3.515883815e-03 1.556052733e-02 1.096611023e-01
S 3 0  2.850729445e-01 -7.653879512e-01 5.769876086e-01  -6.319548457e-02 1.701824975e-01 9.833840797e-01  3.004291793e-03 1.329492312e-02 9.369202703e-02
S 3 0  5.482525106e-01 -7.653165524e-01 3.372087770e-01  -1.149473380e-01 1.609415952e-01 9.802473731e-01  9.007939952e-04 3.976362757e-03 2.800470777e-02
S 3 0  -7.668132893e-01 -5.028999911e-01 3.988595973e-01  1.631705309e-01 1.072189222e-01 9.807545466e-01  1.446770388e-03 6.394223776e-03 4.504694417e-02
S 3 0  -5.034693375e-01 -5.025218619e-01 7.028445095e-01  1.154799422e-01 1.154850869e-01 9.865736555e-01  3.944431897e-03 1.745671779e-02 1.230234802e-01
S 3 0  -2.409497305e-01 -5.028329993e-01 8.301217996e-01  5.717505143e-02 1.195476024e-01 9.911808030e-01  4.775453359e-03 2.111917920e-02 1.488069892e-01
S 3 0  2.189140243e-02 -5.027762732e-01 8.641393323e-01  -5.245876965e-03 1.207135510e-01 9.926735210e-01  4.981523845e-03 2.201754414e-02 1.551139951e-01
S 3 0  2.847324255e-01 -5.027344126e-01 8.162019090e-01  -6.731594854e-02 1.190852044e-01 9.905994534e-01  4.691006616e-03 2.074907906e-02 1.462051868e-01
S 3 0  5.476947250e-01 -5.029074388e-01 6.686662816e-01  -1.244013023e-01 1.144491282e-01 9.856093105e-01  3.702409798e-03 1.638610847e-02 1.154794246e-01
S 3 0  8.106966504e-01 -5.028847388e-01 2.997963984e-01  -1.687644880e-01 1.048887341e-01 9.800596416e-01  6.053899415e-04 2.669002861e-03 1.879128627e-02
S 3 0  -7.667574699e-01 -2.406194450e-01 5.951346613e-01  1.709613389e-01 5.373748814e-02 9.838112131e-01  3.148838179e-03 1.393519063e-02 9.820520133e-02
S 3 0  -5.037593207e-01 -2.405635087e-01 8.296720708e-01  1.195486519e-01 5.718196837e-02 9.911802774e-01  4.772745539e-03 2.110731415e-02 1.487235725e-01
S 3 0  -2.409977016e-01 -2.406543937e-01 9.402157043e-01  5.903513852e-02 5.904711996e-02 9.965080482e-01  5.457826424e-03 2.401321009e-02 1.689799428e-01
S 3 0  2.191250923e-02 -2.405668366e-01 9.703852014e-01  -5.419633896e-03 5.959496301e-02 9.982079282e-01  5.687916651e-03 2.481670119e-02 1.742631942e-01
S 3 0  2.846360781e-01 -2.405219358e-01 9.279717137e-01  -6.951612777e-02 5.883805620e-02 9.958441601e-01  5.376509391e-03 2.368978970e-02 1.667650491e-01
S 3 0  5.476891694e-01 -2.406043391e-01 8.013402060e-01  -1.289223193e-01 5.672898233e-02 9.900307360e-01  4.598176107e-03 2.034130134e-02 1.433368176e-01
S 3 0  8.106811273e-01 -2.406629512e-01 5.337391252e-01  -1.780189513e-01 5.293373360e-02 9.826022964e-01  2.649103990e-03 1.172135863e-02 8.259970695e-02
S 3 0  -7.668101786e-01 2.189276926e-02 6.415004729e-01  1.729673796e-01 -4.945954001e-03 9.849151350e-01  3.503457876e-03 1.550551876e-02 1.092734188e-01
S 3 0  -5.033497108e-01 2.186957514e-02 8.638059911e-01  1.207239213e-01 -5.253459622e-03 9.926722198e-01  4.979513586e-03 2.200881392e-02 1.550527662e-01
S 3 0  -2.409810507e-01 2.189187781e-02 9.702828860e-01  5.958021064e-02 -5.420949496e-03 9.982088017e-01  5.686989985e-03 2.481381595e-02 1.742450148e-01
S 3 0  2.189522510e-02 2.188541082e-02 9.995206991e-01  -5.464459908e-03 -5.470530272e-03 9.999701060e-01  2.402731217e-02 4.372694343e-02 1.976332814e-01
S 3 0  2.847302059e-01 2.188759187e-02 9.583577845e-01  -7.015800031e-02 -5.401512600e-03 9.975212673e-01  5.586328451e-03 2.448755875e-02 1.721562445e-01
S 3 0  5.477662733e-01 2.189540324e-02 8.363448458e-01  -1.301721139e-01 -5.211339270e-03 9.914777167e-01  4.813193344e-03 2.128425986e-02 1.499669552e-01
S 3 0  8.097284337e-01 2.186730825e-02 5.863972070e-01  -1.803662735e-01 -4.878484013e-03 9.835874175e-01  3.079466755e-03 1.362792030e-02 9.603930265e-02
S 3 0  -7.664620309e-01 2.842804800e-01 5.759518764e-01  1.701531517e-01 -6.321449141e-02 9.833879362e-01  2.996269148e-03 1.325938664e-02 9.344153851e-02
S 3 0  -5.038486968e-01 2.843860826e-01 8.156353638e-01  1.190667753e-01 -6.731597366e-02 9.906016670e-01  4.687592387e-03 2.073409222e-02 1.460997611e-01
S 3 0  -2.410095420e-01 2.844455344e-01 9.279036257e-01  5.881646064e-02 -6.953125583e-02 9.958443796e-01  5.376072135e-03 2.368800342e-02 1.667527109e-01
S 3 0  2.189360822e-02 2.843388419e-01 9.584738353e-01  -5.394717378e-03 -7.018015116e-02 9.975197459e-01  5.587197375e-03 2.449065074e-02 1.721767336e-01
S 3 0  2.846139424e-01 2.842477911e-01 9.155315926e-01  -6.926051350e-02 -6.928627109e-02 9.951896271e-01  5.297043361e-03 2.336351387e-02 1.645105183e-01
S 3 0  5.475841080e-01 2.843192772e-01 7.869651792e-01  -1.284116234e-01 -6.678523094e-02 9.894696498e-01  4.506208934e-03 1.993662491e-02 1.404890716e-01
S 3 0  8.107317657e-01 2.844308902e-01 5.116767269e-01  -1.770926984e-01 -6.223294985e-02 9.822246363e-01  2.460929798e-03 1.088760234e-02 7.672224194e-02
S 3 0  -7.662406490e-01 5.461841598e-01 3.384643726e-01  1.609922608e-01 -1.149889825e-01 9.802341689e-01  9.107855149e-04 4.020594992e-03 2.831644937e-02
S 3 0  -5.036457100e-01 5.464113267e-01 6.691604149e-01  1.144612822e-01 -1.244315173e-01 9.856040850e-01  3.705852199e-03 1.640134305e-02 1.155867651e-01
S 3 0  -2.410154400e-01 5.464784634e-01 8.020429207e-01  5.675137826e-02 -1.289377733e-01 9.900274399e-01  4.602576606e-03 2.036065422e-02 1.434730142e-01
S 3 0  2.190313067e-02 5.465211151e-01 8.371588402e-01  -5.207912298e-03 -1.302114980e-01 9.914725631e-01  4.818087909e-03 2.130567841e-02 1.501174569e-01
S 3 0  2.848640434e-01 5.465803245e-01 7.874658250e-01  -6.679162606e-02 -1.284153246e-01 9.894687378e-01  4.509381019e-03 1.995059475e-02 1.405874044e-01
S 3 0  5.475162312e-01 5.464576527e-01 6.337270788e-01  -1.232950755e-01 -1.233058271e-01 9.846796420e-01  3.445003415e-03 1.524672564e-02 1.074494496e-01
S 3 0  8.107129959e-01 5.466376561e-01 2.095989294e-01  -1.655472918e-01 -1.118490063e-01 9.798387081e-01  1.225802407e-04 5.284231738e-04 3.699132474e-03
S 3 0  -5.043380958e-01 8.086147471e-01 3.029608489e-01  1.049454269e-01 -1.688456061e-01 9.800396006e-01  6.279056543e-04 2.768620616e-03 1.949327812e-02
S 3 0  -2.411759907e-01 8.084496042e-01 5.368830217e-01  5.295703666e-02 -1.781348964e-01 9.825800278e-01  2.674425719e-03 1.183354482e-02 8.339053392e-02
S 3 0  2.190643274e-02 8.087542923e-01 5.877385498e-01  -4.868289068e-03 -1.803585761e-01 9.835888795e-01  3.089808859e-03 1.367372833e-02 9.636218846e-02
S 3 0  2.850576141e-01 8.086190500e-01 5.146624026e-01  -6.224509061e-02 -1.771832543e-01 9.822075356e-01  2.485585399e-03 1.099684369e-02 7.749231905e-02
S 3 0  5.483925343e-01 8.087848113e-01 2.124447160e-01  -1.119109099e-01 -1.656229458e-01 9.798188547e-01  1.310661610e-04 5.677370355e-04 3.979293164e-03
S 3 1  -5.044396670e-01 -7.653940549e-01 3.996405423e-01  1.072352358e-01 1.632017840e-01 9.807475628e-01  9.445506877e-11 3.649510971e-10 2.268476740e-09
S 3 1  -2.412186025e-01 -7.653625791e-01 5.966856026e-01  5.373550989e-02 1.710150904e-01 9.838019790e-01  1.342218559e-10 5.291049820e-10 3.305823615e-09
S 3 1  2.194131373e-02 -7.653590515e-01 6.432294312e-01  -4.946470834e-03 1.730303346e-01 9.849040744e-01  1.384068415e-10 5.459387387e-10 3.411533056e-09
S 3 1  2.850729445e-01 -7.653879512e-01 5.769876086e-01  -6.319548457e-02 1.701824975e-01 9.833840797e-01  5.380171933e-04 2.135786694e-03 1.336794253e-02
S 3 1  5.482525106e-01 -7.653165524e-01 3.372087770e-01  -1.149473380e-01 1.609415952e-01 9.802473731e-01  1.632427156e-04 6.411153590e-04 4.001869354e-03
S 3 1  -7.668132893e-01 -5.028999911e-01 3.988595973e-01  1.631705309e-01 1.072189222e-01 9.807545466e-01  9.419603292e-11 3.639560875e-10 2.262301235e-09
S 3 1  -5.034693375e-01 -5.025218619e-01 7.028445095e-01  1.154799422e-01 1.154850869e-01 9.865736555e-01  1.417891360e-10 5.602190378e-10 3.502258705e-09
S 3 1  -2.409497305e-01 -5.028329993e-01 8.301217996e-01  5.717505143e-02 1.195476024e-01 9.911808030e-01  1.335174893e-03 5.310944747e-03 3.325810283e-02
S 3 1  2.189140243e-02 -5.027762732e-01 8.641393323e-01  -5.245876965e-03 1.207135510e-01 9.926735210e-01  3.538296092e-03 1.408435404e-02 8.821453154e-02
S 3 1  2.847324255e-01 -5.027344126e-01 8.162019090e-01  -6.731594854e-02 1.190852044e-01 9.905994534e-01  4.995772615e-03 1.988971792e-02 1.245812476e-01
S 3 1  5.476947250e-01 -5.029074388e-01 6.686662816e-01  -1.244013023e-01 1.144491282e-01 9.856093105e-01  5.370931700e-03 2.138367854e-02 1.339393705e-01
S 3 1  8.106966504e-01 -5.028847388e-01 2.997963984e-01  -1.687644880e-01 1.048887341e-01 9.800596416e-01  1.466416521e-03 5.815364886e-03 3.638918698e-02
S 3 1  -7.667574699e-01 -2.406194450e-01 5.951346613e-01  1.709613389e-01 5.373748814e-02 9.838112131e-01  1.341155798e-10 5.285552551e-10 3.302181417e-09
S 3 1  -5.037593207e-01 -2.405635087e-01 8.296720708e-01  1.195486519e-01 5.718196837e-02 9.911802774e-01  1.705367351e-03 6.784716621e-03 4.248910025e-02
S 3 1  -2.409977016e-01 -2.406543937e-01 9.402157043e-01  5.903513852e-02 5.904711996e-02 9.965080482e-01  4.596953280e-03 1.829642430e-02 1.145929098e-01
S 3 1  2.191250923e-02 -2.405668366e-01 9.703852014e-01  -5.419633896e-03 5.959496301e-02 9.982079282e-01  6.764285266e-03 2.690409310e-02 1.684747040e-01
S 3 1  2.846360781e-01 -2.405219358e-01 9.279717137e-01  -6.951612777e-02 5.883805620e-02 9.958441601e-01  8.299522102e-03 3.299689293e-02 2.066070586e-01
S 3 1  5.476891694e-01 -2.406043391e-01 8.013402060e-01  -1.289223193e-01 5.672898233e-02 9.900307360e-01  9.016659111e-03 3.587869927e-02 2.246993780e-01
S 3 1  8.106811273e-01 -2.406629512e-01 5.337391252e-01  -1.780189513e-01 5.293373360e-02 9.826022964e-01  7.368422113e-03 2.933096327e-02 1.837096065e-01
S 3 1  -7.668101786e-01 2.189276926e-02 6.415004729e-01  1.729673796e-01 -4.945954001e-03 9.849151350e-01  3.775121877e-04 1.499127597e-03 9.383870289e-03
S 3 1  -5.033497108e-01 2.186957514e-02 8.638059911e-01  1.207239213e-01 -5.253459622e-03 9.926722198e-01  4.288032185e-03 1.707019843e-02 1.069181189e-01
S 3 1  -2.409810507e-01 2.189187781e-02 9.702828860e-01  5.958021064e-02 -5.420949496e-03 9.982088017e-01  7.141409907e-03 2.839807048e-02 1.778206676e-01
S 3 1  2.189522510e-02 2.188541082e-02 9.995206991e-01  -5.464459908e-03 -5.470530272e-03 9.999701060e-01  9.349644184e-03 3.698132187e-02 2.312555760e-01
S 3 1  2.847302059e-01 2.188759187e-02 9.583577845e-01  -7.015800031e-02 -5.401512600e-03 9.975212673e-01  1.101562381e-02 4.328078404e-02 2.701896131e-01
S 3 1  5.477662733e-01 2.189540324e-02 8.363448458e-01  -1.301721139e-01 -5.211339270e-03 9.914777167e-01  1.168540120e-02 4.631870613e-02 2.898009419e-01
S 3 1  8.097284337e-01 2.186730825e-02 5.863972070e-01  -1.803662735e-01 -4.878484013e-03 9.835874175e-01  1.030280348e-02 4.099540785e-02 2.567423880e-01
S 3 1  -7.664620309e-01 2.842804800e-01 5.759518764e-01  1.701531517e-01 -6.321449141e-02 9.833879362e-01  1.888114610e-03 7.506614085e-03 4.700187221e-02
S 3 1  -5.038486968e-01 2.843860826e-01 8.156353638e-01  1.190667753e-01 -6.731597366e-02 9.906016670e-01  6.114027929e-03 2.434174530e-02 1.524668336e-01
S 3 1  -2.410095420e-01 2.844455344e-01 9.279036257e-01  5.881646064e-02 -6.953125583e-02 9.958443796e-01  9.063553065e-03 3.600578383e-02 2.254018188e-01
S 3 1  2.189360822e-02 2.843388419e-01 9.584738353e-01  -5.394717378e-03 -7.018015116e-02 9.975197459e-01  1.151670143e-02 4.490493983e-02 2.797805965e-01
S 3 1  2.846139424e-01 2.842477911e-01 9.155315926e-01  -6.926051350e-02 -6.928627109e-02 9.951896271e-01  3.623019904e-02 7.193724811e-02 3.370749950e-01
S 3 1  5.475841080e-01 2.843192772e-01 7.869651792e-01  -1.284116234e-01 -6.678523094e-02 9.894696498e-01  1.357616764e-02 5.348264426e-02 3.341018558e-01
S 3 1  8.107317657e-01 2.844308902e-01 5.116767269e-01  -1.770926984e-01 -6.223294985e-02 9.822246363e-01  1.078899950e-02 4.290441424e-02 2.686577439e-01
S 3 1  -7.662406490e-01 5.461841598e-01 3.384643726e-01  1.609922608e-01 -1.149889825e-01 9.802341689e-01  1.046340796e-03 4.143627826e-03 2.591921389e-02
S 3 1  -5.036457100e-01 5.464113267e-01 6.691604149e-01  1.144612822e-01 -1.244315173e-01 9.856040850e-01  6.819508970e-03 2.715230733e-02 1.700739563e-01
S 3 1  -2.410154400e-01 5.464784634e-01 8.020429207e-01  5.675137826e-02 -1.289377733e-01 9.900274399e-01  1.015387941e-02 4.037770256e-02 2.528344095e-01
S 3 1  2.190313067e-02 5.465211151e-01 8.371588402e-01  -5.207912298e-03 -1.302114980e-01 9.914725631e-01  1.250680629e-02 4.939147085e-02 3.087373674e-01
S 3 1  2.848640434e-01 5.465803245e-01 7.874658250e-01  -6.679162606e-02 -1.284153246e-01 9.894687378e-01  1.405941229e-02 5.509379506e-02 3.437024057e-01
S 3 1  5.475162312e-01 5.464576527e-01 6.337270788e-01  -1.232950755e-01 -1.233058271e-01 9.846796420e-01  1.363794506e-02 5.407175049e-02 3.383304775e-01
S 3 1  8.107129959e-01 5.466376561e-01 2.095989294e-01  -1.655472918e-01 -1.118490063e-01 9.798387081e-01  1.241212944e-03 4.887792747e-03 3.053062968e-02
S 3 1  -5.043380958e-01 8.086147471e-01 3.029608489e-01  1.049454269e-01 -1.688456061e-01 9.800396006e-01  2.184315585e-03 8.674094453e-03 5.429599062e-02
S 3 1  -2.411759907e-01 8.084496042e-01 5.368830217e-01  5.295703666e-02 -1.781348964e-01 9.825800278e-01  8.715026081e-03 3.468675911e-02 2.172476202e-01
S 3 1  2.190643274e-02 8.087542923e-01 5.877385498e-01  -4.868289068e-03 -1.803585761e-01 9.835888795e-01  1.136489771e-02 4.519822821e-02 2.830268145e-01
S 3 1  2.850576141e-01 8.086190500e-01 5.146624026e-01  -6.224509061e-02 -1.771832543e-01 9.822075356e-01  1.149078831e-02 4.567286372e-02 2.859580815e-01
S 3 1  5.483925343e-01 8.087848113e-01 2.124447160e-01  -1.119109099e-01 -1.656229458e-01 9.798188547e-01  1.356831985e-03 5.352888256e-03 3.345131129e-02
S 3 2  -5.044396670e-01 -7.653940549e-01 3.996405423e-01  1.072352358e-01 1.632017840e-01 9.807475628e-01  3.336635418e-03 1.471358165e-02 1.035976633e-01
S 3 2  -2.412186025e-01 -7.653625791e-01 5.966856026e-01  5.373550989e-02 1.710150904e-01 9.838019790e-01  3.112367820e-03 1.374435984e-02 9.680840373e-02
S 3 2  2.194131373e-02 -7.653590515e-01 6.432294312e-01  -4.946470834e-03 1.730303346e-01 9.849040744e-01  1.168769784e-03 5.157358944e-03 3.631880879e-02
S 3 2  2.850729445e-01 -7.653879512e-01 5.769876086e-01  -6.319548457e-02 1.701824975e-01 9.833840797e-01  7.951358322e-11 3.470957133e-10 2.437621216e-09
S 3 2  5.482525106e-01 -7.653165524e-01 3.372087770e-01  -1.149473380e-01 1.609415952e-01 9.802473731e-01  4.345525675e-11 1.803259486e-10 1.249648829e-09
S 3 2  -7.668132893e-01 -5.028999911e-01 3.988595973e-01  1.631705309e-01 1.072189222e-01 9.807545466e-01  4.680856131e-03 2.056791075e-02 1.446879059e-01
S 3 2  -5.034693375e-01 -5.025218619e-01 7.028445095e-01  1.154799422e-01 1.154850869e-01 9.865736555e-01  5.570329726e-03 2.447570488e-02 1.721767783e-01
S 3 2  -2.409497305e-01 -5.028329993e-01 8.301217996e-01  5.717505143e-02 1.195476024e-01 9.911808030e-01  3.668637946e-03 1.616905257e-02 1.138304248e-01
S 3 2  2.189140243e-02 -5.027762732e-01 8.641393323e-01  -5.245876965e-03 1.207135510e-01 9.926735210e-01  1.494375756e-03 6.594317965e-03 4.643837735e-02
S 3 2  2.847324255e-01 -5.027344126e-01 8.162019090e-01  -6.731594854e-02 1.190852044e-01 9.905994534e-01  8.718897826e-11 3.823344141e-10 2.688202549e-09
S 3 2  5.476947250e-01 -5.029074388e-01 6.686662816e-01  -1.244013023e-01 1.144491282e-01 9.856093105e-01  8.405024593e-11 3.686171923e-10 2.591839188e-09
S 3 2  8.106966504e-01 -5.028847388e-01 2.997963984e-01  -1.687644880e-01 1.048887341e-01 9.800596416e-01  3.577456387e-11 1.391054216e-10 9.463932971e-10
S 3 2  -7.667574699e-01 -2.406194450e-01 5.951346613e-01  1.709613389e-01 5.373748814e-02 9.838112131e-01  7.210863754e-03 3.114083409e-02 2.180972993e-01
S 3 2  -5.037593207e-01 -2.405635087e-01 8.296720708e-01  1.195486519e-01 5.718196837e-02 9.911802774e-01  6.127334666e-03 2.588338964e-02 1.802305430e-01
S 3 2  -2.409977016e-01 -2.406543937e-01 9.402157043e-01  5.903513852e-02 5.904711996e-02 9.965080482e-01  3.789485665e-03 1.658062078e-02 1.165132970e-01
S 3 2  2.191250923e-02 -2.405668366e-01 9.703852014e-01  -5.419633896e-03 5.959496301e-02 9.982079282e-01  1.565264538e-03 6.897346582e-03 4.855503887e-02
S 3 2  2.846360781e-01 -2.405219358e-01 9.279717137e-01  -6.951612777e-02 5.883805620e-02 9.958441601e-01  8.748063385e-11 3.834894069e-10 2.696102452e-09
S 3 2  5.476891694e-01 -2.406043391e-01 8.013402060e-01  -1.289223193e-01 5.672898233e-02 9.900307360e-01  8.678833346e-11 3.814993876e-10 2.683973488e-09
S 3 2  8.106811273e-01 -2.406629512e-01 5.337391252e-01  -1.780189513e-01 5.293373360e-02 9.826022964e-01  7.595173795e-11 3.309701402e-10 2.323339965e-09
S 3 2  -7.668101786e-01 2.189276926e-02 6.415004729e-01  1.729673796e-01 -4.945954001e-03 9.849151350e-01  7.664882578e-03 3.228917718e-02 2.246701866e-01
S 3 2  -5.033497108e-01 2.186957514e-02 8.638059911e-01  1.207239213e-01 -5.253459622e-03 9.926722198e-01  7.009760477e-03 2.666269988e-02 1.802042127e-01
S 3 2  -2.409810507e-01 2.189187781e-02 9.702828860e-01  5.958021064e-02 -5.420949496e-03 9.982088017e-01  3.746456001e-03 1.631467789e-02 1.145057976e-01
S 3 2  2.189522510e-02 2.188541082e-02 9.995206991e-01  -5.464459908e-03 -5.470530272e-03 9.999701060e-01  1.501699910e-03 6.612655241e-03 4.654276744e-02
S 3 2  2.847302059e-01 2.188759187e-02 9.583577845e-01  -7.015800031e-02 -5.401512600e-03 9.975212673e-01  8.742398472e-11 3.831879258e-10 2.693888002e-09
S 3 2  5.477662733e-01 2.189540324e-02 8.363448458e-01  -1.301721139e-01 -5.211339270e-03 9.914777167e-01  8.695575510e-11 3.823816819e-10 2.690440759e-09
S 3 2  8.097284337e-01 2.186730825e-02 5.863972070e-01  -1.803662735e-01 -4.878484013e-03 9.835874175e-01  8.002214863e-11 3.498971946e-10 2.458336645e-09
S 3 2  -7.664620309e-01 2.842804800e-01 5.759518764e-01  1.701531517e-01 -6.321449141e-02 9.833879362e-01  6.755651906e-03 2.947711945e-02 2.069920152e-01
S 3 2  -5.038486968e-01 2.843860826e-01 8.156353638e-01  1.190667753e-01 -6.731597366e-02 9.906016670e-01  5.664704368e-03 2.454731427e-02 1.720705330e-01
S 3 2  -2.410095420e-01 2.844455344e-01 9.279036257e-01  5.881646064e-02 -6.953125583e-02 9.958443796e-01  3.526464337e-03 1.548379473e-02 1.089022309e-01
S 3 2  2.189360822e-02 2.843388419e-01 9.584738353e-01  -5.394717378e-03 -7.018015116e-02 9.975197459e-01  1.322458964e-03 5.829396658e-03 4.104052484e-02
S 3 2  2.846139424e-01 2.842477911e-01 9.155315926e-01  -6.926051350e-02 -6.928627109e-02 9.951896271e-01  8.740606849e-11 3.834024764e-10 2.695918599e-09
S 3 2  5.475841080e-01 2.843192772e-01 7.869651792e-01  -1.284116234e-01 -6.678523094e-02 9.894696498e-01  8.662183471e-11 3.807567595e-10 2.678730127e-09
S 3 2  8.107317657e-01 2.844308902e-01 5.116767269e-01  -1.770926984e-01 -6.223294985e-02 9.822246363e-01  7.379810651e-11 3.208895372e-10 2.251328013e-09
S 3 2  -7.662406490e-01 5.461841598e-01 3.384643726e-01  1.609922608e-01 -1.149889825e-01 9.802341689e-01  3.201571992e-03 1.408480760e-02 9.911171347e-02
S 3 2  -5.036457100e-01 5.464113267e-01 6.691604149e-01  1.144612822e-01 -1.244315173e-01 9.856040850e-01  4.992135335e-03 2.200153656e-02 1.548900306e-01
S 3 2  -2.410154400e-01 5.464784634e-01 8.020429207e-01  5.675137826e-02 -1.289377733e-01 9.900274399e-01  3.164430149e-03 1.396364346e-02 9.833411872e-02
S 3 2  2.190313067e-02 5.465211151e-01 8.371588402e-01  -5.207912298e-03 -1.302114980e-01 9.914725631e-01  1.002333709e-03 4.422672559e-03 3.114457801e-02
S 3 2  2.848640434e-01 5.465803245e-01 7.874658250e-01  -6.679162606e-02 -1.284153246e-01 9.894687378e-01  8.683816860e-11 3.810026461e-10 2.679206634e-09
S 3 2  5.475162312e-01 5.464576527e-01 6.337270788e-01  -1.232950755e-01 -1.233058271e-01 9.846796420e-01  8.261140383e-11 3.619922695e-10 2.544697120e-09
S 3 2  8.107129959e-01 5.466376561e-01 2.095989294e-01  -1.655472918e-01 -1.118490063e-01 9.798387081e-01  6.843024064e-11 9.800672773e-11 3.290774875e-10
S 3 2  -5.043380958e-01 8.086147471e-01 3.029608489e-01  1.049454269e-01 -1.688456061e-01 9.800396006e-01  1.598047907e-03 7.037374191e-03 4.953292385e-02
S 3 2  -2.411759907e-01 8.084496042e-01 5.368830217e-01  5.295703666e-02 -1.781348964e-01 9.825800278e-01  2.261861693e-03 9.985083714e-03 7.032391429e-02
S 3 2  2.190643274e-02 8.087542923e-01 5.877385498e-01  -4.868289068e-03 -1.803585761e-01 9.835888795e-01  4.289869685e-04 1.889691921e-03 1.330166869e-02
S 3 2  2.850576141e-01 8.086190500e-01 5.146624026e-01  -6.224509061e-02 -1.771832543e-01 9.822075356e-01  7.402235769e-11 3.221450329e-10 2.260640564e-09
S 3 2  5.483925343e-01 8.087848113e-01 2.124447160e-01  -1.119109099e-01 -1.656229458e-01 9.798188547e-01  4.544740279e-11 7.662392942e-11 3.201952037e-10
S 4 0  -5.044396670e-01 -7.653940549e-01 3.996405423e-01  1.072352358e-01 1.632017840e-01 9.807475628e-01  3.215393797e-02 3.046162426e-02 2.707700059e-02
S 4 0  -2.412186025e-01 -7.653625791e-01 5.966856026e-01  5.373550989e-02 1.710150904e-01 9.838019790e-01  5.775465071e-02 5.471493304e-02 4.863549769e-02
S 4 0  2.194131373e-02 -7.653590515e-01 6.432294312e-01  -4.946470834e-03 1.730303346e-01 9.849040744e-01  6.354127824e-02 6.019699574e-02 5.350844190e-02
S 4 0  2.850729445e-01 -7.653879512e-01 5.769876086e-01  -6.319548457e-02 1.701824975e-01 9.833840797e-01  5.526949465e-02 5.236057192e-02 4.654273391e-02
S 4 0  5.482525106e-01 -7.653165524e-01 3.372087770e-01  -1.149473380e-01 1.609415952e-01 9.802473731e-01  2.425996214e-02 2.298312075e-02 2.042943984e-02
S 4 0  -7.668132893e-01 -5.028999911e-01 3.988595973e-01  1.631705309e-01 1.072189222e-01 9.807545466e-01  3.205573559e-02 3.036859259e-02 2.699430846e-02
S 4 0  -5.034693375e-01 -5.025218619e-01 7.028445095e-01  1.154799422e-01 1.154850869e-01 9.865736555e-01  7.081793994e-02 6.709067523e-02 5.963616073e-02
S 4 0  -2.409497305e-01 -5.028329993e-01 8.301217996e-01  5.717505143e-02 1.195476024e-01 9.911808030e-01  8.679520339e-02 8.222703636e-02 7.309070230e-02
S 4 0  2.189140243e-02 -5.027762732e-01 8.641393323e-01  -5.245876965e-03 1.207135510e-01 9.926735210e-01  9.187857807e-02 8.704286069e-02 7.737143338e-02
S 4 0  2.847324255e-01 -5.027344126e-01 8.162019090e-01  -6.731594854e-02 1.190852044e-01 9.905994534e-01  8.491833508e-02 8.044894785e-02 7.151018083e-02
S 4 0  5.476947250e-01 -5.029074388e-01 6.686662816e-01  -1.244013023e-01 1.144491282e-01 9.856093105e-01  6.666240841e-02 6.315386295e-02 5.613676831e-02
S 4 0  8.106966504e-01 -5.028847388e-01 2.997963984e-01  -1.687644880e-01 1.048887341e-01 9.800596416e-01  1.993416809e-02 1.888500154e-02 1.678667031e-02
S 4 0  -7.667574699e-01 -2.406194450e-01 5.951346613e-01  1.709613389e-01 5.373748814e-02 9.838112131e-01  5.756497011e-02 5.453523248e-02 4.847576469e-02
S 4 0  -5.037593207e-01 -2.405635087e-01 8.296720708e-01  1.195486519e-01 5.718196837e-02 9.911802774e-01  8.673439920e-02 8.216942847e-02 7.303949445e-02
S 4 0  -2.409977016e-01 -2.406543937e-01 9.402157043e-01  5.903513852e-02 5.904711996e-02 9.965080482e-01  1.131163910e-01 1.071628928e-01 9.525591135e-02
S 4 0  2.191250923e-02 -2.405668366e-01 9.703852014e-01  -5.419633896e-03 5.959496301e-02 9.982079282e-01  1.457648724e-01 1.380930245e-01 1.227493733e-01
S 4 0  2.846360781e-01 -2.405219358e-01 9.279717137e-01  -6.951612777e-02 5.883805620e-02 9.958441601e-01  1.073299050e-01 1.016809642e-01 9.038308263e-02
S 4 0  5.476891694e-01 -2.406043391e-01 8.013402060e-01  -1.289223193e-01 5.672898233e-02 9.900307360e-01  8.297879994e-02 7.861150056e-02 6.987688690e-02
S 4 0  8.106811273e-01 -2.406629512e-01 5.337391252e-01  -1.780189513e-01 5.293373360e-02 9.826022964e-01  4.974123836e-02 4.712327942e-02 4.188736528e-02
S 4 0  -7.668101786e-01 2.189276926e-02 6.415004729e-01  1.729673796e-01 -4.945954001e-03 9.849151350e-01  6.333354115e-02 6.000019610e-02 5.333350971e-02
S 4 0  -5.033497108e-01 2.186957514e-02 8.638059911e-01  1.207239213e-01 -5.253459622e-03 9.926722198e-01  9.182531387e-02 8.699240535e-02 7.732658088e-02
S 4 0  -2.409810507e-01 2.189187781e-02 9.702828860e-01  5.958021064e-02 -5.420949496e-03 9.982088017e-01  1.455750763e-01 1.379132420e-01 1.225895435e-01
S 4 0  2.189522510e-02 2.188541082e-02 9.995206991e-01  -5.464459908e-03 -5.470530272e-03 9.999701060e-01  4.299023151e-01 4.072758853e-01 3.620230258e-01
S 4 0  2.847302059e-01 2.188759187e-02 9.583577845e-01  -7.015800031e-02 -5.401512600e-03 9.975212673e-01  1.273993105e-01 1.206940934e-01 1.072836444e-01
S 4 0  5.477662733e-01 2.189540324e-02 8.363448458e-01  -1.301721139e-01 -5.211339270e-03 9.914777167e-01  8.766672015e-02 8.305267990e-02 7.382460684e-02
S 4 0  8.097284337e-01 2.186730825e-02 5.863972070e-01  -1.803662735e-01 -4.878484013e-03 9.835874175e-01  5.646033958e-02 5.348874256e-02 4.754555225e-02
S 4 0  -7.664620309e-01 2.842804800e-01 5.759518764e-01  1.701531517e-01 -6.321449141e-02 9.833879362e-01  5.514149740e-02 5.223931372e-02 4.643494636e-02
S 4 0  -5.038486968e-01 2.843860826e-01 8.156353638e-01  1.190667753e-01 -6.731597366e-02 9.906016670e-01  8.484510332e-02 8.037956804e-02 7.144850492e-02
S 4 0  -2.410095420e-01 2.844455344e-01 9.279036257e-01  5.881646064e-02 -6.953125583e-02 9.958443796e-01  1.073046774e-01 1.016570553e-01 9.036183357e-02
S 4 0  2.189360822e-02 2.843388419e-01 9.584738353e-01  -5.394717378e-03 -7.018015116e-02 9.975197459e-01  1.275144517e-01 1.208031774e-01 1.073805988e-01
S 4 0  2.846139424e-01 2.842477911e-01 9.155315926e-01  -6.926051350e-02 -6.928627109e-02 9.951896271e-01  1.029959023e-01 9.757506847e-02 8.673339337e-02
S 4 0  5.475841080e-01 2.843192772e-01 7.869651792e-01  -1.284116234e-01 -6.678523094e-02 9.894696498e-01  8.114022017e-02 7.686968148e-02 6.832861155e-02
S 4 0  8.107317657e-01 2.844308902e-01 5.116767269e-01  -1.770926984e-01 -6.223294985e-02 9.822246363e-01  4.687852040e-02 4.441122711e-02 3.947665170e-02
S 4 0  -7.662406490e-01 5.461841598e-01 3.384643726e-01  1.609922608e-01 -1.149889825e-01 9.802341689e-01  2.440662496e-02 2.312206291e-02 2.055294625e-02
S 4 0  -5.036457100e-01 5.464113267e-01 6.691604149e-01  1.144612822e-01 -1.244315173e-01 9.856040850e-01  6.672118604e-02 6.320953369e-02 5.618626252e-02
S 4 0  -2.410154400e-01 5.464784634e-01 8.020429207e-01  5.675137826e-02 -1.289377733e-01 9.900274399e-01  8.306797594e-02 7.869597524e-02 6.995198876e-02
S 4 0  2.190313067e-02 5.465211151e-01 8.371588402e-01  -5.207912298e-03 -1.302114980e-01 9.914725631e-01  8.777915686e-02 8.315920830e-02 7.391929626e-02
S 4 0  2.848640434e-01 5.465803245e-01 7.874658250e-01  -6.679162606e-02 -1.284153246e-01 9.894687378e-01  8.120242506e-02 7.692860812e-02 6.838098913e-02
S 4 0  5.475162312e-01 5.464576527e-01 6.337270788e-01  -1.232950755e-01 -1.233058271e-01 9.846796420e-01  6.237039715e-02 5.908774585e-02 5.252243951e-02
S 4 0  8.107129959e-01 5.466376561e-01 2.095989294e-01  -1.655472918e-01 -1.118490063e-01 9.798387081e-01  1.195199322e-02 1.132294070e-02 1.006483659e-02
S 4 0  -5.043380958e-01 8.086147471e-01 3.029608489e-01  1.049454269e-01 -1.688456061e-01 9.800396006e-01  2.027498372e-02 1.920787804e-02 1.707367040e-02
S 4 0  -2.411759907e-01 8.084496042e-01 5.368830217e-01  5.295703666e-02 -1.781348964e-01 9.825800278e-01  5.013491586e-02 4.749623314e-02 4.221887514e-02
S 4 0  2.190643274e-02 8.087542923e-01 5.877385498e-01  -4.868289068e-03 -1.803585761e-01 9.835888795e-01  5.662619695e-02 5.364587158e-02 4.768521711e-02
S 4 0  2.850576141e-01 8.086190500e-01 5.146624026e-01  -6.224509061e-02 -1.771832543e-01 9.822075356e-01  4.725601897e-02 4.476885870e-02 3.979454190e-02
S 4 0  5.483925343e-01 8.087848113e-01 2.124447160e-01  -1.119109099e-01 -1.656229458e-01 9.798188547e-01  1.213100553e-02 1.149253175e-02 1.021558326e-02
S 4 1  -5.044396670e-01 -7.653940549e-01 3.996405423e-01  1.072352358e-01 1.632017840e-01 9.807475628e-01  2.500862628e-09 2.132314547e-09 1.684791640e-09
S 4 1  -2.412186025e-01 -7.653625791e-01 5.966856026e-01  5.373550989e-02 1.710150904e-01 9.838019790e-01  2.669055199e-09 2.275720945e-09 1.798100335e-09
S 4 1  2.194131373e-02 -7.653590515e-01 6.432294312e-01  -4.946470834e-03 1.730303346e-01 9.849040744e-01  2.710927038e-09 2.311421721e-09 1.826308771e-09
S 4 1  2.850729445e-01 -7.653879512e-01 5.769876086e-01  -6.319548457e-02 1.701824975e-01 9.833840797e-01  1.077547669e-02 9.187512100e-03 7.259269245e-03
S 4 1  5.482525106e-01 -7.653165524e-01 3.372087770e-01  -1.149473380e-01 1.609415952e-01 9.802473731e-01  5.522897001e-03 4.708996043e-03 3.720688634e-03
S 4 1  -7.668132893e-01 -5.028999911e-01 3.988595973e-01  1.631705309e-01 1.072189222e-01 9.807545466e-01  2.495831319e-09 2.128024423e-09 1.681402351e-09
S 4 1  -5.034693375e-01 -5.025218619e-01 7.028445095e-01  1.154799422e-01 1.154850869e-01 9.865736555e-01  2.713552494e-09 2.313660596e-09 1.828077578e-09
S 4 1  -2.409497305e-01 -5.028329993e-01 8.301217996e-01  5.717505143e-02 1.195476024e-01 9.911808030e-01  2.469322644e-02 2.105422691e-02 1.663543843e-02
S 4 1  2.189140243e-02 -5.027762732e-01 8.641393323e-01  -5.245876965e-03 1.207135510e-01 9.926735210e-01  6.406404078e-02 5.462302268e-02 4.315893352e-02
S 4 1  2.847324255e-01 -5.027344126e-01 8.162019090e-01  -6.731594854e-02 1.190852044e-01 9.905994534e-01  8.998659253e-02 7.672540843e-02 6.062254682e-02
S 4 1  5.476947250e-01 -5.029074388e-01 6.686662816e-01  -1.244013023e-01 1.144491282e-01 9.856093105e-01  9.760491550e-02 8.322102576e-02 6.575489789e-02
S 4 1  8.106966504e-01 -5.028847388e-01 2.997963984e-01  -1.687644880e-01 1.048887341e-01 9.800596416e-01  4.856121168e-02 4.140482470e-02 3.271492571e-02
S 4 1  -7.667574699e-01 -2.406194450e-01 5.951346613e-01  1.709613389e-01 5.373748814e-02 9.838112131e-01  2.673693267e-09 2.279675115e-09 1.801225058e-09
S 4 1  -5.037593207e-01 -2.405635087e-01 8.296720708e-01  1.195486519e-01 5.718196837e-02 9.911802774e-01  3.136806563e-02 2.674540132e-02 2.113216929e-02
S 4 1  -2.409977016e-01 -2.406543937e-01 9.402157043e-01  5.903513852e-02 5.904711996e-02 9.965080482e-01  8.332215995e-02 7.104310393e-02 5.613282323e-02
S 4 1  2.191250923e-02 -2.405668366e-01 9.703852014e-01  -5.419633896e-03 5.959496301e-02 9.982079282e-01  1.245518327e-01 1.061968207e-01 8.390860260e-02
S 4 1  2.846360781e-01 -2.405219358e-01 9.279717137e-01  -6.951612777e-02 5.883805620e-02 9.958441601e-01  1.542171687e-01 1.314904243e-01 1.038936749e-01
S 4 1  5.476891694e-01 -2.406043391e-01 8.013402060e-01  -1.289223193e-01 5.672898233e-02 9.900307360e-01  1.643648446e-01 1.401426494e-01 1.107299998e-01
S 4 1  8.106811273e-01 -2.406629512e-01 5.337391252e-01  -1.780189513e-01 5.293373360e-02 9.826022964e-01  1.392167658e-01 1.187006086e-01 9.378813207e-02
S 4 1  -7.668101786e-01 2.189276926e-02 6.415004729e-01  1.729673796e-01 -4.945954001e-03 9.849151350e-01  7.378899027e-03 6.291482132e-03 4.971047863e-03
S 4 1  -5.033497108e-01 2.186957514e-02 8.638059911e-01  1.207239213e-01 -5.253459622e-03 9.926722198e-01  7.743669301e-02 6.602497399e-02 5.216788128e-02
S 4 1  -2.409810507e-01 2.189187781e-02 9.702828860e-01  5.958021064e-02 -5.420949496e-03 9.982088017e-01  1.321388632e-01 1.126657799e-01 8.901987970e-02
S 4 1  2.189522510e-02 2.188541082e-02 9.995206991e-01  -5.464459908e-03 -5.470530272e-03 9.999701060e-01  1.963463724e-01 1.674111336e-01 1.322754622e-01
S 4 1  2.847302059e-01 2.188759187e-02 9.583577845e-01  -7.015800031e-02 -5.401512600e-03 9.975212673e-01  2.696830332e-01 2.299402654e-01 1.816812158e-01
S 4 1  5.477662733e-01 2.189540324e-02 8.363448458e-01  -1.301721139e-01 -5.211339270e-03 9.914777167e-01  2.330499589e-01 1.987057328e-01 1.570020616e-01
S 4 1  8.097284337e-01 2.186730825e-02 5.863972070e-01  -1.803662735e-01 -4.878484013e-03 9.835874175e-01  1.925580353e-01 1.641810685e-01 1.297233105e-01
S 4 1  -7.664620309e-01 2.842804800e-01 5.759518764e-01  1.701531517e-01 -6.321449141e-02 9.833879362e-01  3.632741421e-02 3.097390011e-02 2.447320707e-02
S 4 1  -5.038486968e-01 2.843860826e-01 8.156353638e-01  1.190667753e-01 -6.731597366e-02 9.906016670e-01  1.100955978e-01 9.387098998e-02 7.416967303e-02
S 4 1  -2.410095420e-01 2.844455344e-01 9.279036257e-01  5.881646064e-02 -6.953125583e-02 9.958443796e-01  1.715906858e-01 1.463036239e-01 1.155979410e-01
S 4 1  2.189360822e-02 2.843388419e-01 9.584738353e-01  -5.394717378e-03 -7.018015116e-02 9.975197459e-01  3.326120973e-01 2.835955918e-01 2.240755409e-01
S 4 1  2.846139424e-01 2.842477911e-01 9.155315926e-01  -6.926051350e-02 -6.928627109e-02 9.951896271e-01  1.148692131e+00 9.794112444e-01 7.738558054e-01
S 4 1  5.475841080e-01 2.843192772e-01 7.869651792e-01  -1.284116234e-01 -6.678523094e-02 9.894696498e-01  3.120646477e-01 2.660761774e-01 2.102330327e-01
S 4 1  8.107317657e-01 2.844308902e-01 5.116767269e-01  -1.770926984e-01 -6.223294985e-02 9.822246363e-01  2.108282149e-01 1.797588021e-01 1.420316547e-01
S 4 1  -7.662406490e-01 5.461841598e-01 3.384643726e-01  1.609922608e-01 -1.149889825e-01 9.802341689e-01  3.016808257e-02 2.572225779e-02 2.032376081e-02
S 4 1  -5.036457100e-01 5.464113267e-01 6.691604149e-01  1.144612822e-01 -1.244315173e-01 9.856040850e-01  1.237258241e-01 1.054925472e-01 8.335214108e-02
S 4 1  -2.410154400e-01 5.464784634e-01 8.020429207e-01  5.675137826e-02 -1.289377733e-01 9.900274399e-01  1.878749579e-01 1.601881087e-01 1.265684068e-01
S 4 1  2.190313067e-02 5.465211151e-01 8.371588402e-01  -5.207912298e-03 -1.302114980e-01 9.914725631e-01  2.718966901e-01 2.318276763e-01 1.831724942e-01
S 4 1  2.848640434e-01 5.465803245e-01 7.874658250e-01  -6.679162606e-02 -1.284153246e-01 9.894687378e-01  3.631353974e-01 3.096207380e-01 2.446386218e-01
S 4 1  5.475162312e-01 5.464576527e-01 6.337270788e-01  -1.232950755e-01 -1.233058271e-01 9.846796420e-01  2.737199962e-01 2.333822846e-01 1.844008416e-01
S 4 1  8.107129959e-01 5.466376561e-01 2.095989294e-01  -1.655472918e-01 -1.118490063e-01 9.798387081e-01  1.053550914e-01 8.982907981e-02 7.097606361e-02
S 4 1  -5.043380958e-01 8.086147471e-01 3.029608489e-01  1.049454269e-01 -1.688456061e-01 9.800396006e-01  6.888435781e-02 5.873297527e-02 4.640630633e-02
S 4 1  -2.411759907e-01 8.084496042e-01 5.368830217e-01  5.295703666e-02 -1.781348964e-01 9.825800278e-01  1.648842394e-01 1.405854970e-01 1.110799089e-01
S 4 1  2.190643274e-02 8.087542923e-01 5.877385498e-01  -4.868289068e-03 -1.803585761e-01 9.835888795e-01  2.148250341e-01 1.831666082e-01 1.447242349e-01
S 4 1  2.850576141e-01 8.086190500e-01 5.146624026e-01  -6.224509061e-02 -1.771832543e-01 9.822075356e-01  2.266789973e-01 1.932736784e-01 1.527100801e-01
S 4 1  5.483925343e-01 8.087848113e-01 2.124447160e-01  -1.119109099e-01 -1.656229458e-01 9.798188547e-01  1.098336354e-01 9.364763647e-02 7.399319857e-02
S 4 2  -5.044396670e-01 -7.653940549e-01 3.996405423e-01  1.072352358e-01 1.632017840e-01 9.807475628e-01  7.447263598e-02 7.055301964e-02 6.271379441e-02
S 4 2  -2.412186025e-01 -7.653625791e-01 5.966856026e-01  5.373550989e-02 1.710150904e-01 9.838019790e-01  5.820278451e-02 5.513947830e-02 4.901286960e-02
S 4 2  2.194131373e-02 -7.653590515e-01 6.432294312e-01  -4.946470834e-03 1.730303346e-01 9.849040744e-01  2.211860195e-02 2.095446549e-02 1.862619258e-02
S 4 2  2.850729445e-01 -7.653879512e-01 5.769876086e-01  -6.319548457e-02 1.701824975e-01 9.833840797e-01  1.606183631e-09 1.521647697e-09 1.352575718e-09
S 4 2  5.482525106e-01 -7.653165524e-01 3.372087770e-01  -1.149473380e-01 1.609415952e-01 9.802473731e-01  1.489971813e-09 1.411552208e-09 1.254713111e-09
S 4 2  -7.668132893e-01 -5.028999911e-01 3.988595973e-01  1.631705309e-01 1.072189222e-01 9.807545466e-01  1.097052321e-01 1.039312780e-01 9.238335490e-02
S 4 2  -5.034693375e-01 -5.025218619e-01 7.028445095e-01  1.154799422e-01 1.154850869e-01 9.865736555e-01  1.101676449e-01 1.043693423e-01 9.277275205e-02
S 4 2  -2.409497305e-01 -5.028329993e-01 8.301217996e-01  5.717505143e-02 1.195476024e-01 9.911808030e-01  6.921786070e-02 6.557480991e-02 5.828872323e-02
S 4 2  2.189140243e-02 -5.027762732e-01 8.641393323e-01  -5.245876965e-03 1.207135510e-01 9.926735210e-01  2.784546465e-02 2.637991309e-02 2.344881371e-02
S 4 2  2.847324255e-01 -5.027344126e-01 8.162019090e-01  -6.731594854e-02 1.190852044e-01 9.905994534e-01  1.650433457e-09 1.563568608e-09 1.389838689e-09
S 4 2  5.476947250e-01 -5.029074388e-01 6.686662816e-01  -1.244013023e-01 1.144491282e-01 9.856093105e-01  1.610710454e-09 1.525936266e-09 1.356387891e-09
S 4 2  8.106966504e-01 -5.028847388e-01 2.997963984e-01  -1.687644880e-01 1.048887341e-01 9.800596416e-01  1.685288797e-09 1.596589194e-09 1.419190432e-09
S 4 2  -7.667574699e-01 -2.406194450e-01 5.951346613e-01  1.709613389e-01 5.373748814e-02 9.838112131e-01  1.830920130e-01 1.734555811e-01 1.541827470e-01
S 4 2  -5.037593207e-01 -2.405635087e-01 8.296720708e-01  1.195486519e-01 5.718196837e-02 9.911802774e-01  2.080969810e-01 1.971444786e-01 1.752395630e-01
S 4 2  -2.409977016e-01 -2.406543937e-01 9.402157043e-01  5.903513852e-02 5.904711996e-02 9.965080482e-01  8.041939139e-02 7.618679106e-02 6.772159040e-02
S 4 2  2.191250923e-02 -2.405668366e-01 9.703852014e-01  -5.419633896e-03 5.959496301e-02 9.982079282e-01  2.989100106e-02 2.831779048e-02 2.517136931e-02
S 4 2  2.846360781e-01 -2.405219358e-01 9.279717137e-01  -6.951612777e-02 5.883805620e-02 9.958441601e-01  1.656832671e-09 1.569630870e-09 1.395227600e-09
S 4 2  5.476891694e-01 -2.406043391e-01 8.013402060e-01  -1.289223193e-01 5.672898233e-02 9.900307360e-01  1.614582801e-09 1.529604665e-09 1.359648616e-09
S 4 2  8.106811273e-01 -2.406629512e-01 5.337391252e-01  -1.780189513e-01 5.293373360e-02 9.826022964e-01  1.592096677e-09 1.508301928e-09 1.340712985e-09
S 4 2  -7.668101786e-01 2.189276926e-02 6.415004729e-01  1.729673796e-01 -4.945954001e-03 9.849151350e-01  2.615565062e-01 2.477903813e-01 2.202581167e-01
S 4 2  -5.033497108e-01 2.186957514e-02 8.638059911e-01  1.207239213e-01 -5.253459622e-03 9.926722198e-01  4.925657511e-01 4.666412473e-01 4.147921801e-01
S 4 2  -2.409810507e-01 2.189187781e-02 9.702828860e-01  5.958021064e-02 -5.420949496e-03 9.982088017e-01  8.580285311e-02 8.128690720e-02 7.225503027e-02
S 4 2  2.189522510e-02 2.188541082e-02 9.995206991e-01  -5.464459908e-03 -5.470530272e-03 9.999701060e-01  2.905926481e-02 2.752983011e-02 2.447096258e-02
S 4 2  2.847302059e-01 2.188759187e-02 9.583577845e-01  -7.015800031e-02 -5.401512600e-03 9.975212673e-01  1.657209481e-09 1.569987917e-09 1.395545013e-09
S 4 2  5.477662733e-01 2.189540324e-02 8.363448458e-01  -1.301721139e-01 -5.211339270e-03 9.914777167e-01  1.611178746e-09 1.526379911e-09 1.356782020e-09
S 4 2  8.097284337e-01 2.186730825e-02 5.863972070e-01  -1.803662735e-01 -4.878484013e-03 9.835874175e-01  1.602877497e-09 1.518515536e-09 1.349791612e-09
S 4 2  -7.664620309e-01 2.842804800e-01 5.759518764e-01  1.701531517e-01 -6.321449141e-02 9.833879362e-01  1.501320750e-01 1.422303915e-01 1.264270246e-01
S 4 2  -5.038486968e-01 2.843860826e-01 8.156353638e-01  1.190667753e-01 -6.731597366e-02 9.906016670e-01  1.374599338e-01 1.302251965e-01 1.157557517e-01
S 4 2  -2.410095420e-01 2.844455344e-01 9.279036257e-01  5.881646064e-02 -6.953125583e-02 9.958443796e-01  7.080994546e-02 6.708310544e-02 5.962942913e-02
S 4 2  2.189360822e-02 2.843388419e-01 9.584738353e-01  -5.394717378e-03 -7.018015116e-02 9.975197459e-01  2.513979375e-02 2.381664887e-02 2.117035538e-02
S 4 2  2.846139424e-01 2.842477911e-01 9.155315926e-01  -6.926051350e-02 -6.928627109e-02 9.951896271e-01  1.647949111e-09 1.561214935e-09 1.387746806e-09
S 4 2  5.475841080e-01 2.843192772e-01 7.869651792e-01  -1.284116234e-01 -6.678523094e-02 9.894696498e-01  1.613249867e-09 1.528341897e-09 1.358526180e-09
S 4 2  8.107317657e-01 2.844308902e-01 5.116767269e-01  -1.770926984e-01 -6.223294985e-02 9.822246363e-01  1.590415799e-09 1.506709757e-09 1.339297562e-09
S 4 2  -7.662406490e-01 5.461841598e-01 3.384643726e-01  1.609922608e-01 -1.149889825e-01 9.802341689e-01  8.674676716e-02 8.218114078e-02 7.304990292e-02
S 4 2  -5.036457100e-01 5.464113267e-01 6.691604149e-01  1.144612822e-01 -1.244315173e-01 9.856040850e-01  9.469889849e-02 8.971473575e-02 7.974643260e-02
S 4 2  -2.410154400e-01 5.464784634e-01 8.020429207e-01  5.675137826e-02 -1.289377733e-01 9.900274399e-01  5.863231421e-02 5.554640293e-02 4.937458411e-02
S 4 2  2.190313067e-02 5.465211151e-01 8.371588402e-01  -5.207912298e-03 -1.302114980e-01 9.914725631e-01  1.876676455e-02 1.777903922e-02 1.580359042e-02
S 4 2  2.848640434e-01 5.465803245e-01 7.874658250e-01  -6.679162606e-02 -1.284153246e-01 9.894687378e-01  1.639262392e-09 1.552985407e-09 1.380431547e-09
S 4 2  5.475162312e-01 5.464576527e-01 6.337270788e-01  -1.232950755e-01 -1.233058271e-01 9.846796420e-01  1.604131938e-09 1.519703918e-09 1.350847878e-09
S 4 2  8.107129959e-01 5.466376561e-01 2.095989294e-01  -1.655472918e-01 -1.118490063e-01 9.798387081e-01  8.369948290e-09 7.929425117e-09 7.048377881e-09
S 4 2  -5.043380958e-01 8.086147471e-01 3.029608489e-01  1.049454269e-01 -1.688456061e-01 9.800396006e-01  5.038218200e-02 4.773048311e-02 4.242710397e-02
S 4 2  -2.411759907e-01 8.084496042e-01 5.368830217e-01  5.295703666e-02 -1.781348964e-01 9.825800278e-01  4.353814572e-02 4.124666378e-02 3.666370362e-02
S 4 2  2.190643274e-02 8.087542923e-01 5.877385498e-01  -4.868289068e-03 -1.803585761e-01 9.835888795e-01  8.532413282e-03 8.083337918e-03 7.185189985e-03
S 4 2  2.850576141e-01 8.086190500e-01 5.146624026e-01  -6.224509061e-02 -1.771832543e-01 9.822075356e-01  1.569551489e-09 1.486943568e-09 1.321727616e-09
S 4 2  5.483925343e-01 8.087848113e-01 2.124447160e-01  -1.119109099e-01 -1.656229458e-01 9.798188547e-01  5.354086952e-09 5.072292808e-09 4.508704521e-09
S 5 0  -5.044396670e-01 -7.653940549e-01 3.996405423e-01  1.072352358e-01 1.632017840e-01 9.807475628e-01  3.917951286e-01 1.110388517e+00 1.828981757e+00
S 5 0  -2.412186025e-01 -7.653625791e-01 5.966856026e-01  5.373550989e-02 1.710150904e-01 9.838019790e-01  4.504982233e-01 1.225553751e+00 2.000609159e+00
S 5 0  2.194131373e-02 -7.653590515e-01 6.432294312e-01  -4.946470834e-03 1.730303346e-01 9.849040744e-01  4.597864151e-01 1.239974022e+00 2.020161867e+00
S 5 0  2.850729445e-01 -7.653879512e-01 5.769876086e-01  -6.319548457e-02 1.701824975e-01 9.833840797e-01  4.461312890e-01 1.218324304e+00 1.990517259e+00
S 5 0  5.482525106e-01 -7.653165524e-01 3.372087770e-01  -1.149473380e-01 1.609415952e-01 9.802473731e-01  3.651725352e-01 1.048181653e+00 1.731190801e+00
S 5 0  -7.668132893e-01 -5.028999911e-01 3.988595973e-01  1.631705309e-01 1.072189222e-01 9.807545466e-01  3.915083706e-01 1.109753251e+00 1.827998161e+00
S 5 0  -5.034693375e-01 -5.025218619e-01 7.028445095e-01  1.154799422e-01 1.154850869e-01 9.865736555e-01  4.699274004e-01 1.254077673e+00 2.038227797e+00
S 5 0  -2.409497305e-01 -5.028329993e-01 8.301217996e-01  5.717505143e-02 1.195476024e-01 9.911808030e-01  4.872827530e-01 1.274274945e+00 2.061267138e+00
S 5 0  2.189140243e-02 -5.027762732e-01 8.641393323e-01  -5.245876965e-03 1.207135510e-01 9.926735210e-01  4.913533926e-01 1.278494120e+00 2.065634489e+00
S 5 0  2.847324255e-01 -5.027344126e-01 8.162019090e-01  -6.731594854e-02 1.190852044e-01 9.905994534e-01  4.855795205e-01 1.272469401e+00 2.059359074e+00
S 5 0  5.476947250e-01 -5.029074388e-01 6.686662816e-01  -1.244013023e-01 1.144491282e-01 9.856093105e-01  4.643339515e-01 1.246525049e+00 2.028715849e+00
S 5 0  8.106966504e-01 -5.028847388e-01 2.997963984e-01  -1.687644880e-01 1.048887341e-01 9.800596416e-01  3.471583128e-01 1.003348231e+00 1.659538031e+00
S 5 0  -7.667574699e-01 -2.406194450e-01 5.951346613e-01  1.709613389e-01 5.373748814e-02 9.838112131e-01  4.501838684e-01 1.225054145e+00 1.999924302e+00
S 5 0  -5.037593207e-01 -2.405635087e-01 8.296720708e-01  1.195486519e-01 5.718196837e-02 9.911802774e-01  4.872286320e-01 1.274218440e+00 2.061208010e+00
S 5 0  -2.409977016e-01 -2.406543937e-01 9.402157043e-01  5.903513852e-02 5.904711996e-02 9.965080482e-01  5.004651546e-01 1.287682652e+00 2.074900150e+00
S 5 0  2.191250923e-02 -2.405668366e-01 9.703852014e-01  -5.419633896e-03 5.959496301e-02 9.982079282e-01  5.053545833e-01 1.292573452e+00 2.079792500e+00
S 5 0  2.846360781e-01 -2.405219358e-01 9.279717137e-01  -6.951612777e-02 5.883805620e-02 9.958441601e-01  4.989016056e-01 1.286116958e+00 2.073332071e+00
S 5 0  5.476891694e-01 -2.406043391e-01 8.013402060e-01  -1.289223193e-01 5.672898233e-02 9.900307360e-01  4.837191403e-01 1.270464659e+00 2.057210207e+00
S 5 0  8.106811273e-01 -2.406629512e-01 5.337391252e-01  -1.780189513e-01 5.293373360e-02 9.826022964e-01  4.355316460e-01 1.199730873e+00 1.963930130e+00
S 5 0  -7.668101786e-01 2.189276926e-02 6.415004729e-01  1.729673796e-01 -4.945954001e-03 9.849151350e-01  4.594821036e-01 1.239535093e+00 2.019587994e+00
S 5 0  -5.033497108e-01 2.186957514e-02 8.638059911e-01  1.207239213e-01 -5.253459622e-03 9.926722198e-01  4.913141727e-01 1.278454065e+00 2.065593958e+00
S 5 0  -2.409810507e-01 2.189187781e-02 9.702828860e-01  5.958021064e-02 -5.420949496e-03 9.982088017e-01  5.053315759e-01 1.292550445e+00 2.079769373e+00
S 5 0  2.189522510e-02 2.188541082e-02 9.995206991e-01  -5.464459908e-03 -5.470530272e-03 9.999701060e-01  6.711848974e-01 1.458403945e+00 2.245622873e+00
S 5 0  2.847302059e-01 2.188759187e-02 9.583577845e-01  -7.015800031e-02 -5.401512600e-03 9.975212673e-01  5.030349493e-01 1.290253758e+00 2.077472448e+00
S 5 0  5.477662733e-01 2.189540324e-02 8.363448458e-01  -1.301721139e-01 -5.211339270e-03 9.914777167e-01  4.880369306e-01 1.275066495e+00 2.062096119e+00
S 5 0  8.097284337e-01 2.186730825e-02 5.863972070e-01  -1.803662735e-01 -4.878484013e-03 9.835874175e-01  4.482555985e-01 1.221876979e+00 1.995498300e+00
S 5 0  -7.664620309e-01 2.842804800e-01 5.759518764e-01  1.701531517e-01 -6.321449141e-02 9.833879362e-01  4.459068477e-01 1.217952967e+00 1.989998937e+00
S 5 0  -5.038486968e-01 2.843860826e-01 8.156353638e-01  1.190667753e-01 -6.731597366e-02 9.906016670e-01  4.855105281e-01 1.272396326e+00 2.059282064e+00
S 5 0  -2.410095420e-01 2.844455344e-01 9.279036257e-01  5.881646064e-02 -6.953125583e-02 9.958443796e-01  4.988932014e-01 1.286108494e+00 2.073323727e+00
S 5 0  2.189360822e-02 2.843388419e-01 9.584738353e-01  -5.394717378e-03 -7.018015116e-02 9.975197459e-01  5.030530691e-01 1.290271878e+00 2.077490568e+00
S 5 0  2.846139424e-01 2.842477911e-01 9.155315926e-01  -6.926051350e-02 -6.928627109e-02 9.951896271e-01  4.973816276e-01 1.284592748e+00 2.071803570e+00
S 5 0  5.475841080e-01 2.843192772e-01 7.869651792e-01  -1.284116234e-01 -6.678523094e-02 9.894696498e-01  4.818693101e-01 1.268431187e+00 2.054992914e+00
S 5 0  8.107317657e-01 2.844308902e-01 5.116767269e-01  -1.770926984e-01 -6.223294985e-02 9.822246363e-01  4.295099676e-01 1.188554049e+00 1.947597861e+00
S 5 0  -7.662406490e-01 5.461841598e-01 3.384643726e-01  1.609922608e-01 -1.149889825e-01 9.802341689e-01  3.657119572e-01 1.049482346e+00 1.733252645e+00
S 5 0  -5.036457100e-01 5.464113267e-01 6.691604149e-01  1.144612822e-01 -1.244315173e-01 9.856040850e-01  4.644142091e-01 1.246634007e+00 2.028853655e+00
S 5 0  -2.410154400e-01 5.464784634e-01 8.020429207e-01  5.675137826e-02 -1.289377733e-01 9.900274399e-01  4.838068783e-01 1.270559072e+00 2.057311058e+00
S 5 0  2.190313067e-02 5.465211151e-01 8.371588402e-01  -5.207912298e-03 -1.302114980e-01 9.914725631e-01  4.881341159e-01 1.275167346e+00 2.062200546e+00
S 5 0  2.848640434e-01 5.465803245e-01 7.874658250e-01  -6.679162606e-02 -1.284153246e-01 9.894687378e-01  4.819331765e-01 1.268501163e+00 2.055069208e+00
S 5 0  5.475162312e-01 5.464576527e-01 6.337270788e-01  -1.232950755e-01 -1.233058271e-01 9.846796420e-01  4.580034316e-01 1.237315774e+00 2.016628027e+00
S 5 0  8.107129959e-01 5.466376561e-01 2.095989294e-01  -1.655472918e-01 -1.118490063e-01 9.798387081e-01  2.962612212e-01 8.674200177e-01 1.438578725e+00
S 5 0  -5.043380958e-01 8.086147471e-01 3.029608489e-01  1.049454269e-01 -1.688456061e-01 9.800396006e-01  3.486776352e-01 1.007191300e+00 1.665704966e+00
S 5 0  -2.411759907e-01 8.084496042e-01 5.368830217e-01  5.295703666e-02 -1.781348964e-01 9.825800278e-01  4.363024533e-01 1.201104522e+00 1.965906382e+00
S 5 0  2.190643274e-02 8.087542923e-01 5.877385498e-01  -4.868289068e-03 -1.803585761e-01 9.835888795e-01  4.485397935e-01 1.222339630e+00 1.996139407e+00
S 5 0  2.850576141e-01 8.086190500e-01 5.146624026e-01  -6.224509061e-02 -1.771832543e-01 9.822075356e-01  4.302985668e-01 1.190016627e+00 1.949734569e+00
S 5 0  5.483925343e-01 8.087848113e-01 2.124447160e-01  -1.119109099e-01 -1.656229458e-01 9.798188547e-01  2.979888916e-01 8.721988201e-01 1.446408749e+00
S 5 1  -5.044396670e-01 -7.653940549e-01 3.996405423e-01  1.072352358e-01 1.632017840e-01 9.807475628e-01  3.592966497e-01 1.077890038e+00 1.796483278e+00
S 5 1  -2.412186025e-01 -7.653625791e-01 5.966856026e-01  5.373550989e-02 1.710150904e-01 9.838019790e-01  3.875277340e-01 1.162583232e+00 1.937638640e+00
S 5 1  2.194131373e-02 -7.653590515e-01 6.432294312e-01  -4.946470834e-03 1.730303346e-01 9.849040744e-01  3.900938630e-01 1.170281529e+00 1.950469255e+00
S 5 1  2.850729445e-01 -7.653879512e-01 5.769876086e-01  -6.319548457e-02 1.701824975e-01 9.833840797e-01  3.968470097e-01 1.167965055e+00 1.939082861e+00
S 5 1  5.482525106e-01 -7.653165524e-01 3.372087770e-01  -1.149473380e-01 1.609415952e-01 9.802473731e-01  3.458009064e-01 1.028380275e+00 1.710959792e+00
S 5 1  -7.668132893e-01 -5.028999911e-01 3.988595973e-01  1.631705309e-01 1.072189222e-01 9.807545466e-01  3.591224849e-01 1.077367425e+00 1.795612335e+00
S 5 1  -5.034693375e-01 -5.025218619e-01 7.028445095e-01  1.154799422e-01 1.154850869e-01 9.865736555e-01  3.920751512e-01 1.176225424e+00 1.960375667e+00
S 5 1  -2.409497305e-01 -5.028329993e-01 8.301217996e-01  5.717505143e-02 1.195476024e-01 9.911808030e-01  4.197229743e-01 1.204092503e+00 1.988461971e+00
S 5 1  2.189140243e-02 -5.027762732e-01 8.641393323e-01  -5.245876965e-03 1.207135510e-01 9.926735210e-01  4.630523622e-01 1.243244886e+00 2.023437262e+00
S 5 1  2.847324255e-01 -5.027344126e-01 8.162019090e-01  -6.731594854e-02 1.190852044e-01 9.905994534e-01  4.915691912e-01 1.268646598e+00 2.045723915e+00
S 5 1  5.476947250e-01 -5.029074388e-01 6.686662816e-01  -1.244013023e-01 1.144491282e-01 9.856093105e-01  4.973026216e-01 1.268872976e+00 2.040443182e+00
S 5 1  8.106966504e-01 -5.028847388e-01 2.997963984e-01  -1.687644880e-01 1.048887341e-01 9.800596416e-01  3.742623329e-01 1.025835514e+00 1.677408576e+00
S 5 1  -7.667574699e-01 -2.406194450e-01 5.951346613e-01  1.709613389e-01 5.373748814e-02 9.838112131e-01  3.874351084e-01 1.162305355e+00 1.937175512e+00
S 5 1  -5.037593207e-01 -2.405635087e-01 8.296720708e-01  1.195486519e-01 5.718196837e-02 9.911802774e-01  4.269903004e-01 1.210630536e+00 1.994270682e+00
S 5 1  -2.409977016e-01 -2.406543937e-01 9.402157043e-01  5.903513852e-02 5.904711996e-02 9.965080482e-01  4.837697148e-01 1.261971235e+00 2.040172577e+00
S 5 1  2.191250923e-02 -2.405668366e-01 9.703852014e-01  -5.419633896e-03 5.959496301e-02 9.982079282e-01  5.262604952e-01 1.300214291e+00 2.074167967e+00
S 5 1  2.846360781e-01 -2.405219358e-01 9.279717137e-01  -6.951612777e-02 5.883805620e-02 9.958441601e-01  5.562744141e-01 1.327223063e+00 2.098171711e+00
S 5 1  5.476891694e-01 -2.406043391e-01 8.013402060e-01  -1.289223193e-01 5.672898233e-02 9.900307360e-01  5.704565048e-01 1.339493632e+00 2.108530760e+00
S 5 1  8.106811273e-01 -2.406629512e-01 5.337391252e-01  -1.780189513e-01 5.293373360e-02 9.826022964e-01  5.306729674e-01 1.280014873e+00 2.029356718e+00
S 5 1  -7.668101786e-01 2.189276926e-02 6.415004729e-01  1.729673796e-01 -4.945954001e-03 9.849151350e-01  3.975121975e-01 1.176816583e+00 1.956120968e+00
S 5 1  -5.033497108e-01 2.186957514e-02 8.638059911e-01  1.207239213e-01 -5.253459622e-03 9.926722198e-01  4.777763784e-01 1.256495595e+00 2.035214663e+00
S 5 1  -2.409810507e-01 2.189187781e-02 9.702828860e-01  5.958021064e-02 -5.420949496e-03 9.982088017e-01  5.336378217e-01 1.306853890e+00 2.080070019e+00
S 5 1  2.189522510e-02 2.188541082e-02 9.995206991e-01  -5.464459908e-03 -5.470530272e-03 9.999701060e-01  5.766516924e-01 1.345566511e+00 2.114481211e+00
S 5 1  2.847302059e-01 2.188759187e-02 9.583577845e-01  -7.015800031e-02 -5.401512600e-03 9.975212673e-01  6.091284752e-01 1.374795318e+00 2.140462160e+00
S 5 1  5.477662733e-01 2.189540324e-02 8.363448458e-01  -1.301721139e-01 -5.211339270e-03 9.914777167e-01  6.224815845e-01 1.386614442e+00 2.150747299e+00
S 5 1  8.097284337e-01 2.186730825e-02 5.863972070e-01  -1.803662735e-01 -4.878484013e-03 9.835874175e-01  5.922383666e-01 1.345317006e+00 2.098395586e+00
S 5 1  -7.664620309e-01 2.842804800e-01 5.759518764e-01  1.701531517e-01 -6.321449141e-02 9.833879362e-01  4.237285852e-01 1.192004085e+00 1.960279584e+00
S 5 1  -5.038486968e-01 2.843860826e-01 8.156353638e-01  1.190667753e-01 -6.731597366e-02 9.906016670e-01  5.135286450e-01 1.288405895e+00 2.063282967e+00
S 5 1  -2.410095420e-01 2.844455344e-01 9.279036257e-01  5.881646064e-02 -6.953125583e-02 9.958443796e-01  5.711703300e-01 1.340629339e+00 2.110088348e+00
S 5 1  2.189360822e-02 2.843388419e-01 9.584738353e-01  -5.394717378e-03 -7.018015116e-02 9.975197459e-01  6.200624108e-01 1.384635806e+00 2.149209261e+00
S 5 1  2.846139424e-01 2.842477911e-01 9.155315926e-01  -6.926051350e-02 -6.928627109e-02 9.951896271e-01  1.071926951e+00 1.791305900e+00 2.510684729e+00
S 5 1  5.475841080e-01 2.843192772e-01 7.869651792e-01  -1.284116234e-01 -6.678523094e-02 9.894696498e-01  6.591148973e-01 1.419093370e+00 2.179071665e+00
S 5 1  8.107317657e-01 2.844308902e-01 5.116767269e-01  -1.770926984e-01 -6.223294985e-02 9.822246363e-01  5.984803438e-01 1.335628510e+00 2.072776556e+00
S 5 1  -7.662406490e-01 5.461841598e-01 3.384643726e-01  1.609922608e-01 -1.149889825e-01 9.802341689e-01  3.692387938e-01 1.050273776e+00 1.731308699e+00
S 5 1  -5.036457100e-01 5.464113267e-01 6.691604149e-01  1.144612822e-01 -1.244315173e-01 9.856040850e-01  5.259602070e-01 1.294695020e+00 2.063429594e+00
S 5 1  -2.410154400e-01 5.464784634e-01 8.020429207e-01  5.675137826e-02 -1.289377733e-01 9.900274399e-01  5.927085280e-01 1.359527469e+00 2.126346350e+00
S 5 1  2.190313067e-02 5.465211151e-01 8.371588402e-01  -5.207912298e-03 -1.302114980e-01 9.914725631e-01  6.383211613e-01 1.400873899e+00 2.163426638e+00
S 5 1  2.848640434e-01 5.465803245e-01 7.874658250e-01  -6.679162606e-02 -1.284153246e-01 9.894687378e-01  6.688160896e-01 1.427830935e+00 2.186845541e+00
S 5 1  5.475162312e-01 5.464576527e-01 6.337270788e-01  -1.232950755e-01 -1.233058271e-01 9.846796420e-01  6.594640613e-01 1.411795616e+00 2.164127111e+00
S 5 1  8.107129959e-01 5.466376561e-01 2.095989294e-01  -1.655472918e-01 -1.118490063e-01 9.798387081e-01  3.946873546e-01 9.549353123e-01 1.515183210e+00
S 5 1  -5.043380958e-01 8.086147471e-01 3.029608489e-01  1.049454269e-01 -1.688456061e-01 9.800396006e-01  3.968235254e-01 1.048580527e+00 1.700337529e+00
S 5 1  -2.411759907e-01 8.084496042e-01 5.368830217e-01  5.295703666e-02 -1.781348964e-01 9.825800278e-01  5.579745173e-01 1.305219293e+00 2.052463770e+00
S 5 1  2.190643274e-02 8.087542923e-01 5.877385498e-01  -4.868289068e-03 -1.803585761e-01 9.835888795e-01  6.133859754e-01 1.364537239e+00 2.115688324e+00
S 5 1  2.850576141e-01 8.086190500e-01 5.146624026e-01  -6.224509061e-02 -1.771832543e-01 9.822075356e-01  6.127603054e-01 1.349188209e+00 2.085616112e+00
S 5 1  5.483925343e-01 8.087848113e-01 2.124447160e-01  -1.119109099e-01 -1.656229458e-01 9.798188547e-01  4.004259109e-01 9.633037448e-01 1.526181579e+00
S 5 2  -5.044396670e-01 -7.653940549e-01 3.996405423e-01  1.072352358e-01 1.632017840e-01 9.807475628e-01  4.337417781e-01 1.152335167e+00 1.870928407e+00
S 5 2  -2.412186025e-01 -7.653625791e-01 5.966856026e-01  5.373550989e-02 1.710150904e-01 9.838019790e-01  4.494201541e-01 1.224475622e+00 1.999531031e+00
S 5 2  2.194131373e-02 -7.653590515e-01 6.432294312e-01  -4.946470834e-03 1.730303346e-01 9.849040744e-01  4.132155776e-01 1.193403244e+00 1.973590970e+00
S 5 2  2.850729445e-01 -7.653879512e-01 5.769876086e-01  -6.319548457e-02 1.701824975e-01 9.833840797e-01  3.860965073e-01 1.158289552e+00 1.930482507e+00
S 5 2  5.482525106e-01 -7.653165524e-01 3.372087770e-01  -1.149473380e-01 1.609415952e-01 9.802473731e-01  3.415045440e-01 1.024513602e+00 1.707522750e+00
S 5 2  -7.668132893e-01 -5.028999911e-01 3.988595973e-01  1.631705309e-01 1.072189222e-01 9.807545466e-01  4.634304643e-01 1.181675434e+00 1.899920344e+00
S 5 2  -5.034693375e-01 -5.025218619e-01 7.028445095e-01  1.154799422e-01 1.154850869e-01 9.865736555e-01  5.013892651e-01 1.285539508e+00 2.069689751e+00
S 5 2  -2.409497305e-01 -5.028329993e-01 8.301217996e-01  5.717505143e-02 1.195476024e-01 9.911808030e-01  4.653337896e-01 1.252326012e+00 2.039318085e+00
S 5 2  2.189140243e-02 -5.027762732e-01 8.641393323e-01  -5.245876965e-03 1.207135510e-01 9.926735210e-01  4.228661954e-01 1.210006952e+00 1.997147441e+00
S 5 2  2.847324255e-01 -5.027344126e-01 8.162019090e-01  -6.731594854e-02 1.190852044e-01 9.905994534e-01  3.934449255e-01 1.180334806e+00 1.967224598e+00
S 5 2  5.476947250e-01 -5.029074388e-01 6.686662816e-01  -1.244013023e-01 1.144491282e-01 9.856093105e-01  3.910955191e-01 1.173286557e+00 1.955477476e+00
S 5 2  8.106966504e-01 -5.028847388e-01 2.997963984e-01  -1.687644880e-01 1.048887341e-01 9.800596416e-01  3.280949295e-01 9.842848182e-01 1.640474677e+00
S 5 2  -7.667574699e-01 -2.406194450e-01 5.951346613e-01  1.709613389e-01 5.373748814e-02 9.838112131e-01  5.290009975e-01 1.303871274e+00 2.078741312e+00
S 5 2  -5.037593207e-01 -2.405635087e-01 8.296720708e-01  1.195486519e-01 5.718196837e-02 9.911802774e-01  5.130221844e-01 1.300011992e+00 2.087001801e+00
S 5 2  -2.409977016e-01 -2.406543937e-01 9.402157043e-01  5.903513852e-02 5.904711996e-02 9.965080482e-01  4.673950076e-01 1.254612565e+00 2.041830063e+00
S 5 2  2.191250923e-02 -2.405668366e-01 9.703852014e-01  -5.419633896e-03 5.959496301e-02 9.982079282e-01  4.242436886e-01 1.211462617e+00 1.998681545e+00
S 5 2  2.846360781e-01 -2.405219358e-01 9.279717137e-01  -6.951612777e-02 5.883805620e-02 9.958441601e-01  3.936076462e-01 1.180822968e+00 1.968038201e+00
S 5 2  5.476891694e-01 -2.406043391e-01 8.013402060e-01  -1.289223193e-01 5.672898233e-02 9.900307360e-01  3.933727741e-01 1.180118322e+00 1.966863871e+00
S 5 2  8.106811273e-01 -2.406629512e-01 5.337391252e-01  -1.780189513e-01 5.293373360e-02 9.826022964e-01  3.820996284e-01 1.146298885e+00 1.910498142e+00
S 5 2  -7.668101786e-01 2.189276926e-02 6.415004729e-01  1.729673796e-01 -4.945954001e-03 9.849151350e-01  5.398793221e-01 1.319932342e+00 2.099985123e+00
S 5 2  -5.033497108e-01 2.186957514e-02 8.638059911e-01  1.207239213e-01 -5.253459622e-03 9.926722198e-01  5.822452307e-01 1.369385123e+00 2.156524897e+00
S 5 2  -2.409810507e-01 2.189187781e-02 9.702828860e-01  5.958021064e-02 -5.420949496e-03 9.982088017e-01  4.664376080e-01 1.253656507e+00 2.040875435e+00
S 5 2  2.189522510e-02 2.188541082e-02 9.995206991e-01  -5.464459908e-03 -5.470530272e-03 9.999701060e-01  4.230071008e-01 1.210226059e+00 1.997444987e+00
S 5 2  2.847302059e-01 2.188759187e-02 9.583577845e-01  -7.015800031e-02 -5.401512600e-03 9.975212673e-01  3.936093450e-01 1.180828094e+00 1.968046784e+00
S 5 2  5.477662733e-01 2.189540324e-02 8.363448458e-01  -1.301721139e-01 -5.211339270e-03 9.914777167e-01  3.935147822e-01 1.180544376e+00 1.967573881e+00
S 5 2  8.097284337e-01 2.186730825e-02 5.863972070e-01  -1.803662735e-01 -4.878484013e-03 9.835874175e-01  3.868106902e-01 1.160432100e+00 1.934053421e+00
S 5 2  -7.664620309e-01 2.842804800e-01 5.759518764e-01  1.701531517e-01 -6.321449141e-02 9.833879362e-01  5.196702480e-01 1.291716337e+00 2.063762426e+00
S 5 2  -5.038486968e-01 2.843860826e-01 8.156353638e-01  1.190667753e-01 -6.731597366e-02 9.906016670e-01  5.034025311e-01 1.290288329e+00 2.077174187e+00
S 5 2  -2.410095420e-01 2.844455344e-01 9.279036257e-01  5.881646064e-02 -6.953125583e-02 9.958443796e-01  4.624080956e-01 1.249623418e+00 2.036838531e+00
S 5 2  2.189360822e-02 2.843388419e-01 9.584738353e-01  -5.394717378e-03 -7.018015116e-02 9.975197459e-01  4.194964170e-01 1.206715107e+00 1.993933797e+00
S 5 2  2.846139424e-01 2.842477911e-01 9.155315926e-01  -6.926051350e-02 -6.928627109e-02 9.951896271e-01  3.936055303e-01 1.180816650e+00 1.968027592e+00
S 5 2  5.475841080e-01 2.843192772e-01 7.869651792e-01  -1.284116234e-01 -6.678523094e-02 9.894696498e-01  3.932809234e-01 1.179842830e+00 1.966404557e+00
S 5 2  8.107317657e-01 2.844308902e-01 5.116767269e-01  -1.770926984e-01 -6.223294985e-02 9.822246363e-01  3.795219958e-01 1.138566017e+00 1.897609830e+00
S 5 2  -7.662406490e-01 5.461841598e-01 3.384643726e-01  1.609922608e-01 -1.149889825e-01 9.802341689e-01  4.254205823e-01 1.109190941e+00 1.792961240e+00
S 5 2  -5.036457100e-01 5.464113267e-01 6.691604149e-01  1.144612822e-01 -1.244315173e-01 9.856040850e-01  4.895048141e-01 1.271724582e+00 2.053944349e+00
S 5 2  -2.410154400e-01 5.464784634e-01 8.020429207e-01  5.675137826e-02 -1.289377733e-01 9.900274399e-01  4.554133117e-01 1.242165446e+00 2.028917551e+00
S 5 2  2.190313067e-02 5.465211151e-01 8.371588402e-01  -5.207912298e-03 -1.302114980e-01 9.914725631e-01  4.131759107e-01 1.200209141e+00 1.987242341e+00
S 5 2  2.848640434e-01 5.465803245e-01 7.874658250e-01  -6.679162606e-02 -1.284153246e-01 9.894687378e-01  3.932839930e-01 1.179852009e+00 1.966419935e+00
S 5 2  5.475162312e-01 5.464576527e-01 6.337270788e-01  -1.232950755e-01 -1.233058271e-01 9.846796420e-01  3.896561265e-01 1.168968439e+00 1.948280692e+00
S 5 2  8.107129959e-01 5.466376561e-01 2.095989294e-01  -1.655472918e-01 -1.118490063e-01 9.798387081e-01  2.855793834e-01 8.567381501e-01 1.427896857e+00
S 5 2  -5.043380958e-01 8.086147471e-01 3.029608489e-01  1.049454269e-01 -1.688456061e-01 9.800396006e-01  3.786306977e-01 1.037144423e+00 1.695658088e+00
S 5 2  -2.411759907e-01 8.084496042e-01 5.368830217e-01  5.295703666e-02 -1.781348964e-01 9.825800278e-01  4.278990030e-01 1.192701101e+00 1.957502961e+00
S 5 2  2.190643274e-02 8.087542923e-01 5.877385498e-01  -4.868289068e-03 -1.803585761e-01 9.835888795e-01  3.954443932e-01 1.169244289e+00 1.943043947e+00
S 5 2  2.850576141e-01 8.086190500e-01 5.146624026e-01  -6.224509061e-02 -1.771832543e-01 9.822075356e-01  3.798590004e-01 1.139577031e+00 1.899294972e+00
S 5 2  5.483925343e-01 8.087848113e-01 2.124447160e-01  -1.119109099e-01 -1.656229458e-01 9.798188547e-01  2.871049643e-01 8.613148928e-01 1.435524821e+00
S 6 0  -5.044396670e-01 -7.653940549e-01 3.996405423e-01  1.072352358e-01 1.632017840e-01 9.807475628e-01  7.088047482e-08 7.088047482e-08 7.088047482e-08
S 6 0  -2.412186025e-01 -7.653625791e-01 5.966856026e-01  5.373550989e-02 1.710150904e-01 9.838019790e-01  5.178658569e-08 5.178658569e-08 5.178658569e-08
S 6 0  2.194131373e-02 -7.653590515e-01 6.432294312e-01  -4.946470834e-03 1.730303346e-01 9.849040744e-01  5.390022650e-08 5.390022650e-08 5.390022650e-08
S 6 0  2.850729445e-01 -7.653879512e-01 5.769876086e-01  -6.319548457e-02 1.701824975e-01 9.833840797e-01  5.155504113e-08 5.155504113e-08 5.155504113e-08
S 6 0  5.482525106e-01 -7.653165524e-01 3.372087770e-01  -1.149473380e-01 1.609415952e-01 9.802473731e-01  1.000177008e-07 1.000177008e-07 1.000177008e-07
S 6 0  -7.668132893e-01 -5.028999911e-01 3.988595973e-01  1.631705309e-01 1.072189222e-01 9.807545466e-01  7.108916833e-08 7.108916833e-08 7.108916833e-08
S 6 0  -5.034693375e-01 -5.025218619e-01 7.028445095e-01  1.154799422e-01 1.154850869e-01 9.865736555e-01  6.069146963e-08 6.069146963e-08 6.069146963e-08
S 6 0  -2.409497305e-01 -5.028329993e-01 8.301217996e-01  5.717505143e-02 1.195476024e-01 9.911808030e-01  1.155278682e-07 1.155278682e-07 1.155278682e-07
S 6 0  2.189140243e-02 -5.027762732e-01 8.641393323e-01  -5.245876965e-03 1.207135510e-01 9.926735210e-01  1.603818731e-07 1.603818731e-07 1.603818731e-07
S 6 0  2.847324255e-01 -5.027344126e-01 8.162019090e-01  -6.731594854e-02 1.190852044e-01 9.905994534e-01  1.036909296e-07 1.036909296e-07 1.036909296e-07
S 6 0  5.476947250e-01 -5.029074388e-01 6.686662816e-01  -1.244013023e-01 1.144491282e-01 9.856093105e-01  5.613189558e-08 5.613189558e-08 5.613189558e-08
S 6 0  8.106966504e-01 -5.028847388e-01 2.997963984e-01  -1.687644880e-01 1.048887341e-01 9.800596416e-01  1.365926607e-07 1.365926607e-07 1.365926607e-07
S 6 0  -7.667574699e-01 -2.406194450e-01 5.951346613e-01  1.709613389e-01 5.373748814e-02 9.838112131e-01  5.174440076e-08 5.174440076e-08 5.174440076e-08
S 6 0  -5.037593207e-01 -2.405635087e-01 8.296720708e-01  1.195486519e-01 5.718196837e-02 9.911802774e-01  1.151286142e-07 1.151286142e-07 1.151286142e-07
S 6 0  -2.409977016e-01 -2.406543937e-01 9.402157043e-01  5.903513852e-02 5.904711996e-02 9.965080482e-01  6.414281870e-07 6.414281870e-07 6.414281870e-07
S 6 0  2.191250923e-02 -2.405668366e-01 9.703852014e-01  -5.419633896e-03 5.959496301e-02 9.982079282e-01  2.365173714e-06 2.365173714e-06 2.365173714e-06
S 6 0  2.846360781e-01 -2.405219358e-01 9.279717137e-01  -6.951612777e-02 5.883805620e-02 9.958441601e-01  4.600343857e-07 4.600343857e-07 4.600343857e-07
S 6 0  5.476891694e-01 -2.406043391e-01 8.013402060e-01  -1.289223193e-01 5.672898233e-02 9.900307360e-01  9.360930164e-08 9.360930164e-08 9.360930164e-08
S 6 0  8.106811273e-01 -2.406629512e-01 5.337391252e-01  -1.780189513e-01 5.293373360e-02 9.826022964e-01  5.233297884e-08 5.233297884e-08 5.233297884e-08
S 6 0  -7.668101786e-01 2.189276926e-02 6.415004729e-01  1.729673796e-01 -4.945954001e-03 9.849151350e-01  5.377240342e-08 5.377240342e-08 5.377240342e-08
S 6 0  -5.033497108e-01 2.186957514e-02 8.638059911e-01  1.207239213e-01 -5.253459622e-03 9.926722198e-01  1.598227755e-07 1.598227755e-07 1.598227755e-07
S 6 0  -2.409810507e-01 2.189187781e-02 9.702828860e-01  5.958021064e-02 -5.420949496e-03 9.982088017e-01  2.351530384e-06 2.351530384e-06 2.351530384e-06
S 6 0  2.189522510e-02 2.188541082e-02 9.995206991e-01  -5.464459908e-03 -5.470530272e-03 9.999701060e-01  8.211777546e-03 8.211777546e-03 8.211777546e-03
S 6 0  2.847302059e-01 2.188759187e-02 9.583577845e-01  -7.015800031e-02 -5.401512600e-03 9.975212673e-01  1.245312092e-06 1.245312092e-06 1.245312092e-06
S 6 0  5.477662733e-01 2.189540324e-02 8.363448458e-01  -1.301721139e-01 -5.211339270e-03 9.914777167e-01  1.218329402e-07 1.218329402e-07 1.218329402e-07
S 6 0  8.097284337e-01 2.186730825e-02 5.863972070e-01  -1.803662735e-01 -4.878484013e-03 9.835874175e-01  5.161722072e-08 5.161722072e-08 5.161722072e-08
S 6 0  -7.664620309e-01 2.842804800e-01 5.759518764e-01  1.701531517e-01 -6.321449141e-02 9.833879362e-01  5.154575433e-08 5.154575433e-08 5.154575433e-08
S 6 0  -5.038486968e-01 2.843860826e-01 8.156353638e-01  1.190667753e-01 -6.731597366e-02 9.906016670e-01  1.032922015e-07 1.032922015e-07 1.032922015e-07
S 6 0  -2.410095420e-01 2.844455344e-01 9.279036257e-01  5.881646064e-02 -6.953125583e-02 9.958443796e-01  4.593445624e-07 4.593445624e-07 4.593445624e-07
S 6 0  2.189360822e-02 2.843388419e-01 9.584738353e-01  -5.394717378e-03 -7.018015116e-02 9.975197459e-01  1.251000754e-06 1.251000754e-06 1.251000754e-06
S 6 0  2.846139424e-01 2.842477911e-01 9.155315926e-01  -6.926051350e-02 -6.928627109e-02 9.951896271e-01  3.486095181e-07 3.486095181e-07 3.486095181e-07
S 6 0  5.475841080e-01 2.843192772e-01 7.869651792e-01  -1.284116234e-01 -6.678523094e-02 9.894696498e-01  8.568792964e-08 8.568792964e-08 8.568792964e-08
S 6 0  8.107317657e-01 2.844308902e-01 5.116767269e-01  -1.770926984e-01 -6.223294985e-02 9.822246363e-01  5.346370457e-08 5.346370457e-08 5.346370457e-08
S 6 0  -7.662406490e-01 5.461841598e-01 3.384643726e-01  1.609922608e-01 -1.149889825e-01 9.802341689e-01  9.920817234e-08 9.920817234e-08 9.920817234e-08
S 6 0  -5.036457100e-01 5.464113267e-01 6.691604149e-01  1.144612822e-01 -1.244315173e-01 9.856040850e-01  5.618478838e-08 5.618478838e-08 5.618478838e-08
S 6 0  -2.410154400e-01 5.464784634e-01 8.020429207e-01  5.675137826e-02 -1.289377733e-01 9.900274399e-01  9.401163226e-08 9.401163226e-08 9.401163226e-08
S 6 0  2.190313067e-02 5.465211151e-01 8.371588402e-01  -5.207912298e-03 -1.302114980e-01 9.914725631e-01  1.226344466e-07 1.226344466e-07 1.226344466e-07
S 6 0  2.848640434e-01 5.465803245e-01 7.874658250e-01  -6.679162606e-02 -1.284153246e-01 9.894687378e-01  8.592354561e-08 8.592354561e-08 8.592354561e-08
S 6 0  5.475162312e-01 5.464576527e-01 6.337270788e-01  -1.232950755e-01 -1.233058271e-01 9.846796420e-01  5.327403940e-08 5.327403940e-08 5.327403940e-08
S 6 0  8.107129959e-01 5.466376561e-01 2.095989294e-01  -1.655472918e-01 -1.118490063e-01 9.798387081e-01  1.230195380e-06 1.230195380e-06 1.230195380e-06
S 6 0  -5.043380958e-01 8.086147471e-01 3.029608489e-01  1.049454269e-01 -1.688456061e-01 9.800396006e-01  1.327044572e-07 1.327044572e-07 1.327044572e-07
S 6 0  -2.411759907e-01 8.084496042e-01 5.368830217e-01  5.295703666e-02 -1.781348964e-01 9.825800278e-01  5.224658750e-08 5.224658750e-08 5.224658750e-08
S 6 0  2.190643274e-02 8.087542923e-01 5.877385498e-01  -4.868289068e-03 -1.803585761e-01 9.835888795e-01  5.164029915e-08 5.164029915e-08 5.164029915e-08
S 6 0  2.850576141e-01 8.086190500e-01 5.146624026e-01  -6.224509061e-02 -1.771832543e-01 9.822075356e-01  5.331331820e-08 5.331331820e-08 5.331331820e-08
S 6 0  5.483925343e-01 8.087848113e-01 2.124447160e-01  -1.119109099e-01 -1.656229458e-01 9.798188547e-01  9.686183375e-07 9.686183375e-07 9.686183375e-07
S 6 1  -5.044396670e-01 -7.653940549e-01 3.996405423e-01  1.072352358e-01 1.632017840e-01 9.807475628e-01  7.529920264e-12 6.776927977e-12 6.023936124e-12
S 6 1  -2.412186025e-01 -7.653625791e-01 5.966856026e-01  5.373550989e-02 1.710150904e-01 9.838019790e-01  3.534711152e-12 3.181239994e-12 2.827768835e-12
S 6 1  2.194131373e-02 -7.653590515e-01 6.432294312e-01  -4.946470834e-03 1.730303346e-01 9.849040744e-01  3.420857131e-12 3.078771396e-12 2.736685661e-12
S 6 1  2.850729445e-01 -7.653879512e-01 5.769876086e-01  -6.319548457e-02 1.701824975e-01 9.833840797e-01  8.253861949e-08 7.428475612e-08 6.603089275e-08
S 6 1  5.482525106e-01 -7.653165524e-01 3.372087770e-01  -1.149473380e-01 1.609415952e-01 9.802473731e-01  2.254669482e-07 2.029202619e-07 1.803735614e-07
S 6 1  -7.668132893e-01 -5.028999911e-01 3.988595973e-01  1.631705309e-01 1.072189222e-01 9.807545466e-01  7.508672503e-12 6.757805253e-12 6.006938003e-12
S 6 1  -5.034693375e-01 -5.025218619e-01 7.028445095e-01  1.154799422e-01 1.154850869e-01 9.865736555e-01  2.968137888e-12 2.671324099e-12 2.374510311e-12
S 6 1  -2.409497305e-01 -5.028329993e-01 8.301217996e-01  5.717505143e-02 1.195476024e-01 9.911808030e-01  6.409738518e-08 5.768764666e-08 5.127790814e-08
S 6 1  2.189140243e-02 -5.027762732e-01 8.641393323e-01  -5.245876965e-03 1.207135510e-01 9.926735210e-01  8.259236495e-08 7.433312987e-08 6.607389480e-08
S 6 1  2.847324255e-01 -5.027344126e-01 8.162019090e-01  -6.731594854e-02 1.190852044e-01 9.905994534e-01  9.836753634e-08 8.853078270e-08 7.869402907e-08
S 6 1  5.476947250e-01 -5.029074388e-01 6.686662816e-01  -1.244013023e-01 1.144491282e-01 9.856093105e-01  1.042713791e-07 9.384424260e-08 8.341710611e-08
S 6 1  8.106966504e-01 -5.028847388e-01 2.997963984e-01  -1.687644880e-01 1.048887341e-01 9.800596416e-01  3.471039918e-07 3.123936096e-07 2.776831991e-07
S 6 1  -7.667574699e-01 -2.406194450e-01 5.951346613e-01  1.709613389e-01 5.373748814e-02 9.838112131e-01  3.602892290e-12 3.242603018e-12 2.882313745e-12
S 6 1  -5.037593207e-01 -2.405635087e-01 8.296720708e-01  1.195486519e-01 5.718196837e-02 9.911802774e-01  6.635623606e-08 5.972061246e-08 5.308498885e-08
S 6 1  -2.409977016e-01 -2.406543937e-01 9.402157043e-01  5.903513852e-02 5.904711996e-02 9.965080482e-01  1.088975310e-07 9.800777434e-08 8.711802479e-08
S 6 1  2.191250923e-02 -2.405668366e-01 9.703852014e-01  -5.419633896e-03 5.959496301e-02 9.982079282e-01  2.112408168e-07 1.901167366e-07 1.689926563e-07
S 6 1  2.846360781e-01 -2.405219358e-01 9.279717137e-01  -6.951612777e-02 5.883805620e-02 9.958441601e-01  2.985093488e-07 2.686583969e-07 2.388074734e-07
S 6 1  5.476891694e-01 -2.406043391e-01 8.013402060e-01  -1.289223193e-01 5.672898233e-02 9.900307360e-01  2.242726964e-07 2.018454239e-07 1.794181514e-07
S 6 1  8.106811273e-01 -2.406629512e-01 5.337391252e-01  -1.780189513e-01 5.293373360e-02 9.826022964e-01  1.674933969e-07 1.507440572e-07 1.339947175e-07
S 6 1  -7.668101786e-01 2.189276926e-02 6.415004729e-01  1.729673796e-01 -4.945954001e-03 9.849151350e-01  7.205768071e-08 6.485191051e-08 5.764614386e-08
S 6 1  -5.033497108e-01 2.186957514e-02 8.638059911e-01  1.207239213e-01 -5.253459622e-03 9.926722198e-01  9.199926865e-08 8.279934605e-08 7.359941634e-08
S 6 1  -2.409810507e-01 2.189187781e-02 9.702828860e-01  5.958021064e-02 -5.420949496e-03 9.982088017e-01  2.414886637e-07 2.173397888e-07 1.931909281e-07
S 6 1  2.189522510e-02 2.188541082e-02 9.995206991e-01  -5.464459908e-03 -5.470530272e-03 9.999701060e-01  1.139978849e-06 1.025980964e-06 9.119830793e-07
S 6 1  2.847302059e-01 2.188759187e-02 9.583577845e-01  -7.015800031e-02 -5.401512600e-03 9.975212673e-01  3.250857162e-06 2.925771469e-06 2.600685775e-06
S 6 1  5.477662733e-01 2.189540324e-02 8.363448458e-01  -1.301721139e-01 -5.211339270e-03 9.914777167e-01  9.196750170e-07 8.277074812e-07 7.357400023e-07
S 6 1  8.097284337e-01 2.186730825e-02 5.863972070e-01  -1.803662735e-01 -4.878484013e-03 9.835874175e-01  2.666167234e-07 2.399550567e-07 2.132933759e-07
S 6 1  -7.664620309e-01 2.842804800e-01 5.759518764e-01  1.701531517e-01 -6.321449141e-02 9.833879362e-01  8.882291525e-08 7.994061946e-08 7.105833078e-08
S 6 1  -5.038486968e-01 2.843860826e-01 8.156353638e-01  1.190667753e-01 -6.731597366e-02 9.906016670e-01  1.181989191e-07 1.063790265e-07 9.455913386e-08
S 6 1  -2.410095420e-01 2.844455344e-01 9.279036257e-01  5.881646064e-02 -6.953125583e-02 9.958443796e-01  4.224044403e-07 3.801640105e-07 3.379235523e-07
S 6 1  2.189360822e-02 2.843388419e-01 9.584738353e-01  -5.394717378e-03 -7.018015116e-02 9.975197459e-01  7.082942830e-06 6.374648819e-06 5.666354355e-06
S 6 1  2.846139424e-01 2.842477911e-01 9.155315926e-01  -6.926051350e-02 -6.928627109e-02 9.951896271e-01  9.929705411e-03 8.936734870e-03 7.943764329e-03
S 6 1  5.475841080e-01 2.843192772e-01 7.869651792e-01  -1.284116234e-01 -6.678523094e-02 9.894696498e-01  2.727360425e-06 2.454624337e-06 2.181888249e-06
S 6 1  8.107317657e-01 2.844308902e-01 5.116767269e-01  -1.770926984e-01 -6.223294985e-02 9.822246363e-01  3.795229020e-07 3.415706260e-07 3.036183216e-07
S 6 1  -7.662406490e-01 5.461841598e-01 3.384643726e-01  1.609922608e-01 -1.149889825e-01 9.802341689e-01  2.322982198e-07 2.090683893e-07 1.858385730e-07
S 6 1  -5.036457100e-01 5.464113267e-01 6.691604149e-01  1.144612822e-01 -1.244315173e-01 9.856040850e-01  1.264012042e-07 1.137610823e-07 1.011209605e-07
S 6 1  -2.410154400e-01 5.464784634e-01 8.020429207e-01  5.675137826e-02 -1.289377733e-01 9.900274399e-01  3.294530586e-07 2.965077499e-07 2.635624412e-07
S 6 1  2.190313067e-02 5.465211151e-01 8.371588402e-01  -5.207912298e-03 -1.302114980e-01 9.914725631e-01  1.859252961e-06 1.673327688e-06 1.487402415e-06
S 6 1  2.848640434e-01 5.465803245e-01 7.874658250e-01  -6.679162606e-02 -1.284153246e-01 9.894687378e-01  4.975709999e-06 4.478139090e-06 3.980568181e-06
S 6 1  5.475162312e-01 5.464576527e-01 6.337270788e-01  -1.232950755e-01 -1.233058271e-01 9.846796420e-01  9.796722225e-07 8.817050343e-07 7.837377893e-07
S 6 1  8.107129959e-01 5.466376561e-01 2.095989294e-01  -1.655472918e-01 -1.118490063e-01 9.798387081e-01  5.522652373e-06 4.970387181e-06 4.418121989e-06
S 6 1  -5.043380958e-01 8.086147471e-01 3.029608489e-01  1.049454269e-01 -1.688456061e-01 9.800396006e-01  3.671380284e-07 3.304242284e-07 2.937104284e-07
S 6 1  -2.411759907e-01 8.084496042e-01 5.368830217e-01  5.295703666e-02 -1.781348964e-01 9.825800278e-01  2.092823479e-07 1.883541216e-07 1.674258812e-07
S 6 1  2.190643274e-02 8.087542923e-01 5.877385498e-01  -4.868289068e-03 -1.803585761e-01 9.835888795e-01  3.612357204e-07 3.251121541e-07 2.889885877e-07
S 6 1  2.850576141e-01 8.086190500e-01 5.146624026e-01  -6.224509061e-02 -1.771832543e-01 9.822075356e-01  4.738205632e-07 4.264385041e-07 3.790564449e-07
S 6 1  5.483925343e-01 8.087848113e-01 2.124447160e-01  -1.119109099e-01 -1.656229458e-01 9.798188547e-01  4.586625437e-06 4.127962711e-06 3.669300213e-06
S 6 2  -5.044396670e-01 -7.653940549e-01 3.996405423e-01  1.072352358e-01 1.632017840e-01 9.807475628e-01  1.849793279e-07 1.849793279e-07 1.849793279e-07
S 6 2  -2.412186025e-01 -7.653625791e-01 5.966856026e-01  5.373550989e-02 1.710150904e-01 9.838019790e-01  8.563857534e-08 8.563857534e-08 8.563857534e-08
S 6 2  2.194131373e-02 -7.653590515e-01 6.432294312e-01  -4.946470834e-03 1.730303346e-01 9.849040744e-01  5.320419660e-08 5.320419660e-08 5.320419660e-08
S 6 2  2.850729445e-01 -7.653879512e-01 5.769876086e-01  -6.319548457e-02 1.701824975e-01 9.833840797e-01  2.329140786e-12 2.329140786e-12 2.329140786e-12
S 6 2  5.482525106e-01 -7.653165524e-01 3.372087770e-01  -1.149473380e-01 1.609415952e-01 9.802473731e-01  7.098613364e-12 7.098613364e-12 7.098613364e-12
S 6 2  -7.668132893e-01 -5.028999911e-01 3.988595973e-01  1.631705309e-01 1.072189222e-01 9.807545466e-01  4.381268468e-07 4.381268468e-07 4.381268468e-07
S 6 2  -5.034693375e-01 -5.025218619e-01 7.028445095e-01  1.154799422e-01 1.154850869e-01 9.865736555e-01  3.661515393e-07 3.661515393e-07 3.661515393e-07
S 6 2  -2.409497305e-01 -5.028329993e-01 8.301217996e-01  5.717505143e-02 1.195476024e-01 9.911808030e-01  1.566095591e-07 1.566095591e-07 1.566095591e-07
S 6 2  2.189140243e-02 -5.027762732e-01 8.641393323e-01  -5.245876965e-03 1.207135510e-01 9.926735210e-01  6.192500734e-08 6.192500734e-08 6.192500734e-08
S 6 2  2.847324255e-01 -5.027344126e-01 8.162019090e-01  -6.731594854e-02 1.190852044e-01 9.905994534e-01  1.765881712e-12 1.765881712e-12 1.765881712e-12
S 6 2  5.476947250e-01 -5.029074388e-01 6.686662816e-01  -1.244013023e-01 1.144491282e-01 9.856093105e-01  1.734464460e-12 1.734464460e-12 1.734464460e-12
S 6 2  8.106966504e-01 -5.028847388e-01 2.997963984e-01  -1.687644880e-01 1.048887341e-01 9.800596416e-01  1.261436441e-11 1.261436441e-11 1.261436441e-11
S 6 2  -7.667574699e-01 -2.406194450e-01 5.951346613e-01  1.709613389e-01 5.373748814e-02 9.838112131e-01  1.908809281e-06 1.908809281e-06 1.908809281e-06
S 6 2  -5.037593207e-01 -2.405635087e-01 8.296720708e-01  1.195486519e-01 5.718196837e-02 9.911802774e-01  5.449033779e-06 5.449033779e-06 5.449033779e-06
S 6 2  -2.409977016e-01 -2.406543937e-01 9.402157043e-01  5.903513852e-02 5.904711996e-02 9.965080482e-01  4.613844453e-07 4.613844453e-07 4.613844453e-07
S 6 2  2.191250923e-02 -2.405668366e-01 9.703852014e-01  -5.419633896e-03 5.959496301e-02 9.982079282e-01  8.872777357e-08 8.872777357e-08 8.872777357e-08
S 6 2  2.846360781e-01 -2.405219358e-01 9.279717137e-01  -6.951612777e-02 5.883805620e-02 9.958441601e-01  1.846368110e-12 1.846368110e-12 1.846368110e-12
S 6 2  5.476891694e-01 -2.406043391e-01 8.013402060e-01  -1.289223193e-01 5.672898233e-02 9.900307360e-01  1.399946890e-12 1.399946890e-12 1.399946890e-12
S 6 2  8.106811273e-01 -2.406629512e-01 5.337391252e-01  -1.780189513e-01 5.293373360e-02 9.826022964e-01  2.666770667e-12 2.666770667e-12 2.666770667e-12
S 6 2  -7.668101786e-01 2.189276926e-02 6.415004729e-01  1.729673796e-01 -4.945954001e-03 9.849151350e-01  6.140900041e-06 6.140900041e-06 6.140900041e-06
S 6 2  -5.033497108e-01 2.186957514e-02 8.638059911e-01  1.207239213e-01 -5.253459622e-03 9.926722198e-01  1.345463243e-04 1.345463243e-04 1.345463243e-04
S 6 2  -2.409810507e-01 2.189187781e-02 9.702828860e-01  5.958021064e-02 -5.420949496e-03 9.982088017e-01  7.065201544e-07 7.065201544e-07 7.065201544e-07
S 6 2  2.189522510e-02 2.188541082e-02 9.995206991e-01  -5.464459908e-03 -5.470530272e-03 9.999701060e-01  9.895020270e-08 9.895020270e-08 9.895020270e-08
S 6 2  2.847302059e-01 2.188759187e-02 9.583577845e-01  -7.015800031e-02 -5.401512600e-03 9.975212673e-01  1.876455588e-12 1.876455588e-12 1.876455588e-12
S 6 2  5.477662733e-01 2.189540324e-02 8.363448458e-01  -1.301721139e-01 -5.211339270e-03 9.914777167e-01  1.342762923e-12 1.342762923e-12 1.342762923e-12
S 6 2  8.097284337e-01 2.186730825e-02 5.863972070e-01  -1.803662735e-01 -4.878484013e-03 9.835874175e-01  2.214601332e-12 2.214601332e-12 2.214601332e-12
S 6 2  -7.664620309e-01 2.842804800e-01 5.759518764e-01  1.701531517e-01 -6.321449141e-02 9.833879362e-01  9.064607411e-07 9.064607411e-07 9.064607411e-07
S 6 2  -5.038486968e-01 2.843860826e-01 8.156353638e-01  1.190667753e-01 -6.731597366e-02 9.906016670e-01  1.386635290e-06 1.386635290e-06 1.386635290e-06
S 6 2  -2.410095420e-01 2.844455344e-01 9.279036257e-01  5.881646064e-02 -6.953125583e-02 9.958443796e-01  2.876885787e-07 2.876885787e-07 2.876885787e-07
S 6 2  2.189360822e-02 2.843388419e-01 9.584738353e-01  -5.394717378e-03 -7.018015116e-02 9.975197459e-01  7.504297628e-08 7.504297628e-08 7.504297628e-08
S 6 2  2.846139424e-01 2.842477911e-01 9.155315926e-01  -6.926051350e-02 -6.928627109e-02 9.951896271e-01  1.742178233e-12 1.742178233e-12 1.742178233e-12
S 6 2  5.475841080e-01 2.843192772e-01 7.869651792e-01  -1.284116234e-01 -6.678523094e-02 9.894696498e-01  1.404070436e-12 1.404070436e-12 1.404070436e-12
S 6 2  8.107317657e-01 2.844308902e-01 5.116767269e-01  -1.770926984e-01 -6.223294985e-02 9.822246363e-01  2.955809209e-12 2.955809209e-12 2.955809209e-12
S 6 2  -7.662406490e-01 5.461841598e-01 3.384643726e-01  1.609922608e-01 -1.149889825e-01 9.802341689e-01  3.927883654e-07 3.927883654e-07 3.927883654e-07
S 6 2  -5.036457100e-01 5.464113267e-01 6.691604149e-01  1.144612822e-01 -1.244315173e-01 9.856040850e-01  2.013981515e-07 2.013981515e-07 2.013981515e-07
S 6 2  -2.410154400e-01 5.464784634e-01 8.020429207e-01  5.675137826e-02 -1.289377733e-01 9.900274399e-01  1.046991969e-07 1.046991969e-07 1.046991969e-07
S 6 2  2.190313067e-02 5.465211151e-01 8.371588402e-01  -5.207912298e-03 -1.302114980e-01 9.914725631e-01  5.128521607e-08 5.128521607e-08 5.128521607e-08
S 6 2  2.848640434e-01 5.465803245e-01 7.874658250e-01  -6.679162606e-02 -1.284153246e-01 9.894687378e-01  1.674922787e-12 1.674922787e-12 1.674922787e-12
S 6 2  5.475162312e-01 5.464576527e-01 6.337270788e-01  -1.232950755e-01 -1.233058271e-01 9.846796420e-01  1.863958857e-12 1.863958857e-12 1.863958857e-12
S 6 2  8.107129959e-01 5.466376561e-01 2.095989294e-01  -1.655472918e-01 -1.118490063e-01 9.798387081e-01  1.472362510e-10 1.472362510e-10 1.472362510e-10
S 6 2  -5.043380958e-01 8.086147471e-01 3.029608489e-01  1.049454269e-01 -1.688456061e-01 9.800396006e-01  2.686391269e-07 2.686391269e-07 2.686391269e-07
S 6 2  -2.411759907e-01 8.084496042e-01 5.368830217e-01  5.295703666e-02 -1.781348964e-01 9.825800278e-01  7.624311138e-08 7.624311138e-08 7.624311138e-08
S 6 2  2.190643274e-02 8.087542923e-01 5.877385498e-01  -4.868289068e-03 -1.803585761e-01 9.835888795e-01  5.182692675e-08 5.182692675e-08 5.182692675e-08
S 6 2  2.850576141e-01 8.086190500e-01 5.146624026e-01  -6.224509061e-02 -1.771832543e-01 9.822075356e-01  2.682039920e-12 2.682039920e-12 2.682039920e-12
S 6 2  5.483925343e-01 8.087848113e-01 2.124447160e-01  -1.119109099e-01 -1.656229458e-01 9.798188547e-01  8.823126951e-11 8.823126951e-11 8.823126951e-11
# luz indirecta: PREFILTER, luz directa desligada, mapa de ambiente uniforme · E r g b · I <m> n v cor
E 0.5 0.6 0.7
I 0  -5.044396670e-01 -7.653940549e-01 3.996405423e-01  1.072352358e-01 1.632017840e-01 9.807475628e-01  4.246685207e-01 5.096022487e-01 5.945358872e-01
I 0  -2.412186025e-01 -7.653625791e-01 5.966856026e-01  5.373550989e-02 1.710150904e-01 9.838019790e-01  4.090137482e-01 4.908165336e-01 5.726192594e-01
I 0  2.194131373e-02 -7.653590515e-01 6.432294312e-01  -4.946470834e-03 1.730303346e-01 9.849040744e-01  4.071479440e-01 4.885775447e-01 5.700070858e-01
I 0  2.850729445e-01 -7.653879512e-01 5.769876086e-01  -6.319548457e-02 1.701824975e-01 9.833840797e-01  4.099927247e-01 4.919912815e-01 5.739898086e-01
I 0  5.482525106e-01 -7.653165524e-01 3.372087770e-01  -1.149473380e-01 1.609415952e-01 9.802473731e-01  4.319068789e-01 5.182882547e-01 6.046696305e-01
I 0  -7.668132893e-01 -5.028999911e-01 3.988595973e-01  1.631705309e-01 1.072189222e-01 9.807545466e-01  4.247475863e-01 5.096971393e-01 5.946466327e-01
I 0  -5.034693375e-01 -5.025218619e-01 7.028445095e-01  1.154799422e-01 1.154850869e-01 9.865736555e-01  4.055311680e-01 4.866374135e-01 5.677436590e-01
I 0  -2.409497305e-01 -5.028329993e-01 8.301217996e-01  5.717505143e-02 1.195476024e-01 9.911808030e-01  4.040563405e-01 4.848676026e-01 5.656788349e-01
I 0  2.189140243e-02 -5.027762732e-01 8.641393323e-01  -5.245876965e-03 1.207135510e-01 9.926735210e-01  4.039558172e-01 4.847469926e-01 5.655381083e-01
I 0  2.847324255e-01 -5.027344126e-01 8.162019090e-01  -6.731594854e-02 1.190852044e-01 9.905994534e-01  4.041250050e-01 4.849500060e-01 5.657749772e-01
I 0  5.476947250e-01 -5.029074388e-01 6.686662816e-01  -1.244013023e-01 1.144491282e-01 9.856093105e-01  4.063600600e-01 4.876320958e-01 5.689041018e-01
I 0  8.106966504e-01 -5.028847388e-01 2.997963984e-01  -1.687644880e-01 1.048887341e-01 9.800596416e-01  4.363441169e-01 5.236129761e-01 6.108817458e-01
I 0  -7.667574699e-01 -2.406194450e-01 5.951346613e-01  1.709613389e-01 5.373748814e-02 9.838112131e-01  4.090782404e-01 4.908939004e-01 5.727095008e-01
I 0  -5.037593207e-01 -2.405635087e-01 8.296720708e-01  1.195486519e-01 5.718196837e-02 9.911802774e-01  4.040580094e-01 4.848696291e-01 5.656812191e-01
I 0  -2.409977016e-01 -2.406543937e-01 9.402157043e-01  5.903513852e-02 5.904711996e-02 9.965080482e-01  4.039943218e-01 4.847931862e-01 5.655920506e-01
I 0  2.191250923e-02 -2.405668366e-01 9.703852014e-01  -5.419633896e-03 5.959496301e-02 9.982079282e-01  4.040776193e-01 4.848931432e-01 5.657086372e-01
I 0  2.846360781e-01 -2.405219358e-01 9.279717137e-01  -6.951612777e-02 5.883805620e-02 9.958441601e-01  4.039863050e-01 4.847835898e-01 5.655808449e-01
I 0  5.476891694e-01 -2.406043391e-01 8.013402060e-01  -1.289223193e-01 5.672898233e-02 9.900307360e-01  4.042177200e-01 4.850612879e-01 5.659047961e-01
I 0  8.106811273e-01 -2.406629512e-01 5.337391252e-01  -1.780189513e-01 5.293373360e-02 9.826022964e-01  4.125725031e-01 4.950870275e-01 5.776014924e-01
I 0  -7.668101786e-01 2.189276926e-02 6.415004729e-01  1.729673796e-01 -4.945954001e-03 9.849151350e-01  4.071994126e-01 4.886393249e-01 5.700792074e-01
I 0  -5.033497108e-01 2.186957514e-02 8.638059911e-01  1.207239213e-01 -5.253459622e-03 9.926722198e-01  4.039563239e-01 4.847476184e-01 5.655388832e-01
I 0  -2.409810507e-01 2.189187781e-02 9.702828860e-01  5.958021064e-02 -5.420949496e-03 9.982088017e-01  4.040773511e-01 4.848928154e-01 5.657082796e-01
I 0  2.189522510e-02 2.188541082e-02 9.995206991e-01  -5.464459908e-03 -5.470530272e-03 9.999701060e-01  4.041793942e-01 4.850153029e-01 5.658511519e-01
I 0  2.847302059e-01 2.188759187e-02 9.583577845e-01  -7.015800031e-02 -5.401512600e-03 9.975212673e-01  4.040432870e-01 4.848519564e-01 5.656605959e-01
I 0  5.477662733e-01 2.189540324e-02 8.363448458e-01  -1.301721139e-01 -5.211339270e-03 9.914777167e-01  4.040307105e-01 4.848368466e-01 5.656429529e-01
I 0  8.097284337e-01 2.186730825e-02 5.863972070e-01  -1.803662735e-01 -4.878484013e-03 9.835874175e-01  4.095086157e-01 4.914103448e-01 5.733120441e-01
I 0  -7.664620309e-01 2.842804800e-01 5.759518764e-01  1.701531517e-01 -6.321449141e-02 9.833879362e-01  4.100420475e-01 4.920504391e-01 5.740588307e-01
I 0  -5.038486968e-01 2.843860826e-01 8.156353638e-01  1.190667753e-01 -6.731597366e-02 9.906016670e-01  4.041276872e-01 4.849532247e-01 5.657787323e-01
I 0  -2.410095420e-01 2.844455344e-01 9.279036257e-01  5.881646064e-02 -6.953125583e-02 9.958443796e-01  4.039862752e-01 4.847835302e-01 5.655807853e-01
I 0  2.189360822e-02 2.843388419e-01 9.584738353e-01  -5.394717378e-03 -7.018015116e-02 9.975197459e-01  4.040435851e-01 4.848523140e-01 5.656610131e-01
I 0  2.846139424e-01 2.842477911e-01 9.155315926e-01  -6.926051350e-02 -6.928627109e-02 9.951896271e-01  4.039803445e-01 4.847764075e-01 5.655724406e-01
I 0  5.475841080e-01 2.843192772e-01 7.869651792e-01  -1.284116234e-01 -6.678523094e-02 9.894696498e-01  4.043298066e-01 4.851957858e-01 5.660617352e-01
I 0  8.107317657e-01 2.844308902e-01 5.116767269e-01  -1.770926984e-01 -6.223294985e-02 9.822246363e-01  4.141425490e-01 4.969710708e-01 5.797995925e-01
I 0  -7.662406490e-01 5.461841598e-01 3.384643726e-01  1.609922608e-01 -1.149889825e-01 9.802341689e-01  4.317686558e-01 5.181223750e-01 6.044760942e-01
I 0  -5.036457100e-01 5.464113267e-01 6.691604149e-01  1.144612822e-01 -1.244315173e-01 9.856040850e-01  4.063483477e-01 4.876180589e-01 5.688877106e-01
I 0  -2.410154400e-01 5.464784634e-01 8.020429207e-01  5.675137826e-02 -1.289377733e-01 9.900274399e-01  4.042136073e-01 4.850563407e-01 5.658990145e-01
I 0  2.190313067e-02 5.465211151e-01 8.371588402e-01  -5.207912298e-03 -1.302114980e-01 9.914725631e-01  4.040282369e-01 4.848338962e-01 5.656394958e-01
I 0  2.848640434e-01 5.465803245e-01 7.874658250e-01  -6.679162606e-02 -1.284153246e-01 9.894687378e-01  4.043261707e-01 4.851914048e-01 5.660566092e-01
I 0  5.475162312e-01 5.464576527e-01 6.337270788e-01  -1.232950755e-01 -1.233058271e-01 9.846796420e-01  4.074793458e-01 4.889752269e-01 5.704711080e-01
I 0  8.107129959e-01 5.466376561e-01 2.095989294e-01  -1.655472918e-01 -1.118490063e-01 9.798387081e-01  4.447799623e-01 5.337359309e-01 6.226919293e-01
I 0  -5.043380958e-01 8.086147471e-01 3.029608489e-01  1.049454269e-01 -1.688456061e-01 9.800396006e-01  4.359926581e-01 5.231912136e-01 6.103897095e-01
I 0  -2.411759907e-01 8.084496042e-01 5.368830217e-01  5.295703666e-02 -1.781348964e-01 9.825800278e-01  4.123845696e-01 4.948615134e-01 5.773383975e-01
I 0  2.190643274e-02 8.087542923e-01 5.877385498e-01  -4.868289068e-03 -1.803585761e-01 9.835888795e-01  4.094475508e-01 4.913370609e-01 5.732265711e-01
I 0  2.850576141e-01 8.086190500e-01 5.146624026e-01  -6.224509061e-02 -1.771832543e-01 9.822075356e-01  4.139409065e-01 4.967290759e-01 5.795172453e-01
I 0  5.483925343e-01 8.087848113e-01 2.124447160e-01  -1.119109099e-01 -1.656229458e-01 9.798188547e-01  4.446275532e-01 5.335530639e-01 6.224785447e-01
I 1  -5.044396670e-01 -7.653940549e-01 3.996405423e-01  1.072352358e-01 1.632017840e-01 9.807475628e-01  4.071778357e-01 1.105850339e-01 9.826089442e-02
I 1  -2.412186025e-01 -7.653625791e-01 5.966856026e-01  5.373550989e-02 1.710150904e-01 9.838019790e-01  3.998456895e-01 8.548235893e-02 6.853169948e-02
I 1  2.194131373e-02 -7.653590515e-01 6.432294312e-01  -4.946470834e-03 1.730303346e-01 9.849040744e-01  3.985115290e-01 8.181259036e-02 6.430133432e-02
I 1  2.850729445e-01 -7.653879512e-01 5.769876086e-01  -6.319548457e-02 1.701824975e-01 9.833840797e-01  4.004502892e-01 8.724921942e-02 7.058513165e-02
I 1  5.482525106e-01 -7.653165524e-01 3.372087770e-01  -1.149473380e-01 1.609415952e-01 9.802473731e-01  4.101862609e-01 1.227031946e-01 1.128468886e-01
I 1  -7.668132893e-01 -5.028999911e-01 3.988595973e-01  1.631705309e-01 1.072189222e-01 9.807545466e-01  4.072103798e-01 1.107116565e-01 9.841281921e-02
I 1  -5.034693375e-01 -5.025218619e-01 7.028445095e-01  1.154799422e-01 1.154850869e-01 9.865736555e-01  3.969862759e-01 7.803598791e-02 6.001497805e-02
I 1  -2.409497305e-01 -5.028329993e-01 8.301217996e-01  5.717505143e-02 1.195476024e-01 9.911808030e-01  3.944256008e-01 7.294311374e-02 5.445704982e-02
I 1  2.189140243e-02 -5.027762732e-01 8.641393323e-01  -5.245876965e-03 1.207135510e-01 9.926735210e-01  3.939176500e-01 7.220518589e-02 5.371214077e-02
I 1  2.847324255e-01 -5.027344126e-01 8.162019090e-01  -6.731594854e-02 1.190852044e-01 9.905994534e-01  3.946568072e-01 7.331909239e-02 5.484876409e-02
I 1  5.476947250e-01 -5.029074388e-01 6.686662816e-01  -1.244013023e-01 1.144491282e-01 9.856093105e-01  3.978329599e-01 8.007428795e-02 6.231803820e-02
I 1  8.106966504e-01 -5.028847388e-01 2.997963984e-01  -1.687644880e-01 1.048887341e-01 9.800596416e-01  4.121248126e-01 1.308755875e-01 1.227234080e-01
I 1  -7.667574699e-01 -2.406194450e-01 5.951346613e-01  1.709613389e-01 5.373748814e-02 9.838112131e-01  3.998870850e-01 8.560135216e-02 6.866969168e-02
I 1  -5.037593207e-01 -2.405635087e-01 8.296720708e-01  1.195486519e-01 5.718196837e-02 9.911802774e-01  3.944317400e-01 7.295289636e-02 5.446716025e-02
I 1  -2.409977016e-01 -2.406543937e-01 9.402157043e-01  5.903513852e-02 5.904711996e-02 9.965080482e-01  3.931110799e-01 7.147886604e-02 5.311432108e-02
I 1  2.191250923e-02 -2.405668366e-01 9.703852014e-01  -5.419633896e-03 5.959496301e-02 9.982079282e-01  3.929470479e-01 7.155751437e-02 5.328997597e-02
I 1  2.846360781e-01 -2.405219358e-01 9.279717137e-01  -6.951612777e-02 5.883805620e-02 9.958441601e-01  3.932059109e-01 7.150793076e-02 5.311062187e-02
I 1  5.476891694e-01 -2.406043391e-01 8.013402060e-01  -1.289223193e-01 5.672898233e-02 9.900307360e-01  3.949156702e-01 7.376464456e-02 5.531960726e-02
I 1  8.106811273e-01 -2.406629512e-01 5.337391252e-01  -1.780189513e-01 5.293373360e-02 9.826022964e-01  4.018612206e-01 9.160861373e-02 7.568725199e-02
I 1  -7.668101786e-01 2.189276926e-02 6.415004729e-01  1.729673796e-01 -4.945954001e-03 9.849151350e-01  3.985528052e-01 8.192119002e-02 6.442572922e-02
I 1  -5.033497108e-01 2.186957514e-02 8.638059911e-01  1.207239213e-01 -5.253459622e-03 9.926722198e-01  3.939215839e-01 7.221029699e-02 5.371714011e-02
I 1  -2.409810507e-01 2.189187781e-02 9.702828860e-01  5.958021064e-02 -5.420949496e-03 9.982088017e-01  3.929473460e-01 7.155700773e-02 5.328918621e-02
I 1  2.189522510e-02 2.188541082e-02 9.995206991e-01  -5.464459908e-03 -5.470530272e-03 9.999701060e-01  3.929114044e-01 7.185491920e-02 5.369624496e-02
I 1  2.847302059e-01 2.188759187e-02 9.583577845e-01  -7.015800031e-02 -5.401512600e-03 9.975212673e-01  3.929995894e-01 7.150005549e-02 5.319131911e-02
I 1  5.477662733e-01 2.189540324e-02 8.363448458e-01  -1.301721139e-01 -5.211339270e-03 9.914777167e-01  3.943247497e-01 7.278629392e-02 5.429560691e-02
I 1  8.097284337e-01 2.186730825e-02 5.863972070e-01  -1.803662735e-01 -4.878484013e-03 9.835874175e-01  4.001575112e-01 8.638578653e-02 6.958047301e-02
I 1  -7.664620309e-01 2.842804800e-01 5.759518764e-01  1.701531517e-01 -6.321449141e-02 9.833879362e-01  4.004794657e-01 8.733621240e-02 7.068648189e-02
I 1  -5.038486968e-01 2.843860826e-01 8.156353638e-01  1.190667753e-01 -6.731597366e-02 9.906016670e-01  3.946648538e-01 7.333266735e-02 5.486300960e-02
I 1  -2.410095420e-01 2.844455344e-01 9.279036257e-01  5.881646064e-02 -6.953125583e-02 9.958443796e-01  3.932063878e-01 7.150813192e-02 5.311068892e-02
I 1  2.189360822e-02 2.843388419e-01 9.584738353e-01  -5.394717378e-03 -7.018015116e-02 9.975197459e-01  3.929991424e-01 7.150035352e-02 5.319191143e-02
I 1  2.846139424e-01 2.842477911e-01 9.155315926e-01  -6.926051350e-02 -6.928627109e-02 9.951896271e-01  3.933170736e-01 7.157247514e-02 5.314632133e-02
I 1  5.475841080e-01 2.843192772e-01 7.869651792e-01  -1.284116234e-01 -6.678523094e-02 9.894696498e-01  3.951815069e-01 7.424619794e-02 5.583469197e-02
I 1  8.107317657e-01 2.844308902e-01 5.116767269e-01  -1.770926984e-01 -6.223294985e-02 9.822246363e-01  4.026351571e-01 9.413257986e-02 7.866021246e-02
I 1  -7.662406490e-01 5.461841598e-01 3.384643726e-01  1.609922608e-01 -1.149889825e-01 9.802341689e-01  4.101275504e-01 1.224596500e-01 1.125529632e-01
I 1  -5.036457100e-01 5.464113267e-01 6.691604149e-01  1.144612822e-01 -1.244315173e-01 9.856040850e-01  3.978221118e-01 8.004724979e-02 6.228731200e-02
I 1  -2.410154400e-01 5.464784634e-01 8.020429207e-01  5.675137826e-02 -1.289377733e-01 9.900274399e-01  3.949050605e-01 7.374589890e-02 5.529967695e-02
I 1  2.190313067e-02 5.465211151e-01 8.371588402e-01  -5.207912298e-03 -1.302114980e-01 9.914725631e-01  3.943142593e-01 7.277020067e-02 5.427911878e-02
I 1  2.848640434e-01 5.465803245e-01 7.874658250e-01  -6.679162606e-02 -1.284153246e-01 9.894687378e-01  3.951733708e-01 7.423121482e-02 5.581858382e-02
I 1  5.475162312e-01 5.464576527e-01 6.337270788e-01  -1.232950755e-01 -1.233058271e-01 9.846796420e-01  3.987718523e-01 8.250305057e-02 6.509315223e-02
I 1  8.107129959e-01 5.466376561e-01 2.095989294e-01  -1.655472918e-01 -1.118490063e-01 9.798387081e-01  4.167950451e-01 1.511752903e-01 1.473200768e-01
I 1  -5.043380958e-01 8.086147471e-01 3.029608489e-01  1.049454269e-01 -1.688456061e-01 9.800396006e-01  4.119662642e-01 1.301988363e-01 1.219046637e-01
I 1  -2.411759907e-01 8.084496042e-01 5.368830217e-01  5.295703666e-02 -1.781348964e-01 9.825800278e-01  4.017650783e-01 9.130144119e-02 7.532629371e-02
I 1  2.190643274e-02 8.087542923e-01 5.877385498e-01  -4.868289068e-03 -1.803585761e-01 9.835888795e-01  4.001197219e-01 8.627549559e-02 6.945232302e-02
I 1  2.850576141e-01 8.086190500e-01 5.146624026e-01  -6.224509061e-02 -1.771832543e-01 9.822075356e-01  4.025382996e-01 9.381200373e-02 7.828193903e-02
I 1  5.483925343e-01 8.087848113e-01 2.124447160e-01  -1.119109099e-01 -1.656229458e-01 9.798188547e-01  4.166654646e-01 1.506116241e-01 1.466370523e-01
I 2  -5.044396670e-01 -7.653940549e-01 3.996405423e-01  1.072352358e-01 1.632017840e-01 9.807475628e-01  4.999999702e-01 4.963352382e-01 3.605433404e-01
I 2  -2.412186025e-01 -7.653625791e-01 5.966856026e-01  5.373550989e-02 1.710150904e-01 9.838019790e-01  5.000000000e-01 4.657172859e-01 2.585613728e-01
I 2  2.194131373e-02 -7.653590515e-01 6.432294312e-01  -4.946470834e-03 1.730303346e-01 9.849040744e-01  4.999999702e-01 4.627517760e-01 2.485291660e-01
I 2  2.850729445e-01 -7.653879512e-01 5.769876086e-01  -6.319548457e-02 1.701824975e-01 9.833840797e-01  5.000000000e-01 4.673905671e-01 2.641076446e-01
I 2  5.482525106e-01 -7.653165524e-01 3.372087770e-01  -1.149473380e-01 1.609415952e-01 9.802473731e-01  5.000000000e-01 5.117539167e-01 4.137670696e-01
I 2  -7.668132893e-01 -5.028999911e-01 3.988595973e-01  1.631705309e-01 1.072189222e-01 9.807545466e-01  5.000000000e-01 4.964994192e-01 3.611075878e-01
I 2  -5.034693375e-01 -5.025218619e-01 7.028445095e-01  1.154799422e-01 1.154850869e-01 9.865736555e-01  4.999999702e-01 4.605718255e-01 2.406590283e-01
I 2  -2.409497305e-01 -5.028329993e-01 8.301217996e-01  5.717505143e-02 1.195476024e-01 9.911808030e-01  5.000000000e-01 4.596625268e-01 2.353566140e-01
I 2  2.189140243e-02 -5.027762732e-01 8.641393323e-01  -5.245876965e-03 1.207135510e-01 9.926735210e-01  5.000000000e-01 4.596000016e-01 2.351999879e-01
I 2  2.847324255e-01 -5.027344126e-01 8.162019090e-01  -6.731594854e-02 1.190852044e-01 9.905994534e-01  5.000000000e-01 4.596121013e-01 2.354543358e-01
I 2  5.476947250e-01 -5.029074388e-01 6.686662816e-01  -1.244013023e-01 1.144491282e-01 9.856093105e-01  5.000000000e-01 4.616255760e-01 2.445680201e-01
I 2  8.106966504e-01 -5.028847388e-01 2.997963984e-01  -1.687644880e-01 1.048887341e-01 9.800596416e-01  5.000000000e-01 5.221552849e-01 4.487093091e-01
I 2  -7.667574699e-01 -2.406194450e-01 5.951346613e-01  1.709613389e-01 5.373748814e-02 9.838112131e-01  5.000000000e-01 4.658253789e-01 2.589212060e-01
I 2  -5.037593207e-01 -2.405635087e-01 8.296720708e-01  1.195486519e-01 5.718196837e-02 9.911802774e-01  5.000000000e-01 4.596664310e-01 2.353663296e-01
I 2  -2.409977016e-01 -2.406543937e-01 9.402157043e-01  5.903513852e-02 5.904711996e-02 9.965080482e-01  5.000000000e-01 4.596000016e-01 2.351999879e-01
I 2  2.191250923e-02 -2.405668366e-01 9.703852014e-01  -5.419633896e-03 5.959496301e-02 9.982079282e-01  5.000000000e-01 4.598340392e-01 2.357861847e-01
I 2  2.846360781e-01 -2.405219358e-01 9.279717137e-01  -6.951612777e-02 5.883805620e-02 9.958441601e-01  5.000000000e-01 4.596000016e-01 2.351999879e-01
I 2  5.476891694e-01 -2.406043391e-01 8.013402060e-01  -1.289223193e-01 5.672898233e-02 9.900307360e-01  5.000000000e-01 4.595769644e-01 2.356393784e-01
I 2  8.106811273e-01 -2.406629512e-01 5.337391252e-01  -1.780189513e-01 5.293373360e-02 9.826022964e-01  5.000000000e-01 4.720638692e-01 2.794497013e-01
I 2  -7.668101786e-01 2.189276926e-02 6.415004729e-01  1.729673796e-01 -4.945954001e-03 9.849151350e-01  5.000000000e-01 4.628284872e-01 2.487945259e-01
I 2  -5.033497108e-01 2.186957514e-02 8.638059911e-01  1.207239213e-01 -5.253459622e-03 9.926722198e-01  5.000000000e-01 4.596000016e-01 2.351999879e-01
I 2  -2.409810507e-01 2.189187781e-02 9.702828860e-01  5.958021064e-02 -5.420949496e-03 9.982088017e-01  5.000000000e-01 4.598332942e-01 2.357843518e-01
I 2  2.189522510e-02 2.188541082e-02 9.995206991e-01  -5.464459908e-03 -5.470530272e-03 9.999701060e-01  5.000000000e-01 4.601301551e-01 2.365282625e-01
I 2  2.847302059e-01 2.188759187e-02 9.583577845e-01  -7.015800031e-02 -5.401512600e-03 9.975212673e-01  5.000000000e-01 4.597298801e-01 2.355252355e-01
I 2  5.477662733e-01 2.189540324e-02 8.363448458e-01  -1.301721139e-01 -5.211339270e-03 9.914777167e-01  5.000000000e-01 4.596031606e-01 2.352079153e-01
I 2  8.097284337e-01 2.186730825e-02 5.863972070e-01  -1.803662735e-01 -4.878484013e-03 9.835874175e-01  5.000000000e-01 4.665548503e-01 2.613437176e-01
I 2  -7.664620309e-01 2.842804800e-01 5.759518764e-01  1.701531517e-01 -6.321449141e-02 9.833879362e-01  4.999999702e-01 4.674766362e-01 2.643916607e-01
I 2  -5.038486968e-01 2.843860826e-01 8.156353638e-01  1.190667753e-01 -6.731597366e-02 9.906016670e-01  5.000000000e-01 4.596104026e-01 2.354585677e-01
I 2  -2.410095420e-01 2.844455344e-01 9.279036257e-01  5.881646064e-02 -6.953125583e-02 9.958443796e-01  5.000000000e-01 4.596000016e-01 2.351999879e-01
I 2  2.189360822e-02 2.843388419e-01 9.584738353e-01  -5.394717378e-03 -7.018015116e-02 9.975197459e-01  5.000000000e-01 4.597305954e-01 2.355270684e-01
I 2  2.846139424e-01 2.842477911e-01 9.155315926e-01  -6.926051350e-02 -6.928627109e-02 9.951896271e-01  5.000000000e-01 4.596000016e-01 2.351999879e-01
I 2  5.475841080e-01 2.843192772e-01 7.869651792e-01  -1.284116234e-01 -6.678523094e-02 9.894696498e-01  5.000000000e-01 4.595794678e-01 2.359335423e-01
I 2  8.107317657e-01 2.844308902e-01 5.116767269e-01  -1.770926984e-01 -6.223294985e-02 9.822246363e-01  4.999999702e-01 4.750471413e-01 2.892203629e-01
I 2  -7.662406490e-01 5.461841598e-01 3.384643726e-01  1.609922608e-01 -1.149889825e-01 9.802341689e-01  5.000000000e-01 5.114467740e-01 4.127146006e-01
I 2  -5.036457100e-01 5.464113267e-01 6.691604149e-01  1.144612822e-01 -1.244315173e-01 9.856040850e-01  5.000000000e-01 4.616096318e-01 2.445107847e-01
I 2  -2.410154400e-01 5.464784634e-01 8.020429207e-01  5.675137826e-02 -1.289377733e-01 9.900274399e-01  4.999999702e-01 4.595777094e-01 2.356298268e-01
I 2  2.190313067e-02 5.465211151e-01 8.371588402e-01  -5.207912298e-03 -1.302114980e-01 9.914725631e-01  5.000000000e-01 4.596000016e-01 2.351999879e-01
I 2  2.848640434e-01 5.465803245e-01 7.874658250e-01  -6.679162606e-02 -1.284153246e-01 9.894687378e-01  5.000000000e-01 4.595788121e-01 2.359230518e-01
I 2  5.475162312e-01 5.464576527e-01 6.337270788e-01  -1.232950755e-01 -1.233058271e-01 9.846796420e-01  5.000000000e-01 4.632517993e-01 2.502505779e-01
I 2  8.107129959e-01 5.466376561e-01 2.095989294e-01  -1.655472918e-01 -1.118490063e-01 9.798387081e-01  5.000000000e-01 5.459986329e-01 5.218621492e-01
I 2  -5.043380958e-01 8.086147471e-01 3.029608489e-01  1.049454269e-01 -1.688456061e-01 9.800396006e-01  5.000000000e-01 5.212844014e-01 4.458458722e-01
I 2  -2.411759907e-01 8.084496042e-01 5.368830217e-01  5.295703666e-02 -1.781348964e-01 9.825800278e-01  5.000000000e-01 4.717128873e-01 2.783005536e-01
I 2  2.190643274e-02 8.087542923e-01 5.877385498e-01  -4.868289068e-03 -1.803585761e-01 9.835888795e-01  4.999999702e-01 4.664505124e-01 2.609979808e-01
I 2  2.850576141e-01 8.086190500e-01 5.146624026e-01  -6.224509061e-02 -1.771832543e-01 9.822075356e-01  5.000000000e-01 4.746592939e-01 2.879491150e-01
I 2  5.483925343e-01 8.087848113e-01 2.124447160e-01  -1.119109099e-01 -1.656229458e-01 9.798188547e-01  5.000000000e-01 5.455708504e-01 5.206561685e-01
I 3  -5.044396670e-01 -7.653940549e-01 3.996405423e-01  1.072352358e-01 1.632017840e-01 9.807475628e-01  1.898693293e-01 2.527084649e-01 5.214673877e-01
I 3  -2.412186025e-01 -7.653625791e-01 5.966856026e-01  5.373550989e-02 1.710150904e-01 9.838019790e-01  6.446764618e-02 1.122807264e-01 4.492775500e-01
I 3  2.194131373e-02 -7.653590515e-01 6.432294312e-01  -4.946470834e-03 1.730303346e-01 9.849040744e-01  5.318349227e-02 9.964448214e-02 4.427816570e-01
I 3  2.850729445e-01 -7.653879512e-01 5.769876086e-01  -6.319548457e-02 1.701824975e-01 9.833840797e-01  7.065077871e-02 1.192047596e-01 4.528369904e-01
I 3  5.482525106e-01 -7.653165524e-01 3.372087770e-01  -1.149473380e-01 1.609415952e-01 9.802473731e-01  2.730323076e-01 3.458363116e-01 5.693417192e-01
I 3  -7.668132893e-01 -5.028999911e-01 3.988595973e-01  1.631705309e-01 1.072189222e-01 9.807545466e-01  1.906744093e-01 2.536100149e-01 5.219308734e-01
I 3  -5.034693375e-01 -5.025218619e-01 7.028445095e-01  1.154799422e-01 1.154850869e-01 9.865736555e-01  4.393484816e-02 8.928763121e-02 4.374574423e-01
I 3  -2.409497305e-01 -5.028329993e-01 8.301217996e-01  5.717505143e-02 1.195476024e-01 9.911808030e-01  3.622208163e-02 8.065070212e-02 4.330174923e-01
I 3  2.189140243e-02 -5.027762732e-01 8.641393323e-01  -5.245876965e-03 1.207135510e-01 9.926735210e-01  3.599939123e-02 8.040132374e-02 4.328892827e-01
I 3  2.847324255e-01 -5.027344126e-01 8.162019090e-01  -6.731594854e-02 1.190852044e-01 9.905994534e-01  3.634443879e-02 8.078771830e-02 4.330879450e-01
I 3  5.476947250e-01 -5.029074388e-01 6.686662816e-01  -1.244013023e-01 1.144491282e-01 9.856093105e-01  4.861322045e-02 9.452658147e-02 4.401506782e-01
I 3  8.106966504e-01 -5.028847388e-01 2.997963984e-01  -1.687644880e-01 1.048887341e-01 9.800596416e-01  3.344061077e-01 4.145641327e-01 6.046727300e-01
I 3  -7.667574699e-01 -2.406194450e-01 5.951346613e-01  1.709613389e-01 5.373748814e-02 9.838112131e-01  6.486914307e-02 1.127303466e-01 4.495086968e-01
I 3  -5.037593207e-01 -2.405635087e-01 8.296720708e-01  1.195486519e-01 5.718196837e-02 9.911802774e-01  3.622519970e-02 8.065419644e-02 4.330193102e-01
I 3  -2.409977016e-01 -2.406543937e-01 9.402157043e-01  5.903513852e-02 5.904711996e-02 9.965080482e-01  3.585049883e-02 8.023459464e-02 4.328036010e-01
I 3  2.191250923e-02 -2.405668366e-01 9.703852014e-01  -5.419633896e-03 5.959496301e-02 9.982079282e-01  3.644114733e-02 8.089601994e-02 4.331436157e-01
I 3  2.846360781e-01 -2.405219358e-01 9.279717137e-01  -6.951612777e-02 5.883805620e-02 9.958441601e-01  3.584470227e-02 8.022810519e-02 4.328002334e-01
I 3  5.476891694e-01 -2.406043391e-01 8.013402060e-01  -1.289223193e-01 5.672898233e-02 9.900307360e-01  3.674768284e-02 8.123928308e-02 4.333200753e-01
I 3  8.106811273e-01 -2.406629512e-01 5.337391252e-01  -1.780189513e-01 5.293373360e-02 9.826022964e-01  8.785771579e-02 1.384734809e-01 4.627425075e-01
I 3  -7.668101786e-01 2.189276926e-02 6.415004729e-01  1.729673796e-01 -4.945954001e-03 9.849151350e-01  5.348602310e-02 9.998326749e-02 4.429558218e-01
I 3  -5.033497108e-01 2.186957514e-02 8.638059911e-01  1.207239213e-01 -5.253459622e-03 9.926722198e-01  3.600082546e-02 8.040293306e-02 4.328900874e-01
I 3  -2.409810507e-01 2.189187781e-02 9.702828860e-01  5.958021064e-02 -5.420949496e-03 9.982088017e-01  3.643926233e-02 8.089390397e-02 4.331425130e-01
I 3  2.189522510e-02 2.188541082e-02 9.995206991e-01  -5.464459908e-03 -5.470530272e-03 9.999701060e-01  3.721006960e-02 8.175706863e-02 4.335862100e-01
I 3  2.847302059e-01 2.188759187e-02 9.583577845e-01  -7.015800031e-02 -5.401512600e-03 9.975212673e-01  3.617234156e-02 8.059499413e-02 4.329888225e-01
I 3  5.477662733e-01 2.189540324e-02 8.363448458e-01  -1.301721139e-01 -5.211339270e-03 9.914777167e-01  3.617255390e-02 8.059524000e-02 4.329890013e-01
I 3  8.097284337e-01 2.186730825e-02 5.863972070e-01  -1.803662735e-01 -4.878484013e-03 9.835874175e-01  6.757017225e-02 1.157550216e-01 4.510636032e-01
I 3  -7.664620309e-01 2.842804800e-01 5.759518764e-01  1.701531517e-01 -6.321449141e-02 9.833879362e-01  7.096737623e-02 1.195592955e-01 4.530192614e-01
I 3  -5.038486968e-01 2.843860826e-01 8.156353638e-01  1.190667753e-01 -6.731597366e-02 9.906016670e-01  3.634894639e-02 8.079276234e-02 4.330905080e-01
I 3  -2.410095420e-01 2.844455344e-01 9.279036257e-01  5.881646064e-02 -6.953125583e-02 9.958443796e-01  3.584469855e-02 8.022809774e-02 4.328002334e-01
I 3  2.189360822e-02 2.843388419e-01 9.584738353e-01  -5.394717378e-03 -7.018015116e-02 9.975197459e-01  3.617422655e-02 8.059711754e-02 4.329899549e-01
I 3  2.846139424e-01 2.842477911e-01 9.155315926e-01  -6.926051350e-02 -6.928627109e-02 9.951896271e-01  3.584992886e-02 8.023396134e-02 4.328032434e-01
I 3  5.475841080e-01 2.843192772e-01 7.869651792e-01  -1.284116234e-01 -6.678523094e-02 9.894696498e-01  3.736572713e-02 8.193138242e-02 4.336758554e-01
I 3  8.107317657e-01 2.844308902e-01 5.116767269e-01  -1.770926984e-01 -6.223294985e-02 9.822246363e-01  9.901583195e-02 1.509686112e-01 4.691659212e-01
I 3  -7.662406490e-01 5.461841598e-01 3.384643726e-01  1.609922608e-01 -1.149889825e-01 9.802341689e-01  2.712501884e-01 3.438406289e-01 5.683158040e-01
I 3  -5.036457100e-01 5.464113267e-01 6.691604149e-01  1.144612822e-01 -1.244315173e-01 9.856040850e-01  4.854626581e-02 9.445161372e-02 4.401121438e-01
I 3  -2.410154400e-01 5.464784634e-01 8.020429207e-01  5.675137826e-02 -1.289377733e-01 9.900274399e-01  3.672511503e-02 8.121401072e-02 4.333070815e-01
I 3  2.190313067e-02 5.465211151e-01 8.371588402e-01  -5.207912298e-03 -1.302114980e-01 9.914725631e-01  3.616752476e-02 8.058960736e-02 4.329860806e-01
I 3  2.848640434e-01 5.465803245e-01 7.874658250e-01  -6.679162606e-02 -1.284153246e-01 9.894687378e-01  3.734544292e-02 8.190867305e-02 4.336641133e-01
I 3  5.475162312e-01 5.464576527e-01 6.337270788e-01  -1.232950755e-01 -1.233058271e-01 9.846796420e-01  5.514037609e-02 1.018358469e-01 4.439081550e-01
I 3  8.107129959e-01 5.466376561e-01 2.095989294e-01  -1.655472918e-01 -1.118490063e-01 9.798387081e-01  4.480710030e-01 5.418487191e-01 6.701061130e-01
I 3  -5.043380958e-01 8.086147471e-01 3.029608489e-01  1.049454269e-01 -1.688456061e-01 9.800396006e-01  3.292684853e-01 4.088108838e-01 6.017152071e-01
I 3  -2.411759907e-01 8.084496042e-01 5.368830217e-01  5.295703666e-02 -1.781348964e-01 9.825800278e-01  8.655790985e-02 1.370179206e-01 4.619942307e-01
I 3  2.190643274e-02 8.087542923e-01 5.877385498e-01  -4.868289068e-03 -1.803585761e-01 9.835888795e-01  6.718477607e-02 1.153234541e-01 4.508417547e-01
I 3  2.850576141e-01 8.086190500e-01 5.146624026e-01  -6.224509061e-02 -1.771832543e-01 9.822075356e-01  9.755230695e-02 1.493297070e-01 4.683233500e-01
I 3  5.483925343e-01 8.087848113e-01 2.124447160e-01  -1.119109099e-01 -1.656229458e-01 9.798188547e-01  4.473083317e-01 5.409946442e-01 6.696670651e-01
I 4  -5.044396670e-01 -7.653940549e-01 3.996405423e-01  1.072352358e-01 1.632017840e-01 9.807475628e-01  2.918680906e-01 3.369896114e-01 3.622328937e-01
I 4  -2.412186025e-01 -7.653625791e-01 5.966856026e-01  5.373550989e-02 1.710150904e-01 9.838019790e-01  2.554218173e-01 2.915840447e-01 3.053629696e-01
I 4  2.194131373e-02 -7.653590515e-01 6.432294312e-01  -4.946470834e-03 1.730303346e-01 9.849040744e-01  2.521708608e-01 2.875632644e-01 3.003930449e-01
I 4  2.850729445e-01 -7.653879512e-01 5.769876086e-01  -6.319548457e-02 1.701824975e-01 9.833840797e-01  2.572106123e-01 2.937996686e-01 3.081091642e-01
I 4  5.482525106e-01 -7.653165524e-01 3.372087770e-01  -1.149473380e-01 1.609415952e-01 9.802473731e-01  3.161919415e-01 3.674757779e-01 4.008277655e-01
I 4  -7.668132893e-01 -5.028999911e-01 3.988595973e-01  1.631705309e-01 1.072189222e-01 9.807545466e-01  2.921029031e-01 3.372833431e-01 3.626035452e-01
I 4  -5.034693375e-01 -5.025218619e-01 7.028445095e-01  1.154799422e-01 1.154850869e-01 9.865736555e-01  2.495435625e-01 2.843205631e-01 2.964001000e-01
I 4  -2.409497305e-01 -5.028329993e-01 8.301217996e-01  5.717505143e-02 1.195476024e-01 9.911808030e-01  2.475600690e-01 2.818753123e-01 2.933953702e-01
I 4  2.189140243e-02 -5.027762732e-01 8.641393323e-01  -5.245876965e-03 1.207135510e-01 9.926735210e-01  2.475748658e-01 2.818921804e-01 2.934128642e-01
I 4  2.847324255e-01 -5.027344126e-01 8.162019090e-01  -6.731594854e-02 1.190852044e-01 9.905994534e-01  2.475677580e-01 2.818840444e-01 2.934044600e-01
I 4  5.476947250e-01 -5.029074388e-01 6.686662816e-01  -1.244013023e-01 1.144491282e-01 9.856093105e-01  2.508649826e-01 2.859507203e-01 2.984055281e-01
I 4  8.106966504e-01 -5.028847388e-01 2.997963984e-01  -1.687644880e-01 1.048887341e-01 9.800596416e-01  3.342688978e-01 3.901938200e-01 4.297254086e-01
I 4  -7.667574699e-01 -2.406194450e-01 5.951346613e-01  1.709613389e-01 5.373748814e-02 9.838112131e-01  2.555378675e-01 2.917277217e-01 3.055408895e-01
I 4  -5.037593207e-01 -2.405635087e-01 8.296720708e-01  1.195486519e-01 5.718196837e-02 9.911802774e-01  2.475601584e-01 2.818754017e-01 2.933954895e-01
I 4  -2.409977016e-01 -2.406543937e-01 9.402157043e-01  5.903513852e-02 5.904711996e-02 9.965080482e-01  2.477526069e-01 2.820941806e-01 2.936223745e-01
I 4  2.191250923e-02 -2.405668366e-01 9.703852014e-01  -5.419633896e-03 5.959496301e-02 9.982079282e-01  2.480078936e-01 2.824017704e-01 2.939840555e-01
I 4  2.846360781e-01 -2.405219358e-01 9.279717137e-01  -6.951612777e-02 5.883805620e-02 9.958441601e-01  2.477124035e-01 2.820484638e-01 2.935749590e-01
I 4  5.476891694e-01 -2.406043391e-01 8.013402060e-01  -1.289223193e-01 5.672898233e-02 9.900307360e-01  2.476397008e-01 2.819725275e-01 2.935126722e-01
I 4  8.106811273e-01 -2.406629512e-01 5.337391252e-01  -1.780189513e-01 5.293373360e-02 9.826022964e-01  2.621989250e-01 2.999885082e-01 3.158027828e-01
I 4  -7.668101786e-01 2.189276926e-02 6.415004729e-01  1.729673796e-01 -4.945954001e-03 9.849151350e-01  2.522575855e-01 2.876704335e-01 3.005252481e-01
I 4  -5.033497108e-01 2.186957514e-02 8.638059911e-01  1.207239213e-01 -5.253459622e-03 9.926722198e-01  2.475745827e-01 2.818918228e-01 2.934125066e-01
I 4  -2.409810507e-01 2.189187781e-02 9.702828860e-01  5.958021064e-02 -5.420949496e-03 9.982088017e-01  2.480071038e-01 2.824007869e-01 2.939829528e-01
I 4  2.189522510e-02 2.188541082e-02 9.995206991e-01  -5.464459908e-03 -5.470530272e-03 9.999701060e-01  2.483110577e-01 2.827678323e-01 2.944164574e-01
I 4  2.847302059e-01 2.188759187e-02 9.583577845e-01  -7.015800031e-02 -5.401512600e-03 9.975212673e-01  2.478966713e-01 2.822675407e-01 2.938257754e-01
I 4  5.477662733e-01 2.189540324e-02 8.363448458e-01  -1.301721139e-01 -5.211339270e-03 9.914777167e-01  2.475593239e-01 2.818744779e-01 2.933945358e-01
I 4  8.097284337e-01 2.186730825e-02 5.863972070e-01  -1.803662735e-01 -4.878484013e-03 9.835874175e-01  2.563190162e-01 2.926950157e-01 3.067393899e-01
I 4  -7.664620309e-01 2.842804800e-01 5.759518764e-01  1.701531517e-01 -6.321449141e-02 9.833879362e-01  2.573023140e-01 2.939132750e-01 3.082500994e-01
I 4  -5.038486968e-01 2.843860826e-01 8.156353638e-01  1.190667753e-01 -6.731597366e-02 9.906016670e-01  2.475681901e-01 2.818845510e-01 2.934049666e-01
I 4  -2.410095420e-01 2.844455344e-01 9.279036257e-01  5.881646064e-02 -6.953125583e-02 9.958443796e-01  2.477122247e-01 2.820482850e-01 2.935747504e-01
I 4  2.189360822e-02 2.843388419e-01 9.584738353e-01  -5.394717378e-03 -7.018015116e-02 9.975197459e-01  2.478974611e-01 2.822685242e-01 2.938268483e-01
I 4  2.846139424e-01 2.842477911e-01 9.155315926e-01  -6.926051350e-02 -6.928627109e-02 9.951896271e-01  2.476757616e-01 2.820068300e-01 2.935318053e-01
I 4  5.475841080e-01 2.843192772e-01 7.869651792e-01  -1.284116234e-01 -6.678523094e-02 9.894696498e-01  2.477829605e-01 2.821497321e-01 2.937317193e-01
I 4  8.107317657e-01 2.844308902e-01 5.116767269e-01  -1.770926984e-01 -6.223294985e-02 9.822246363e-01  2.654374242e-01 3.040131032e-01 3.208210468e-01
I 4  -7.662406490e-01 5.461841598e-01 3.384643726e-01  1.609922608e-01 -1.149889825e-01 9.802341689e-01  3.156689107e-01 3.668191731e-01 3.999941051e-01
I 4  -5.036457100e-01 5.464113267e-01 6.691604149e-01  1.144612822e-01 -1.244315173e-01 9.856040850e-01  2.508459091e-01 2.859271765e-01 2.983765602e-01
I 4  -2.410154400e-01 5.464784634e-01 8.020429207e-01  5.675137826e-02 -1.289377733e-01 9.900274399e-01  2.476346493e-01 2.819662690e-01 2.935049534e-01
I 4  2.190313067e-02 5.465211151e-01 8.371588402e-01  -5.207912298e-03 -1.302114980e-01 9.914725631e-01  2.475593239e-01 2.818744779e-01 2.933945358e-01
I 4  2.848640434e-01 5.465803245e-01 7.874658250e-01  -6.679162606e-02 -1.284153246e-01 9.894687378e-01  2.477781773e-01 2.821438015e-01 2.937243879e-01
I 4  5.475162312e-01 5.464576527e-01 6.337270788e-01  -1.232950755e-01 -1.233058271e-01 9.846796420e-01  2.527325749e-01 2.882573903e-01 3.012496531e-01
I 4  8.107129959e-01 5.466376561e-01 2.095989294e-01  -1.655472918e-01 -1.118490063e-01 9.798387081e-01  3.681480289e-01 4.328205585e-01 4.840573370e-01
I 4  -5.043380958e-01 8.086147471e-01 3.029608489e-01  1.049454269e-01 -1.688456061e-01 9.800396006e-01  3.327503502e-01 3.882837892e-01 4.272921681e-01
I 4  -2.411759907e-01 8.084496042e-01 5.368830217e-01  5.295703666e-02 -1.781348964e-01 9.825800278e-01  2.618218064e-01 2.995201349e-01 3.152194917e-01
I 4  2.190643274e-02 8.087542923e-01 5.877385498e-01  -4.868289068e-03 -1.803585761e-01 9.835888795e-01  2.562075257e-01 2.925569415e-01 3.065682352e-01
I 4  2.850576141e-01 8.086190500e-01 5.146624026e-01  -6.224509061e-02 -1.771832543e-01 9.822075356e-01  2.650125921e-01 3.034848571e-01 3.201617599e-01
I 4  5.483925343e-01 8.087848113e-01 2.124447160e-01  -1.119109099e-01 -1.656229458e-01 9.798188547e-01  3.679202795e-01 4.325377643e-01 4.837053120e-01
I 5  -5.044396670e-01 -7.653940549e-01 3.996405423e-01  1.072352358e-01 1.632017840e-01 9.807475628e-01  6.350193024e-01 1.408757210e+00 2.182495117e+00
I 5  -2.412186025e-01 -7.653625791e-01 5.966856026e-01  5.373550989e-02 1.710150904e-01 9.838019790e-01  6.021834612e-01 1.420170069e+00 2.238156796e+00
I 5  2.194131373e-02 -7.653590515e-01 6.432294312e-01  -4.946470834e-03 1.730303346e-01 9.849040744e-01  5.978545547e-01 1.419594407e+00 2.241334200e+00
I 5  2.850729445e-01 -7.653879512e-01 5.769876086e-01  -6.319548457e-02 1.701824975e-01 9.833840797e-01  6.044055223e-01 1.420260310e+00 2.236114979e+00
I 5  5.482525106e-01 -7.653165524e-01 3.372087770e-01  -1.149473380e-01 1.609415952e-01 9.802473731e-01  6.475206614e-01 1.391732931e+00 2.135945320e+00
I 5  -7.668132893e-01 -5.028999911e-01 3.988595973e-01  1.631705309e-01 1.072189222e-01 9.807545466e-01  6.351683140e-01 1.408622503e+00 2.182076454e+00
I 5  -5.034693375e-01 -5.025218619e-01 7.028445095e-01  1.154799422e-01 1.154850869e-01 9.865736555e-01  5.939468145e-01 1.418471456e+00 2.242995977e+00
I 5  -2.409497305e-01 -5.028329993e-01 8.301217996e-01  5.717505143e-02 1.195476024e-01 9.911808030e-01  5.901540518e-01 1.416477919e+00 2.242801666e+00
I 5  2.189140243e-02 -5.027762732e-01 8.641393323e-01  -5.245876965e-03 1.207135510e-01 9.926735210e-01  5.899314284e-01 1.416344404e+00 2.242757082e+00
I 5  2.847324255e-01 -5.027344126e-01 8.162019090e-01  -6.731594854e-02 1.190852044e-01 9.905994534e-01  5.903004408e-01 1.416561365e+00 2.242822170e+00
I 5  5.476947250e-01 -5.029074388e-01 6.686662816e-01  -1.244013023e-01 1.144491282e-01 9.856093105e-01  5.959748030e-01 1.419141650e+00 2.242308378e+00
I 5  8.106966504e-01 -5.028847388e-01 2.997963984e-01  -1.687644880e-01 1.048887341e-01 9.800596416e-01  6.533693075e-01 1.374614120e+00 2.095858812e+00
I 5  -7.667574699e-01 -2.406194450e-01 5.951346613e-01  1.709613389e-01 5.373748814e-02 9.838112131e-01  6.023306847e-01 1.420180082e+00 2.238029242e+00
I 5  -5.037593207e-01 -2.405635087e-01 8.296720708e-01  1.195486519e-01 5.718196837e-02 9.911802774e-01  5.901576877e-01 1.416480064e+00 2.242802143e+00
I 5  -2.409977016e-01 -2.406543937e-01 9.402157043e-01  5.903513852e-02 5.904711996e-02 9.965080482e-01  5.900340676e-01 1.416536689e+00 2.243039131e+00
I 5  2.191250923e-02 -2.405668366e-01 9.703852014e-01  -5.419633896e-03 5.959496301e-02 9.982079282e-01  5.903550386e-01 1.416923046e+00 2.243491173e+00
I 5  2.846360781e-01 -2.405219358e-01 9.279717137e-01  -6.951612777e-02 5.883805620e-02 9.958441601e-01  5.900168419e-01 1.416514039e+00 2.243010998e+00
I 5  5.476891694e-01 -2.406043391e-01 8.013402060e-01  -1.289223193e-01 5.672898233e-02 9.900307360e-01  5.905317068e-01 1.416709065e+00 2.242886305e+00
I 5  8.106811273e-01 -2.406629512e-01 5.337391252e-01  -1.780189513e-01 5.293373360e-02 9.826022964e-01  6.101442575e-01 1.419952393e+00 2.229760647e+00
I 5  -7.668101786e-01 2.189276926e-02 6.415004729e-01  1.729673796e-01 -4.945954001e-03 9.849151350e-01  5.979760289e-01 1.419618964e+00 2.241261721e+00
I 5  -5.033497108e-01 2.186957514e-02 8.638059911e-01  1.207239213e-01 -5.253459622e-03 9.926722198e-01  5.899325609e-01 1.416345000e+00 2.242757320e+00
I 5  -2.409810507e-01 2.189187781e-02 9.702828860e-01  5.958021064e-02 -5.420949496e-03 9.982088017e-01  5.903540254e-01 1.416921854e+00 2.243489742e+00
I 5  2.189522510e-02 2.188541082e-02 9.995206991e-01  -5.464459908e-03 -5.470530272e-03 9.999701060e-01  5.907578468e-01 1.417406440e+00 2.244055033e+00
I 5  2.847302059e-01 2.188759187e-02 9.583577845e-01  -7.015800031e-02 -5.401512600e-03 9.975212673e-01  5.902162790e-01 1.416756392e+00 2.243296385e+00
I 5  5.477662733e-01 2.189540324e-02 8.363448458e-01  -1.301721139e-01 -5.211339270e-03 9.914777167e-01  5.900983810e-01 1.416444659e+00 2.242790937e+00
I 5  8.097284337e-01 2.186730825e-02 5.863972070e-01  -1.803662735e-01 -4.878484013e-03 9.835874175e-01  6.033102274e-01 1.420231581e+00 2.237152815e+00
I 5  -7.664620309e-01 2.842804800e-01 5.759518764e-01  1.701531517e-01 -6.321449141e-02 9.833879362e-01  6.045167446e-01 1.420261621e+00 2.236006260e+00
I 5  -5.038486968e-01 2.843860826e-01 8.156353638e-01  1.190667753e-01 -6.731597366e-02 9.906016670e-01  5.903059840e-01 1.416564465e+00 2.242822886e+00
I 5  -2.410095420e-01 2.844455344e-01 9.279036257e-01  5.881646064e-02 -6.953125583e-02 9.958443796e-01  5.900168419e-01 1.416514039e+00 2.243010998e+00
I 5  2.189360822e-02 2.843388419e-01 9.584738353e-01  -5.394717378e-03 -7.018015116e-02 9.975197459e-01  5.902172923e-01 1.416757584e+00 2.243297815e+00
I 5  2.846139424e-01 2.842477911e-01 9.155315926e-01  -6.926051350e-02 -6.928627109e-02 9.951896271e-01  5.900047421e-01 1.416495681e+00 2.242986441e+00
I 5  5.475841080e-01 2.843192772e-01 7.869651792e-01  -1.284116234e-01 -6.678523094e-02 9.894696498e-01  5.908408761e-01 1.416914701e+00 2.242988586e+00
I 5  8.107317657e-01 2.844308902e-01 5.116767269e-01  -1.770926984e-01 -6.223294985e-02 9.822246363e-01  6.135659218e-01 1.419418693e+00 2.225271225e+00
I 5  -7.662406490e-01 5.461841598e-01 3.384643726e-01  1.609922608e-01 -1.149889825e-01 9.802341689e-01  6.473088264e-01 1.392163992e+00 2.137018919e+00
I 5  -5.036457100e-01 5.464113267e-01 6.691604149e-01  1.144612822e-01 -1.244315173e-01 9.856040850e-01  5.959465504e-01 1.419133663e+00 2.242320776e+00
I 5  -2.410154400e-01 5.464784634e-01 8.020429207e-01  5.675137826e-02 -1.289377733e-01 9.900274399e-01  5.905202627e-01 1.416701317e+00 2.242882252e+00
I 5  2.190313067e-02 5.465211151e-01 8.371588402e-01  -5.207912298e-03 -1.302114980e-01 9.914725631e-01  5.900928974e-01 1.416441441e+00 2.242789745e+00
I 5  2.848640434e-01 5.465803245e-01 7.874658250e-01  -6.679162606e-02 -1.284153246e-01 9.894687378e-01  5.908308029e-01 1.416908264e+00 2.242985487e+00
I 5  5.475162312e-01 5.464576527e-01 6.337270788e-01  -1.232950755e-01 -1.233058271e-01 9.846796420e-01  5.986344814e-01 1.419742465e+00 2.240850449e+00
I 5  8.107129959e-01 5.466376561e-01 2.095989294e-01  -1.655472918e-01 -1.118490063e-01 9.798387081e-01  6.446642876e-01 1.287640095e+00 1.930615664e+00
I 5  -5.043380958e-01 8.086147471e-01 3.029608489e-01  1.049454269e-01 -1.688456061e-01 9.800396006e-01  6.529936194e-01 1.376254678e+00 2.099515676e+00
I 5  -2.411759907e-01 8.084496042e-01 5.368830217e-01  5.295703666e-02 -1.781348964e-01 9.825800278e-01  6.097312570e-01 1.419999480e+00 2.230267286e+00
I 5  2.190643274e-02 8.087542923e-01 5.877385498e-01  -4.868289068e-03 -1.803585761e-01 9.835888795e-01  6.031715870e-01 1.420225739e+00 2.237279892e+00
I 5  2.850576141e-01 8.086190500e-01 5.146624026e-01  -6.224509061e-02 -1.771832543e-01 9.822075356e-01  6.131292582e-01 1.419501305e+00 2.225873470e+00
I 5  5.483925343e-01 8.087848113e-01 2.124447160e-01  -1.119109099e-01 -1.656229458e-01 9.798188547e-01  6.457908154e-01 1.291737914e+00 1.937685013e+00
I 6  -5.044396670e-01 -7.653940549e-01 3.996405423e-01  1.072352358e-01 1.632017840e-01 9.807475628e-01  4.824692905e-01 5.789631605e-01 6.754570007e-01
I 6  -2.412186025e-01 -7.653625791e-01 5.966856026e-01  5.373550989e-02 1.710150904e-01 9.838019790e-01  4.761685133e-01 5.714021921e-01 6.666358709e-01
I 6  2.194131373e-02 -7.653590515e-01 6.432294312e-01  -4.946470834e-03 1.730303346e-01 9.849040744e-01  4.756653607e-01 5.707984567e-01 6.659314632e-01
I 6  2.850729445e-01 -7.653879512e-01 5.769876086e-01  -6.319548457e-02 1.701824975e-01 9.833840797e-01  4.764595926e-01 5.717514753e-01 6.670433879e-01
I 6  5.482525106e-01 -7.653165524e-01 3.372087770e-01  -1.149473380e-01 1.609415952e-01 9.802473731e-01  4.869961143e-01 5.843954086e-01 6.817945838e-01
I 6  -7.668132893e-01 -5.028999911e-01 3.988595973e-01  1.631705309e-01 1.072189222e-01 9.807545466e-01  4.825111628e-01 5.790134072e-01 6.755156517e-01
I 6  -5.034693375e-01 -5.025218619e-01 7.028445095e-01  1.154799422e-01 1.154850869e-01 9.865736555e-01  4.753119051e-01 5.703743100e-01 6.654366851e-01
I 6  -2.409497305e-01 -5.028329993e-01 8.301217996e-01  5.717505143e-02 1.195476024e-01 9.911808030e-01  4.749999940e-01 5.699999928e-01 6.649999619e-01
I 6  2.189140243e-02 -5.027762732e-01 8.641393323e-01  -5.245876965e-03 1.207135510e-01 9.926735210e-01  4.749999940e-01 5.699999928e-01 6.649999619e-01
I 6  2.847324255e-01 -5.027344126e-01 8.162019090e-01  -6.731594854e-02 1.190852044e-01 9.905994534e-01  4.749999940e-01 5.699999928e-01 6.649999619e-01
I 6  5.476947250e-01 -5.029074388e-01 6.686662816e-01  -1.244013023e-01 1.144491282e-01 9.856093105e-01  4.754800498e-01 5.705760717e-01 6.656720042e-01
I 6  8.106966504e-01 -5.028847388e-01 2.997963984e-01  -1.687644880e-01 1.048887341e-01 9.800596416e-01  4.906180799e-01 5.887416601e-01 6.868652701e-01
I 6  -7.667574699e-01 -2.406194450e-01 5.951346613e-01  1.709613389e-01 5.373748814e-02 9.838112131e-01  4.761871099e-01 5.714245439e-01 6.666619182e-01
I 6  -5.037593207e-01 -2.405635087e-01 8.296720708e-01  1.195486519e-01 5.718196837e-02 9.911802774e-01  4.749999940e-01 5.699999928e-01 6.649999619e-01
I 6  -2.409977016e-01 -2.406543937e-01 9.402157043e-01  5.903513852e-02 5.904711996e-02 9.965080482e-01  4.749999940e-01 5.699999928e-01 6.649999619e-01
I 6  2.191250923e-02 -2.405668366e-01 9.703852014e-01  -5.419633896e-03 5.959496301e-02 9.982079282e-01  4.750535190e-01 5.700642467e-01 6.650749445e-01
I 6  2.846360781e-01 -2.405219358e-01 9.279717137e-01  -6.951612777e-02 5.883805620e-02 9.958441601e-01  4.749999940e-01 5.699999928e-01 6.649999619e-01
I 6  5.476891694e-01 -2.406043391e-01 8.013402060e-01  -1.289223193e-01 5.672898233e-02 9.900307360e-01  4.750213623e-01 5.700256824e-01 6.650299430e-01
I 6  8.106811273e-01 -2.406629512e-01 5.337391252e-01  -1.780189513e-01 5.293373360e-02 9.826022964e-01  4.772971570e-01 5.727566481e-01 6.682159901e-01
I 6  -7.668101786e-01 2.189276926e-02 6.415004729e-01  1.729673796e-01 -4.945954001e-03 9.849151350e-01  4.756781757e-01 5.708138347e-01 6.659494638e-01
I 6  -5.033497108e-01 2.186957514e-02 8.638059911e-01  1.207239213e-01 -5.253459622e-03 9.926722198e-01  4.749999940e-01 5.699999928e-01 6.649999619e-01
I 6  -2.409810507e-01 2.189187781e-02 9.702828860e-01  5.958021064e-02 -5.420949496e-03 9.982088017e-01  4.750533402e-01 5.700640082e-01 6.650746465e-01
I 6  2.189522510e-02 2.188541082e-02 9.995206991e-01  -5.464459908e-03 -5.470530272e-03 9.999701060e-01  4.751194417e-01 5.701434016e-01 6.651672125e-01
I 6  2.847302059e-01 2.188759187e-02 9.583577845e-01  -7.015800031e-02 -5.401512600e-03 9.975212673e-01  4.750295579e-01 5.700355172e-01 6.650413871e-01
I 6  5.477662733e-01 2.189540324e-02 8.363448458e-01  -1.301721139e-01 -5.211339270e-03 9.914777167e-01  4.749999940e-01 5.699999928e-01 6.649999619e-01
I 6  8.097284337e-01 2.186730825e-02 5.863972070e-01  -1.803662735e-01 -4.878484013e-03 9.835874175e-01  4.763135910e-01 5.715762973e-01 6.668390036e-01
I 6  -7.664620309e-01 2.842804800e-01 5.759518764e-01  1.701531517e-01 -6.321449141e-02 9.833879362e-01  4.764746726e-01 5.717696548e-01 6.670645475e-01
I 6  -5.038486968e-01 2.843860826e-01 8.156353638e-01  1.190667753e-01 -6.731597366e-02 9.906016670e-01  4.749999940e-01 5.699999928e-01 6.649999619e-01
I 6  -2.410095420e-01 2.844455344e-01 9.279036257e-01  5.881646064e-02 -6.953125583e-02 9.958443796e-01  4.749999940e-01 5.699999928e-01 6.649999619e-01
I 6  2.189360822e-02 2.843388419e-01 9.584738353e-01  -5.394717378e-03 -7.018015116e-02 9.975197459e-01  4.750297368e-01 5.700356960e-01 6.650416255e-01
I 6  2.846139424e-01 2.842477911e-01 9.155315926e-01  -6.926051350e-02 -6.928627109e-02 9.951896271e-01  4.749999940e-01 5.699999928e-01 6.649999619e-01
I 6  5.475841080e-01 2.843192772e-01 7.869651792e-01  -1.284116234e-01 -6.678523094e-02 9.894696498e-01  4.750656784e-01 5.700788498e-01 6.650919318e-01
I 6  8.107317657e-01 2.844308902e-01 5.116767269e-01  -1.770926984e-01 -6.223294985e-02 9.822246363e-01  4.778515399e-01 5.734218359e-01 6.689921618e-01
I 6  -7.662406490e-01 5.461841598e-01 3.384643726e-01  1.609922608e-01 -1.149889825e-01 9.802341689e-01  4.868943393e-01 5.842732787e-01 6.816520691e-01
I 6  -5.036457100e-01 5.464113267e-01 6.691604149e-01  1.144612822e-01 -1.244315173e-01 9.856040850e-01  4.754774570e-01 5.705729127e-01 6.656683683e-01
I 6  -2.410154400e-01 5.464784634e-01 8.020429207e-01  5.675137826e-02 -1.289377733e-01 9.900274399e-01  4.750198126e-01 5.700237751e-01 6.650277376e-01
I 6  2.190313067e-02 5.465211151e-01 8.371588402e-01  -5.207912298e-03 -1.302114980e-01 9.914725631e-01  4.749999940e-01 5.699999928e-01 6.649999619e-01
I 6  2.848640434e-01 5.465803245e-01 7.874658250e-01  -6.679162606e-02 -1.284153246e-01 9.894687378e-01  4.750641584e-01 5.700770617e-01 6.650898457e-01
I 6  5.475162312e-01 5.464576527e-01 6.337270788e-01  -1.232950755e-01 -1.233058271e-01 9.846796420e-01  4.757488668e-01 5.708986521e-01 6.660484076e-01
I 6  8.107129959e-01 5.466376561e-01 2.095989294e-01  -1.655472918e-01 -1.118490063e-01 9.798387081e-01  4.974706471e-01 5.969648361e-01 6.964589357e-01
I 6  -5.043380958e-01 8.086147471e-01 3.029608489e-01  1.049454269e-01 -1.688456061e-01 9.800396006e-01  4.903073907e-01 5.883689523e-01 6.864303350e-01
I 6  -2.411759907e-01 8.084496042e-01 5.368830217e-01  5.295703666e-02 -1.781348964e-01 9.825800278e-01  4.772329926e-01 5.726796389e-01 6.681262255e-01
I 6  2.190643274e-02 8.087542923e-01 5.877385498e-01  -4.868289068e-03 -1.803585761e-01 9.835888795e-01  4.762954414e-01 5.715545416e-01 6.668136120e-01
I 6  2.850576141e-01 8.086190500e-01 5.146624026e-01  -6.224509061e-02 -1.771832543e-01 9.822075356e-01  4.777785242e-01 5.733342171e-01 6.688899398e-01
I 6  5.483925343e-01 8.087848113e-01 2.124447160e-01  -1.119109099e-01 -1.656229458e-01 9.798188547e-01  4.974321723e-01 5.969185829e-01 6.964049935e-01
